,kwh
2018-05-01 00:00:00,1.5279680000000042
2018-05-01 01:00:00,8.010750222222203
2018-05-01 02:00:00,18.292594666666457
2018-05-01 03:00:00,6.683219111111131
2018-05-01 04:00:00,3.2944888888889023
2018-05-01 05:00:00,3.531481777777749
2018-05-01 06:00:00,3.2922124444444107
2018-05-01 07:00:00,1.6484404444444525
2018-05-01 08:00:00,0.0
2018-05-01 09:00:00,0.0
2018-05-01 10:00:00,0.0
2018-05-01 11:00:00,0.0
2018-05-01 12:00:00,0.0
2018-05-01 13:00:00,0.0
2018-05-01 14:00:00,0.0
2018-05-01 15:00:00,24.659301333333257
2018-05-01 16:00:00,26.311791107635468
2018-05-01 17:00:00,24.207771953513404
2018-05-01 18:00:00,23.45994559661131
2018-05-01 19:00:00,18.55909451982069
2018-05-01 20:00:00,14.437990028455712
2018-05-01 21:00:00,12.042942067123098
2018-05-01 22:00:00,5.65004612881553
2018-05-01 23:00:00,8.854784254589534
2018-05-02 00:00:00,8.12635229368921
2018-05-02 01:00:00,3.3405063360485836
2018-05-02 02:00:00,16.41309482306928
2018-05-02 03:00:00,20.395759381774518
2018-05-02 04:00:00,18.113873061366206
2018-05-02 05:00:00,5.932994372108141
2018-05-02 06:00:00,1.836426222222231
2018-05-02 07:00:00,0.1609746666666667
2018-05-02 08:00:00,0.0
2018-05-02 09:00:00,0.0
2018-05-02 10:00:00,0.0
2018-05-02 11:00:00,0.0025884444444444444
2018-05-02 12:00:00,0.0012942222222222224
2018-05-02 13:00:00,2.007569777777779
2018-05-02 14:00:00,7.23242577777777
2018-05-02 15:00:00,22.701020631258764
2018-05-02 16:00:00,30.189212969696314
2018-05-02 17:00:00,29.86324766851287
2018-05-02 18:00:00,20.225141259476423
2018-05-02 19:00:00,17.01890532247062
2018-05-02 20:00:00,12.778013784728188
2018-05-02 21:00:00,14.115840076897072
2018-05-02 22:00:00,13.75294219789188
2018-05-02 23:00:00,19.76569170978499
2018-05-03 00:00:00,21.07425040034676
2018-05-03 01:00:00,25.13085787466043
2018-05-03 02:00:00,27.285596107309566
2018-05-03 03:00:00,16.75239511111103
2018-05-03 04:00:00,13.749083111111037
2018-05-03 05:00:00,14.211253333333321
2018-05-03 06:00:00,7.262447111111124
2018-05-03 07:00:00,0.04600266666666679
2018-05-03 08:00:00,0.0
2018-05-03 09:00:00,0.01778977777777778
2018-05-03 10:00:00,0.010047555555555556
2018-05-03 11:00:00,1.3786664155534334
2018-05-03 12:00:00,3.0772328888889
2018-05-03 13:00:00,4.434484888888889
2018-05-03 14:00:00,15.66240000000002
2018-05-03 15:00:00,31.526105763874412
2018-05-03 16:00:00,32.681034376887084
2018-05-03 17:00:00,26.634185680026174
2018-05-03 18:00:00,18.28886125078684
2018-05-03 19:00:00,18.880534008036335
2018-05-03 20:00:00,16.13909150037913
2018-05-03 21:00:00,12.763497352448162
2018-05-03 22:00:00,14.052046881284923
2018-05-03 23:00:00,13.78005319734881
2018-05-04 00:00:00,13.323258618441823
2018-05-04 01:00:00,13.386983999999932
2018-05-04 02:00:00,11.931729333333283
2018-05-04 03:00:00,10.629042666666646
2018-05-04 04:00:00,9.180917777777767
2018-05-04 05:00:00,5.121260444444449
2018-05-04 06:00:00,1.615599555555557
2018-05-04 07:00:00,0.022331111111111107
2018-05-04 08:00:00,0.020089333333333327
2018-05-04 09:00:00,0.039473777777777774
2018-05-04 10:00:00,0.0
2018-05-04 11:00:00,0.6765488888888888
2018-05-04 12:00:00,5.861255111111138
2018-05-04 13:00:00,4.5250168888889135
2018-05-04 14:00:00,11.370655111111116
2018-05-04 15:00:00,24.234006656673877
2018-05-04 16:00:00,32.30030446833951
2018-05-04 17:00:00,33.69960051569443
2018-05-04 18:00:00,31.981800198543496
2018-05-04 19:00:00,32.50849102899918
2018-05-04 20:00:00,26.51556587466022
2018-05-04 21:00:00,22.335504362767175
2018-05-04 22:00:00,13.572916492233912
2018-05-04 23:00:00,11.612695213641604
2018-05-05 00:00:00,10.399188354947226
2018-05-05 01:00:00,13.854981814271733
2018-05-05 02:00:00,22.994163111110982
2018-05-05 03:00:00,25.142057777777666
2018-05-05 04:00:00,13.34451733333329
2018-05-05 05:00:00,14.128239967416343
2018-05-05 06:00:00,16.640625344192898
2018-05-05 07:00:00,13.767807652002034
2018-05-05 08:00:00,13.408319757577111
2018-05-05 09:00:00,8.57428738177503
2018-05-05 10:00:00,0.8982134801780414
2018-05-05 11:00:00,1.1776416504832392
2018-05-05 12:00:00,9.980111408709293
2018-05-05 13:00:00,0.6449843805797658
2018-05-05 14:00:00,3.7355144607363897
2018-05-05 15:00:00,23.74107377777764
2018-05-05 16:00:00,13.978593777777757
2018-05-05 17:00:00,10.617435111111027
2018-05-05 18:00:00,10.889759111111054
2018-05-05 19:00:00,10.258230666666636
2018-05-05 20:00:00,15.981651111111056
2018-05-05 21:00:00,18.77992711111105
2018-05-05 22:00:00,18.805083555555534
2018-05-05 23:00:00,10.155929333333297
2018-05-06 00:00:00,6.2236373333333255
2018-05-06 01:00:00,8.33725154078417
2018-05-06 02:00:00,17.23724386792626
2018-05-06 03:00:00,17.235847735418815
2018-05-06 04:00:00,6.580179267080633
2018-05-06 05:00:00,0.03351007190180832
2018-05-06 06:00:00,0.0
2018-05-06 07:00:00,0.0
2018-05-06 08:00:00,1.0301257777777786
2018-05-06 09:00:00,9.043770598891806
2018-05-06 10:00:00,9.137007259692503
2018-05-06 11:00:00,3.6200618377328175
2018-05-06 12:00:00,3.5478794725775282
2018-05-06 13:00:00,0.36042489410236384
2018-05-06 14:00:00,0.0
2018-05-06 15:00:00,0.0
2018-05-06 16:00:00,4.601087111111099
2018-05-06 17:00:00,12.606689333333376
2018-05-06 18:00:00,7.041666666666693
2018-05-06 19:00:00,3.3841195555555936
2018-05-06 20:00:00,3.4514711111111254
2018-05-06 21:00:00,2.6049226666666625
2018-05-06 22:00:00,0.6506991111111108
2018-05-06 23:00:00,3.201680444444412
2018-05-07 00:00:00,2.723280444444432
2018-05-07 01:00:00,7.973916171608508
2018-05-07 02:00:00,18.053179154990733
2018-05-07 03:00:00,16.43008177777766
2018-05-07 04:00:00,4.254252888888894
2018-05-07 05:00:00,0.0
2018-05-07 06:00:00,0.0
2018-05-07 07:00:00,0.0
2018-05-07 08:00:00,0.0
2018-05-07 09:00:00,0.0
2018-05-07 10:00:00,0.0
2018-05-07 11:00:00,0.7901400000000001
2018-05-07 12:00:00,5.271309333333382
2018-05-07 13:00:00,5.595084444444423
2018-05-07 14:00:00,10.81858649027888
2018-05-07 15:00:00,26.77438277440899
2018-05-07 16:00:00,0.0
2018-05-07 17:00:00,0.0
2018-05-07 18:00:00,0.0
2018-05-07 19:00:00,0.0
2018-05-07 20:00:00,4.914210411643143
2018-05-07 21:00:00,28.774750865645252
2018-05-07 22:00:00,21.697814197891965
2018-05-07 23:00:00,23.544408196371776
2018-05-08 00:00:00,16.491233037905893
2018-05-08 01:00:00,19.51401111111103
2018-05-08 02:00:00,4.509884888888852
2018-05-08 03:00:00,5.477119555555523
2018-05-08 04:00:00,22.28368133333324
2018-05-08 05:00:00,29.01598266666656
2018-05-08 06:00:00,25.903967555555344
2018-05-08 07:00:00,11.937316444444331
2018-05-08 08:00:00,6.3106737777777235
2018-05-08 09:00:00,1.840805777777784
2018-05-08 10:00:00,0.00013866666666666666
2018-05-08 11:00:00,0.5012048888888889
2018-05-08 12:00:00,6.416661333333337
2018-05-08 13:00:00,6.465812888888898
2018-05-08 14:00:00,14.722941364614393
2018-05-08 15:00:00,28.374212588682223
2018-05-08 16:00:00,29.437825231236744
2018-05-08 17:00:00,32.88780879895702
2018-05-08 18:00:00,29.038877594004646
2018-05-08 19:00:00,20.88580590203071
2018-05-08 20:00:00,15.99655347409481
2018-05-08 21:00:00,13.184692500921441
2018-05-08 22:00:00,8.940281460626942
2018-05-08 23:00:00,7.3697967085903215
2018-05-09 00:00:00,11.06372080460448
2018-05-09 01:00:00,8.893352000000002
2018-05-09 02:00:00,11.70063555555556
2018-05-09 03:00:00,7.81554799999995
2018-05-09 04:00:00,6.392521777777774
2018-05-09 05:00:00,2.209809333333314
2018-05-09 06:00:00,0.0
2018-05-09 07:00:00,0.0
2018-05-09 08:00:00,0.0
2018-05-09 09:00:00,0.0
2018-05-09 10:00:00,0.0
2018-05-09 11:00:00,0.0
2018-05-09 12:00:00,0.0
2018-05-09 13:00:00,0.0
2018-05-09 14:00:00,5.674765777777757
2018-05-09 15:00:00,27.557084289345333
2018-05-09 16:00:00,30.746081093949762
2018-05-09 17:00:00,32.98712709894592
2018-05-09 18:00:00,30.189170463777014
2018-05-09 19:00:00,29.102924492234035
2018-05-09 20:00:00,29.375385532310258
2018-05-09 21:00:00,25.589771536875944
2018-05-09 22:00:00,21.634138404694916
2018-05-09 23:00:00,19.22332467253148
2018-05-10 00:00:00,20.206283716738806
2018-05-10 01:00:00,24.263912937114764
2018-05-10 02:00:00,18.629086389920705
2018-05-10 03:00:00,18.326229878571336
2018-05-10 04:00:00,10.685097311176179
2018-05-10 05:00:00,12.298618617573926
2018-05-10 06:00:00,9.487233060062113
2018-05-10 07:00:00,6.705196269793749
2018-05-10 08:00:00,9.352859773651621
2018-05-10 09:00:00,6.6942296917552975
2018-05-10 10:00:00,6.700121889865434
2018-05-10 11:00:00,2.4067025806442564
2018-05-10 12:00:00,0.3610071619411048
2018-05-10 13:00:00,0.22371804062036812
2018-05-10 14:00:00,0.8562518183981459
2018-05-10 15:00:00,21.65690017204285
2018-05-10 16:00:00,30.8561653142173
2018-05-10 17:00:00,27.828855548604302
2018-05-10 18:00:00,26.893504676007442
2018-05-10 19:00:00,22.973860801997635
2018-05-10 20:00:00,23.029547679373426
2018-05-10 21:00:00,19.336965287279316
2018-05-10 22:00:00,17.7552608984458
2018-05-10 23:00:00,12.54971188226405
2018-05-11 00:00:00,11.017459753231408
2018-05-11 01:00:00,10.405640816770015
2018-05-11 02:00:00,10.969783999130946
2018-05-11 03:00:00,5.40661118714009
2018-05-11 04:00:00,10.227064085154598
2018-05-11 05:00:00,6.898495660259208
2018-05-11 06:00:00,1.598515694579242
2018-05-11 07:00:00,0.18398805256861997
2018-05-11 08:00:00,0.002744868035189281
2018-05-11 09:00:00,0.0
2018-05-11 10:00:00,0.0
2018-05-11 11:00:00,0.0
2018-05-11 12:00:00,3.5084129466704614
2018-05-11 13:00:00,1.9213441537958678
2018-05-11 14:00:00,12.77364977777779
2018-05-11 15:00:00,37.43233279852363
2018-05-11 16:00:00,34.24647416878478
2018-05-11 17:00:00,35.392757723905326
2018-05-11 18:00:00,30.9537198557614
2018-05-11 19:00:00,27.29721303834039
2018-05-11 20:00:00,23.41097382426386
2018-05-11 21:00:00,22.78958740175802
2018-05-11 22:00:00,20.125137696968658
2018-05-11 23:00:00,15.48153024177159
2018-05-12 00:00:00,3.7666721920268476
2018-05-12 01:00:00,6.573405610513446
2018-05-12 02:00:00,16.51457130096481
2018-05-12 03:00:00,13.803648540458097
2018-05-12 04:00:00,11.298687692842236
2018-05-12 05:00:00,9.613707999999892
2018-05-12 06:00:00,9.858246666666542
2018-05-12 07:00:00,4.273827999999973
2018-05-12 08:00:00,3.290958666666641
2018-05-12 09:00:00,5.446434862169086
2018-05-12 10:00:00,3.5722685230797975
2018-05-12 11:00:00,4.58165612816588
2018-05-12 12:00:00,6.0737278509850015
2018-05-12 13:00:00,0.2403425710872121
2018-05-12 14:00:00,0.0009648888888888888
2018-05-12 15:00:00,2.983419111111102
2018-05-12 16:00:00,6.8974302222221695
2018-05-12 17:00:00,14.745778666666604
2018-05-12 18:00:00,12.771211555555546
2018-05-12 19:00:00,12.637305777777733
2018-05-12 20:00:00,9.742379111111113
2018-05-12 21:00:00,9.959502222222222
2018-05-12 22:00:00,21.560754222222137
2018-05-12 23:00:00,29.25398088888882
2018-05-13 00:00:00,28.38769555555542
2018-05-13 01:00:00,13.900160444444474
2018-05-13 02:00:00,6.703072730314179
2018-05-13 03:00:00,4.201931321388493
2018-05-13 04:00:00,3.633623547300985
2018-05-13 05:00:00,3.5896209405877464
2018-05-13 06:00:00,2.2538968106883326
2018-05-13 07:00:00,2.10900444444443
2018-05-13 08:00:00,1.9620004444444312
2018-05-13 09:00:00,0.0
2018-05-13 10:00:00,1.7111484739875895
2018-05-13 11:00:00,3.531269903335128
2018-05-13 12:00:00,2.233709786032889
2018-05-13 13:00:00,0.09583034647547191
2018-05-13 14:00:00,0.0
2018-05-13 15:00:00,0.0
2018-05-13 16:00:00,0.0
2018-05-13 17:00:00,4.663510222222176
2018-05-13 18:00:00,2.009724888888882
2018-05-13 19:00:00,0.0
2018-05-13 20:00:00,7.1505662222222455
2018-05-13 21:00:00,13.304165333333389
2018-05-13 22:00:00,15.545417333333248
2018-05-13 23:00:00,8.624852888888848
2018-05-14 00:00:00,3.150575999999972
2018-05-14 01:00:00,2.202067111111104
2018-05-14 02:00:00,11.450180444444374
2018-05-14 03:00:00,10.170968888888883
2018-05-14 04:00:00,9.5591773333333
2018-05-14 05:00:00,4.398321777777741
2018-05-14 06:00:00,2.601727555555553
2018-05-14 07:00:00,2.4334382222222173
2018-05-14 08:00:00,3.2892137777777366
2018-05-14 09:00:00,3.2783862222221902
2018-05-14 10:00:00,2.67505333333332
2018-05-14 11:00:00,0.7290804444444438
2018-05-14 12:00:00,5.550953777777792
2018-05-14 13:00:00,4.389834222222221
2018-05-14 14:00:00,10.36811822222225
2018-05-14 15:00:00,25.451327543390512
2018-05-14 16:00:00,26.368975389594652
2018-05-14 17:00:00,26.82770695296964
2018-05-14 18:00:00,24.549374304767433
2018-05-14 19:00:00,20.289136807210994
2018-05-14 20:00:00,24.194901826435412
2018-05-14 21:00:00,23.081526844356926
2018-05-14 22:00:00,28.3802980345394
2018-05-14 23:00:00,27.346420135115167
2018-05-15 00:00:00,12.05636895622885
2018-05-15 01:00:00,8.107881048767078
2018-05-15 02:00:00,11.655945895948618
2018-05-15 03:00:00,13.470738666666566
2018-05-15 04:00:00,6.802154666666658
2018-05-15 05:00:00,3.114245333333369
2018-05-15 06:00:00,2.678936000000009
2018-05-15 07:00:00,0.022839555555555606
2018-05-15 08:00:00,2.1376968888888874
2018-05-15 09:00:00,3.3157799999999584
2018-05-15 10:00:00,3.31759999999996
2018-05-15 11:00:00,1.3229666666666677
2018-05-15 12:00:00,3.109519111111145
2018-05-15 13:00:00,3.894707555555566
2018-05-15 14:00:00,9.442050222222244
2018-05-15 15:00:00,18.84932843923198
2018-05-15 16:00:00,31.686222529379375
2018-05-15 17:00:00,33.43240055175268
2018-05-15 18:00:00,26.85707822699999
2018-05-15 19:00:00,17.831148248071248
2018-05-15 20:00:00,24.474890813944867
2018-05-15 21:00:00,18.546952172476402
2018-05-15 22:00:00,20.42634427717936
2018-05-15 23:00:00,7.215230992505136
2018-05-16 00:00:00,9.627239555555535
2018-05-16 01:00:00,9.783274222222245
2018-05-16 02:00:00,16.494134222222243
2018-05-16 03:00:00,18.98166399999995
2018-05-16 04:00:00,16.662123111111065
2018-05-16 05:00:00,11.09073333333331
2018-05-16 06:00:00,4.564311555555558
2018-05-16 07:00:00,0.0
2018-05-16 08:00:00,0.245902222222222
2018-05-16 09:00:00,3.2701355555555325
2018-05-16 10:00:00,3.275069777777753
2018-05-16 11:00:00,2.8714573333333453
2018-05-16 12:00:00,3.585827555555579
2018-05-16 13:00:00,9.079263555555546
2018-05-16 14:00:00,17.184561333333374
2018-05-16 15:00:00,29.683230982512924
2018-05-16 16:00:00,32.79622873378937
2018-05-16 17:00:00,28.955292312805277
2018-05-16 18:00:00,30.26368954751815
2018-05-16 19:00:00,27.232783863581542
2018-05-16 20:00:00,23.091812435320858
2018-05-16 21:00:00,18.571628022156023
2018-05-16 22:00:00,20.2353409179963
2018-05-16 23:00:00,9.406981460626767
2018-05-17 00:00:00,8.733680705114741
2018-05-17 01:00:00,13.201761169109478
2018-05-17 02:00:00,19.225198948625817
2018-05-17 03:00:00,22.373670222222128
2018-05-17 04:00:00,15.77161155555553
2018-05-17 05:00:00,6.11264044444447
2018-05-17 06:00:00,7.075634222222221
2018-05-17 07:00:00,2.9448062222222187
2018-05-17 08:00:00,0.017009777777777776
2018-05-17 09:00:00,0.0
2018-05-17 10:00:00,0.0
2018-05-17 11:00:00,0.6743359999999992
2018-05-17 12:00:00,2.924104444444457
2018-05-17 13:00:00,3.263052000000025
2018-05-17 14:00:00,17.580957333333306
2018-05-17 15:00:00,27.57640207190181
2018-05-17 16:00:00,28.998796240251448
2018-05-17 17:00:00,31.96904912305829
2018-05-17 18:00:00,28.387462829151577
2018-05-17 19:00:00,21.237123420006405
2018-05-17 20:00:00,18.878264369283816
2018-05-17 21:00:00,19.745251129357484
2018-05-17 22:00:00,16.45638150494098
2018-05-17 23:00:00,23.004361216464766
2018-05-18 00:00:00,13.410541858150618
2018-05-18 01:00:00,14.074105595307849
2018-05-18 02:00:00,15.949670021070803
2018-05-18 03:00:00,14.469889777777723
2018-05-18 04:00:00,12.97389022222217
2018-05-18 05:00:00,14.146282120560691
2018-05-18 06:00:00,19.354218149670125
2018-05-18 07:00:00,11.891875018572362
2018-05-18 08:00:00,6.836688783318116
2018-05-18 09:00:00,3.449403886607972
2018-05-18 10:00:00,0.2098539380905593
2018-05-18 11:00:00,0.0032334093624415564
2018-05-18 12:00:00,1.1224275003801008
2018-05-18 13:00:00,2.9337242185292243
2018-05-18 14:00:00,12.300932095144946
2018-05-18 15:00:00,15.152492529597048
2018-05-18 16:00:00,27.086363097207755
2018-05-18 17:00:00,22.834830451612834
2018-05-18 18:00:00,20.753465371130574
2018-05-18 19:00:00,17.5871437858144
2018-05-18 20:00:00,15.050446141413197
2018-05-18 21:00:00,15.951753212120314
2018-05-18 22:00:00,12.930030026717898
2018-05-18 23:00:00,19.58920350646162
2018-05-19 00:00:00,16.527859065927192
2018-05-19 01:00:00,2.353006105354357
2018-05-19 02:00:00,3.3662373333333497
2018-05-19 03:00:00,4.962498666666628
2018-05-19 04:00:00,4.619951555555535
2018-05-19 05:00:00,7.672438222222242
2018-05-19 06:00:00,8.392303111111111
2018-05-19 07:00:00,6.034253333333323
2018-05-19 08:00:00,5.277098666666653
2018-05-19 09:00:00,3.5773688888888877
2018-05-19 10:00:00,2.119832000000006
2018-05-19 11:00:00,1.1616395555555554
2018-05-19 12:00:00,4.781798666666671
2018-05-19 13:00:00,3.0179875555555715
2018-05-19 14:00:00,3.3524342222222128
2018-05-19 15:00:00,11.00214844444443
2018-05-19 16:00:00,11.708302666666654
2018-05-19 17:00:00,8.139600444444447
2018-05-19 18:00:00,8.398381333333306
2018-05-19 19:00:00,1.883723111111124
2018-05-19 20:00:00,6.0997444444444255
2018-05-19 21:00:00,12.773389777777755
2018-05-19 22:00:00,22.22495599999993
2018-05-19 23:00:00,29.969223555555516
2018-05-20 00:00:00,25.06401155555548
2018-05-20 01:00:00,22.58736711111105
2018-05-20 02:00:00,16.549548888888854
2018-05-20 03:00:00,12.618187111111077
2018-05-20 04:00:00,8.88698488888888
2018-05-20 05:00:00,5.537237333333331
2018-05-20 06:00:00,4.1616755555555605
2018-05-20 07:00:00,5.473086666666678
2018-05-20 08:00:00,2.375781777777773
2018-05-20 09:00:00,0.1890084444444445
2018-05-20 10:00:00,2.1569773333333315
2018-05-20 11:00:00,0.005454222222222223
2018-05-20 12:00:00,0.004599111111111111
2018-05-20 13:00:00,0.0
2018-05-20 14:00:00,0.020464888888888887
2018-05-20 15:00:00,0.0
2018-05-20 16:00:00,0.0
2018-05-20 17:00:00,1.1901240000000006
2018-05-20 18:00:00,13.268344658629335
2018-05-20 19:00:00,18.161122180515974
2018-05-20 20:00:00,17.616030387314247
2018-05-20 21:00:00,16.850368758988765
2018-05-20 22:00:00,11.388361317259246
2018-05-20 23:00:00,15.492354222222204
2018-05-21 00:00:00,13.016743999999981
2018-05-21 01:00:00,4.040307555555548
2018-05-21 02:00:00,5.516951555555527
2018-05-21 03:00:00,2.694241333333319
2018-05-21 04:00:00,2.861981777777792
2018-05-21 05:00:00,0.4572359999999998
2018-05-21 06:00:00,3.0858244444444796
2018-05-21 07:00:00,2.5666680000000026
2018-05-21 08:00:00,0.0
2018-05-21 09:00:00,0.0
2018-05-21 10:00:00,0.0
2018-05-21 11:00:00,0.642696888888889
2018-05-21 12:00:00,2.974515555555564
2018-05-21 13:00:00,4.75448877723471
2018-05-21 14:00:00,11.19111066666667
2018-05-21 15:00:00,21.612948593895915
2018-05-21 16:00:00,32.28816950841697
2018-05-21 17:00:00,36.36521515716211
2018-05-21 18:00:00,36.49388677093438
2018-05-21 19:00:00,35.171717296404665
2018-05-21 20:00:00,34.12368673313748
2018-05-21 21:00:00,27.83214948626019
2018-05-21 22:00:00,27.224421058324968
2018-05-21 23:00:00,25.54159522841247
2018-05-22 00:00:00,13.758228627348313
2018-05-22 01:00:00,16.381715999999955
2018-05-22 02:00:00,11.484904888888856
2018-05-22 03:00:00,11.6321457777778
2018-05-22 04:00:00,9.391332888888927
2018-05-22 05:00:00,3.906448
2018-05-22 06:00:00,3.32962355555552
2018-05-22 07:00:00,0.19916577777777772
2018-05-22 08:00:00,0.009949333333333333
2018-05-22 09:00:00,0.023215111111111113
2018-05-22 10:00:00,2.166672444444447
2018-05-22 11:00:00,0.04433866666666668
2018-05-22 12:00:00,0.01867377777777778
2018-05-22 13:00:00,6.101060857173912
2018-05-22 14:00:00,13.769285215596035
2018-05-22 15:00:00,31.42140790094424
2018-05-22 16:00:00,30.420999052894555
2018-05-22 17:00:00,31.162494106222724
2018-05-22 18:00:00,28.631171822742868
2018-05-22 19:00:00,28.148372081676037
2018-05-22 20:00:00,25.263570995980274
2018-05-22 21:00:00,25.084763542955503
2018-05-22 22:00:00,27.761490313890867
2018-05-22 23:00:00,25.764599224937804
2018-05-23 00:00:00,14.774981650917693
2018-05-23 01:00:00,10.951402081025162
2018-05-23 02:00:00,13.864700957097176
2018-05-23 03:00:00,22.25960015422869
2018-05-23 04:00:00,17.786814489412308
2018-05-23 05:00:00,9.54893958553413
2018-05-23 06:00:00,7.939324339307935
2018-05-23 07:00:00,0.13404444444444447
2018-05-23 08:00:00,0.0
2018-05-23 09:00:00,0.0
2018-05-23 10:00:00,0.0
2018-05-23 11:00:00,0.4156417777777773
2018-05-23 12:00:00,3.3903595555555768
2018-05-23 13:00:00,11.240591555555511
2018-05-23 14:00:00,17.839819111111105
2018-05-23 15:00:00,29.475989673074487
2018-05-23 16:00:00,32.43847829564409
2018-05-23 17:00:00,26.917830312153168
2018-05-23 18:00:00,20.567938029325116
2018-05-23 19:00:00,20.681561886825172
2018-05-23 20:00:00,21.144370477244863
2018-05-23 21:00:00,17.257044933637
2018-05-23 22:00:00,15.484106243943629
2018-05-23 23:00:00,21.91605082741363
2018-05-24 00:00:00,20.56450325621748
2018-05-24 01:00:00,14.865033434560633
2018-05-24 02:00:00,15.703843999999993
2018-05-24 03:00:00,19.664291111111027
2018-05-24 04:00:00,7.241687555555572
2018-05-24 05:00:00,2.0798093333333276
2018-05-24 06:00:00,0.0
2018-05-24 07:00:00,0.0
2018-05-24 08:00:00,0.0
2018-05-24 09:00:00,0.0
2018-05-24 10:00:00,0.0
2018-05-24 11:00:00,2.177095555555554
2018-05-24 12:00:00,8.845696888888867
2018-05-24 13:00:00,8.55509200000004
2018-05-24 14:00:00,15.904875999999975
2018-05-24 15:00:00,30.656497174758897
2018-05-24 16:00:00,27.42253347322613
2018-05-24 17:00:00,24.298876902356124
2018-05-24 18:00:00,18.644538234820775
2018-05-24 19:00:00,17.63812101183833
2018-05-24 20:00:00,20.76169993005276
2018-05-24 21:00:00,22.16961338894256
2018-05-24 22:00:00,19.37949184403139
2018-05-24 23:00:00,19.5392921928963
2018-05-25 00:00:00,7.765009309003012
2018-05-25 01:00:00,18.816020454001432
2018-05-25 02:00:00,20.33622461170752
2018-05-25 03:00:00,3.377064578255423
2018-05-25 04:00:00,1.0705413333333302
2018-05-25 05:00:00,7.460717333333305
2018-05-25 06:00:00,0.35005822222222227
2018-05-25 07:00:00,0.0
2018-05-25 08:00:00,2.8842897777777563
2018-05-25 09:00:00,3.095502222222245
2018-05-25 10:00:00,2.994015555555523
2018-05-25 11:00:00,3.935573777777788
2018-05-25 12:00:00,5.490454666666649
2018-05-25 13:00:00,9.439305777777742
2018-05-25 14:00:00,33.75208787661526
2018-05-25 15:00:00,39.55498482285137
2018-05-25 16:00:00,32.95105406017133
2018-05-25 17:00:00,28.759127664168474
2018-05-25 18:00:00,25.729704745519257
2018-05-25 19:00:00,20.926285690887063
2018-05-25 20:00:00,22.6648715155859
2018-05-25 21:00:00,27.505519045942414
2018-05-25 22:00:00,28.28878637080464
2018-05-25 23:00:00,20.576358612359698
2018-05-26 00:00:00,20.33491123753557
2018-05-26 01:00:00,19.510539660692082
2018-05-26 02:00:00,9.175260960572526
2018-05-26 03:00:00,18.06659583273548
2018-05-26 04:00:00,20.247909273379
2018-05-26 05:00:00,24.59530653111846
2018-05-26 06:00:00,20.104128155100526
2018-05-26 07:00:00,12.80922462865283
2018-05-26 08:00:00,13.057472634299376
2018-05-26 09:00:00,4.3817299033344685
2018-05-26 10:00:00,0.21807500988370077
2018-05-26 11:00:00,1.6051284657325084
2018-05-26 12:00:00,3.2347392284131007
2018-05-26 13:00:00,0.23310171651995834
2018-05-26 14:00:00,0.18571027088076883
2018-05-26 15:00:00,4.405459236667675
2018-05-26 16:00:00,28.14571068925789
2018-05-26 17:00:00,31.031362780058668
2018-05-26 18:00:00,19.056129570109572
2018-05-26 19:00:00,9.159630360377914
2018-05-26 20:00:00,12.764561333333251
2018-05-26 21:00:00,11.735804888888879
2018-05-26 22:00:00,0.04766666666666667
2018-05-26 23:00:00,9.689437333333329
2018-05-27 00:00:00,21.196278829151417
2018-05-27 01:00:00,9.743161754316901
2018-05-27 02:00:00,8.917745416313368
2018-05-27 03:00:00,11.248356696861027
2018-05-27 04:00:00,7.787479555555537
2018-05-27 05:00:00,0.013710666666666663
2018-05-27 06:00:00,1.85531955555556
2018-05-27 07:00:00,3.29700799999996
2018-05-27 08:00:00,3.225924000000008
2018-05-27 09:00:00,2.0214826666666736
2018-05-27 10:00:00,0.0
2018-05-27 11:00:00,1.5638999999999934
2018-05-27 12:00:00,0.38384088888888873
2018-05-27 13:00:00,0.5161924444444435
2018-05-27 14:00:00,0.0
2018-05-27 15:00:00,0.0
2018-05-27 16:00:00,0.0
2018-05-27 17:00:00,0.0
2018-05-27 18:00:00,2.7414631111111123
2018-05-27 19:00:00,13.08693244444437
2018-05-27 20:00:00,19.11480133333332
2018-05-27 21:00:00,19.976672444444425
2018-05-27 22:00:00,12.254175555555522
2018-05-27 23:00:00,12.675635555555555
2018-05-28 00:00:00,12.646943111111124
2018-05-28 01:00:00,6.1140213333333495
2018-05-28 02:00:00,1.0145142222222225
2018-05-28 03:00:00,0.1856457777777777
2018-05-28 04:00:00,3.318096888888845
2018-05-28 05:00:00,4.713147111111103
2018-05-28 06:00:00,5.687575111111136
2018-05-28 07:00:00,0.0
2018-05-28 08:00:00,0.0
2018-05-28 09:00:00,1.5477626666666668
2018-05-28 10:00:00,1.248416000000006
2018-05-28 11:00:00,0.0
2018-05-28 12:00:00,0.0
2018-05-28 13:00:00,0.0
2018-05-28 14:00:00,0.0021955555555555556
2018-05-28 15:00:00,0.07433111111111108
2018-05-28 16:00:00,3.845093777777744
2018-05-28 17:00:00,6.10678755555551
2018-05-28 18:00:00,7.676736888888911
2018-05-28 19:00:00,15.04474399999998
2018-05-28 20:00:00,15.511599999999923
2018-05-28 21:00:00,5.370814222222206
2018-05-28 22:00:00,5.759207999999998
2018-05-28 23:00:00,6.227860888888844
2018-05-29 00:00:00,2.1843466666666687
2018-05-29 01:00:00,0.000624
2018-05-29 02:00:00,9.490803111111092
2018-05-29 03:00:00,12.157328444444293
2018-05-29 04:00:00,6.435098222222228
2018-05-29 05:00:00,5.233181777777744
2018-05-29 06:00:00,6.544552444444431
2018-05-29 07:00:00,3.2764622222221944
2018-05-29 08:00:00,3.3653359999999712
2018-05-29 09:00:00,0.20971600000000035
2018-05-29 10:00:00,0.004599111111111111
2018-05-29 11:00:00,0.27992006082329773
2018-05-29 12:00:00,3.1653733689587336
2018-05-29 13:00:00,3.8054937304219054
2018-05-29 14:00:00,22.0208182382966
2018-05-29 15:00:00,35.25343843380056
2018-05-29 16:00:00,34.12659488693346
2018-05-29 17:00:00,30.52979590181322
2018-05-29 18:00:00,30.77335016052959
2018-05-29 19:00:00,30.47109412012604
2018-05-29 20:00:00,29.503581448028612
2018-05-29 21:00:00,29.94881599261433
2018-05-29 22:00:00,31.589729641793973
2018-05-29 23:00:00,25.024855250569544
2018-05-30 00:00:00,5.144809147387376
2018-05-30 01:00:00,7.484995555555497
2018-05-30 02:00:00,9.128789463668848
2018-05-30 03:00:00,28.381090137939285
2018-05-30 04:00:00,27.544599641143257
2018-05-30 05:00:00,17.748636261106842
2018-05-30 06:00:00,6.77249625459091
2018-05-30 07:00:00,0.0
2018-05-30 08:00:00,0.0
2018-05-30 09:00:00,0.0
2018-05-30 10:00:00,0.9483991111111079
2018-05-30 11:00:00,0.3664555555555555
2018-05-30 12:00:00,3.494954666666681
2018-05-30 13:00:00,8.691799999999972
2018-05-30 14:00:00,26.257596444444417
2018-05-30 15:00:00,31.592093927664113
2018-05-30 16:00:00,32.933713141738956
2018-05-30 17:00:00,28.896726176169253
2018-05-30 18:00:00,24.652773958074953
2018-05-30 19:00:00,20.950606294775003
2018-05-30 20:00:00,14.541417429781157
2018-05-30 21:00:00,17.754143579015768
2018-05-30 22:00:00,18.140919076354283
2018-05-30 23:00:00,24.025781537959546
2018-05-31 00:00:00,14.571282226566517
2018-05-31 01:00:00,8.110592537851597
2018-05-31 02:00:00,14.739168888888784
2018-05-31 03:00:00,28.264958222222127
2018-05-31 04:00:00,36.739889333333146
2018-05-31 05:00:00,14.074273777777742
2018-05-31 06:00:00,6.31256311111106
2018-05-31 07:00:00,4.050695999999967
2018-05-31 08:00:00,3.128452888888867
2018-05-31 09:00:00,0.032621333333333336
2018-05-31 10:00:00,0.0
2018-05-31 11:00:00,0.5904773333333332
2018-05-31 12:00:00,3.063048444444483
2018-05-31 13:00:00,3.1383386666666717
2018-05-31 14:00:00,12.743824188551205
2018-05-31 15:00:00,30.438875819267317
2018-05-31 16:00:00,31.050833190832215
2018-05-31 17:00:00,32.72884534680022
2018-05-31 18:00:00,32.05420764288011
2018-05-31 19:00:00,28.2771733424568
2018-05-31 20:00:00,31.04235715694521
2018-05-31 21:00:00,27.898018525036072
2018-05-31 22:00:00,16.51117199652425
2018-05-31 23:00:00,5.88308933333331
2018-06-01 00:00:00,13.249912000000029
2018-06-01 01:00:00,23.391824444444385
2018-06-01 02:00:00,22.919340888888843
2018-06-01 03:00:00,11.201383555555536
2018-06-01 04:00:00,10.402836888888842
2018-06-01 05:00:00,6.4525528888888815
2018-06-01 06:00:00,5.216582222222192
2018-06-01 07:00:00,6.523134222222209
2018-06-01 08:00:00,5.27292133333337
2018-06-01 09:00:00,2.6075688888888795
2018-06-01 10:00:00,0.0
2018-06-01 11:00:00,0.6024315555555548
2018-06-01 12:00:00,2.995090222222235
2018-06-01 13:00:00,4.041561333333353
2018-06-01 14:00:00,13.720540888888873
2018-06-01 15:00:00,30.566045244705506
2018-06-01 16:00:00,36.74400967394173
2018-06-01 17:00:00,36.59028767720169
2018-06-01 18:00:00,27.652929653523813
2018-06-01 19:00:00,25.814486439013347
2018-06-01 20:00:00,17.39505100206338
2018-06-01 21:00:00,20.478635724556476
2018-06-01 22:00:00,27.62539523840475
2018-06-01 23:00:00,28.010293014444986
2018-06-02 00:00:00,17.804259029434697
2018-06-02 01:00:00,10.598582329531903
2018-06-02 02:00:00,9.161146222222238
2018-06-02 03:00:00,5.172711555555533
2018-06-02 04:00:00,1.8460693333333298
2018-06-02 05:00:00,0.0
2018-06-02 06:00:00,1.9885435555555715
2018-06-02 07:00:00,4.185607111111076
2018-06-02 08:00:00,3.249716888888868
2018-06-02 09:00:00,1.5084102222222227
2018-06-02 10:00:00,0.0020337777777777776
2018-06-02 11:00:00,1.3231862222222202
2018-06-02 12:00:00,3.007708888888914
2018-06-02 13:00:00,1.2154248888888861
2018-06-02 14:00:00,0.0018257777777777777
2018-06-02 15:00:00,0.0
2018-06-02 16:00:00,0.007285777777777776
2018-06-02 17:00:00,1.5219186666666602
2018-06-02 18:00:00,6.233881333333326
2018-06-02 19:00:00,13.950635111111065
2018-06-02 20:00:00,33.51985866666673
2018-06-02 21:00:00,41.0355399999999
2018-06-02 22:00:00,24.994325777777693
2018-06-02 23:00:00,26.58319733333336
2018-06-03 00:00:00,25.833449580102144
2018-06-03 01:00:00,29.76649537395447
2018-06-03 02:00:00,25.045522666666542
2018-06-03 03:00:00,18.34520133333321
2018-06-03 04:00:00,24.392321777777674
2018-06-03 05:00:00,18.292184444444437
2018-06-03 06:00:00,8.794216888888851
2018-06-03 07:00:00,3.8950079999999736
2018-06-03 08:00:00,0.005188444444444445
2018-06-03 09:00:00,0.01239911111111111
2018-06-03 10:00:00,0.003033333333333333
2018-06-03 11:00:00,0.005754666666666667
2018-06-03 12:00:00,0.06885955555555559
2018-06-03 13:00:00,0.00013866666666666666
2018-06-03 14:00:00,0.59081822222222
2018-06-03 15:00:00,4.28169155555557
2018-06-03 16:00:00,12.285803111111061
2018-06-03 17:00:00,13.303847555555524
2018-06-03 18:00:00,18.080763999999956
2018-06-03 19:00:00,19.246176444444384
2018-06-03 20:00:00,23.059749151732287
2018-06-03 21:00:00,19.782045108288568
2018-06-03 22:00:00,24.875140134244532
2018-06-03 23:00:00,17.230782273487133
2018-06-04 00:00:00,13.972928240252028
2018-06-04 01:00:00,18.416606358640024
2018-06-04 02:00:00,13.660643141088238
2018-06-04 03:00:00,3.6526411903985867
2018-06-04 04:00:00,3.135651999999996
2018-06-04 05:00:00,1.8095826666666721
2018-06-04 06:00:00,0.0
2018-06-04 07:00:00,0.0
2018-06-04 08:00:00,0.0
2018-06-04 09:00:00,0.0
2018-06-04 10:00:00,0.0
2018-06-04 11:00:00,0.597913333333333
2018-06-04 12:00:00,3.0293062222222344
2018-06-04 13:00:00,4.299897333333336
2018-06-04 14:00:00,8.102963555555561
2018-06-04 15:00:00,17.52050166004111
2018-06-04 16:00:00,35.77849296144123
2018-06-04 17:00:00,36.807082968609784
2018-06-04 18:00:00,32.55002466080036
2018-06-04 19:00:00,28.208441598347626
2018-06-04 20:00:00,27.329081899423073
2018-06-04 21:00:00,28.34071172281863
2018-06-04 22:00:00,26.829220917127117
2018-06-04 23:00:00,21.152282706201802
2018-06-05 00:00:00,17.8488962823943
2018-06-05 01:00:00,7.81588304333642
2018-06-05 02:00:00,13.037856977082702
2018-06-05 03:00:00,19.92241333333344
2018-06-05 04:00:00,10.868548888888903
2018-06-05 05:00:00,1.6980022222222195
2018-06-05 06:00:00,0.24992355555555568
2018-06-05 07:00:00,0.0
2018-06-05 08:00:00,0.0
2018-06-05 09:00:00,0.0
2018-06-05 10:00:00,0.7766488888888905
2018-06-05 11:00:00,3.673898222222219
2018-06-05 12:00:00,6.3231711111111135
2018-06-05 13:00:00,5.9951897777777825
2018-06-05 14:00:00,18.476108958400367
2018-06-05 15:00:00,32.67167725730321
2018-06-05 16:00:00,29.30921542217761
2018-06-05 17:00:00,32.80196176908779
2018-06-05 18:00:00,30.493491740631157
2018-06-05 19:00:00,28.85495140262843
2018-06-05 20:00:00,26.34848426067136
2018-06-05 21:00:00,25.428761136092128
2018-06-05 22:00:00,25.83225845986748
2018-06-05 23:00:00,28.554458855218147
2018-06-06 00:00:00,23.104900835884706
2018-06-06 01:00:00,16.78867574323784
2018-06-06 02:00:00,28.30276644683316
2018-06-06 03:00:00,30.624429333333342
2018-06-06 04:00:00,22.035167555555613
2018-06-06 05:00:00,5.80373733333332
2018-06-06 06:00:00,1.9499826666666775
2018-06-06 07:00:00,0.0
2018-06-06 08:00:00,0.0
2018-06-06 09:00:00,0.0
2018-06-06 10:00:00,0.0
2018-06-06 11:00:00,3.70315688888887
2018-06-06 12:00:00,6.154916444444481
2018-06-06 13:00:00,6.8114453333333564
2018-06-06 14:00:00,12.346789537959804
2018-06-06 15:00:00,26.559863893558447
2018-06-06 16:00:00,30.70104785141775
2018-06-06 17:00:00,27.827534544150858
2018-06-06 18:00:00,27.00849450070578
2018-06-06 19:00:00,27.732053281633245
2018-06-06 20:00:00,24.192346162267512
2018-06-06 21:00:00,25.50224217399822
2018-06-06 22:00:00,27.651355787986944
2018-06-06 23:00:00,28.32160064125151
2018-06-07 00:00:00,25.34717536700496
2018-06-07 01:00:00,19.82003500814796
2018-06-07 02:00:00,35.46771546692961
2018-06-07 03:00:00,31.48223875703309
2018-06-07 04:00:00,24.666272942326234
2018-06-07 05:00:00,8.17311733333329
2018-06-07 06:00:00,2.2218964444444516
2018-06-07 07:00:00,0.03943911111111111
2018-06-07 08:00:00,0.035209777777777784
2018-06-07 09:00:00,0.05770266666666667
2018-06-07 10:00:00,0.06984755555555555
2018-06-07 11:00:00,0.6841235555555552
2018-06-07 12:00:00,2.8958222222222236
2018-06-07 13:00:00,2.99944666666667
2018-06-07 14:00:00,14.433730484630692
2018-06-07 15:00:00,33.7526032566513
2018-06-07 16:00:00,34.72147932051641
2018-06-07 17:00:00,32.21928375236188
2018-06-07 18:00:00,25.738852633865367
2018-06-07 19:00:00,26.783674813511595
2018-06-07 20:00:00,25.138525951558638
2018-06-07 21:00:00,20.531604420114466
2018-06-07 22:00:00,16.823615224936383
2018-06-07 23:00:00,16.76374253111711
2018-06-08 00:00:00,4.389716046051831
2018-06-08 01:00:00,4.827467046812115
2018-06-08 02:00:00,17.713314666666648
2018-06-08 03:00:00,17.43866799999996
2018-06-08 04:00:00,16.089562666666666
2018-06-08 05:00:00,6.849567111111137
2018-06-08 06:00:00,3.7977911111111013
2018-06-08 07:00:00,3.0819764444444195
2018-06-08 08:00:00,3.0425893333333134
2018-06-08 09:00:00,3.030802666666642
2018-06-08 10:00:00,0.21224666666666653
2018-06-08 11:00:00,0.39929066666666635
2018-06-08 12:00:00,2.958921333333347
2018-06-08 13:00:00,7.528219111111117
2018-06-08 14:00:00,16.297735039859386
2018-06-08 15:00:00,32.60251133268031
2018-06-08 16:00:00,33.26947602910835
2018-06-08 17:00:00,33.667371879222856
2018-06-08 18:00:00,31.394191111111684
2018-06-08 19:00:00,33.234988699467614
2018-06-08 20:00:00,33.96680548365359
2018-06-08 21:00:00,28.78342688519559
2018-06-08 22:00:00,30.769285078744044
2018-06-08 23:00:00,26.731105411534376
2018-06-09 00:00:00,22.27822902009303
2018-06-09 01:00:00,19.4205044592159
2018-06-09 02:00:00,31.53975240056511
2018-06-09 03:00:00,26.02392071728058
2018-06-09 04:00:00,21.27745838036314
2018-06-09 05:00:00,19.471467141957916
2018-06-09 06:00:00,18.753589814271976
2018-06-09 07:00:00,18.376004773324638
2018-06-09 08:00:00,14.477770344737607
2018-06-09 09:00:00,6.217861176496006
2018-06-09 10:00:00,6.050690704463913
2018-06-09 11:00:00,2.0006843836210746
2018-06-09 12:00:00,3.025911707179246
2018-06-09 13:00:00,1.9455128580427048
2018-06-09 14:00:00,0.6968871523839758
2018-06-09 15:00:00,11.310923083306102
2018-06-09 16:00:00,13.574224444444358
2018-06-09 17:00:00,15.80008517866943
2018-06-09 18:00:00,11.846716359292719
2018-06-09 19:00:00,9.96583657000261
2018-06-09 20:00:00,7.037300265015771
2018-06-09 21:00:00,7.737178222222242
2018-06-09 22:00:00,6.214196444444454
2018-06-09 23:00:00,7.1269640000000045
2018-06-10 00:00:00,13.000184888888835
2018-06-10 01:00:00,6.5152995555555675
2018-06-10 02:00:00,3.089071555555553
2018-06-10 03:00:00,0.0
2018-06-10 04:00:00,0.0
2018-06-10 05:00:00,0.0
2018-06-10 06:00:00,0.0
2018-06-10 07:00:00,0.0
2018-06-10 08:00:00,0.0
2018-06-10 09:00:00,0.0
2018-06-10 10:00:00,0.0
2018-06-10 11:00:00,0.0
2018-06-10 12:00:00,0.0
2018-06-10 13:00:00,0.0
2018-06-10 14:00:00,0.8562608888888897
2018-06-10 15:00:00,6.159215111111077
2018-06-10 16:00:00,6.2893479999998965
2018-06-10 17:00:00,5.850993777777751
2018-06-10 18:00:00,7.033427555555473
2018-06-10 19:00:00,2.483023111111106
2018-06-10 20:00:00,1.3990946666666622
2018-06-10 21:00:00,6.345323111111046
2018-06-10 22:00:00,10.374855111111101
2018-06-10 23:00:00,8.574100888888864
2018-06-11 00:00:00,8.648611111111077
2018-06-11 01:00:00,3.111726222222204
2018-06-11 02:00:00,5.890871999999975
2018-06-11 03:00:00,5.096098222222278
2018-06-11 04:00:00,11.576944888888837
2018-06-11 05:00:00,11.02599333333328
2018-06-11 06:00:00,10.747735555555527
2018-06-11 07:00:00,9.438543111111048
2018-06-11 08:00:00,6.007172888888886
2018-06-11 09:00:00,0.10439288888888883
2018-06-11 10:00:00,0.0
2018-06-11 11:00:00,0.32820666666666676
2018-06-11 12:00:00,2.9789528888889043
2018-06-11 13:00:00,3.2154814658410924
2018-06-11 14:00:00,10.811195453023911
2018-06-11 15:00:00,29.212874677093186
2018-06-11 16:00:00,31.835180943194047
2018-06-11 17:00:00,32.620976438360806
2018-06-11 18:00:00,32.61527644878779
2018-06-11 19:00:00,34.396339061148225
2018-06-11 20:00:00,28.94368895926919
2018-06-11 21:00:00,27.776877778645414
2018-06-11 22:00:00,27.28708901053416
2018-06-11 23:00:00,25.123283563807703
2018-06-12 00:00:00,18.054449034864327
2018-06-12 01:00:00,10.405840006082187
2018-06-12 02:00:00,20.546391978711785
2018-06-12 03:00:00,27.166760976648177
2018-06-12 04:00:00,16.88845954121892
2018-06-12 05:00:00,9.467171999999978
2018-06-12 06:00:00,2.5618840000000054
2018-06-12 07:00:00,0.05948800000000002
2018-06-12 08:00:00,0.01283822222222222
2018-06-12 09:00:00,0.015253333333333332
2018-06-12 10:00:00,0.006008888888888888
2018-06-12 11:00:00,0.2856648888888891
2018-06-12 12:00:00,2.8864564444444567
2018-06-12 13:00:00,2.74031911111111
2018-06-12 14:00:00,10.766354181816123
2018-06-12 15:00:00,29.4164169718681
2018-06-12 16:00:00,25.555307024655278
2018-06-12 17:00:00,25.337148990984833
2018-06-12 18:00:00,25.35200297425839
2018-06-12 19:00:00,26.063185969804845
2018-06-12 20:00:00,21.948758403822822
2018-06-12 21:00:00,21.86694360768952
2018-06-12 22:00:00,20.76114814380354
2018-06-12 23:00:00,16.909994200064336
2018-06-13 00:00:00,3.842230552839286
2018-06-13 01:00:00,10.70061346844731
2018-06-13 02:00:00,15.283260584337931
2018-06-13 03:00:00,18.151183555555487
2018-06-13 04:00:00,13.355760888888863
2018-06-13 05:00:00,7.934495111111123
2018-06-13 06:00:00,9.232108888888963
2018-06-13 07:00:00,9.891191555555531
2018-06-13 08:00:00,4.051701333333307
2018-06-13 09:00:00,1.794629777777764
2018-06-13 10:00:00,0.0
2018-06-13 11:00:00,0.8387773333333323
2018-06-13 12:00:00,4.100298222222228
2018-06-13 13:00:00,5.758260444444453
2018-06-13 14:00:00,14.794500170303658
2018-06-13 15:00:00,21.03966640729877
2018-06-13 16:00:00,26.589320433582635
2018-06-13 17:00:00,28.55524423199651
2018-06-13 18:00:00,26.885745306830874
2018-06-13 19:00:00,24.177142230910736
2018-06-13 20:00:00,22.420414342129984
2018-06-13 21:00:00,19.310569032257398
2018-06-13 22:00:00,17.883012043878853
2018-06-13 23:00:00,19.06665969718597
2018-06-14 00:00:00,9.298288165526026
2018-06-14 01:00:00,8.362082842619603
2018-06-14 02:00:00,29.617707153252827
2018-06-14 03:00:00,31.78167665949789
2018-06-14 04:00:00,20.294762702291415
2018-06-14 05:00:00,9.142971473878491
2018-06-14 06:00:00,0.44010231345712775
2018-06-14 07:00:00,0.0
2018-06-14 08:00:00,0.0
2018-06-14 09:00:00,0.0
2018-06-14 10:00:00,0.0
2018-06-14 11:00:00,0.5692324444444428
2018-06-14 12:00:00,4.669761777777799
2018-06-14 13:00:00,5.447231111111124
2018-06-14 14:00:00,11.344124549581336
2018-06-14 15:00:00,21.477911049418182
2018-06-14 16:00:00,37.892981567502645
2018-06-14 17:00:00,25.589127899206304
2018-06-14 18:00:00,25.858001577495276
2018-06-14 19:00:00,23.599310363419068
2018-06-14 20:00:00,22.6646432171164
2018-06-14 21:00:00,25.972963772780478
2018-06-14 22:00:00,18.145274492885346
2018-06-14 23:00:00,9.3256106836089
2018-06-15 00:00:00,4.262490514607982
2018-06-15 01:00:00,8.842610815683626
2018-06-15 02:00:00,21.57045554034974
2018-06-15 03:00:00,21.61998799999989
2018-06-15 04:00:00,14.133885963289222
2018-06-15 05:00:00,17.64267435255753
2018-06-15 06:00:00,15.148805364178413
2018-06-15 07:00:00,9.764240053436675
2018-06-15 08:00:00,9.167448998370945
2018-06-15 09:00:00,7.083935488215128
2018-06-15 10:00:00,5.200773759096443
2018-06-15 11:00:00,1.2651193748233467
2018-06-15 12:00:00,3.0925781922449365
2018-06-15 13:00:00,3.075301478874689
2018-06-15 14:00:00,7.7271795433889086
2018-06-15 15:00:00,16.919128855436465
2018-06-15 16:00:00,28.141742773541413
2018-06-15 17:00:00,29.643503987834315
2018-06-15 18:00:00,29.778211425219816
2018-06-15 19:00:00,28.612641557509885
2018-06-15 20:00:00,29.769235226674756
2018-06-15 21:00:00,29.53482547322643
2018-06-15 22:00:00,23.687747712826962
2018-06-15 23:00:00,19.00890102617498
2018-06-16 00:00:00,8.852941397631557
2018-06-16 01:00:00,18.920214628001364
2018-06-16 02:00:00,20.079735981317473
2018-06-16 03:00:00,20.256260206797478
2018-06-16 04:00:00,18.900691731508196
2018-06-16 05:00:00,17.51683596785041
2018-06-16 06:00:00,12.092258952971097
2018-06-16 07:00:00,7.28813102769704
2018-06-16 08:00:00,3.439274465081592
2018-06-16 09:00:00,3.5249442815256553
2018-06-16 10:00:00,3.517280112958395
2018-06-16 11:00:00,0.6632047355272913
2018-06-16 12:00:00,0.3457545345930544
2018-06-16 13:00:00,0.3456980558268984
2018-06-16 14:00:00,4.124036693819731
2018-06-16 15:00:00,0.8365614793090925
2018-06-16 16:00:00,2.9315263473443274
2018-06-16 17:00:00,3.1201354473769682
2018-06-16 18:00:00,1.7595933333333353
2018-06-16 19:00:00,9.698184888888925
2018-06-16 20:00:00,18.909788444444356
2018-06-16 21:00:00,10.617908888888891
2018-06-16 22:00:00,13.348706222222187
2018-06-16 23:00:00,15.122582222222146
2018-06-17 00:00:00,9.268971111111103
2018-06-17 01:00:00,10.45429955555553
2018-06-17 02:00:00,19.251104888888943
2018-06-17 03:00:00,14.168838666666641
2018-06-17 04:00:00,10.409908888888832
2018-06-17 05:00:00,1.7642328888888863
2018-06-17 06:00:00,1.1010768888888927
2018-06-17 07:00:00,0.029599555555555556
2018-06-17 08:00:00,0.008140888888888888
2018-06-17 09:00:00,0.009417777777777777
2018-06-17 10:00:00,0.010515555555555556
2018-06-17 11:00:00,0.012110222222222224
2018-06-17 12:00:00,0.001063111111111111
2018-06-17 13:00:00,0.00652888888888889
2018-06-17 14:00:00,0.0017564444444444444
2018-06-17 15:00:00,0.0
2018-06-17 16:00:00,0.00017911111111111112
2018-06-17 17:00:00,2.5932804444444373
2018-06-17 18:00:00,3.107664444444437
2018-06-17 19:00:00,7.317434222222197
2018-06-17 20:00:00,15.04955111111098
2018-06-17 21:00:00,12.609165255132437
2018-06-17 22:00:00,10.052929368959443
2018-06-17 23:00:00,15.377076807647295
2018-06-18 00:00:00,10.458030955144046
2018-06-18 01:00:00,8.706300160747407
2018-06-18 02:00:00,6.124113704789696
2018-06-18 03:00:00,4.229645807754919
2018-06-18 04:00:00,1.0154155555555557
2018-06-18 05:00:00,1.2214164444444442
2018-06-18 06:00:00,0.0
2018-06-18 07:00:00,0.0
2018-06-18 08:00:00,0.0
2018-06-18 09:00:00,0.8505177777777805
2018-06-18 10:00:00,3.2495262222222
2018-06-18 11:00:00,3.479418222222205
2018-06-18 12:00:00,3.367491111111108
2018-06-18 13:00:00,3.0515911111111156
2018-06-18 14:00:00,9.740812333658877
2018-06-18 15:00:00,27.34618609275363
2018-06-18 16:00:00,30.92839333680858
2018-06-18 17:00:00,34.74718020897139
2018-06-18 18:00:00,31.477768716846192
2018-06-18 19:00:00,31.077063833170726
2018-06-18 20:00:00,29.756209602259567
2018-06-18 21:00:00,28.42145143999108
2018-06-18 22:00:00,26.135768972738248
2018-06-18 23:00:00,21.382179286631107
2018-06-19 00:00:00,13.6013756567826
2018-06-19 01:00:00,12.009896888888843
2018-06-19 02:00:00,15.788494905615275
2018-06-19 03:00:00,24.401287025089182
2018-06-19 04:00:00,31.18862423895004
2018-06-19 05:00:00,24.795658103181847
2018-06-19 06:00:00,19.92583992831506
2018-06-19 07:00:00,7.338573298142679
2018-06-19 08:00:00,3.884263829694849
2018-06-19 09:00:00,0.1848123714564118
2018-06-19 10:00:00,0.18920231345706395
2018-06-19 11:00:00,0.6676276950145741
2018-06-19 12:00:00,6.047718757901504
2018-06-19 13:00:00,3.911231243184458
2018-06-19 14:00:00,16.813914765286277
2018-06-19 15:00:00,22.330426029324364
2018-06-19 16:00:00,29.444426881720656
2018-06-19 17:00:00,29.931089160420868
2018-06-19 18:00:00,24.446919462147807
2018-06-19 19:00:00,21.36542117258522
2018-06-19 20:00:00,24.71919378907219
2018-06-19 21:00:00,25.241558131421
2018-06-19 22:00:00,24.61367473617783
2018-06-19 23:00:00,25.975287275332867
2018-06-20 00:00:00,12.993753386335882
2018-06-20 01:00:00,12.647430087976403
2018-06-20 02:00:00,13.050923045943165
2018-06-20 03:00:00,27.68789111111105
2018-06-20 04:00:00,21.554860888888836
2018-06-20 05:00:00,17.76656844444437
2018-06-20 06:00:00,10.126408017812382
2018-06-20 07:00:00,11.760700130335342
2018-06-20 08:00:00,11.20997568719412
2018-06-20 09:00:00,3.977190568915004
2018-06-20 10:00:00,0.0
2018-06-20 11:00:00,0.4586804444444445
2018-06-20 12:00:00,2.437956444444436
2018-06-20 13:00:00,3.73334577777778
2018-06-20 14:00:00,14.106186957749092
2018-06-20 15:00:00,19.970172918866297
2018-06-20 16:00:00,25.711502034538615
2018-06-20 17:00:00,32.90317252568741
2018-06-20 18:00:00,32.062068792440066
2018-06-20 19:00:00,25.576269265558256
2018-06-20 20:00:00,21.225951078526055
2018-06-20 21:00:00,17.92833915107948
2018-06-20 22:00:00,17.36071707439879
2018-06-20 23:00:00,21.687923139349415
2018-06-21 00:00:00,9.476103151079604
2018-06-21 01:00:00,7.285931518626915
2018-06-21 02:00:00,17.769739241446423
2018-06-21 03:00:00,15.33100036841465
2018-06-21 04:00:00,18.185974385141236
2018-06-21 05:00:00,9.306795409579774
2018-06-21 06:00:00,6.024096412294693
2018-06-21 07:00:00,3.1886573333333117
2018-06-21 08:00:00,1.6504453333333369
2018-06-21 09:00:00,0.0
2018-06-21 10:00:00,0.0
2018-06-21 11:00:00,0.4384177777777778
2018-06-21 12:00:00,2.582764888888902
2018-06-21 13:00:00,4.618264444444451
2018-06-21 14:00:00,17.24786646768684
2018-06-21 15:00:00,25.783236607795825
2018-06-21 16:00:00,33.50224586510304
2018-06-21 17:00:00,24.817241672640257
2018-06-21 18:00:00,21.274540433148022
2018-06-21 19:00:00,21.42621129053927
2018-06-21 20:00:00,22.479641975018684
2018-06-21 21:00:00,26.772196995329153
2018-06-21 22:00:00,21.79418676311583
2018-06-21 23:00:00,24.017024239817346
2018-06-22 00:00:00,24.752636668187506
2018-06-22 01:00:00,16.907567945693383
2018-06-22 02:00:00,13.07801693233396
2018-06-22 03:00:00,17.83337259650255
2018-06-22 04:00:00,14.910288119039723
2018-06-22 05:00:00,11.585676364939044
2018-06-22 06:00:00,11.033635977842515
2018-06-22 07:00:00,7.668581010535322
2018-06-22 08:00:00,0.0
2018-06-22 09:00:00,0.0
2018-06-22 10:00:00,0.0
2018-06-22 11:00:00,0.0
2018-06-22 12:00:00,0.0
2018-06-22 13:00:00,3.0359968888888713
2018-06-22 14:00:00,5.055976299771288
2018-06-22 15:00:00,27.170238673615078
2018-06-22 16:00:00,33.40193022917341
2018-06-22 17:00:00,28.412376183338093
2018-06-22 18:00:00,22.51889466666548
2018-06-22 19:00:00,14.724772406211638
2018-06-22 20:00:00,16.27477617855865
2018-06-22 21:00:00,17.422136156835965
2018-06-22 22:00:00,17.15668227913424
2018-06-22 23:00:00,14.203103650700054
2018-06-23 00:00:00,10.828717860323628
2018-06-23 01:00:00,11.906472695557843
2018-06-23 02:00:00,21.234553653090046
2018-06-23 03:00:00,28.867996111219657
2018-06-23 04:00:00,23.669453856413003
2018-06-23 05:00:00,16.06104510872162
2018-06-23 06:00:00,16.651778268274086
2018-06-23 07:00:00,11.388115589442684
2018-06-23 08:00:00,9.197705068751851
2018-06-23 09:00:00,8.96031825176481
2018-06-23 10:00:00,9.534530101444355
2018-06-23 11:00:00,8.261707147170501
2018-06-23 12:00:00,2.660430545888907
2018-06-23 13:00:00,2.4638292599108396
2018-06-23 14:00:00,0.47243592701195397
2018-06-23 15:00:00,0.18091766351678748
2018-06-23 16:00:00,1.719155434777785
2018-06-23 17:00:00,12.960458300858008
2018-06-23 18:00:00,20.809637333333185
2018-06-23 19:00:00,12.140151111111063
2018-06-23 20:00:00,13.89727733333326
2018-06-23 21:00:00,10.702732444444443
2018-06-23 22:00:00,9.409815999999967
2018-06-23 23:00:00,4.929045333333298
2018-06-24 00:00:00,3.762540888888865
2018-06-24 01:00:00,6.221112444444405
2018-06-24 02:00:00,4.1103804444444085
2018-06-24 03:00:00,2.3613026666666683
2018-06-24 04:00:00,9.487509777777772
2018-06-24 05:00:00,20.13277125404466
2018-06-24 06:00:00,15.470320257194782
2018-06-24 07:00:00,8.430651651135033
2018-06-24 08:00:00,2.033425333333327
2018-06-24 09:00:00,0.03900577777777778
2018-06-24 10:00:00,0.0
2018-06-24 11:00:00,0.0
2018-06-24 12:00:00,0.0
2018-06-24 13:00:00,0.0
2018-06-24 14:00:00,0.819814666666667
2018-06-24 15:00:00,0.06073599999999999
2018-06-24 16:00:00,0.0
2018-06-24 17:00:00,0.0
2018-06-24 18:00:00,1.186992444444444
2018-06-24 19:00:00,6.819603555555576
2018-06-24 20:00:00,9.87226355555556
2018-06-24 21:00:00,11.474431155860108
2018-06-24 22:00:00,11.904666724883723
2018-06-24 23:00:00,9.77428807211821
2018-06-25 00:00:00,11.892844318453257
2018-06-25 01:00:00,8.291990756598187
2018-06-25 02:00:00,8.948034696209326
2018-06-25 03:00:00,9.733760016509063
2018-06-25 04:00:00,15.47531772434004
2018-06-25 05:00:00,14.950795667209633
2018-06-25 06:00:00,11.728752238514112
2018-06-25 07:00:00,11.899685777777718
2018-06-25 08:00:00,9.751392444444424
2018-06-25 09:00:00,5.407115999999995
2018-06-25 10:00:00,1.103717333333332
2018-06-25 11:00:00,0.0055928888888888886
2018-06-25 12:00:00,0.04157111111111111
2018-06-25 13:00:00,2.3681666666666734
2018-06-25 14:00:00,14.730481443683907
2018-06-25 15:00:00,25.389775329204365
2018-06-25 16:00:00,34.001349608341854
2018-06-25 17:00:00,31.096935508633905
2018-06-25 18:00:00,26.25479303616781
2018-06-25 19:00:00,26.1792365730417
2018-06-25 20:00:00,28.81546620484351
2018-06-25 21:00:00,34.71188849744702
2018-06-25 22:00:00,28.06188050483224
2018-06-25 23:00:00,23.100643658519708
2018-06-26 00:00:00,18.924606625827785
2018-06-26 01:00:00,22.84229426740508
2018-06-26 02:00:00,20.143373769957584
2018-06-26 03:00:00,18.027123111111113
2018-06-26 04:00:00,15.302398222222266
2018-06-26 05:00:00,8.506766666666689
2018-06-26 06:00:00,2.4536014128379446
2018-06-26 07:00:00,0.3158260749428958
2018-06-26 08:00:00,0.13084074291295555
2018-06-26 09:00:00,5.605415111111072
2018-06-26 10:00:00,5.657051111111069
2018-06-26 11:00:00,1.9709039999999916
2018-06-26 12:00:00,0.15546266666666667
2018-06-26 13:00:00,3.573266666666665
2018-06-26 14:00:00,14.951565602693854
2018-06-26 15:00:00,25.27048738568405
2018-06-26 16:00:00,36.083884742480166
2018-06-26 17:00:00,41.62063624546373
2018-06-26 18:00:00,37.32772531291253
2018-06-26 19:00:00,29.060823621592338
2018-06-26 20:00:00,23.777516294992175
2018-06-26 21:00:00,21.993874653198237
2018-06-26 22:00:00,18.850508862387372
2018-06-26 23:00:00,14.632936701205159
2018-06-27 00:00:00,12.786157700881262
2018-06-27 01:00:00,18.689624736832045
2018-06-27 02:00:00,16.04687608298208
2018-06-27 03:00:00,19.060086026285752
2018-06-27 04:00:00,15.93893135179714
2018-06-27 05:00:00,10.1008419837075
2018-06-27 06:00:00,6.9255025524053915
2018-06-27 07:00:00,3.161418703159659
2018-06-27 08:00:00,0.16256848050386258
2018-06-27 09:00:00,0.16282263495156532
2018-06-27 10:00:00,0.16372121212111085
2018-06-27 11:00:00,0.16304007820126606
2018-06-27 12:00:00,0.030621239491672402
2018-06-27 13:00:00,8.475399111111088
2018-06-27 14:00:00,14.062019303138582
2018-06-27 15:00:00,22.65264568132675
2018-06-27 16:00:00,34.72059133311517
2018-06-27 17:00:00,39.20118493320223
2018-06-27 18:00:00,36.96440429499239
2018-06-27 19:00:00,36.36335038644446
2018-06-27 20:00:00,24.72047007928698
2018-06-27 21:00:00,14.214536088193285
2018-06-27 22:00:00,4.846648845443243
2018-06-27 23:00:00,10.641882436406604
2018-06-28 00:00:00,18.95465209253698
2018-06-28 01:00:00,14.5261415727154
2018-06-28 02:00:00,22.081358962962
2018-06-28 03:00:00,30.70601389377586
2018-06-28 04:00:00,28.770957943737653
2018-06-28 05:00:00,18.163426130117
2018-06-28 06:00:00,7.533347433909082
2018-06-28 07:00:00,0.0010862222222222221
2018-06-28 08:00:00,0.0
2018-06-28 09:00:00,0.0036457777777777773
2018-06-28 10:00:00,0.0007453333333333334
2018-06-28 11:00:00,0.023816000000000004
2018-06-28 12:00:00,0.0014733333333333334
2018-06-28 13:00:00,0.6558933333333338
2018-06-28 14:00:00,19.129830615400678
2018-06-28 15:00:00,29.240213766045816
2018-06-28 16:00:00,41.281005104811285
2018-06-28 17:00:00,35.1521193000987
2018-06-28 18:00:00,31.603944646897794
2018-06-28 19:00:00,31.197498899965144
2018-06-28 20:00:00,23.63021430172763
2018-06-28 21:00:00,20.362244774628863
2018-06-28 22:00:00,14.980984070380273
2018-06-28 23:00:00,11.585283346149094
2018-06-29 00:00:00,3.4447939259258438
2018-06-29 01:00:00,3.24109066666663
2018-06-29 02:00:00,4.569188000000019
2018-06-29 03:00:00,8.744210222222149
2018-06-29 04:00:00,8.50545511111104
2018-06-29 05:00:00,2.845734666666687
2018-06-29 06:00:00,6.358958666666707
2018-06-29 07:00:00,6.31403066666672
2018-06-29 08:00:00,1.9898435555555518
2018-06-29 09:00:00,3.324926222222208
2018-06-29 10:00:00,6.470689333333352
2018-06-29 11:00:00,5.265202222222255
2018-06-29 12:00:00,4.477616000000027
2018-06-29 13:00:00,1.727648000000005
2018-06-29 14:00:00,6.667220489626649
2018-06-29 15:00:00,12.729039002062535
2018-06-29 16:00:00,27.74790096926194
2018-06-29 17:00:00,30.75404754252073
2018-06-29 18:00:00,26.229928355380082
2018-06-29 19:00:00,18.73019337243278
2018-06-29 20:00:00,8.328276901052686
2018-06-29 21:00:00,11.756760990549651
2018-06-29 22:00:00,12.246798033668826
2018-06-29 23:00:00,5.697094240033841
2018-06-30 00:00:00,2.697465130009071
2018-06-30 01:00:00,9.109687373520956
2018-06-30 02:00:00,13.119426429455258
2018-06-30 03:00:00,15.47655523623301
2018-06-30 04:00:00,11.239642825241138
2018-06-30 05:00:00,6.177046118388553
2018-06-30 06:00:00,6.9556696800273645
2018-06-30 07:00:00,3.709001142175337
2018-06-30 08:00:00,3.6878008037375
2018-06-30 09:00:00,3.6863323558172802
2018-06-30 10:00:00,4.056994161833224
2018-06-30 11:00:00,3.3670852490494614
2018-06-30 12:00:00,1.4529764149015116
2018-06-30 13:00:00,0.34544107744088765
2018-06-30 14:00:00,2.4377975019005365
2018-06-30 15:00:00,7.041392405778063
2018-06-30 16:00:00,6.052087407407313
2018-06-30 17:00:00,6.610937219072305
2018-06-30 18:00:00,15.743023879222207
2018-06-30 19:00:00,16.687476768111082
2018-06-30 20:00:00,19.16706541110005
2018-06-30 21:00:00,18.117612029107356
2018-06-30 22:00:00,18.702986398609653
2018-06-30 23:00:00,23.209879466056925
2018-07-01 00:00:00,3.8408991111110984
2018-07-01 01:00:00,1.8854564444444375
2018-07-01 02:00:00,6.252520444444425
2018-07-01 03:00:00,4.817135555555518
2018-07-01 04:00:00,3.2644791111111027
2018-07-01 05:00:00,0.0
2018-07-01 06:00:00,1.946631041596771
2018-07-01 07:00:00,3.4380573476710414
2018-07-01 08:00:00,0.889605517541004
2018-07-01 09:00:00,0.0016177777777777777
2018-07-01 10:00:00,0.0
2018-07-01 11:00:00,2.76792533333337
2018-07-01 12:00:00,3.320396444444407
2018-07-01 13:00:00,3.307119111111072
2018-07-01 14:00:00,7.750513333333277
2018-07-01 15:00:00,4.407918666666687
2018-07-01 16:00:00,0.7866502222222259
2018-07-01 17:00:00,2.5208617777777795
2018-07-01 18:00:00,15.01594328576221
2018-07-01 19:00:00,11.772807579450289
2018-07-01 20:00:00,7.188924521776813
2018-07-01 21:00:00,17.39222699033324
2018-07-01 22:00:00,8.521562668838856
2018-07-01 23:00:00,13.294065777777691
2018-07-02 00:00:00,13.081247111111054
2018-07-02 01:00:00,15.881087917454535
2018-07-02 02:00:00,21.708663938309407
2018-07-02 03:00:00,18.25129583968705
2018-07-02 04:00:00,5.430785177799194
2018-07-02 05:00:00,15.347179919625885
2018-07-02 06:00:00,11.516507356576216
2018-07-02 07:00:00,9.704086558488022
2018-07-02 08:00:00,7.063870666666649
2018-07-02 09:00:00,4.890802222222224
2018-07-02 10:00:00,0.0
2018-07-02 11:00:00,0.25202666666666645
2018-07-02 12:00:00,3.307708444444431
2018-07-02 13:00:00,2.1572026666666697
2018-07-02 14:00:00,2.801741294232442
2018-07-02 15:00:00,11.127394988160546
2018-07-02 16:00:00,22.430753362006822
2018-07-02 17:00:00,35.30143509460195
2018-07-02 18:00:00,30.307602262626077
2018-07-02 19:00:00,24.477623612467987
2018-07-02 20:00:00,20.68874916563322
2018-07-02 21:00:00,16.610374944280288
2018-07-02 22:00:00,17.72924117041274
2018-07-02 23:00:00,15.901272513520594
2018-07-03 00:00:00,13.603498987291225
2018-07-03 01:00:00,12.177202780058312
2018-07-03 02:00:00,10.75987013706938
2018-07-03 03:00:00,15.335674748777944
2018-07-03 04:00:00,12.536915459976154
2018-07-03 05:00:00,0.1619626666666669
2018-07-03 06:00:00,0.00011555555555555555
2018-07-03 07:00:00,0.7716222222222227
2018-07-03 08:00:00,0.0
2018-07-03 09:00:00,0.0002542222222222222
2018-07-03 10:00:00,0.00010400000000000001
2018-07-03 11:00:00,0.02031466666666667
2018-07-03 12:00:00,0.0
2018-07-03 13:00:00,0.0
2018-07-03 14:00:00,5.719022544585542
2018-07-03 15:00:00,12.529245428912493
2018-07-03 16:00:00,28.806688851091273
2018-07-03 17:00:00,51.92052537330321
2018-07-03 18:00:00,33.12967276116065
2018-07-03 19:00:00,25.76451731943004
2018-07-03 20:00:00,22.024013840771225
2018-07-03 21:00:00,16.533153707395154
2018-07-03 22:00:00,13.716729317691776
2018-07-03 23:00:00,17.846189932875532
2018-07-04 00:00:00,14.077720552620326
2018-07-04 01:00:00,15.134370029760202
2018-07-04 02:00:00,23.377972309764793
2018-07-04 03:00:00,21.410248278917553
2018-07-04 04:00:00,14.633462140110792
2018-07-04 05:00:00,12.504452453567762
2018-07-04 06:00:00,10.784466922124318
2018-07-04 07:00:00,7.776188371456353
2018-07-04 08:00:00,6.617238922124391
2018-07-04 09:00:00,5.307870873900201
2018-07-04 10:00:00,0.18304203323549295
2018-07-04 11:00:00,0.18302791354395384
2018-07-04 12:00:00,0.18299967416087629
2018-07-04 13:00:00,0.18291777994994957
2018-07-04 14:00:00,0.1829290757031807
2018-07-04 15:00:00,0.32123602346032154
2018-07-04 16:00:00,2.2081850830888956
2018-07-04 17:00:00,2.382842222222231
2018-07-04 18:00:00,3.2910279999999728
2018-07-04 19:00:00,3.2973604444444127
2018-07-04 20:00:00,13.949127111111093
2018-07-04 21:00:00,14.438343111111063
2018-07-04 22:00:00,13.008613559683521
2018-07-04 23:00:00,9.860428373631635
2018-07-05 00:00:00,8.431649986752314
2018-07-05 01:00:00,9.761872593464364
2018-07-05 02:00:00,6.897942467690307
2018-07-05 03:00:00,3.1500253320299136
2018-07-05 04:00:00,5.458809817312947
2018-07-05 05:00:00,6.432902666666706
2018-07-05 06:00:00,0.25707066666666684
2018-07-05 07:00:00,0.0
2018-07-05 08:00:00,0.0
2018-07-05 09:00:00,0.0
2018-07-05 10:00:00,0.0
2018-07-05 11:00:00,0.0
2018-07-05 12:00:00,0.0
2018-07-05 13:00:00,4.057923999999967
2018-07-05 14:00:00,9.837030666666585
2018-07-05 15:00:00,7.887841210383268
2018-07-05 16:00:00,20.840600772020416
2018-07-05 17:00:00,37.51559686238655
2018-07-05 18:00:00,33.81707895296803
2018-07-05 19:00:00,23.699269962850842
2018-07-05 20:00:00,19.33385499033135
2018-07-05 21:00:00,18.550157545779264
2018-07-05 22:00:00,16.650629207775534
2018-07-05 23:00:00,16.064687435645666
2018-07-06 00:00:00,11.689807943520256
2018-07-06 01:00:00,24.341863947430365
2018-07-06 02:00:00,21.7404860406203
2018-07-06 03:00:00,16.02030329792507
2018-07-06 04:00:00,18.417275118062598
2018-07-06 05:00:00,11.291040027371285
2018-07-06 06:00:00,12.893746497230477
2018-07-06 07:00:00,6.190273270338955
2018-07-06 08:00:00,0.9808893233409748
2018-07-06 09:00:00,0.1822146193113117
2018-07-06 10:00:00,0.18170631041591104
2018-07-06 11:00:00,0.18254502009332568
2018-07-06 12:00:00,0.1804948408818689
2018-07-06 13:00:00,2.143884019115827
2018-07-06 14:00:00,5.43850411947425
2018-07-06 15:00:00,11.812199643748645
2018-07-06 16:00:00,20.177861681328924
2018-07-06 17:00:00,37.714086352122756
2018-07-06 18:00:00,34.422858338220074
2018-07-06 19:00:00,31.611420052133308
2018-07-06 20:00:00,26.49229353926232
2018-07-06 21:00:00,23.85877340284521
2018-07-06 22:00:00,20.952868805907926
2018-07-06 23:00:00,11.165156736395058
2018-07-07 00:00:00,8.14379521277189
2018-07-07 01:00:00,19.907845522319718
2018-07-07 02:00:00,6.0738253333333185
2018-07-07 03:00:00,7.426912216356252
2018-07-07 04:00:00,13.749716181599918
2018-07-07 05:00:00,12.294430711415114
2018-07-07 06:00:00,6.534568195937795
2018-07-07 07:00:00,6.378764888888926
2018-07-07 08:00:00,4.940684731617213
2018-07-07 09:00:00,0.0
2018-07-07 10:00:00,0.0
2018-07-07 11:00:00,0.0
2018-07-07 12:00:00,0.21413022222222217
2018-07-07 13:00:00,0.0
2018-07-07 14:00:00,0.0
2018-07-07 15:00:00,0.25162222222222236
2018-07-07 16:00:00,6.036367999999981
2018-07-07 17:00:00,9.030782222222145
2018-07-07 18:00:00,6.460861333333277
2018-07-07 19:00:00,6.452073333333278
2018-07-07 20:00:00,10.211505212989955
2018-07-07 21:00:00,19.007937938959323
2018-07-07 22:00:00,16.757677186050664
2018-07-07 23:00:00,16.520887948297275
2018-07-08 00:00:00,11.069544002606321
2018-07-08 01:00:00,18.318229633105076
2018-07-08 02:00:00,19.48743266123663
2018-07-08 03:00:00,17.34241587574757
2018-07-08 04:00:00,11.64480923775426
2018-07-08 05:00:00,8.938421100900921
2018-07-08 06:00:00,6.043836808515137
2018-07-08 07:00:00,6.424166666666619
2018-07-08 08:00:00,6.4653448888888265
2018-07-08 09:00:00,6.472751999999946
2018-07-08 10:00:00,6.465027111111049
2018-07-08 11:00:00,6.3520888888888525
2018-07-08 12:00:00,1.2741617777777772
2018-07-08 13:00:00,0.11332533333333336
2018-07-08 14:00:00,4.532187111111103
2018-07-08 15:00:00,9.004152444444497
2018-07-08 16:00:00,8.303244444444438
2018-07-08 17:00:00,11.546022222222202
2018-07-08 18:00:00,22.190670666666577
2018-07-08 19:00:00,26.40288444444446
2018-07-08 20:00:00,13.470727111111088
2018-07-08 21:00:00,4.091767290973849
2018-07-08 22:00:00,13.058664200717164
2018-07-08 23:00:00,18.00656194851678
2018-07-09 00:00:00,24.02141669512353
2018-07-09 01:00:00,19.478479285764266
2018-07-09 02:00:00,16.978642971218566
2018-07-09 03:00:00,23.222688533941483
2018-07-09 04:00:00,19.403376098620967
2018-07-09 05:00:00,14.299997763440473
2018-07-09 06:00:00,15.422233422395479
2018-07-09 07:00:00,6.199200654284771
2018-07-09 08:00:00,0.2011735922666691
2018-07-09 09:00:00,0.10265298142712496
2018-07-09 10:00:00,0.0
2018-07-09 11:00:00,0.27630488888888904
2018-07-09 12:00:00,3.1153084444444596
2018-07-09 13:00:00,3.127597777777784
2018-07-09 14:00:00,7.143159111111137
2018-07-09 15:00:00,16.183646497664693
2018-07-09 16:00:00,27.421777877701086
2018-07-09 17:00:00,42.784977694362425
2018-07-09 18:00:00,43.259903877484746
2018-07-09 19:00:00,40.19005614641026
2018-07-09 20:00:00,33.97030220831969
2018-07-09 21:00:00,30.67949012664211
2018-07-09 22:00:00,44.04928446964207
2018-07-09 23:00:00,35.303673879004336
2018-07-10 00:00:00,20.328472093405995
2018-07-10 01:00:00,10.38096128467364
2018-07-10 02:00:00,21.12712824416149
2018-07-10 03:00:00,24.132052904963516
2018-07-10 04:00:00,18.56463348278472
2018-07-10 05:00:00,13.254203036384865
2018-07-10 06:00:00,7.317960016943532
2018-07-10 07:00:00,0.22418510307366005
2018-07-10 08:00:00,0.023992179863135944
2018-07-10 09:00:00,0.0
2018-07-10 10:00:00,0.0
2018-07-10 11:00:00,0.5058675555555555
2018-07-10 12:00:00,3.120346666666682
2018-07-10 13:00:00,3.597256000000024
2018-07-10 14:00:00,10.41994488888888
2018-07-10 15:00:00,15.981918707505182
2018-07-10 16:00:00,24.78916576734988
2018-07-10 17:00:00,41.127586054522226
2018-07-10 18:00:00,38.17936410947975
2018-07-10 19:00:00,44.13908170913195
2018-07-10 20:00:00,35.5810003784054
2018-07-10 21:00:00,29.898919058540468
2018-07-10 22:00:00,23.697114264361772
2018-07-10 23:00:00,14.092708379275248
2018-07-11 00:00:00,17.249149140001283
2018-07-11 01:00:00,7.429067197566959
2018-07-11 02:00:00,8.092030294341221
2018-07-11 03:00:00,14.650757344628968
2018-07-11 04:00:00,13.41910709460186
2018-07-11 05:00:00,11.241382196154698
2018-07-11 06:00:00,14.478905415444878
2018-07-11 07:00:00,13.353421617464836
2018-07-11 08:00:00,13.30174272184194
2018-07-11 09:00:00,9.583973906375533
2018-07-11 10:00:00,1.0746610244379342
2018-07-11 11:00:00,0.6117432379713023
2018-07-11 12:00:00,3.146934141848508
2018-07-11 13:00:00,3.305988457043581
2018-07-11 14:00:00,5.730100848919295
2018-07-11 15:00:00,18.073860046920622
2018-07-11 16:00:00,31.325924977951036
2018-07-11 17:00:00,44.265450728792345
2018-07-11 18:00:00,41.796448324534985
2018-07-11 19:00:00,32.03452408124192
2018-07-11 20:00:00,25.61280129596953
2018-07-11 21:00:00,24.60528492842248
2018-07-11 22:00:00,16.86877397458208
2018-07-11 23:00:00,12.252466129682825
2018-07-12 00:00:00,12.095163576844108
2018-07-12 01:00:00,18.428157621809973
2018-07-12 02:00:00,9.79249736852375
2018-07-12 03:00:00,16.622094802215663
2018-07-12 04:00:00,17.361704052134275
2018-07-12 05:00:00,15.86485413533151
2018-07-12 06:00:00,8.662920243727513
2018-07-12 07:00:00,3.44821614945149
2018-07-12 08:00:00,0.8505543647225023
2018-07-12 09:00:00,0.17277701748670235
2018-07-12 10:00:00,0.1727290105354697
2018-07-12 11:00:00,0.9273260023894928
2018-07-12 12:00:00,3.9339023508200572
2018-07-12 13:00:00,6.50705080916696
2018-07-12 14:00:00,6.850555766264855
2018-07-12 15:00:00,10.616670642771506
2018-07-12 16:00:00,20.19719093472275
2018-07-12 17:00:00,45.002516434885464
2018-07-12 18:00:00,43.54324777712426
2018-07-12 19:00:00,33.72894309851053
2018-07-12 20:00:00,29.893608326272183
2018-07-12 21:00:00,17.867571720646076
2018-07-12 22:00:00,16.24110095144861
2018-07-12 23:00:00,18.922816474854997
2018-07-13 00:00:00,11.587424450528456
2018-07-13 01:00:00,20.97843532573346
2018-07-13 02:00:00,11.364059430436424
2018-07-13 03:00:00,17.847612141634094
2018-07-13 04:00:00,22.9146117467163
2018-07-13 05:00:00,2.9357441477136725
2018-07-13 06:00:00,0.3358255675028927
2018-07-13 07:00:00,0.33534832192887315
2018-07-13 08:00:00,0.3356561312044245
2018-07-13 09:00:00,0.33557423699349764
2018-07-13 10:00:00,0.33544998370795487
2018-07-13 11:00:00,0.8429458672748058
2018-07-13 12:00:00,3.4523108543498844
2018-07-13 13:00:00,3.3111986684044865
2018-07-13 14:00:00,9.448903564678885
2018-07-13 15:00:00,14.406714228304486
2018-07-13 16:00:00,19.993893571412286
2018-07-13 17:00:00,38.32759624025038
2018-07-13 18:00:00,36.736382719234214
2018-07-13 19:00:00,28.287769114802924
2018-07-13 20:00:00,20.539579385684267
2018-07-13 21:00:00,20.483703270553626
2018-07-13 22:00:00,20.696725481044915
2018-07-13 23:00:00,17.724374231345692
2018-07-14 00:00:00,12.570634859128775
2018-07-14 01:00:00,26.101622390789505
2018-07-14 02:00:00,21.47959377777773
2018-07-14 03:00:00,12.19245733333329
2018-07-14 04:00:00,7.230825333333362
2018-07-14 05:00:00,7.566855161942841
2018-07-14 06:00:00,6.877348756382605
2018-07-14 07:00:00,10.07244922689313
2018-07-14 08:00:00,11.830788669490007
2018-07-14 09:00:00,8.362887021179548
2018-07-14 10:00:00,6.466069212121111
2018-07-14 11:00:00,6.461857048332641
2018-07-14 12:00:00,0.5719332872813311
2018-07-14 13:00:00,0.18263821005747843
2018-07-14 14:00:00,0.47609128358848807
2018-07-14 15:00:00,3.3766056430975433
2018-07-14 16:00:00,3.2505911519496262
2018-07-14 17:00:00,3.706650371675107
2018-07-14 18:00:00,13.311088506136128
2018-07-14 19:00:00,15.29408850135749
2018-07-14 20:00:00,18.787061390246357
2018-07-14 21:00:00,22.86302489453659
2018-07-14 22:00:00,21.477681333333237
2018-07-14 23:00:00,27.221260444444383
2018-07-15 00:00:00,13.740659111111192
2018-07-15 01:00:00,1.2790902222222207
2018-07-15 02:00:00,0.0
2018-07-15 03:00:00,0.0
2018-07-15 04:00:00,2.799460410556712
2018-07-15 05:00:00,0.7257323775386058
2018-07-15 06:00:00,18.179329291192555
2018-07-15 07:00:00,14.48462455131846
2018-07-15 08:00:00,6.67671358748619
2018-07-15 09:00:00,6.653667426956668
2018-07-15 10:00:00,6.610545888997481
2018-07-15 11:00:00,5.5841911589006195
2018-07-15 12:00:00,0.625532133376816
2018-07-15 13:00:00,0.17341805148257508
2018-07-15 14:00:00,0.1727770174867027
2018-07-15 15:00:00,0.1730565873791745
2018-07-15 16:00:00,0.4823308091669454
2018-07-15 17:00:00,1.6825673491908382
2018-07-15 18:00:00,12.606282149668711
2018-07-15 19:00:00,12.70068986379926
2018-07-15 20:00:00,9.525130566307991
2018-07-15 21:00:00,16.64026960138984
2018-07-15 22:00:00,4.048407813620043
2018-07-15 23:00:00,14.495469694362868
2018-07-16 00:00:00,22.80607270077107
2018-07-16 01:00:00,34.68608948278329
2018-07-16 02:00:00,29.42367797241182
2018-07-16 03:00:00,15.237043671119698
2018-07-16 04:00:00,8.817190400780984
2018-07-16 05:00:00,8.810625676115826
2018-07-16 06:00:00,2.2866150276963078
2018-07-16 07:00:00,0.057184750733135815
2018-07-16 08:00:00,0.0
2018-07-16 09:00:00,0.0
2018-07-16 10:00:00,0.0
2018-07-16 11:00:00,0.5516159999999993
2018-07-16 12:00:00,3.1229524444444667
2018-07-16 13:00:00,3.1309893333333534
2018-07-16 14:00:00,6.613533333333358
2018-07-16 15:00:00,25.900347012490077
2018-07-16 16:00:00,28.257256947102253
2018-07-16 17:00:00,31.379319212768866
2018-07-16 18:00:00,30.741677608338243
2018-07-16 19:00:00,34.86378906527452
2018-07-16 20:00:00,28.179053369390466
2018-07-16 21:00:00,19.428705046159344
2018-07-16 22:00:00,17.37058728098058
2018-07-16 23:00:00,12.67549473139881
2018-07-17 00:00:00,17.865691226240266
2018-07-17 01:00:00,13.83305093993686
2018-07-17 02:00:00,21.079622558922452
2018-07-17 03:00:00,30.349519831430367
2018-07-17 04:00:00,17.57202666232161
2018-07-17 05:00:00,8.64794666666662
2018-07-17 06:00:00,6.337627111111061
2018-07-17 07:00:00,1.0754524444444433
2018-07-17 08:00:00,0.0
2018-07-17 09:00:00,0.0
2018-07-17 10:00:00,0.0
2018-07-17 11:00:00,0.8062022222222215
2018-07-17 12:00:00,3.113378666666689
2018-07-17 13:00:00,3.1295217777777884
2018-07-17 14:00:00,6.421930666666702
2018-07-17 15:00:00,20.14556185337176
2018-07-17 16:00:00,37.384732669490006
2018-07-17 17:00:00,41.49904798392371
2018-07-17 18:00:00,42.21204638209897
2018-07-17 19:00:00,35.394876880632495
2018-07-17 20:00:00,27.330751468228797
2018-07-17 21:00:00,12.047858747038617
2018-07-17 22:00:00,12.770025789508155
2018-07-17 23:00:00,22.716151134572108
2018-07-18 00:00:00,20.412866173129004
2018-07-18 01:00:00,14.20646479808919
2018-07-18 02:00:00,21.805830222222173
2018-07-18 03:00:00,27.60869750581102
2018-07-18 04:00:00,10.657898069294145
2018-07-18 05:00:00,0.14023244444444438
2018-07-18 06:00:00,0.0
2018-07-18 07:00:00,0.0
2018-07-18 08:00:00,0.0
2018-07-18 09:00:00,0.0
2018-07-18 10:00:00,0.0
2018-07-18 11:00:00,0.6094515555555551
2018-07-18 12:00:00,3.1261880000000266
2018-07-18 13:00:00,3.1169782222222486
2018-07-18 14:00:00,5.224731695883908
2018-07-18 15:00:00,13.31652524253092
2018-07-18 16:00:00,29.70258166395004
2018-07-18 17:00:00,41.39234275268705
2018-07-18 18:00:00,45.48673063581862
2018-07-18 19:00:00,40.18842519213664
2018-07-18 20:00:00,28.240537012705918
2018-07-18 21:00:00,22.089282188334263
2018-07-18 22:00:00,24.25316092755424
2018-07-18 23:00:00,17.818229628324886
2018-07-19 00:00:00,20.460114309546896
2018-07-19 01:00:00,20.254198404257426
2018-07-19 02:00:00,16.748886350820072
2018-07-19 03:00:00,14.032398793961232
2018-07-19 04:00:00,6.664845777777726
2018-07-19 05:00:00,5.342768888888871
2018-07-19 06:00:00,3.132728444444452
2018-07-19 07:00:00,1.1754022222222245
2018-07-19 08:00:00,3.18138311111108
2018-07-19 09:00:00,3.281702666666634
2018-07-19 10:00:00,3.2500924444444235
2018-07-19 11:00:00,3.9414728888888737
2018-07-19 12:00:00,3.1565906666666748
2018-07-19 13:00:00,3.119520444444463
2018-07-19 14:00:00,8.670682222222228
2018-07-19 15:00:00,31.608898416420292
2018-07-19 16:00:00,42.502549756053746
2018-07-19 17:00:00,52.777104412728306
2018-07-19 18:00:00,49.8181317176044
2018-07-19 19:00:00,44.13056875507562
2018-07-19 20:00:00,32.92119443683902
2018-07-19 21:00:00,23.831537212552107
2018-07-19 22:00:00,22.401715967848087
2018-07-19 23:00:00,13.058949955033132
2018-07-20 00:00:00,13.096589415444454
2018-07-20 01:00:00,17.040625333333292
2018-07-20 02:00:00,21.27112709373303
2018-07-20 03:00:00,16.722697197785767
2018-07-20 04:00:00,21.357475316174142
2018-07-20 05:00:00,12.011877898555541
2018-07-20 06:00:00,0.7392724444444445
2018-07-20 07:00:00,5.421300444444404
2018-07-20 08:00:00,6.473451111111037
2018-07-20 09:00:00,6.512930666666631
2018-07-20 10:00:00,5.523006666666654
2018-07-20 11:00:00,3.1530026666666635
2018-07-20 12:00:00,3.8790960000000196
2018-07-20 13:00:00,4.848560109481748
2018-07-20 14:00:00,9.05164359204884
2018-07-20 15:00:00,31.892346886496977
2018-07-20 16:00:00,40.581683254478506
2018-07-20 17:00:00,35.79684433582892
2018-07-20 18:00:00,38.763744718148374
2018-07-20 19:00:00,44.5468524253283
2018-07-20 20:00:00,27.429196397523175
2018-07-20 21:00:00,24.7299461092655
2018-07-20 22:00:00,17.806627263168515
2018-07-20 23:00:00,19.565419253176533
2018-07-21 00:00:00,24.175046569348247
2018-07-21 01:00:00,25.73075582100444
2018-07-21 02:00:00,20.909708003909216
2018-07-21 03:00:00,16.57224810600536
2018-07-21 04:00:00,20.10195667644009
2018-07-21 05:00:00,25.21082584902723
2018-07-21 06:00:00,25.73065384294095
2018-07-21 07:00:00,21.973215629843537
2018-07-21 08:00:00,12.968131110675326
2018-07-21 09:00:00,6.451524975344861
2018-07-21 10:00:00,5.969594024547122
2018-07-21 11:00:00,5.696487121537042
2018-07-21 12:00:00,4.493366792656765
2018-07-21 13:00:00,5.824107309655429
2018-07-21 14:00:00,14.34600722450199
2018-07-21 15:00:00,34.79654547452981
2018-07-21 16:00:00,22.388255044639756
2018-07-21 17:00:00,11.843870687951553
2018-07-21 18:00:00,13.479854559792177
2018-07-21 19:00:00,19.779180403606464
2018-07-21 20:00:00,16.555497588357497
2018-07-21 21:00:00,16.98136053741777
2018-07-21 22:00:00,13.045482666666688
2018-07-21 23:00:00,18.241744444444425
2018-07-22 00:00:00,24.021659999999954
2018-07-22 01:00:00,17.885059111111115
2018-07-22 02:00:00,11.030679111111088
2018-07-22 03:00:00,7.121278666666649
2018-07-22 04:00:00,11.07459599999999
2018-07-22 05:00:00,12.952605284240505
2018-07-22 06:00:00,3.2965309690451687
2018-07-22 07:00:00,3.539688684693943
2018-07-22 08:00:00,3.551780167262663
2018-07-22 09:00:00,3.531597480176988
2018-07-22 10:00:00,3.510248506569254
2018-07-22 11:00:00,0.4179541653090507
2018-07-22 12:00:00,0.17287303138916807
2018-07-22 13:00:00,0.17277701748670224
2018-07-22 14:00:00,1.8840774758336067
2018-07-22 15:00:00,5.775038823069373
2018-07-22 16:00:00,9.333184418377318
2018-07-22 17:00:00,4.141615111111095
2018-07-22 18:00:00,4.927000000000001
2018-07-22 19:00:00,11.725551744976439
2018-07-22 20:00:00,23.37890657586747
2018-07-22 21:00:00,27.049279963941387
2018-07-22 22:00:00,26.127137447160283
2018-07-22 23:00:00,19.948034660150142
2018-07-23 00:00:00,14.129335390029322
2018-07-23 01:00:00,7.323255070707012
2018-07-23 02:00:00,15.499502406430564
2018-07-23 03:00:00,9.70465841164346
2018-07-23 04:00:00,9.452063212773329
2018-07-23 05:00:00,16.961788566525136
2018-07-23 06:00:00,7.345614206581535
2018-07-23 07:00:00,5.3704387965675835
2018-07-23 08:00:00,5.140381014445301
2018-07-23 09:00:00,0.18256196372316918
2018-07-23 10:00:00,0.18286694906041123
2018-07-23 11:00:00,1.0323285965025726
2018-07-23 12:00:00,3.269193376778486
2018-07-23 13:00:00,3.11678435320952
2018-07-23 14:00:00,12.244528089932261
2018-07-23 15:00:00,27.18519006582015
2018-07-23 16:00:00,46.70026070163997
2018-07-23 17:00:00,45.36742160877449
2018-07-23 18:00:00,47.12315791115366
2018-07-23 19:00:00,41.08404257499602
2018-07-23 20:00:00,33.67829555598812
2018-07-23 21:00:00,29.0549806051898
2018-07-23 22:00:00,25.6979703773209
2018-07-23 23:00:00,35.31540342304637
2018-07-24 00:00:00,21.57458658368592
2018-07-24 01:00:00,10.032800398826984
2018-07-24 02:00:00,20.624006386879458
2018-07-24 03:00:00,17.95510298685726
2018-07-24 04:00:00,15.137122471597387
2018-07-24 05:00:00,6.938998836971202
2018-07-24 06:00:00,3.575944607363512
2018-07-24 07:00:00,1.8278680851523021
2018-07-24 08:00:00,0.17268100358423688
2018-07-24 09:00:00,0.6007081285978135
2018-07-24 10:00:00,0.23821187574672212
2018-07-24 11:00:00,0.9004598044965857
2018-07-24 12:00:00,3.2793801355490726
2018-07-24 13:00:00,5.785864108178573
2018-07-24 14:00:00,15.425095111111121
2018-07-24 15:00:00,35.86486595546806
2018-07-24 16:00:00,50.18677648615076
2018-07-24 17:00:00,47.15620691299909
2018-07-24 18:00:00,36.15508657412699
2018-07-24 19:00:00,36.17804623177883
2018-07-24 20:00:00,27.014196743780968
2018-07-24 21:00:00,25.20349107027117
2018-07-24 22:00:00,18.222294846093323
2018-07-24 23:00:00,15.92541081524811
2018-07-25 00:00:00,24.53615873661273
2018-07-25 01:00:00,24.944796351037176
2018-07-25 02:00:00,25.48126546888233
2018-07-25 03:00:00,23.44520490409524
2018-07-25 04:00:00,23.228854812208183
2018-07-25 05:00:00,14.41867236450571
2018-07-25 06:00:00,6.087494109699678
2018-07-25 07:00:00,3.2188434886499855
2018-07-25 08:00:00,0.36425980232424665
2018-07-25 09:00:00,0.35463582057123444
2018-07-25 10:00:00,0.2553643923101148
2018-07-25 11:00:00,0.7810718935591685
2018-07-25 12:00:00,3.298605157380201
2018-07-25 13:00:00,3.3066933233408684
2018-07-25 14:00:00,6.140538707070699
2018-07-25 15:00:00,29.179491546866238
2018-07-25 16:00:00,46.91269221201161
2018-07-25 17:00:00,55.301126821329746
2018-07-25 18:00:00,52.21881265645418
2018-07-25 19:00:00,35.089591697619554
2018-07-25 20:00:00,29.381796657323836
2018-07-25 21:00:00,25.998566936023188
2018-07-25 22:00:00,18.636402378186904
2018-07-25 23:00:00,21.815268851959768
2018-07-26 00:00:00,26.07546976822099
2018-07-26 01:00:00,22.26690262713145
2018-07-26 02:00:00,14.73653124014331
2018-07-26 03:00:00,14.815811111111056
2018-07-26 04:00:00,16.264594666666767
2018-07-26 05:00:00,8.635212444444399
2018-07-26 06:00:00,1.8930831111111093
2018-07-26 07:00:00,0.0
2018-07-26 08:00:00,0.06735733333333332
2018-07-26 09:00:00,0.0
2018-07-26 10:00:00,0.0
2018-07-26 11:00:00,0.3862155555555557
2018-07-26 12:00:00,3.107439111111121
2018-07-26 13:00:00,3.1312088888889003
2018-07-26 14:00:00,16.08091333333336
2018-07-26 15:00:00,32.77241792418696
2018-07-26 16:00:00,44.72125162593663
2018-07-26 17:00:00,37.87247035472934
2018-07-26 18:00:00,27.365209829911496
2018-07-26 19:00:00,23.401074113174325
2018-07-26 20:00:00,25.519342261320848
2018-07-26 21:00:00,31.63248614054381
2018-07-26 22:00:00,32.292694338655146
2018-07-26 23:00:00,24.370474023242412
2018-07-27 00:00:00,22.964847768002457
2018-07-27 01:00:00,10.361519519930313
2018-07-27 02:00:00,12.198841433257279
2018-07-27 03:00:00,27.287159304007602
2018-07-27 04:00:00,34.06258266666654
2018-07-27 05:00:00,13.041807999999977
2018-07-27 06:00:00,6.407416888888861
2018-07-27 07:00:00,2.7410124444444457
2018-07-27 08:00:00,0.0
2018-07-27 09:00:00,0.0
2018-07-27 10:00:00,0.0
2018-07-27 11:00:00,0.5490448888888886
2018-07-27 12:00:00,0.0
2018-07-27 13:00:00,0.20459111111111106
2018-07-27 14:00:00,14.721309777777748
2018-07-27 15:00:00,27.06489861322771
2018-07-27 16:00:00,40.098846147061174
2018-07-27 17:00:00,49.46588022721813
2018-07-27 18:00:00,38.51871623373461
2018-07-27 19:00:00,37.04917730205209
2018-07-27 20:00:00,35.62583172064623
2018-07-27 21:00:00,33.97871499163612
2018-07-27 22:00:00,21.712321119148562
2018-07-27 23:00:00,18.75441952123069
2018-07-28 00:00:00,17.35055790550586
2018-07-28 01:00:00,25.741698282610525
2018-07-28 02:00:00,24.82927908808488
2018-07-28 03:00:00,10.518190222222158
2018-07-28 04:00:00,12.254631999999924
2018-07-28 05:00:00,1.7324897777777788
2018-07-28 06:00:00,2.777552297165107
2018-07-28 07:00:00,6.488283841423709
2018-07-28 08:00:00,5.551628326272631
2018-07-28 09:00:00,6.5281772564351
2018-07-28 10:00:00,7.836638018463837
2018-07-28 11:00:00,12.552335202346319
2018-07-28 12:00:00,6.1473134649720595
2018-07-28 13:00:00,5.697652623002699
2018-07-28 14:00:00,6.457547249700359
2018-07-28 15:00:00,25.04044392092933
2018-07-28 16:00:00,25.122913622243487
2018-07-28 17:00:00,18.32940689388449
2018-07-28 18:00:00,14.607438842618764
2018-07-28 19:00:00,10.89249990137841
2018-07-28 20:00:00,10.546766840009155
2018-07-28 21:00:00,11.169541838162814
2018-07-28 22:00:00,19.680696588678455
2018-07-28 23:00:00,20.70304849353397
2018-07-29 00:00:00,27.151821309436038
2018-07-29 01:00:00,25.491499460843823
2018-07-29 02:00:00,21.44823406147339
2018-07-29 03:00:00,7.352378414249521
2018-07-29 04:00:00,7.293546770934617
2018-07-29 05:00:00,6.6094815748892435
2018-07-29 06:00:00,8.331880720756663
2018-07-29 07:00:00,3.7097592171182585
2018-07-29 08:00:00,3.7092994460738837
2018-07-29 09:00:00,8.774267933530243
2018-07-29 10:00:00,8.65146450309551
2018-07-29 11:00:00,6.664794681437807
2018-07-29 12:00:00,6.642220434886277
2018-07-29 13:00:00,6.748370095796444
2018-07-29 14:00:00,6.783734732703137
2018-07-29 15:00:00,3.7577369744757654
2018-07-29 16:00:00,0.19976929292919618
2018-07-29 17:00:00,10.98922004822413
2018-07-29 18:00:00,14.18612078505431
2018-07-29 19:00:00,14.242833102204584
2018-07-29 20:00:00,11.510019657651151
2018-07-29 21:00:00,10.317508627782324
2018-07-29 22:00:00,11.794091935700504
2018-07-29 23:00:00,10.581763664602349
2018-07-30 00:00:00,12.207010425979268
2018-07-30 01:00:00,35.804873521016006
2018-07-30 02:00:00,31.66352372455713
2018-07-30 03:00:00,35.08152452481867
2018-07-30 04:00:00,36.14958958053668
2018-07-30 05:00:00,5.4792262813075086
2018-07-30 06:00:00,2.073105337677665
2018-07-30 07:00:00,1.0860938911695728
2018-07-30 08:00:00,0.3455144998368911
2018-07-30 09:00:00,0.3458477245572112
2018-07-30 10:00:00,0.34555403497319936
2018-07-30 11:00:00,0.9946696791569742
2018-07-30 12:00:00,3.4595345958508155
2018-07-30 13:00:00,3.4873620284564373
2018-07-30 14:00:00,6.25128629868566
2018-07-30 15:00:00,28.264380399262144
2018-07-30 16:00:00,38.58061702921508
2018-07-30 17:00:00,32.69896574692906
2018-07-30 18:00:00,36.352509208208986
2018-07-30 19:00:00,49.31956213923886
2018-07-30 20:00:00,45.2069000655987
2018-07-30 21:00:00,35.34355633713329
2018-07-30 22:00:00,24.601403380034938
2018-07-30 23:00:00,19.441030825240976
2018-07-31 00:00:00,29.12689923710156
2018-07-31 01:00:00,19.121994429455956
2018-07-31 02:00:00,15.481429009232084
2018-07-31 03:00:00,21.59571555555552
2018-07-31 04:00:00,18.551899712392714
2018-07-31 05:00:00,12.813378111001736
2018-07-31 06:00:00,3.3043445634838773
2018-07-31 07:00:00,3.5887229282077078
2018-07-31 08:00:00,3.583058107962179
2018-07-31 09:00:00,3.5849670902582114
2018-07-31 10:00:00,2.1887168467474356
2018-07-31 11:00:00,0.6212228091669456
2018-07-31 12:00:00,3.29548101748672
2018-07-31 13:00:00,3.2032203492994578
2018-07-31 14:00:00,6.471862295644347
2018-07-31 15:00:00,29.452824760291623
2018-07-31 16:00:00,30.37810957488799
2018-07-31 17:00:00,30.90810531117536
2018-07-31 18:00:00,34.536593487128386
2018-07-31 19:00:00,33.45512406603646
2018-07-31 20:00:00,32.12598121472766
2018-07-31 21:00:00,30.864516473551753
2018-07-31 22:00:00,31.161928595632777
2018-07-31 23:00:00,23.943856133811018
2018-08-01 00:00:00,25.932807884001683
2018-08-01 01:00:00,19.5202681507545
2018-08-01 02:00:00,20.73303044987559
2018-08-01 03:00:00,34.26579210948274
2018-08-01 04:00:00,41.31132996632579
2018-08-01 05:00:00,23.987438374711886
2018-08-01 06:00:00,13.210771667207526
2018-08-01 07:00:00,10.72899473183217
2018-08-01 08:00:00,11.865711523840318
2018-08-01 09:00:00,7.150519604649325
2018-08-01 10:00:00,0.9300438283912877
2018-08-01 11:00:00,0.6929743429997006
2018-08-01 12:00:00,3.455029194308519
2018-08-01 13:00:00,11.11054810644057
2018-08-01 14:00:00,19.307408243292958
2018-08-01 15:00:00,35.21515479352592
2018-08-01 16:00:00,31.8223757723465
2018-08-01 17:00:00,35.52240777582197
2018-08-01 18:00:00,31.99994196893617
2018-08-01 19:00:00,28.546240906700273
2018-08-01 20:00:00,29.68093482697865
2018-08-01 21:00:00,27.881255542520798
2018-08-01 22:00:00,22.428615448679103
2018-08-01 23:00:00,20.675892926684416
2018-08-02 00:00:00,18.404878305634256
2018-08-02 01:00:00,15.439751243617666
2018-08-02 02:00:00,17.138794188768337
2018-08-02 03:00:00,27.48319967111957
2018-08-02 04:00:00,20.12655377777766
2018-08-02 05:00:00,12.418119960464898
2018-08-02 06:00:00,11.485781930704585
2018-08-02 07:00:00,7.092329531876714
2018-08-02 08:00:00,7.018497664819106
2018-08-02 09:00:00,3.9454992940154923
2018-08-02 10:00:00,2.095571195829293
2018-08-02 11:00:00,0.40389526186587743
2018-08-02 12:00:00,2.8140859428694553
2018-08-02 13:00:00,0.8451006790484838
2018-08-02 14:00:00,9.591668121646567
2018-08-02 15:00:00,29.197204451395496
2018-08-02 16:00:00,35.60926971782301
2018-08-02 17:00:00,34.189920444008926
2018-08-02 18:00:00,31.15014433496168
2018-08-02 19:00:00,32.466072984900755
2018-08-02 20:00:00,31.95678252807457
2018-08-02 21:00:00,28.303219903550502
2018-08-02 22:00:00,26.09394028456464
2018-08-02 23:00:00,30.68906081503167
2018-08-03 00:00:00,35.24811914499635
2018-08-03 01:00:00,26.75587089301716
2018-08-03 02:00:00,38.024148842405424
2018-08-03 03:00:00,38.20673387205612
2018-08-03 04:00:00,25.70230588508823
2018-08-03 05:00:00,5.515669109156258
2018-08-03 06:00:00,0.0
2018-08-03 07:00:00,0.0
2018-08-03 08:00:00,0.0
2018-08-03 09:00:00,0.0
2018-08-03 10:00:00,0.0
2018-08-03 11:00:00,0.7577151111111103
2018-08-03 12:00:00,3.1080457777778103
2018-08-03 13:00:00,3.5345035555555717
2018-08-03 14:00:00,12.941991111111111
2018-08-03 15:00:00,29.615443941782303
2018-08-03 16:00:00,36.31966614488844
2018-08-03 17:00:00,36.63830581687797
2018-08-03 18:00:00,32.49973781427154
2018-08-03 19:00:00,30.80345121364129
2018-08-03 20:00:00,28.568916001737502
2018-08-03 21:00:00,27.348254842184744
2018-08-03 22:00:00,19.916663247093897
2018-08-03 23:00:00,24.015930409904293
2018-08-04 00:00:00,27.97072708026461
2018-08-04 01:00:00,26.307755586834656
2018-08-04 02:00:00,34.67475550472343
2018-08-04 03:00:00,36.90531590485532
2018-08-04 04:00:00,22.56534230694057
2018-08-04 05:00:00,18.097166913435018
2018-08-04 06:00:00,11.51261603171467
2018-08-04 07:00:00,11.729638175735115
2018-08-04 08:00:00,3.2275812677309377
2018-08-04 09:00:00,3.4112949408058313
2018-08-04 10:00:00,3.4013292455739355
2018-08-04 11:00:00,3.401557210817777
2018-08-04 12:00:00,1.417714682306841
2018-08-04 13:00:00,2.3222317801668746
2018-08-04 14:00:00,11.166859441294335
2018-08-04 15:00:00,25.241735932224923
2018-08-04 16:00:00,13.457530632779752
2018-08-04 17:00:00,8.958767785380847
2018-08-04 18:00:00,16.704588727273638
2018-08-04 19:00:00,21.398580494406925
2018-08-04 20:00:00,21.567297196916574
2018-08-04 21:00:00,13.539568446616862
2018-08-04 22:00:00,4.610385074834263
2018-08-04 23:00:00,20.607740660367423
2018-08-05 00:00:00,24.897444288042
2018-08-05 01:00:00,21.52553448158988
2018-08-05 02:00:00,10.923131092429674
2018-08-05 03:00:00,3.5307462999880963
2018-08-05 04:00:00,5.698705296839396
2018-08-05 05:00:00,10.067732323666304
2018-08-05 06:00:00,13.755748209839226
2018-08-05 07:00:00,9.187372572173516
2018-08-05 08:00:00,2.4001876250678853
2018-08-05 09:00:00,0.3549379819701658
2018-08-05 10:00:00,0.35480808080801074
2018-08-05 11:00:00,0.35354860432273805
2018-08-05 12:00:00,0.3519926143151484
2018-08-05 13:00:00,0.3544805039643081
2018-08-05 14:00:00,8.712887160638555
2018-08-05 15:00:00,10.213468002606682
2018-08-05 16:00:00,16.184852951883748
2018-08-05 17:00:00,21.083821162159595
2018-08-05 18:00:00,23.988568159008636
2018-08-05 19:00:00,27.881302843486722
2018-08-05 20:00:00,35.02936043705819
2018-08-05 21:00:00,28.33182076767525
2018-08-05 22:00:00,18.79111293407067
2018-08-05 23:00:00,16.475942840881277
2018-08-06 00:00:00,17.30071909938169
2018-08-06 01:00:00,12.970069597479988
2018-08-06 02:00:00,14.285481082654355
2018-08-06 03:00:00,18.37464063038954
2018-08-06 04:00:00,23.307452142936178
2018-08-06 05:00:00,16.498887028999636
2018-08-06 06:00:00,10.419168961007973
2018-08-06 07:00:00,5.811522970783386
2018-08-06 08:00:00,1.3281518409905066
2018-08-06 09:00:00,0.4873185619636229
2018-08-06 10:00:00,0.4887022917344469
2018-08-06 11:00:00,1.0996297899423344
2018-08-06 12:00:00,6.758028156837095
2018-08-06 13:00:00,11.675897703486482
2018-08-06 14:00:00,18.841046364722523
2018-08-06 15:00:00,36.38822863342943
2018-08-06 16:00:00,41.69366282697838
2018-08-06 17:00:00,40.56946014249874
2018-08-06 18:00:00,43.1403971634619
2018-08-06 19:00:00,53.38949445682232
2018-08-06 20:00:00,48.29329277679598
2018-08-06 21:00:00,37.83144665841107
2018-08-06 22:00:00,36.177737558376236
2018-08-06 23:00:00,29.741819959159443
2018-08-07 00:00:00,16.65370910785223
2018-08-07 01:00:00,17.25014682046245
2018-08-07 02:00:00,19.481399333984918
2018-08-07 03:00:00,33.59627072662191
2018-08-07 04:00:00,27.37421365787013
2018-08-07 05:00:00,14.260353945041892
2018-08-07 06:00:00,4.693193315518958
2018-08-07 07:00:00,3.7796606929490686
2018-08-07 08:00:00,3.8921070924273646
2018-08-07 09:00:00,1.9913198653189474
2018-08-07 10:00:00,0.5185654393394533
2018-08-07 11:00:00,1.2131576109480078
2018-08-07 12:00:00,3.698935298794241
2018-08-07 13:00:00,3.628995135005817
2018-08-07 14:00:00,12.531855064190115
2018-08-07 15:00:00,41.99529271554209
2018-08-07 16:00:00,49.62982738829078
2018-08-07 17:00:00,42.75678794482323
2018-08-07 18:00:00,37.661465571411696
2018-08-07 19:00:00,38.52956487846083
2018-08-07 20:00:00,32.49735173889289
2018-08-07 21:00:00,28.61398735614108
2018-08-07 22:00:00,22.61299084392212
2018-08-07 23:00:00,17.049935242314533
2018-08-08 00:00:00,8.9365118757453
2018-08-08 01:00:00,6.720515423480983
2018-08-08 02:00:00,8.274397287714729
2018-08-08 03:00:00,19.878306246551404
2018-08-08 04:00:00,21.563949525361085
2018-08-08 05:00:00,17.975632826327328
2018-08-08 06:00:00,14.17259426740406
2018-08-08 07:00:00,5.249880741609154
2018-08-08 08:00:00,3.589042033234292
2018-08-08 09:00:00,0.6888173476700307
2018-08-08 10:00:00,0.42269280156385947
2018-08-08 11:00:00,0.6655023425653259
2018-08-08 12:00:00,3.6248467470402113
2018-08-08 13:00:00,5.39510156011793
2018-08-08 14:00:00,16.700006057131006
2018-08-08 15:00:00,37.93471327598478
2018-08-08 16:00:00,39.0637699037664
2018-08-08 17:00:00,42.32219617986083
2018-08-08 18:00:00,42.12429269685973
2018-08-08 19:00:00,36.229254721406605
2018-08-08 20:00:00,29.313191086780776
2018-08-08 21:00:00,24.01115699967322
2018-08-08 22:00:00,22.65411215813926
2018-08-08 23:00:00,18.91354441794194
2018-08-09 00:00:00,11.737515218423908
2018-08-09 01:00:00,17.896877885958766
2018-08-09 02:00:00,17.12099274812977
2018-08-09 03:00:00,33.60081662908847
2018-08-09 04:00:00,26.1605391306613
2018-08-09 05:00:00,16.786667211470146
2018-08-09 06:00:00,6.871501933312418
2018-08-09 07:00:00,2.0621369692623492
2018-08-09 08:00:00,2.3016678614107833
2018-08-09 09:00:00,1.9579126751390197
2018-08-09 10:00:00,0.3939676333223914
2018-08-09 11:00:00,0.9083634373845433
2018-08-09 12:00:00,3.4436434534592935
2018-08-09 13:00:00,5.797005397632216
2018-08-09 14:00:00,12.976664193765044
2018-08-09 15:00:00,24.463253228629053
2018-08-09 16:00:00,44.982600316279246
2018-08-09 17:00:00,45.702475190613406
2018-08-09 18:00:00,35.733216741607485
2018-08-09 19:00:00,33.353110102311845
2018-08-09 20:00:00,27.619284563482495
2018-08-09 21:00:00,26.560361759529666
2018-08-09 22:00:00,26.623803606385458
2018-08-09 23:00:00,32.8875060614729
2018-08-10 00:00:00,25.58629834126148
2018-08-10 01:00:00,37.429174771370185
2018-08-10 02:00:00,28.859204908874293
2018-08-10 03:00:00,26.707256049527494
2018-08-10 04:00:00,23.3096700301939
2018-08-10 05:00:00,26.815614990332406
2018-08-10 06:00:00,16.04580778711837
2018-08-10 07:00:00,4.603769784728902
2018-08-10 08:00:00,3.2614581635710946
2018-08-10 09:00:00,0.30641511415218947
2018-08-10 10:00:00,0.1832453567936595
2018-08-10 11:00:00,3.052636352340526
2018-08-10 12:00:00,3.6071888641250602
2018-08-10 13:00:00,14.668628214619268
2018-08-10 14:00:00,14.434029793852385
2018-08-10 15:00:00,22.96167747366079
2018-08-10 16:00:00,44.9974025875946
2018-08-10 17:00:00,42.015107844465334
2018-08-10 18:00:00,43.005468956228505
2018-08-10 19:00:00,38.27514951015472
2018-08-10 20:00:00,29.74736669360217
2018-08-10 21:00:00,26.425187491255954
2018-08-10 22:00:00,35.245302441619764
2018-08-10 23:00:00,29.185655724121265
2018-08-11 00:00:00,25.02526054784351
2018-08-11 01:00:00,19.667811031606323
2018-08-11 02:00:00,16.98132479765404
2018-08-11 03:00:00,24.04652091365248
2018-08-11 04:00:00,12.670682028890695
2018-08-11 05:00:00,13.035532988812626
2018-08-11 06:00:00,9.497231207993826
2018-08-11 07:00:00,7.604438657543059
2018-08-11 08:00:00,5.638660444444451
2018-08-11 09:00:00,0.1678617777777777
2018-08-11 10:00:00,0.0
2018-08-11 11:00:00,0.0
2018-08-11 12:00:00,0.0
2018-08-11 13:00:00,4.619522537198968
2018-08-11 14:00:00,6.580445530574141
2018-08-11 15:00:00,5.542439231019644
2018-08-11 16:00:00,12.259530979472084
2018-08-11 17:00:00,15.489644444444373
2018-08-11 18:00:00,17.687568888888848
2018-08-11 19:00:00,14.07248360986187
2018-08-11 20:00:00,14.421539401760572
2018-08-11 21:00:00,13.893727575105965
2018-08-11 22:00:00,22.375215916150093
2018-08-11 23:00:00,19.337116300206752
2018-08-12 00:00:00,9.68786326447256
2018-08-12 01:00:00,7.471356701639951
2018-08-12 02:00:00,17.05301091213213
2018-08-12 03:00:00,17.301943575974967
2018-08-12 04:00:00,7.034934646247541
2018-08-12 05:00:00,0.6949683936135168
2018-08-12 06:00:00,2.5913404778972353
2018-08-12 07:00:00,3.28824888888886
2018-08-12 08:00:00,3.1937013333333084
2018-08-12 09:00:00,2.986926222222202
2018-08-12 10:00:00,1.5599768888888927
2018-08-12 11:00:00,0.0
2018-08-12 12:00:00,0.0
2018-08-12 13:00:00,0.016784444444444446
2018-08-12 14:00:00,0.0
2018-08-12 15:00:00,0.0
2018-08-12 16:00:00,0.2352171174107921
2018-08-12 17:00:00,5.776773732160406
2018-08-12 18:00:00,6.612128762897646
2018-08-12 19:00:00,7.083213650048806
2018-08-12 20:00:00,2.8696719999999964
2018-08-12 21:00:00,2.202413777777781
2018-08-12 22:00:00,6.697231165417783
2018-08-12 23:00:00,17.944253325513174
2018-08-13 00:00:00,14.153557466710055
2018-08-13 01:00:00,16.39103669077839
2018-08-13 02:00:00,12.28605447550684
2018-08-13 03:00:00,13.556882452915195
2018-08-13 04:00:00,24.490850674051416
2018-08-13 05:00:00,18.35314677180314
2018-08-13 06:00:00,4.001360549580924
2018-08-13 07:00:00,1.2513579450409202
2018-08-13 08:00:00,0.5021364778970916
2018-08-13 09:00:00,2.3847488888888977
2018-08-13 10:00:00,0.0
2018-08-13 11:00:00,0.5072311111111107
2018-08-13 12:00:00,3.130521333333341
2018-08-13 13:00:00,3.1297875555555885
2018-08-13 14:00:00,9.460244444444466
2018-08-13 15:00:00,40.658430363418255
2018-08-13 16:00:00,46.783053772129655
2018-08-13 17:00:00,51.38674207494153
2018-08-13 18:00:00,47.80203998305501
2018-08-13 19:00:00,41.57842848875693
2018-08-13 20:00:00,40.57309395242594
2018-08-13 21:00:00,31.477824066034632
2018-08-13 22:00:00,31.421238176602294
2018-08-13 23:00:00,19.75121681763738
2018-08-14 00:00:00,19.993256010860073
2018-08-14 01:00:00,27.35797263516747
2018-08-14 02:00:00,39.92248489670824
2018-08-14 03:00:00,34.716711078092885
2018-08-14 04:00:00,19.07451387162086
2018-08-14 05:00:00,7.973837287716228
2018-08-14 06:00:00,9.315595162812357
2018-08-14 07:00:00,10.0642221570538
2018-08-14 08:00:00,3.9611263134570707
2018-08-14 09:00:00,0.18455535918314264
2018-08-14 10:00:00,0.9643699393941143
2018-08-14 11:00:00,3.4670083632023867
2018-08-14 12:00:00,3.4406143673292844
2018-08-14 13:00:00,3.348172413598233
2018-08-14 14:00:00,12.623496115130294
2018-08-14 15:00:00,27.419635660692823
2018-08-14 16:00:00,44.80842597458386
2018-08-14 17:00:00,45.46646809905388
2018-08-14 18:00:00,42.5021595499063
2018-08-14 19:00:00,41.86701861626903
2018-08-14 20:00:00,39.38183279765118
2018-08-14 21:00:00,30.398702941672738
2018-08-14 22:00:00,30.25066439187451
2018-08-14 23:00:00,29.321581109154273
2018-08-15 00:00:00,24.92347076528633
2018-08-15 01:00:00,20.56223706831775
2018-08-15 02:00:00,33.6770994882144
2018-08-15 03:00:00,44.51074348300182
2018-08-15 04:00:00,35.735868967524375
2018-08-15 05:00:00,21.113032460084387
2018-08-15 06:00:00,9.884269489735829
2018-08-15 07:00:00,3.5533672205928615
2018-08-15 08:00:00,2.394152140327536
2018-08-15 09:00:00,0.1626729662212518
2018-08-15 10:00:00,0.16273226892571574
2018-08-15 11:00:00,0.7923037354186013
2018-08-15 12:00:00,3.293272624307504
2018-08-15 13:00:00,3.3103767442162972
2018-08-15 14:00:00,11.938107999999996
2018-08-15 15:00:00,39.67093187791855
2018-08-15 16:00:00,43.59514172129816
2018-08-15 17:00:00,44.2292770166162
2018-08-15 18:00:00,41.40889971195734
2018-08-15 19:00:00,38.65985259259206
2018-08-15 20:00:00,33.36197726295211
2018-08-15 21:00:00,33.315560793309515
2018-08-15 22:00:00,19.064786974257334
2018-08-15 23:00:00,7.3633760669052
2018-08-16 00:00:00,14.123781759530504
2018-08-16 01:00:00,22.25650832583844
2018-08-16 02:00:00,53.86333697621308
2018-08-16 03:00:00,37.37174401042771
2018-08-16 04:00:00,24.932084641252093
2018-08-16 05:00:00,10.473393467580468
2018-08-16 06:00:00,6.827291908332137
2018-08-16 07:00:00,1.0851378299118621
2018-08-16 08:00:00,0.29852416639499485
2018-08-16 09:00:00,0.17131421744314707
2018-08-16 10:00:00,0.16265884652971196
2018-08-16 11:00:00,0.5589204778971499
2018-08-16 12:00:00,3.2813336570000273
2018-08-16 13:00:00,9.27103692364497
2018-08-16 14:00:00,23.477158861735447
2018-08-16 15:00:00,42.147073390247535
2018-08-16 16:00:00,42.351007201477614
2018-08-16 17:00:00,40.098813248180726
2018-08-16 18:00:00,29.710719395676428
2018-08-16 19:00:00,27.60604836363518
2018-08-16 20:00:00,23.920337426739046
2018-08-16 21:00:00,19.53414167394245
2018-08-16 22:00:00,20.665803130660144
2018-08-16 23:00:00,14.092218431625044
2018-08-17 00:00:00,18.284774424675714
2018-08-17 01:00:00,20.635917103507122
2018-08-17 02:00:00,23.598795147170836
2018-08-17 03:00:00,12.009895279244013
2018-08-17 04:00:00,12.615752876290411
2018-08-17 05:00:00,20.752676571742143
2018-08-17 06:00:00,20.8231002728387
2018-08-17 07:00:00,7.2643323214948365
2018-08-17 08:00:00,3.4531833665687968
2018-08-17 09:00:00,2.4546562554577314
2018-08-17 10:00:00,0.1980337456282378
2018-08-17 11:00:00,0.9837551406537626
2018-08-17 12:00:00,4.857835086347285
2018-08-17 13:00:00,3.7388230998154484
2018-08-17 14:00:00,19.546717891169784
2018-08-17 15:00:00,39.592925190832695
2018-08-17 16:00:00,48.048415005974576
2018-08-17 17:00:00,39.590565914628854
2018-08-17 18:00:00,34.621446485061924
2018-08-17 19:00:00,37.416944447048955
2018-08-17 20:00:00,33.420859008577814
2018-08-17 21:00:00,30.159928192893304
2018-08-17 22:00:00,28.002595449982447
2018-08-17 23:00:00,25.725469080915214
2018-08-18 00:00:00,36.4486147079394
2018-08-18 01:00:00,31.609441171716874
2018-08-18 02:00:00,20.091535197567026
2018-08-18 03:00:00,17.793891448245827
2018-08-18 04:00:00,9.585968888888875
2018-08-18 05:00:00,5.594800508743471
2018-08-18 06:00:00,5.802442501143092
2018-08-18 07:00:00,10.290050442057812
2018-08-18 08:00:00,9.499940262845403
2018-08-18 09:00:00,2.2322413381121495
2018-08-18 10:00:00,0.5404283697185447
2018-08-18 11:00:00,0.5408265450199518
2018-08-18 12:00:00,0.5407248832408673
2018-08-18 13:00:00,0.540354947322535
2018-08-18 14:00:00,2.404652678179483
2018-08-18 15:00:00,13.783216725534752
2018-08-18 16:00:00,24.86100030802542
2018-08-18 17:00:00,19.035271950471515
2018-08-18 18:00:00,16.887042138806994
2018-08-18 19:00:00,10.781932646464526
2018-08-18 20:00:00,7.442381643097549
2018-08-18 21:00:00,14.60840786010659
2018-08-18 22:00:00,26.638653517539463
2018-08-18 23:00:00,27.552302158790543
2018-08-19 00:00:00,35.31868334832116
2018-08-19 01:00:00,33.11847534310851
2018-08-19 02:00:00,29.760335489084017
2018-08-19 03:00:00,32.22342556055239
2018-08-19 04:00:00,21.41724814424098
2018-08-19 05:00:00,17.631624778975432
2018-08-19 06:00:00,17.006609669167588
2018-08-19 07:00:00,9.194788211579624
2018-08-19 08:00:00,2.106646602802053
2018-08-19 09:00:00,0.36624785489284295
2018-08-19 10:00:00,0.3653470185726543
2018-08-19 11:00:00,0.36647094601916347
2018-08-19 12:00:00,0.4219148630388297
2018-08-19 13:00:00,0.36568306723127963
2018-08-19 14:00:00,3.8340767642009848
2018-08-19 15:00:00,15.186813077441816
2018-08-19 16:00:00,14.238261987620074
2018-08-19 17:00:00,13.147906135332583
2018-08-19 18:00:00,21.92441778950994
2018-08-19 19:00:00,25.624120544368203
2018-08-19 20:00:00,39.68600366590705
2018-08-19 21:00:00,25.05234369197543
2018-08-19 22:00:00,10.866362697515564
2018-08-19 23:00:00,18.854573735203743
2018-08-20 00:00:00,15.344553193872201
2018-08-20 01:00:00,14.966224141196678
2018-08-20 02:00:00,15.032251484305059
2018-08-20 03:00:00,13.316634777452666
2018-08-20 04:00:00,17.298303276638453
2018-08-20 05:00:00,15.202672795047553
2018-08-20 06:00:00,12.728502493321837
2018-08-20 07:00:00,4.588742473770237
2018-08-20 08:00:00,2.9657226419028153
2018-08-20 09:00:00,0.18287259693702487
2018-08-20 10:00:00,0.18305615292703242
2018-08-20 11:00:00,0.7058604196805889
2018-08-20 12:00:00,3.2955760430106826
2018-08-20 13:00:00,3.2856704694253676
2018-08-20 14:00:00,14.064208888888876
2018-08-20 15:00:00,44.700835331377355
2018-08-20 16:00:00,50.79225742630631
2018-08-20 17:00:00,46.87826441099177
2018-08-20 18:00:00,37.18283666862156
2018-08-20 19:00:00,37.69720993765543
2018-08-20 20:00:00,36.92010175214395
2018-08-20 21:00:00,36.85436173911052
2018-08-20 22:00:00,32.67565509069055
2018-08-20 23:00:00,25.126413605733916
2018-08-21 00:00:00,23.74458835538263
2018-08-21 01:00:00,20.249490193114294
2018-08-21 02:00:00,37.6150118370825
2018-08-21 03:00:00,36.81595538742616
2018-08-21 04:00:00,26.648921995441718
2018-08-21 05:00:00,30.26869510242637
2018-08-21 06:00:00,21.915630337355555
2018-08-21 07:00:00,10.251874128380331
2018-08-21 08:00:00,6.760620893667719
2018-08-21 09:00:00,3.4104294545452594
2018-08-21 10:00:00,0.38871109807736026
2018-08-21 11:00:00,1.1687167911369887
2018-08-21 12:00:00,3.4595749103941045
2018-08-21 13:00:00,3.1381085213424518
2018-08-21 14:00:00,13.076336000000019
2018-08-21 15:00:00,42.48521231106501
2018-08-21 16:00:00,44.33906397219334
2018-08-21 17:00:00,39.81148109481726
2018-08-21 18:00:00,36.44780655892067
2018-08-21 19:00:00,27.88418834929801
2018-08-21 20:00:00,27.67133137873146
2018-08-21 21:00:00,26.998250099705636
2018-08-21 22:00:00,23.88323633322364
2018-08-21 23:00:00,4.836421252524383
2018-08-22 00:00:00,11.531203052458437
2018-08-22 01:00:00,20.15109803757762
2018-08-22 02:00:00,25.487104209837852
2018-08-22 03:00:00,34.29771316259123
2018-08-22 04:00:00,24.571845810797203
2018-08-22 05:00:00,16.227318392962744
2018-08-22 06:00:00,13.613536800262846
2018-08-22 07:00:00,13.26979451374103
2018-08-22 08:00:00,11.389451108941142
2018-08-22 09:00:00,10.206275883568017
2018-08-22 10:00:00,3.962372596502765
2018-08-22 11:00:00,1.700081459758133
2018-08-22 12:00:00,3.6341218368622146
2018-08-22 13:00:00,3.496627590311358
2018-08-22 14:00:00,17.010632888888885
2018-08-22 15:00:00,39.28080898577112
2018-08-22 16:00:00,42.698438443791986
2018-08-22 17:00:00,37.338246380795454
2018-08-22 18:00:00,35.735615214074976
2018-08-22 19:00:00,32.16026206364698
2018-08-22 20:00:00,32.08584604800685
2018-08-22 21:00:00,31.866533283370874
2018-08-22 22:00:00,29.47079037905926
2018-08-22 23:00:00,25.910428014771252
2018-08-23 00:00:00,17.724077491908144
2018-08-23 01:00:00,20.058653773870482
2018-08-23 02:00:00,12.337160501359488
2018-08-23 03:00:00,4.924029787335349
2018-08-23 04:00:00,0.0
2018-08-23 05:00:00,4.088253882480845
2018-08-23 06:00:00,12.751589335508058
2018-08-23 07:00:00,10.038975244922337
2018-08-23 08:00:00,9.405031983056006
2018-08-23 09:00:00,0.42413794634499574
2018-08-23 10:00:00,0.3660219398282152
2018-08-23 11:00:00,1.0992340375799317
2018-08-23 12:00:00,6.701421217768938
2018-08-23 13:00:00,3.4573215036385325
2018-08-23 14:00:00,3.8448453333333346
2018-08-23 15:00:00,26.08767153122526
2018-08-23 16:00:00,41.09109040773288
2018-08-23 17:00:00,37.434448752904714
2018-08-23 18:00:00,32.030819650264306
2018-08-23 19:00:00,28.23703169197189
2018-08-23 20:00:00,31.44720594981911
2018-08-23 21:00:00,34.274659772780055
2018-08-23 22:00:00,19.96200251417261
2018-08-23 23:00:00,9.465473406754828
2018-08-24 00:00:00,11.705328099488524
2018-08-24 01:00:00,18.902177224720347
2018-08-24 02:00:00,17.642126666666602
2018-08-24 03:00:00,18.839894666666638
2018-08-24 04:00:00,15.582737959812722
2018-08-24 05:00:00,11.265847125881972
2018-08-24 06:00:00,6.996288321928226
2018-08-24 07:00:00,4.57976471641134
2018-08-24 08:00:00,3.5207140332355027
2018-08-24 09:00:00,0.9719190381230794
2018-08-24 10:00:00,0.18319452590411447
2018-08-24 11:00:00,0.7639918787877906
2018-08-24 12:00:00,3.295783975236179
2018-08-24 13:00:00,3.2119117028348017
2018-08-24 14:00:00,7.059736003040925
2018-08-24 15:00:00,37.859107879654836
2018-08-24 16:00:00,39.45399631584469
2018-08-24 17:00:00,37.29499021440057
2018-08-24 18:00:00,33.24643192440438
2018-08-24 19:00:00,32.93536641077332
2018-08-24 20:00:00,32.368367351361705
2018-08-24 21:00:00,22.359031084173374
2018-08-24 22:00:00,23.00682194547463
2018-08-24 23:00:00,20.10603538090419
2018-08-25 00:00:00,11.970366355598332
2018-08-25 01:00:00,29.428846406429766
2018-08-25 02:00:00,39.06170801650936
2018-08-25 03:00:00,27.140217278158183
2018-08-25 04:00:00,21.624503415226467
2018-08-25 05:00:00,21.06325204170689
2018-08-25 06:00:00,13.305904337135042
2018-08-25 07:00:00,0.44105709829437606
2018-08-25 08:00:00,3.584484196806218
2018-08-25 09:00:00,1.403644183773321
2018-08-25 10:00:00,2.490528664711558
2018-08-25 11:00:00,6.498326562398115
2018-08-25 12:00:00,4.224098802215691
2018-08-25 13:00:00,3.4673109256000765
2018-08-25 14:00:00,8.115764196806778
2018-08-25 15:00:00,26.18099161681228
2018-08-25 16:00:00,34.891733550124094
2018-08-25 17:00:00,27.95052343390894
2018-08-25 18:00:00,25.456318086238564
2018-08-25 19:00:00,21.811083820571234
2018-08-25 20:00:00,25.330784647332372
2018-08-25 21:00:00,22.517864036494085
2018-08-25 22:00:00,26.32980278483722
2018-08-25 23:00:00,24.3251041898557
2018-08-26 00:00:00,12.629468541327391
2018-08-26 01:00:00,18.370820045182903
2018-08-26 02:00:00,15.833543877484443
2018-08-26 03:00:00,8.255657864668303
2018-08-26 04:00:00,16.75566789746894
2018-08-26 05:00:00,10.752391546430736
2018-08-26 06:00:00,8.482225970674365
2018-08-26 07:00:00,4.757086840012918
2018-08-26 08:00:00,3.5576472153794985
2018-08-26 09:00:00,6.1184793661343395
2018-08-26 10:00:00,6.658172602584801
2018-08-26 11:00:00,8.187152255892078
2018-08-26 12:00:00,2.373473676984805
2018-08-26 13:00:00,0.16272379711079238
2018-08-26 14:00:00,1.621242162702192
2018-08-26 15:00:00,6.530722641468347
2018-08-26 16:00:00,22.421245212555558
2018-08-26 17:00:00,29.2394439265773
2018-08-26 18:00:00,9.488802288693226
2018-08-26 19:00:00,21.103236686868428
2018-08-26 20:00:00,25.114797855110155
2018-08-26 21:00:00,8.022874846529726
2018-08-26 22:00:00,7.431693110024864
2018-08-26 23:00:00,6.767373828174088
2018-08-27 00:00:00,17.01973754273943
2018-08-27 01:00:00,20.14148890409459
2018-08-27 02:00:00,32.09783328206986
2018-08-27 03:00:00,39.124490157490754
2018-08-27 04:00:00,28.163959306182697
2018-08-27 05:00:00,7.447755874443175
2018-08-27 06:00:00,9.525962713152124
2018-08-27 07:00:00,1.498286849569871
2018-08-27 08:00:00,2.5384072058186993
2018-08-27 09:00:00,13.685837561854587
2018-08-27 10:00:00,8.676589251655395
2018-08-27 11:00:00,3.083446479416758
2018-08-27 12:00:00,8.968622064949608
2018-08-27 13:00:00,12.60608222613219
2018-08-27 14:00:00,17.127910645812428
2018-08-27 15:00:00,38.58348364852482
2018-08-27 16:00:00,43.89476481198969
2018-08-27 17:00:00,42.60681158596488
2018-08-27 18:00:00,38.83400463082368
2018-08-27 19:00:00,34.78381144433476
2018-08-27 20:00:00,35.704400845877046
2018-08-27 21:00:00,30.74791037905853
2018-08-27 22:00:00,29.757017005755298
2018-08-27 23:00:00,30.016496582163985
2018-08-28 00:00:00,34.67038570869846
2018-08-28 01:00:00,30.166177873355338
2018-08-28 02:00:00,27.379719755836014
2018-08-28 03:00:00,35.642616001302
2018-08-28 04:00:00,19.52809551471701
2018-08-28 05:00:00,2.652532589115858
2018-08-28 06:00:00,4.9528065602233955
2018-08-28 07:00:00,3.9565804279348145
2018-08-28 08:00:00,3.5605654393396122
2018-08-28 09:00:00,1.690005693059479
2018-08-28 10:00:00,0.428863038991956
2018-08-28 11:00:00,0.6126637684369779
2018-08-28 12:00:00,7.534149279895688
2018-08-28 13:00:00,13.130395114152252
2018-08-28 14:00:00,14.299953777777773
2018-08-28 15:00:00,13.501266179645082
2018-08-28 16:00:00,48.390286981208526
2018-08-28 17:00:00,42.307684740305305
2018-08-28 18:00:00,35.89846659107079
2018-08-28 19:00:00,28.607517702181948
2018-08-28 20:00:00,20.503986354294327
2018-08-28 21:00:00,16.820880048657443
2018-08-28 22:00:00,12.677761314650867
2018-08-28 23:00:00,16.308210856956055
2018-08-29 00:00:00,25.539913527969496
2018-08-29 01:00:00,36.86203874530459
2018-08-29 02:00:00,42.997268002173925
2018-08-29 03:00:00,28.39137430563683
2018-08-29 04:00:00,17.184617868579288
2018-08-29 05:00:00,11.12605701748898
2018-08-29 06:00:00,5.011672819377213
2018-08-29 07:00:00,3.9938257851628363
2018-08-29 08:00:00,7.724867240576036
2018-08-29 09:00:00,6.139920450961468
2018-08-29 10:00:00,2.951464808949594
2018-08-29 11:00:00,0.9105992623003423
2018-08-29 12:00:00,3.437691980884043
2018-08-29 13:00:00,8.329807904855013
2018-08-29 14:00:00,22.549509416748773
2018-08-29 15:00:00,1.3285644014337794
2018-08-29 16:00:00,44.55603967372534
2018-08-29 17:00:00,43.21583224242289
2018-08-29 18:00:00,33.875345193004264
2018-08-29 19:00:00,29.12054541544377
2018-08-29 20:00:00,28.051204368849017
2018-08-29 21:00:00,27.599075009447628
2018-08-29 22:00:00,22.436693239490037
2018-08-29 23:00:00,25.065089661777368
2018-08-30 00:00:00,19.658849376343433
2018-08-30 01:00:00,19.544629018355376
2018-08-30 02:00:00,30.9171762020191
2018-08-30 03:00:00,33.40766919474409
2018-08-30 04:00:00,24.26413536179257
2018-08-30 05:00:00,20.664859240579112
2018-08-30 06:00:00,15.648681985445563
2018-08-30 07:00:00,7.262861089171734
2018-08-30 08:00:00,3.604415553382688
2018-08-30 09:00:00,1.150305854241267
2018-08-30 10:00:00,0.337449332029866
2018-08-30 11:00:00,0.7788016787226046
2018-08-30 12:00:00,3.2882226827413343
2018-08-30 13:00:00,9.652329123492938
2018-08-30 14:00:00,28.42225184576977
2018-08-30 15:00:00,55.941305852937624
2018-08-30 16:00:00,50.48380825762909
2018-08-30 17:00:00,43.23341866275487
2018-08-30 18:00:00,43.51114137199905
2018-08-30 19:00:00,45.60729777821173
2018-08-30 20:00:00,32.768268378404585
2018-08-30 21:00:00,22.35837607168181
2018-08-30 22:00:00,17.626435498640557
2018-08-30 23:00:00,19.239453511458944
2018-08-31 00:00:00,16.295517723039264
2018-08-31 01:00:00,14.264813209082899
2018-08-31 02:00:00,24.92502404996414
2018-08-31 03:00:00,28.371500433149247
2018-08-31 04:00:00,24.856133176930513
2018-08-31 05:00:00,20.95736531769316
2018-08-31 06:00:00,27.538789455851234
2018-08-31 07:00:00,13.702886648856616
2018-08-31 08:00:00,9.346280793744365
2018-08-31 09:00:00,12.04458279222316
2018-08-31 10:00:00,12.884814408602038
2018-08-31 11:00:00,7.972333540566797
2018-08-31 12:00:00,6.47133503812306
2018-08-31 13:00:00,8.731725619202733
2018-08-31 14:00:00,20.513278195720726
2018-08-31 15:00:00,57.59567703095343
2018-08-31 16:00:00,70.30499104420528
2018-08-31 17:00:00,66.5235194669274
2018-08-31 18:00:00,48.611704167263554
2018-08-31 19:00:00,30.764732246332766
2018-08-31 20:00:00,29.56730949538166
2018-08-31 21:00:00,27.730294832191397
2018-08-31 22:00:00,17.439879582490985
2018-08-31 23:00:00,22.578303562505102
2018-09-01 00:00:00,26.558297003148567
2018-09-01 01:00:00,33.980851888345335
2018-09-01 02:00:00,27.76288953578687
2018-09-01 03:00:00,17.857653710436537
2018-09-01 04:00:00,5.244124674269065
2018-09-01 05:00:00,3.654672844574575
2018-09-01 06:00:00,4.55899484218512
2018-09-01 07:00:00,9.544256755946353
2018-09-01 08:00:00,9.516772352774854
2018-09-01 09:00:00,4.451673794721273
2018-09-01 10:00:00,2.380897404148311
2018-09-01 11:00:00,1.7473061800787448
2018-09-01 12:00:00,0.4005546671009315
2018-09-01 13:00:00,3.3698834782229388
2018-09-01 14:00:00,14.358146533290125
2018-09-01 15:00:00,24.986866734440696
2018-09-01 16:00:00,21.645383264906915
2018-09-01 17:00:00,23.040434255239887
2018-09-01 18:00:00,14.270323141956734
2018-09-01 19:00:00,7.959461560985996
2018-09-01 20:00:00,9.345603477788513
2018-09-01 21:00:00,8.425770456826081
2018-09-01 22:00:00,14.170575998696414
2018-09-01 23:00:00,17.17117672987921
2018-09-02 00:00:00,12.848712718149011
2018-09-02 01:00:00,10.427617851200012
2018-09-02 02:00:00,3.117272047355131
2018-09-02 03:00:00,0.18356459737147654
2018-09-02 04:00:00,4.683434033235491
2018-09-02 05:00:00,6.208463290539751
2018-09-02 06:00:00,5.359544302378518
2018-09-02 07:00:00,4.591718176170225
2018-09-02 08:00:00,3.241121560551655
2018-09-02 09:00:00,3.7080594208753155
2018-09-02 10:00:00,6.5944830511566135
2018-09-02 11:00:00,6.279010409036531
2018-09-02 12:00:00,6.587275790159508
2018-09-02 13:00:00,6.648968139458963
2018-09-02 14:00:00,14.638204842836915
2018-09-02 15:00:00,9.720737848593396
2018-09-02 16:00:00,9.358361144346615
2018-09-02 17:00:00,1.1122249049635258
2018-09-02 18:00:00,9.888870442056051
2018-09-02 19:00:00,19.552523772782116
2018-09-02 20:00:00,32.179393471925636
2018-09-02 21:00:00,56.97433347018838
2018-09-02 22:00:00,43.33056651764934
2018-09-02 23:00:00,20.927659209297097
2018-09-03 00:00:00,17.683368766373235
2018-09-03 01:00:00,19.922123585966506
2018-09-03 02:00:00,16.939625248179727
2018-09-03 03:00:00,22.23250661800697
2018-09-03 04:00:00,15.292332508743016
2018-09-03 05:00:00,8.496191283153914
2018-09-03 06:00:00,4.949599390898096
2018-09-03 07:00:00,1.2900173780822115
2018-09-03 08:00:00,3.801828608667176
2018-09-03 09:00:00,2.039897252090506
2018-09-03 10:00:00,0.5179357010968128
2018-09-03 11:00:00,0.4075168893231654
2018-09-03 12:00:00,0.3656350602800476
2018-09-03 13:00:00,0.36581296839343824
2018-09-03 14:00:00,0.45725877788621144
2018-09-03 15:00:00,3.5302139876179384
2018-09-03 16:00:00,4.036966678396687
2018-09-03 17:00:00,11.906750226566501
2018-09-03 18:00:00,22.7778692043008
2018-09-03 19:00:00,20.053229310307753
2018-09-03 20:00:00,22.707139681982124
2018-09-03 21:00:00,13.731776458347623
2018-09-03 22:00:00,9.50123976583035
2018-09-03 23:00:00,10.234937722167867
2018-09-04 00:00:00,14.358173710872062
2018-09-04 01:00:00,23.91301463277964
2018-09-04 02:00:00,15.533530343435167
2018-09-04 03:00:00,11.336412707287858
2018-09-04 04:00:00,5.4875630667969375
2018-09-04 05:00:00,10.938494666666593
2018-09-04 06:00:00,3.3733035555555277
2018-09-04 07:00:00,1.2285866666666692
2018-09-04 08:00:00,0.0
2018-09-04 09:00:00,0.0
2018-09-04 10:00:00,0.0
2018-09-04 11:00:00,5.526943739329277
2018-09-04 12:00:00,10.99212523688494
2018-09-04 13:00:00,6.671929333333359
2018-09-04 14:00:00,19.348724798957793
2018-09-04 15:00:00,46.24418061301183
2018-09-04 16:00:00,55.84329730683112
2018-09-04 17:00:00,59.83171535179671
2018-09-04 18:00:00,43.385888005647274
2018-09-04 19:00:00,42.046517538828546
2018-09-04 20:00:00,50.236229316389405
2018-09-04 21:00:00,41.28131259215812
2018-09-04 22:00:00,27.519398736613624
2018-09-04 23:00:00,21.360596219832157
2018-09-05 00:00:00,16.253779864014064
2018-09-05 01:00:00,16.029165601388662
2018-09-05 02:00:00,17.656815878786944
2018-09-05 03:00:00,33.78633892733717
2018-09-05 04:00:00,19.016470830020893
2018-09-05 05:00:00,14.664933266430264
2018-09-05 06:00:00,10.141870237863856
2018-09-05 07:00:00,13.425755294887367
2018-09-05 08:00:00,8.099520090367344
2018-09-05 09:00:00,1.233788937112905
2018-09-05 10:00:00,0.20304681220801093
2018-09-05 11:00:00,0.4731903986097364
2018-09-05 12:00:00,3.4072933637454628
2018-09-05 13:00:00,5.019153584446695
2018-09-05 14:00:00,21.061664158142296
2018-09-05 15:00:00,44.87978359161532
2018-09-05 16:00:00,57.201590961660415
2018-09-05 17:00:00,60.53256037797301
2018-09-05 18:00:00,52.09605338676978
2018-09-05 19:00:00,42.830862738351385
2018-09-05 20:00:00,22.205982602366912
2018-09-05 21:00:00,29.228062161835567
2018-09-05 22:00:00,21.406944248507614
2018-09-05 23:00:00,22.248466613662963
2018-09-06 00:00:00,20.973039739761504
2018-09-06 01:00:00,25.63191005626107
2018-09-06 02:00:00,32.07533926360438
2018-09-06 03:00:00,43.1116691204536
2018-09-06 04:00:00,32.8392115542531
2018-09-06 05:00:00,31.465494254373198
2018-09-06 06:00:00,21.00197473791968
2018-09-06 07:00:00,12.049050194854336
2018-09-06 08:00:00,8.013935737591462
2018-09-06 09:00:00,12.96776075116609
2018-09-06 10:00:00,9.108639257521624
2018-09-06 11:00:00,1.368062561094094
2018-09-06 12:00:00,3.7890022808715216
2018-09-06 13:00:00,15.223119390462612
2018-09-06 14:00:00,29.81655283762412
2018-09-06 15:00:00,52.96586250939443
2018-09-06 16:00:00,71.07100347909015
2018-09-06 17:00:00,55.40878982513047
2018-09-06 18:00:00,48.07046648506398
2018-09-06 19:00:00,41.53695245964952
2018-09-06 20:00:00,21.61065717128126
2018-09-06 21:00:00,14.696040505701003
2018-09-06 22:00:00,8.637191319212818
2018-09-06 23:00:00,2.6864039726293623
2018-09-07 00:00:00,19.374367107633173
2018-09-07 01:00:00,40.31969344541972
2018-09-07 02:00:00,52.07612452090665
2018-09-07 03:00:00,40.32976658586101
2018-09-07 04:00:00,21.712977187797016
2018-09-07 05:00:00,21.472392153362865
2018-09-07 06:00:00,11.999321505375754
2018-09-07 07:00:00,6.846213560117069
2018-09-07 08:00:00,4.073517776040671
2018-09-07 09:00:00,3.848962962963576
2018-09-07 10:00:00,1.0653533181268002
2018-09-07 11:00:00,2.902708745952553
2018-09-07 12:00:00,3.5945628326265293
2018-09-07 13:00:00,5.20201249657832
2018-09-07 14:00:00,17.406335177149085
2018-09-07 15:00:00,44.371470991202834
2018-09-07 16:00:00,63.50435872314524
2018-09-07 17:00:00,53.87114249983681
2018-09-07 18:00:00,46.43147051591111
2018-09-07 19:00:00,40.61905598826853
2018-09-07 20:00:00,44.53419767437731
2018-09-07 21:00:00,46.344398676223555
2018-09-07 22:00:00,44.23471709090887
2018-09-07 23:00:00,27.03297004843995
2018-09-08 00:00:00,23.356885098296445
2018-09-08 01:00:00,34.55363381427217
2018-09-08 02:00:00,27.21555838210295
2018-09-08 03:00:00,23.723864635605104
2018-09-08 04:00:00,19.65011347235784
2018-09-08 05:00:00,19.675181228195726
2018-09-08 06:00:00,18.15352289475374
2018-09-08 07:00:00,10.214887613337458
2018-09-08 08:00:00,4.889235297925395
2018-09-08 09:00:00,0.7370173094383816
2018-09-08 10:00:00,0.18305897686534012
2018-09-08 11:00:00,0.1831069838165728
2018-09-08 12:00:00,0.18314285348095852
2018-09-08 13:00:00,3.19202612229819
2018-09-08 14:00:00,5.161250477679941
2018-09-08 15:00:00,16.557830692299635
2018-09-08 16:00:00,14.003730804822567
2018-09-08 17:00:00,20.55815466449414
2018-09-08 18:00:00,29.933218822200264
2018-09-08 19:00:00,24.902312181601886
2018-09-08 20:00:00,34.73986405126509
2018-09-08 21:00:00,23.653408724667116
2018-09-08 22:00:00,13.764674673183391
2018-09-08 23:00:00,14.568325484088056
2018-09-09 00:00:00,19.692331694580027
2018-09-09 01:00:00,25.167735673726245
2018-09-09 02:00:00,10.428764788095993
2018-09-09 03:00:00,6.148079847941805
2018-09-09 04:00:00,7.339985758661866
2018-09-09 05:00:00,19.271760444444297
2018-09-09 06:00:00,15.113095111111017
2018-09-09 07:00:00,8.428513167372724
2018-09-09 08:00:00,6.537036013035499
2018-09-09 09:00:00,2.630055175410411
2018-09-09 10:00:00,0.22364744216267432
2018-09-09 11:00:00,0.22161703051937387
2018-09-09 12:00:00,3.0896840000000028
2018-09-09 13:00:00,0.25084800000000024
2018-09-09 14:00:00,9.506287555555584
2018-09-09 15:00:00,7.639059999999974
2018-09-09 16:00:00,13.966385333333255
2018-09-09 17:00:00,18.512398666666613
2018-09-09 18:00:00,28.71182888888877
2018-09-09 19:00:00,18.29642533333331
2018-09-09 20:00:00,25.513194270882416
2018-09-09 21:00:00,19.667350232650584
2018-09-09 22:00:00,18.342571269686047
2018-09-09 23:00:00,20.445189332467287
2018-09-10 00:00:00,12.856768838060873
2018-09-10 01:00:00,8.81838303465059
2018-09-10 02:00:00,9.3525227705029
2018-09-10 03:00:00,9.823044711197587
2018-09-10 04:00:00,17.967452261106033
2018-09-10 05:00:00,21.593999312696432
2018-09-10 06:00:00,10.428149446290803
2018-09-10 07:00:00,12.554757955034217
2018-09-10 08:00:00,8.163894588030818
2018-09-10 09:00:00,9.304590518084058
2018-09-10 10:00:00,0.29547446551534173
2018-09-10 11:00:00,0.6941776908874153
2018-09-10 12:00:00,5.332996955359773
2018-09-10 13:00:00,9.724191417834446
2018-09-10 14:00:00,31.666005147388688
2018-09-10 15:00:00,62.97813776778459
2018-09-10 16:00:00,64.58930806647031
2018-09-10 17:00:00,55.86759832953056
2018-09-10 18:00:00,46.641608096012455
2018-09-10 19:00:00,41.76018047355223
2018-09-10 20:00:00,43.78466777104381
2018-09-10 21:00:00,26.001079868358662
2018-09-10 22:00:00,25.976172868033423
2018-09-10 23:00:00,23.575589275982622
2018-09-11 00:00:00,15.420014936458843
2018-09-11 01:00:00,12.522993912890733
2018-09-11 02:00:00,13.625265327685506
2018-09-11 03:00:00,13.559760441402734
2018-09-11 04:00:00,11.598614283479662
2018-09-11 05:00:00,5.555323698055596
2018-09-11 06:00:00,2.718039999999994
2018-09-11 07:00:00,1.0192866666666658
2018-09-11 08:00:00,1.1720973333333335
2018-09-11 09:00:00,0.0
2018-09-11 10:00:00,2.140358857389242
2018-09-11 11:00:00,0.5248855431736343
2018-09-11 12:00:00,3.211425516672082
2018-09-11 13:00:00,10.505328888888886
2018-09-11 14:00:00,36.52735053589773
2018-09-11 15:00:00,65.20160792527352
2018-09-11 16:00:00,65.70786717236837
2018-09-11 17:00:00,49.124827967849214
2018-09-11 18:00:00,36.50966286607938
2018-09-11 19:00:00,41.92928860779701
2018-09-11 20:00:00,36.187099145430814
2018-09-11 21:00:00,16.709640922340476
2018-09-11 22:00:00,14.44473123796984
2018-09-11 23:00:00,15.619464825023467
2018-09-12 00:00:00,12.914855068968489
2018-09-12 01:00:00,18.543110763548547
2018-09-12 02:00:00,43.56930342565241
2018-09-12 03:00:00,42.13782473813279
2018-09-12 04:00:00,23.19607398283755
2018-09-12 05:00:00,18.18306807820023
2018-09-12 06:00:00,11.517269723904624
2018-09-12 07:00:00,10.995094111001357
2018-09-12 08:00:00,9.487739527749637
2018-09-12 09:00:00,8.20889357054314
2018-09-12 10:00:00,9.844073738239404
2018-09-12 11:00:00,3.8830418720538047
2018-09-12 12:00:00,3.723148067773467
2018-09-12 13:00:00,5.838546196588624
2018-09-12 14:00:00,4.824013658302706
2018-09-12 15:00:00,46.66085303225733
2018-09-12 16:00:00,54.41153162245957
2018-09-12 17:00:00,49.839283698923424
2018-09-12 18:00:00,44.931510381229685
2018-09-12 19:00:00,29.061166758333673
2018-09-12 20:00:00,18.376558880849675
2018-09-12 21:00:00,3.8548973845974523
2018-09-12 22:00:00,6.849305315085058
2018-09-12 23:00:00,9.86340557836342
2018-09-13 00:00:00,12.046623121536962
2018-09-13 01:00:00,18.445084488758287
2018-09-13 02:00:00,39.13177525752317
2018-09-13 03:00:00,38.61087996741997
2018-09-13 04:00:00,25.162620702512598
2018-09-13 05:00:00,14.342448723367838
2018-09-13 06:00:00,8.81100782839548
2018-09-13 07:00:00,6.120276311503766
2018-09-13 08:00:00,3.0128993157394404
2018-09-13 09:00:00,0.7121605300311404
2018-09-13 10:00:00,0.7118160095575782
2018-09-13 11:00:00,1.372092462256625
2018-09-13 12:00:00,3.664682440751362
2018-09-13 13:00:00,6.583991979146203
2018-09-13 14:00:00,17.85984488888887
2018-09-13 15:00:00,40.87888528684625
2018-09-13 16:00:00,53.29565812142839
2018-09-13 17:00:00,48.50365676897937
2018-09-13 18:00:00,42.526355104159336
2018-09-13 19:00:00,37.570138655370535
2018-09-13 20:00:00,28.238324558704186
2018-09-13 21:00:00,30.85097504550741
2018-09-13 22:00:00,23.495164727272336
2018-09-13 23:00:00,13.523167628542812
2018-09-14 00:00:00,16.741053706095144
2018-09-14 01:00:00,21.993271635062456
2018-09-14 02:00:00,51.563585682200156
2018-09-14 03:00:00,53.19591337851828
2018-09-14 04:00:00,23.726525124361856
2018-09-14 05:00:00,11.9239867835342
2018-09-14 06:00:00,7.8268377777778095
2018-09-14 07:00:00,8.799000888888884
2018-09-14 08:00:00,6.1838631111110764
2018-09-14 09:00:00,6.564687999999961
2018-09-14 10:00:00,3.349961333333311
2018-09-14 11:00:00,2.312324224177652
2018-09-14 12:00:00,3.536513911588891
2018-09-14 13:00:00,12.571716303247474
2018-09-14 14:00:00,32.855069515368555
2018-09-14 15:00:00,43.3801383881833
2018-09-14 16:00:00,66.46729899511179
2018-09-14 17:00:00,61.103347287497776
2018-09-14 18:00:00,51.51847820397362
2018-09-14 19:00:00,42.4837012781547
2018-09-14 20:00:00,39.25493388291462
2018-09-14 21:00:00,22.45154134897226
2018-09-14 22:00:00,18.652934667533486
2018-09-14 23:00:00,17.476331463885728
2018-09-15 00:00:00,30.928801988923365
2018-09-15 01:00:00,34.024730687957494
2018-09-15 02:00:00,30.929093662215863
2018-09-15 03:00:00,30.82469873444375
2018-09-15 04:00:00,21.110082935592395
2018-09-15 05:00:00,7.2920614866948315
2018-09-15 06:00:00,4.6220020341043755
2018-09-15 07:00:00,0.38598563049844886
2018-09-15 08:00:00,0.5430248849787341
2018-09-15 09:00:00,8.300725248615388
2018-09-15 10:00:00,9.923277136960216
2018-09-15 11:00:00,7.938493751275874
2018-09-15 12:00:00,6.800322393830542
2018-09-15 13:00:00,11.014093630064007
2018-09-15 14:00:00,6.0107827857064455
2018-09-15 15:00:00,16.513178766156102
2018-09-15 16:00:00,26.71847749364603
2018-09-15 17:00:00,30.479203544694066
2018-09-15 18:00:00,27.19904325100454
2018-09-15 19:00:00,23.354230268708466
2018-09-15 20:00:00,22.017544689474008
2018-09-15 21:00:00,28.42275939220124
2018-09-15 22:00:00,24.113130394698935
2018-09-15 23:00:00,9.722610419028411
2018-09-16 00:00:00,5.958924903225409
2018-09-16 01:00:00,1.9156164444444566
2018-09-16 02:00:00,9.637412087324313
2018-09-16 03:00:00,18.959487036384676
2018-09-16 04:00:00,21.754250362115663
2018-09-16 05:00:00,5.622643648093742
2018-09-16 06:00:00,1.634273610079209
2018-09-16 07:00:00,6.151230239165763
2018-09-16 08:00:00,9.780370225263338
2018-09-16 09:00:00,8.783915111111098
2018-09-16 10:00:00,6.511445777777765
2018-09-16 11:00:00,6.21007688888883
2018-09-16 12:00:00,6.459278222222196
2018-09-16 13:00:00,6.432960444444438
2018-09-16 14:00:00,7.292815111111117
2018-09-16 15:00:00,10.928875062017596
2018-09-16 16:00:00,9.130441106114885
2018-09-16 17:00:00,18.548598505919372
2018-09-16 18:00:00,33.663102734009485
2018-09-16 19:00:00,38.10456441099388
2018-09-16 20:00:00,24.608098785274503
2018-09-16 21:00:00,29.2312621978974
2018-09-16 22:00:00,26.07633391028832
2018-09-16 23:00:00,29.150449950692007
2018-09-17 00:00:00,32.23062743347564
2018-09-17 01:00:00,31.224047359617526
2018-09-17 02:00:00,30.36495133268159
2018-09-17 03:00:00,23.54850706940352
2018-09-17 04:00:00,17.60614996372312
2018-09-17 05:00:00,18.611836419246067
2018-09-17 06:00:00,12.285040387965399
2018-09-17 07:00:00,13.955954354730771
2018-09-17 08:00:00,13.681330036711827
2018-09-17 09:00:00,13.113011317040998
2018-09-17 10:00:00,2.5204265975886093
2018-09-17 11:00:00,0.7925357050070669
2018-09-17 12:00:00,3.2850965660910476
2018-09-17 13:00:00,4.927417282068019
2018-09-17 14:00:00,28.07491442598043
2018-09-17 15:00:00,71.54592064820315
2018-09-17 16:00:00,73.81599036255075
2018-09-17 17:00:00,55.74613205647895
2018-09-17 18:00:00,35.99804093190013
2018-09-17 19:00:00,37.252051599870526
2018-09-17 20:00:00,34.407525437602914
2018-09-17 21:00:00,28.355458227000195
2018-09-17 22:00:00,27.681800254586935
2018-09-17 23:00:00,30.73921947735312
2018-09-18 00:00:00,17.984309546213222
2018-09-18 01:00:00,33.68890486064806
2018-09-18 02:00:00,43.43643969240643
2018-09-18 03:00:00,25.91670470337688
2018-09-18 04:00:00,9.72368622656657
2018-09-18 05:00:00,2.731419435646698
2018-09-18 06:00:00,3.3006800912348173
2018-09-18 07:00:00,1.1921771443466054
2018-09-18 08:00:00,0.18290083632010262
2018-09-18 09:00:00,3.31376170305093
2018-09-18 10:00:00,1.3354093624408492
2018-09-18 11:00:00,0.6972624537850727
2018-09-18 12:00:00,3.269779603779679
2018-09-18 13:00:00,7.974691111111115
2018-09-18 14:00:00,25.967048542631012
2018-09-18 15:00:00,40.30345929618785
2018-09-18 16:00:00,51.13438843575624
2018-09-18 17:00:00,47.61872845574012
2018-09-18 18:00:00,42.74465523275783
2018-09-18 19:00:00,34.1930150342117
2018-09-18 20:00:00,23.807124316714916
2018-09-18 21:00:00,9.57436231606163
2018-09-18 22:00:00,14.219960715540589
2018-09-18 23:00:00,21.40946540414805
2018-09-19 00:00:00,18.95272079548065
2018-09-19 01:00:00,20.3914012542612
2018-09-19 02:00:00,26.27244733832958
2018-09-19 03:00:00,32.95440514869319
2018-09-19 04:00:00,31.47751058064798
2018-09-19 05:00:00,8.797678077118276
2018-09-19 06:00:00,4.823341544045366
2018-09-19 07:00:00,2.756271098079578
2018-09-19 08:00:00,0.18207907027253897
2018-09-19 09:00:00,0.1827935266644085
2018-09-19 10:00:00,0.18279352666440815
2018-09-19 11:00:00,1.028387276637253
2018-09-19 12:00:00,3.2698100740740035
2018-09-19 13:00:00,6.906373713913339
2018-09-19 14:00:00,26.144440005213998
2018-09-19 15:00:00,61.88989585923636
2018-09-19 16:00:00,65.95567488649772
2018-09-19 17:00:00,45.86176154317246
2018-09-19 18:00:00,41.32040522862985
2018-09-19 19:00:00,43.5515789034435
2018-09-19 20:00:00,33.041235140653754
2018-09-19 21:00:00,14.690248433147998
2018-09-19 22:00:00,20.8372095779282
2018-09-19 23:00:00,16.593968506569496
2018-09-20 00:00:00,22.126097866405097
2018-09-20 01:00:00,31.124608144237897
2018-09-20 02:00:00,43.20056866384322
2018-09-20 03:00:00,29.733455301400845
2018-09-20 04:00:00,8.350334519387717
2018-09-20 05:00:00,5.823675535135814
2018-09-20 06:00:00,12.606388205495563
2018-09-20 07:00:00,8.916442846530323
2018-09-20 08:00:00,4.612821331595609
2018-09-20 09:00:00,3.4120404040407255
2018-09-20 10:00:00,0.7620228087314237
2018-09-20 11:00:00,1.2757694684475167
2018-09-20 12:00:00,3.624555610296376
2018-09-20 13:00:00,7.2149020601715295
2018-09-20 14:00:00,28.23848728532781
2018-09-20 15:00:00,60.91043571413216
2018-09-20 16:00:00,58.29666534375886
2018-09-20 17:00:00,48.75372003605804
2018-09-20 18:00:00,42.909103817963235
2018-09-20 19:00:00,26.534204838926463
2018-09-20 20:00:00,22.404028428805063
2018-09-20 21:00:00,30.757464191597823
2018-09-20 22:00:00,29.859599219288494
2018-09-20 23:00:00,14.168102336047733
2018-09-21 00:00:00,20.7451293594
2018-09-21 01:00:00,38.64355806755804
2018-09-21 02:00:00,30.725242897360562
2018-09-21 03:00:00,23.058630951232722
2018-09-21 04:00:00,21.622171610297627
2018-09-21 05:00:00,17.44147664386187
2018-09-21 06:00:00,5.026090651029017
2018-09-21 07:00:00,3.6120768980149824
2018-09-21 08:00:00,1.3233737373742787
2018-09-21 09:00:00,0.28645183012913894
2018-09-21 10:00:00,1.1266130118385582
2018-09-21 11:00:00,1.2187796146408783
2018-09-21 12:00:00,6.456283232323192
2018-09-21 13:00:00,5.6860677549690255
2018-09-21 14:00:00,18.100878562398403
2018-09-21 15:00:00,56.518877946344666
2018-09-21 16:00:00,58.83475473574382
2018-09-21 17:00:00,62.470069217767104
2018-09-21 18:00:00,48.60280688649635
2018-09-21 19:00:00,39.585614127509274
2018-09-21 20:00:00,32.21299272944276
2018-09-21 21:00:00,22.12221650439682
2018-09-21 22:00:00,18.205582513736235
2018-09-21 23:00:00,26.109184106872686
2018-09-22 00:00:00,35.678757181709926
2018-09-22 01:00:00,22.277956182469175
2018-09-22 02:00:00,20.7513915555555
2018-09-22 03:00:00,9.820575555555553
2018-09-22 04:00:00,11.743626040185806
2018-09-22 05:00:00,10.188981627891387
2018-09-22 06:00:00,6.856201344194581
2018-09-22 07:00:00,5.484725381557278
2018-09-22 08:00:00,2.160020753774853
2018-09-22 09:00:00,0.8827235798848609
2018-09-22 10:00:00,0.34305767350912014
2018-09-22 11:00:00,0.34311415227527636
2018-09-22 12:00:00,0.2488454436840398
2018-09-22 13:00:00,0.18299120234595245
2018-09-22 14:00:00,3.090601260345305
2018-09-22 15:00:00,20.290976371456367
2018-09-22 16:00:00,26.780932255457664
2018-09-22 17:00:00,42.72938542456812
2018-09-22 18:00:00,50.07368890583237
2018-09-22 19:00:00,50.090252371454845
2018-09-22 20:00:00,42.81133282719447
2018-09-22 21:00:00,22.190253113500404
2018-09-22 22:00:00,21.926396026067096
2018-09-22 23:00:00,17.48485426219175
2018-09-23 00:00:00,9.281116914956039
2018-09-23 01:00:00,12.878693652220955
2018-09-23 02:00:00,18.38348590550759
2018-09-23 03:00:00,14.567099787553836
2018-09-23 04:00:00,16.618377149560732
2018-09-23 05:00:00,5.203944765070905
2018-09-23 06:00:00,0.5383781905070533
2018-09-23 07:00:00,0.4463771043769803
2018-09-23 08:00:00,0.35567220593018956
2018-09-23 09:00:00,0.35584446616696547
2018-09-23 10:00:00,2.1381618333883323
2018-09-23 11:00:00,3.7926197458451214
2018-09-23 12:00:00,1.9465039587270385
2018-09-23 13:00:00,8.294759238405685
2018-09-23 14:00:00,9.857050813511542
2018-09-23 15:00:00,22.865310155316738
2018-09-23 16:00:00,34.52735916368099
2018-09-23 17:00:00,32.27255235581706
2018-09-23 18:00:00,16.83897324166383
2018-09-23 19:00:00,9.876236672966145
2018-09-23 20:00:00,24.759396978821286
2018-09-23 21:00:00,32.47714753904897
2018-09-23 22:00:00,32.55999904246928
2018-09-23 23:00:00,31.082255575976156
2018-09-24 00:00:00,19.278469444118087
2018-09-24 01:00:00,7.244949147821616
2018-09-24 02:00:00,11.678711193222206
2018-09-24 03:00:00,12.388842243511563
2018-09-24 04:00:00,13.124404642990411
2018-09-24 05:00:00,13.290881482351184
2018-09-24 06:00:00,8.198301599218539
2018-09-24 07:00:00,5.759831649831159
2018-09-24 08:00:00,0.3556467904854196
2018-09-24 09:00:00,1.9270244379283195
2018-09-24 10:00:00,3.831420658194432
2018-09-24 11:00:00,1.8089584012160393
2018-09-24 12:00:00,0.4083140532201614
2018-09-24 13:00:00,6.007303964809247
2018-09-24 14:00:00,34.776898093190454
2018-09-24 15:00:00,60.424698749647774
2018-09-24 16:00:00,71.5389738503304
2018-09-24 17:00:00,61.48270222613238
2018-09-24 18:00:00,49.66270485847742
2018-09-24 19:00:00,47.71702114651829
2018-09-24 20:00:00,44.83469242445795
2018-09-24 21:00:00,28.075582524600982
2018-09-24 22:00:00,19.29787770565907
2018-09-24 23:00:00,13.623334442922987
2018-09-25 00:00:00,16.056731192788067
2018-09-25 01:00:00,16.218148150320786
2018-09-25 02:00:00,14.459878662321819
2018-09-25 03:00:00,12.530966698381327
2018-09-25 04:00:00,3.337360700336614
2018-09-25 05:00:00,10.574319452590016
2018-09-25 06:00:00,9.058134724882507
2018-09-25 07:00:00,8.233007106331753
2018-09-25 08:00:00,6.53189367785341
2018-09-25 09:00:00,6.902086439012963
2018-09-25 10:00:00,8.089856861518268
2018-09-25 11:00:00,7.077123663299474
2018-09-25 12:00:00,7.3250277245570645
2018-09-25 13:00:00,6.357076624741667
2018-09-25 14:00:00,18.049125600520572
2018-09-25 15:00:00,33.8282728636902
2018-09-25 16:00:00,52.22425252742577
2018-09-25 17:00:00,46.184872678612294
2018-09-25 18:00:00,37.40318654718895
2018-09-25 19:00:00,33.26388676615443
2018-09-25 20:00:00,34.18040796828255
2018-09-25 21:00:00,38.70833559204845
2018-09-25 22:00:00,43.26378691690988
2018-09-25 23:00:00,32.65222809384304
2018-09-26 00:00:00,29.597546876942513
2018-09-26 01:00:00,50.028058055827685
2018-09-26 02:00:00,37.7498362419907
2018-09-26 03:00:00,35.05628355425177
2018-09-26 04:00:00,24.143022329533302
2018-09-26 05:00:00,14.971525368091694
2018-09-26 06:00:00,10.407808415338552
2018-09-26 07:00:00,6.888931348324809
2018-09-26 08:00:00,5.053547735421964
2018-09-26 09:00:00,3.5587982808735594
2018-09-26 10:00:00,0.6287611599864069
2018-09-26 11:00:00,1.1108756159442212
2018-09-26 12:00:00,3.6158131265340354
2018-09-26 13:00:00,14.570022648419547
2018-09-26 14:00:00,39.22900842359185
2018-09-26 15:00:00,54.60156521863445
2018-09-26 16:00:00,54.26144322667338
2018-09-26 17:00:00,49.490859254912
2018-09-26 18:00:00,39.042699172797626
2018-09-26 19:00:00,42.94686636819561
2018-09-26 20:00:00,39.93357869881525
2018-09-26 21:00:00,25.089357932441548
2018-09-26 22:00:00,14.96495752579157
2018-09-26 23:00:00,18.916356823282463
2018-09-27 00:00:00,33.49013418007777
2018-09-27 01:00:00,24.180823511240153
2018-09-27 02:00:00,27.52852170652741
2018-09-27 03:00:00,26.37325266775254
2018-09-27 04:00:00,19.046332339741312
2018-09-27 05:00:00,13.48190209014731
2018-09-27 06:00:00,13.695078081024537
2018-09-27 07:00:00,19.7468465415445
2018-09-27 08:00:00,19.725829103940796
2018-09-27 09:00:00,4.391926766155831
2018-09-27 10:00:00,0.5389288584770766
2018-09-27 11:00:00,0.5390333441944648
2018-09-27 12:00:00,0.5389147387855369
2018-09-27 13:00:00,3.5006676576516282
2018-09-27 14:00:00,30.375738618877214
2018-09-27 15:00:00,56.85245243966357
2018-09-27 16:00:00,59.773761399803995
2018-09-27 17:00:00,36.96383511893017
2018-09-27 18:00:00,19.58744785271943
2018-09-27 19:00:00,17.799120286302774
2018-09-27 20:00:00,12.651511514715686
2018-09-27 21:00:00,8.06856884544243
2018-09-27 22:00:00,7.217599045507572
2018-09-27 23:00:00,12.359163278808516
2018-09-28 00:00:00,25.6424795716271
2018-09-28 01:00:00,43.67037024611458
2018-09-28 02:00:00,33.19536751211051
2018-09-28 03:00:00,42.02634068600027
2018-09-28 04:00:00,33.92301302878298
2018-09-28 05:00:00,13.63594259324684
2018-09-28 06:00:00,6.9787996719912195
2018-09-28 07:00:00,3.7226990333466397
2018-09-28 08:00:00,2.1765911041606034
2018-09-28 09:00:00,6.789568966655595
2018-09-28 10:00:00,7.596530890409244
2018-09-28 11:00:00,10.193297481046326
2018-09-28 12:00:00,8.62685492559922
2018-09-28 13:00:00,9.749179549907566
2018-09-28 14:00:00,35.84761093559387
2018-09-28 15:00:00,56.03994621005826
2018-09-28 16:00:00,54.498290473769536
2018-09-28 17:00:00,43.712573219070954
2018-09-28 18:00:00,36.506218847397385
2018-09-28 19:00:00,32.140453452372
2018-09-28 20:00:00,16.315291164981737
2018-09-28 21:00:00,24.912188165958554
2018-09-28 22:00:00,28.892882762245783
2018-09-28 23:00:00,20.10937413446066
2018-09-29 00:00:00,14.466166059300852
2018-09-29 01:00:00,12.513604984467253
2018-09-29 02:00:00,18.962276375799686
2018-09-29 03:00:00,18.67332617921101
2018-09-29 04:00:00,18.14434137330284
2018-09-29 05:00:00,24.983173729119112
2018-09-29 06:00:00,27.238498577169466
2018-09-29 07:00:00,21.79751599999981
2018-09-29 08:00:00,19.34202865949807
2018-09-29 09:00:00,19.216048225046052
2018-09-29 10:00:00,13.824580949277607
2018-09-29 11:00:00,12.533684321059965
2018-09-29 12:00:00,2.503229479743678
2018-09-29 13:00:00,4.572439188877353
2018-09-29 14:00:00,2.8496216652540185
2018-09-29 15:00:00,6.797450996414479
2018-09-29 16:00:00,8.899295136308613
2018-09-29 17:00:00,24.075030174866285
2018-09-29 18:00:00,30.938750881719585
2018-09-29 19:00:00,25.313474057999258
2018-09-29 20:00:00,30.61090477549524
2018-09-29 21:00:00,38.06524319930175
2018-09-29 22:00:00,32.40576195937898
2018-09-29 23:00:00,21.389215015965966
2018-09-30 00:00:00,19.88719194352107
2018-09-30 01:00:00,6.563913054849211
2018-09-30 02:00:00,5.170639536004812
2018-09-30 03:00:00,2.982241415879068
2018-09-30 04:00:00,4.158774269577324
2018-09-30 05:00:00,8.246566189639465
2018-09-30 06:00:00,8.982669271642814
2018-09-30 07:00:00,6.78785876137699
2018-09-30 08:00:00,7.869144389267926
2018-09-30 09:00:00,10.259612939286436
2018-09-30 10:00:00,8.172383606386479
2018-09-30 11:00:00,3.1671104129463985
2018-09-30 12:00:00,0.3668634734439554
2018-09-30 13:00:00,2.7928129840337137
2018-09-30 14:00:00,2.5043509108285282
2018-09-30 15:00:00,6.827697612251324
2018-09-30 16:00:00,17.509122357771055
2018-09-30 17:00:00,23.31210001781195
2018-09-30 18:00:00,21.71204413033661
2018-09-30 19:00:00,16.186801842076438
2018-09-30 20:00:00,9.802253578363239
2018-09-30 21:00:00,10.863371807971943
2018-09-30 22:00:00,13.129968987509367
2018-09-30 23:00:00,15.073781151297824
2018-10-01 00:00:00,22.49181993222522
2018-10-01 01:00:00,27.37581733289773
2018-10-01 02:00:00,25.63391787639778
2018-10-01 03:00:00,7.817010568480225
2018-10-01 04:00:00,10.395159950472301
2018-10-01 05:00:00,0.09274378190502906
2018-10-01 06:00:00,0.04390941674808514
2018-10-01 07:00:00,0.0
2018-10-01 08:00:00,0.16693428912792366
2018-10-01 09:00:00,7.771373884217885
2018-10-01 10:00:00,8.701904813727738
2018-10-01 11:00:00,7.0812695887910175
2018-10-01 12:00:00,9.723382963831845
2018-10-01 13:00:00,19.025049333333236
2018-10-01 14:00:00,37.65143310133625
2018-10-01 15:00:00,69.6724078813948
2018-10-01 16:00:00,51.59458256196356
2018-10-01 17:00:00,38.27724629564406
2018-10-01 18:00:00,36.26431274638785
2018-10-01 19:00:00,36.317062778754824
2018-10-01 20:00:00,34.48812609840278
2018-10-01 21:00:00,29.85501647572442
2018-10-01 22:00:00,33.123160646462615
2018-10-01 23:00:00,27.68392901835446
2018-10-02 00:00:00,22.01522407299028
2018-10-02 01:00:00,27.96231426306328
2018-10-02 02:00:00,40.25192627392457
2018-10-02 03:00:00,36.09387650830951
2018-10-02 04:00:00,27.05374707852724
2018-10-02 05:00:00,13.874628444444417
2018-10-02 06:00:00,6.762010666666603
2018-10-02 07:00:00,7.175520579992703
2018-10-02 08:00:00,9.969896128164011
2018-10-02 09:00:00,8.894802674053041
2018-10-02 10:00:00,3.1994656635167935
2018-10-02 11:00:00,4.030847441294565
2018-10-02 12:00:00,3.3145138703159898
2018-10-02 13:00:00,9.335172888888872
2018-10-02 14:00:00,44.8398794230486
2018-10-02 15:00:00,63.554050560225384
2018-10-02 16:00:00,54.284804572607406
2018-10-02 17:00:00,42.5215621409788
2018-10-02 18:00:00,36.8431973554889
2018-10-02 19:00:00,36.65881789942325
2018-10-02 20:00:00,31.720739747582993
2018-10-02 21:00:00,34.269537414140814
2018-10-02 22:00:00,34.64375965851862
2018-10-02 23:00:00,30.37625401585646
2018-10-03 00:00:00,27.102338545453982
2018-10-03 01:00:00,32.26781839600385
2018-10-03 02:00:00,55.132065965461045
2018-10-03 03:00:00,43.20106861952843
2018-10-03 04:00:00,23.118639809711773
2018-10-03 05:00:00,19.701745580974354
2018-10-03 06:00:00,18.273569686979766
2018-10-03 07:00:00,4.3755024303275025
2018-10-03 08:00:00,0.3865830346474839
2018-10-03 09:00:00,1.2679680677745448
2018-10-03 10:00:00,3.6105773867698
2018-10-03 11:00:00,1.2010203184531811
2018-10-03 12:00:00,3.298834613663457
2018-10-03 13:00:00,5.876009070489813
2018-10-03 14:00:00,23.83254361333832
2018-10-03 15:00:00,62.40103962723911
2018-10-03 16:00:00,57.22029735027641
2018-10-03 17:00:00,45.25425110068304
2018-10-03 18:00:00,34.41435970153052
2018-10-03 19:00:00,20.242005209079657
2018-10-03 20:00:00,27.00391114716908
2018-10-03 21:00:00,35.65975016791466
2018-10-03 22:00:00,20.279051184964782
2018-10-03 23:00:00,13.721427142390093
2018-10-04 00:00:00,31.34732877549605
2018-10-04 01:00:00,32.00866829412391
2018-10-04 02:00:00,51.22179101509706
2018-10-04 03:00:00,24.28598641468431
2018-10-04 04:00:00,12.379021777777734
2018-10-04 05:00:00,9.970306666666637
2018-10-04 06:00:00,7.282559555555542
2018-10-04 07:00:00,4.331275845768619
2018-10-04 08:00:00,3.5504859902246064
2018-10-04 09:00:00,2.614657951124048
2018-10-04 10:00:00,0.11521668295854585
2018-10-04 11:00:00,0.6155471111111115
2018-10-04 12:00:00,3.9236022222222604
2018-10-04 13:00:00,14.704219111111053
2018-10-04 14:00:00,33.514690870859575
2018-10-04 15:00:00,56.1446137608342
2018-10-04 16:00:00,52.64053494384596
2018-10-04 17:00:00,41.41171010665714
2018-10-04 18:00:00,31.840520688605846
2018-10-04 19:00:00,33.46945106288546
2018-10-04 20:00:00,21.735366635819915
2018-10-04 21:00:00,13.517859562071438
2018-10-04 22:00:00,23.460231181491885
2018-10-04 23:00:00,24.15055712218966
2018-10-05 00:00:00,17.60207747192465
2018-10-05 01:00:00,25.195772908007292
2018-10-05 02:00:00,44.29108450353013
2018-10-05 03:00:00,46.76685972846879
2018-10-05 04:00:00,27.45740014814858
2018-10-05 05:00:00,21.42851798501105
2018-10-05 06:00:00,14.880467127185675
2018-10-05 07:00:00,7.774407420875319
2018-10-05 08:00:00,0.5041991953947202
2018-10-05 09:00:00,0.1837226023676769
2018-10-05 10:00:00,0.1838732877157803
2018-10-05 11:00:00,0.8499259028998799
2018-10-05 12:00:00,10.485814040621154
2018-10-05 13:00:00,24.524191851851764
2018-10-05 14:00:00,33.28499738242946
2018-10-05 15:00:00,41.85242956924164
2018-10-05 16:00:00,44.984642351252404
2018-10-05 17:00:00,43.252623131962004
2018-10-05 18:00:00,47.94331050722117
2018-10-05 19:00:00,44.199762117083125
2018-10-05 20:00:00,33.885246722709944
2018-10-05 21:00:00,28.967076997066386
2018-10-05 22:00:00,14.358715946560759
2018-10-05 23:00:00,13.36806288476184
2018-10-06 00:00:00,8.497291523406115
2018-10-06 01:00:00,13.889476723362172
2018-10-06 02:00:00,18.33050809992355
2018-10-06 03:00:00,19.812610591941002
2018-10-06 04:00:00,13.972205368525048
2018-10-06 05:00:00,4.185163199304843
2018-10-06 06:00:00,3.560448788096033
2018-10-06 07:00:00,5.386314407298167
2018-10-06 08:00:00,3.4621465975886982
2018-10-06 09:00:00,1.1667355555555572
2018-10-06 10:00:00,0.0
2018-10-06 11:00:00,0.0
2018-10-06 12:00:00,0.0
2018-10-06 13:00:00,0.0
2018-10-06 14:00:00,3.700614666666667
2018-10-06 15:00:00,30.343224888888862
2018-10-06 16:00:00,28.20293955555548
2018-10-06 17:00:00,16.226755999999977
2018-10-06 18:00:00,19.49357511111106
2018-10-06 19:00:00,42.78151511111079
2018-10-06 20:00:00,44.48366954491111
2018-10-06 21:00:00,32.01127790116234
2018-10-06 22:00:00,24.9098253428915
2018-10-06 23:00:00,27.470487453024624
2018-10-07 00:00:00,30.679036093843077
2018-10-07 01:00:00,21.754379116759534
2018-10-07 02:00:00,19.56784425372105
2018-10-07 03:00:00,8.277495774954108
2018-10-07 04:00:00,10.032957929401412
2018-10-07 05:00:00,10.961893130444087
2018-10-07 06:00:00,6.1335315785814055
2018-10-07 07:00:00,6.720397704789747
2018-10-07 08:00:00,0.8669183134570649
2018-10-07 09:00:00,0.1828980123817944
2018-10-07 10:00:00,0.18306180080364792
2018-10-07 11:00:00,0.1829008363201027
2018-10-07 12:00:00,0.18299120234595256
2018-10-07 13:00:00,0.18327797892898715
2018-10-07 14:00:00,2.0707229898989024
2018-10-07 15:00:00,3.4885558314324987
2018-10-07 16:00:00,10.449210140979956
2018-10-07 17:00:00,13.261226566308586
2018-10-07 18:00:00,17.061105268165655
2018-10-07 19:00:00,19.048604412730736
2018-10-07 20:00:00,19.442359968284855
2018-10-07 21:00:00,9.525335510806952
2018-10-07 22:00:00,11.512831458672641
2018-10-07 23:00:00,30.474948400564692
2018-10-08 00:00:00,34.7258080112946
2018-10-08 01:00:00,46.72155431475915
2018-10-08 02:00:00,29.437736813728716
2018-10-08 03:00:00,14.012767695448858
2018-10-08 04:00:00,8.387992747691875
2018-10-08 05:00:00,3.7272031754099126
2018-10-08 06:00:00,0.6022493437601
2018-10-08 07:00:00,1.8342799500372244
2018-10-08 08:00:00,6.739899478219559
2018-10-08 09:00:00,5.276437949820279
2018-10-08 10:00:00,3.1655173333333173
2018-10-08 11:00:00,0.7096497777777774
2018-10-08 12:00:00,3.0826120000000214
2018-10-08 13:00:00,9.271553777777777
2018-10-08 14:00:00,29.720526413816042
2018-10-08 15:00:00,45.12953132877156
2018-10-08 16:00:00,48.47824875116604
2018-10-08 17:00:00,37.71588042836691
2018-10-08 18:00:00,30.582183216246
2018-10-08 19:00:00,28.56786890800156
2018-10-08 20:00:00,27.115958699249074
2018-10-08 21:00:00,24.763186720972982
2018-10-08 22:00:00,20.392778195286347
2018-10-08 23:00:00,15.223852354948532
2018-10-09 00:00:00,21.070967769740278
2018-10-09 01:00:00,16.886990935158014
2018-10-09 02:00:00,34.139156758554314
2018-10-09 03:00:00,18.42954305724014
2018-10-09 04:00:00,7.6332294992938685
2018-10-09 05:00:00,6.853294449874738
2018-10-09 06:00:00,6.85112284131701
2018-10-09 07:00:00,3.532374063213832
2018-10-09 08:00:00,1.9100864559573525
2018-10-09 09:00:00,1.3545895514278965
2018-10-09 10:00:00,0.1831436950145739
2018-10-09 11:00:00,0.9816707579015058
2018-10-09 12:00:00,5.913889260345318
2018-10-09 13:00:00,12.287372091234825
2018-10-09 14:00:00,32.07568631997497
2018-10-09 15:00:00,52.561274642771615
2018-10-09 16:00:00,48.66553363875302
2018-10-09 17:00:00,45.33399365699978
2018-10-09 18:00:00,39.84583464885394
2018-10-09 19:00:00,37.98273427348709
2018-10-09 20:00:00,30.3782566681872
2018-10-09 21:00:00,19.914086843923013
2018-10-09 22:00:00,17.348627128054112
2018-10-09 23:00:00,15.734820739437577
2018-10-10 00:00:00,20.64784173085725
2018-10-10 01:00:00,22.63049065971888
2018-10-10 02:00:00,37.71585192353883
2018-10-10 03:00:00,35.26311886608128
2018-10-10 04:00:00,19.208449001412824
2018-10-10 05:00:00,12.491167495601042
2018-10-10 06:00:00,4.438635072879232
2018-10-10 07:00:00,0.2592659172367963
2018-10-10 08:00:00,0.1827878787877903
2018-10-10 09:00:00,0.18319452590411484
2018-10-10 10:00:00,0.18288954056687154
2018-10-10 11:00:00,0.18288954056687165
2018-10-10 12:00:00,1.1002248389267664
2018-10-10 13:00:00,6.506141777777718
2018-10-10 14:00:00,25.357202149670357
2018-10-10 15:00:00,53.37267838992132
2018-10-10 16:00:00,59.244935801888516
2018-10-10 17:00:00,45.74474320451634
2018-10-10 18:00:00,39.32148617356239
2018-10-10 19:00:00,38.395398202670826
2018-10-10 20:00:00,25.10648864255275
2018-10-10 21:00:00,19.934550270010092
2018-10-10 22:00:00,20.395047438686046
2018-10-10 23:00:00,7.073945473225608
2018-10-11 00:00:00,18.980244490929493
2018-10-11 01:00:00,30.67931679895635
2018-10-11 02:00:00,24.847806794830024
2018-10-11 03:00:00,20.138631524710732
2018-10-11 04:00:00,15.54820675181993
2018-10-11 05:00:00,9.879394084502076
2018-10-11 06:00:00,7.052989094820623
2018-10-11 07:00:00,1.3552785923751918
2018-10-11 08:00:00,0.35569762137496064
2018-10-11 09:00:00,0.35580493103065847
2018-10-11 10:00:00,0.24010535462140414
2018-10-11 11:00:00,0.9376231940913685
2018-10-11 12:00:00,3.2634439061582916
2018-10-11 13:00:00,12.472463625936648
2018-10-11 14:00:00,25.656097037036876
2018-10-11 15:00:00,49.217523658085796
2018-10-11 16:00:00,44.9947604205488
2018-10-11 17:00:00,37.46153352926979
2018-10-11 18:00:00,36.14344053394013
2018-10-11 19:00:00,30.296874505048862
2018-10-11 20:00:00,11.818184410555979
2018-10-11 21:00:00,14.812309568805302
2018-10-11 22:00:00,10.588066384271524
2018-10-11 23:00:00,11.651689825566343
2018-10-12 00:00:00,17.38498172477407
2018-10-12 01:00:00,14.195822730096408
2018-10-12 02:00:00,35.862290026718746
2018-10-12 03:00:00,46.140796446181184
2018-10-12 04:00:00,26.522819583794885
2018-10-12 05:00:00,10.437179548170006
2018-10-12 06:00:00,5.096496888888872
2018-10-12 07:00:00,2.5099359999999997
2018-10-12 08:00:00,6.578059912675007
2018-10-12 09:00:00,4.230337260345294
2018-10-12 10:00:00,0.07229148778100217
2018-10-12 11:00:00,0.00016177777777777778
2018-10-12 12:00:00,0.0
2018-10-12 13:00:00,7.499954222222241
2018-10-12 14:00:00,28.489393543174817
2018-10-12 15:00:00,45.15072878114488
2018-10-12 16:00:00,45.51839947170565
2018-10-12 17:00:00,40.26393844900549
2018-10-12 18:00:00,37.52599998566168
2018-10-12 19:00:00,31.17960377799395
2018-10-12 20:00:00,30.160758893885248
2018-10-12 21:00:00,28.31309506896788
2018-10-12 22:00:00,15.03438350689484
2018-10-12 23:00:00,3.490975952209015
2018-10-13 00:00:00,12.608946456390846
2018-10-13 01:00:00,18.251918642337237
2018-10-13 02:00:00,26.88623324383582
2018-10-13 03:00:00,17.932033585313928
2018-10-13 04:00:00,20.166326203974133
2018-10-13 05:00:00,27.251264331485054
2018-10-13 06:00:00,22.779035287496942
2018-10-13 07:00:00,9.205443755403323
2018-10-13 08:00:00,8.690446102312158
2018-10-13 09:00:00,2.7807317523622688
2018-10-13 10:00:00,0.3171932225479907
2018-10-13 11:00:00,1.3264721285977412
2018-10-13 12:00:00,0.15445248180729643
2018-10-13 13:00:00,0.350096006516744
2018-10-13 14:00:00,0.9234045799934475
2018-10-13 15:00:00,13.936322245248096
2018-10-13 16:00:00,9.78387176756813
2018-10-13 17:00:00,14.652088023894805
2018-10-13 18:00:00,12.404843909199352
2018-10-13 19:00:00,12.554245150428898
2018-10-13 20:00:00,18.30709671945253
2018-10-13 21:00:00,24.20250215705428
2018-10-13 22:00:00,19.10070933333329
2018-10-13 23:00:00,27.302906222222127
2018-10-14 00:00:00,18.920974222222068
2018-10-14 01:00:00,15.739977787335638
2018-10-14 02:00:00,20.705071111111035
2018-10-14 03:00:00,9.735965777777754
2018-10-14 04:00:00,6.389245777777745
2018-10-14 05:00:00,2.4717160000000007
2018-10-14 06:00:00,1.9399119999999943
2018-10-14 07:00:00,3.022476888888868
2018-10-14 08:00:00,1.919942350818096
2018-10-14 09:00:00,3.439325295970852
2018-10-14 10:00:00,0.7603877484522829
2018-10-14 11:00:00,0.03629325513194712
2018-10-14 12:00:00,0.0
2018-10-14 13:00:00,0.0
2018-10-14 14:00:00,9.31763733333331
2018-10-14 15:00:00,13.232318666666622
2018-10-14 16:00:00,3.314826666666678
2018-10-14 17:00:00,5.49087862452479
2018-10-14 18:00:00,9.617267111111083
2018-10-14 19:00:00,10.105824444444433
2018-10-14 20:00:00,29.010522666666525
2018-10-14 21:00:00,13.792139111111078
2018-10-14 22:00:00,3.891743555555542
2018-10-14 23:00:00,21.39837148343614
2018-10-15 00:00:00,14.918783389594571
2018-10-15 01:00:00,24.109433051808267
2018-10-15 02:00:00,20.95496577777762
2018-10-15 03:00:00,17.431067680677682
2018-10-15 04:00:00,10.690269777777747
2018-10-15 05:00:00,9.48006403519148
2018-10-15 06:00:00,10.063129620508251
2018-10-15 07:00:00,5.043384454872633
2018-10-15 08:00:00,6.99847029434191
2018-10-15 09:00:00,3.043705658738677
2018-10-15 10:00:00,1.8514299137611894
2018-10-15 11:00:00,1.9615413906809211
2018-10-15 12:00:00,0.45301103812307886
2018-10-15 13:00:00,6.4679881968067
2018-10-15 14:00:00,35.59667581709604
2018-10-15 15:00:00,58.814467743672076
2018-10-15 16:00:00,51.03897518496637
2018-10-15 17:00:00,45.50860790615729
2018-10-15 18:00:00,40.997545220374995
2018-10-15 19:00:00,38.31079567111968
2018-10-15 20:00:00,34.09622161181647
2018-10-15 21:00:00,30.51749853719947
2018-10-15 22:00:00,27.614589381990946
2018-10-15 23:00:00,19.90203457456263
2018-10-16 00:00:00,30.79809658042767
2018-10-16 01:00:00,39.05105534745298
2018-10-16 02:00:00,24.339561251656804
2018-10-16 03:00:00,0.0
2018-10-16 04:00:00,0.0
2018-10-16 05:00:00,0.0
2018-10-16 06:00:00,0.0
2018-10-16 07:00:00,0.0
2018-10-16 08:00:00,0.0
2018-10-16 09:00:00,0.0
2018-10-16 10:00:00,0.0
2018-10-16 11:00:00,0.0
2018-10-16 12:00:00,0.0
2018-10-16 13:00:00,0.0
2018-10-16 14:00:00,4.89713210817897
2018-10-16 15:00:00,34.98963065797366
2018-10-16 16:00:00,25.44358059389478
2018-10-16 17:00:00,0.0
2018-10-16 18:00:00,0.0
2018-10-16 19:00:00,0.0
2018-10-16 20:00:00,11.25496269620892
2018-10-16 21:00:00,18.862950976429758
2018-10-16 22:00:00,23.163312644291025
2018-10-16 23:00:00,16.70067189659905
2018-10-17 00:00:00,22.599101964156652
2018-10-17 01:00:00,17.62738873596044
2018-10-17 02:00:00,22.90134223568905
2018-10-17 03:00:00,26.305563950906297
2018-10-17 04:00:00,12.846235887042306
2018-10-17 05:00:00,6.255529096556838
2018-10-17 06:00:00,3.9195905354620293
2018-10-17 07:00:00,3.467054286086561
2018-10-17 08:00:00,2.4244074200054992
2018-10-17 09:00:00,3.6395255783606872
2018-10-17 10:00:00,0.3112883675462175
2018-10-17 11:00:00,0.18305897686534053
2018-10-17 12:00:00,0.9753647681111315
2018-10-17 13:00:00,16.980034771803815
2018-10-17 14:00:00,27.82538197458477
2018-10-17 15:00:00,48.341293916368
2018-10-17 16:00:00,46.12377840556001
2018-10-17 17:00:00,47.29641939784916
2018-10-17 18:00:00,44.05568956837249
2018-10-17 19:00:00,36.73907357097872
2018-10-17 20:00:00,26.59280953361488
2018-10-17 21:00:00,14.502911274465136
2018-10-17 22:00:00,6.625675093297282
2018-10-17 23:00:00,22.13637812577272
2018-10-18 00:00:00,22.288981583143073
2018-10-18 01:00:00,12.492878389920794
2018-10-18 02:00:00,25.494573436298285
2018-10-18 03:00:00,22.27458742174626
2018-10-18 04:00:00,14.336932120345258
2018-10-18 05:00:00,13.186970481592349
2018-10-18 06:00:00,6.61058888063572
2018-10-18 07:00:00,1.4858772672949427
2018-10-18 08:00:00,1.6510183555971687
2018-10-18 09:00:00,0.34477180406193764
2018-10-18 10:00:00,1.8765423104158685
2018-10-18 11:00:00,3.4409006243074773
2018-10-18 12:00:00,3.430812963180073
2018-10-18 13:00:00,4.373199999999984
2018-10-18 14:00:00,20.603170997284813
2018-10-18 15:00:00,46.306367699359775
2018-10-18 16:00:00,54.77771003671118
2018-10-18 17:00:00,40.82600861779063
2018-10-18 18:00:00,27.535299525578317
2018-10-18 19:00:00,19.931880117735894
2018-10-18 20:00:00,15.659201070923721
2018-10-18 21:00:00,15.563673388509521
2018-10-18 22:00:00,19.032008398394215
2018-10-18 23:00:00,16.01474122385154
2018-10-19 00:00:00,22.807668745520054
2018-10-19 01:00:00,28.80388805778355
2018-10-19 02:00:00,27.889142090585423
2018-10-19 03:00:00,19.97496089497464
2018-10-19 04:00:00,12.17324178299182
2018-10-19 05:00:00,3.8697865993264804
2018-10-19 06:00:00,6.812907297490934
2018-10-19 07:00:00,8.89823284414018
2018-10-19 08:00:00,3.5191479956553597
2018-10-19 09:00:00,4.498096307591822
2018-10-19 10:00:00,3.9170396155095735
2018-10-19 11:00:00,0.2113040078200378
2018-10-19 12:00:00,0.18280199847933046
2018-10-19 13:00:00,12.163748724665982
2018-10-19 14:00:00,29.267835214945634
2018-10-19 15:00:00,57.110573498423776
2018-10-19 16:00:00,48.62832310068203
2018-10-19 17:00:00,36.77988502008894
2018-10-19 18:00:00,33.63854917215166
2018-10-19 19:00:00,39.38761189703497
2018-10-19 20:00:00,39.422236294991855
2018-10-19 21:00:00,35.766474381665596
2018-10-19 22:00:00,27.479287370043945
2018-10-19 23:00:00,20.301262515911066
2018-10-20 00:00:00,28.004676692514842
2018-10-20 01:00:00,26.5554693767764
2018-10-20 02:00:00,31.403979638099226
2018-10-20 03:00:00,28.660279369174273
2018-10-20 04:00:00,22.791651384380987
2018-10-20 05:00:00,24.073656108612937
2018-10-20 06:00:00,20.597878473769875
2018-10-20 07:00:00,22.446944271096672
2018-10-20 08:00:00,19.930636732051457
2018-10-20 09:00:00,13.95310247637649
2018-10-20 10:00:00,6.198850067991698
2018-10-20 11:00:00,1.3222801559682944
2018-10-20 12:00:00,0.17272901053547002
2018-10-20 13:00:00,0.1791971056804679
2018-10-20 14:00:00,1.3959863577712683
2018-10-20 15:00:00,3.883764579993498
2018-10-20 16:00:00,1.7310125869447197
2018-10-20 17:00:00,2.9920133663516824
2018-10-20 18:00:00,10.098845544042613
2018-10-20 19:00:00,24.331206364722494
2018-10-20 20:00:00,20.608333913326607
2018-10-20 21:00:00,20.630024210709127
2018-10-20 22:00:00,26.592282795698754
2018-10-20 23:00:00,15.19372634386873
2018-10-21 00:00:00,13.474671260562607
2018-10-21 01:00:00,23.057254795264246
2018-10-21 02:00:00,19.95137136917359
2018-10-21 03:00:00,9.86626223482126
2018-10-21 04:00:00,6.713764573042249
2018-10-21 05:00:00,3.768910699685011
2018-10-21 06:00:00,1.174431691104602
2018-10-21 07:00:00,1.8944083853586666
2018-10-21 08:00:00,3.459582574562773
2018-10-21 09:00:00,0.6016687646356109
2018-10-21 10:00:00,0.18624102443793522
2018-10-21 11:00:00,0.2487814758336126
2018-10-21 12:00:00,0.17272901053546985
2018-10-21 13:00:00,0.1728403132399331
2018-10-21 14:00:00,0.17298881285978768
2018-10-21 15:00:00,0.18746312327577594
2018-10-21 16:00:00,2.627372033018365
2018-10-21 17:00:00,23.334855691104575
2018-10-21 18:00:00,26.75189481611817
2018-10-21 19:00:00,18.09603701053539
2018-10-21 20:00:00,23.03678277310667
2018-10-21 21:00:00,23.08905860410367
2018-10-21 22:00:00,30.684231264906668
2018-10-21 23:00:00,37.07876964526841
2018-10-22 00:00:00,28.34008436797875
2018-10-22 01:00:00,16.915060672965797
2018-10-22 02:00:00,7.425023639839207
2018-10-22 03:00:00,7.16616622222223
2018-10-22 04:00:00,16.78789955555548
2018-10-22 05:00:00,14.331581333333236
2018-10-22 06:00:00,9.197661777777725
2018-10-22 07:00:00,6.393446222222199
2018-10-22 08:00:00,9.265447801886694
2018-10-22 09:00:00,8.820528171605844
2018-10-22 10:00:00,6.369127555555545
2018-10-22 11:00:00,6.153980444444429
2018-10-22 12:00:00,0.576414222222222
2018-10-22 13:00:00,3.090038477680197
2018-10-22 14:00:00,18.665766123601394
2018-10-22 15:00:00,48.95108863125817
2018-10-22 16:00:00,53.39737783642805
2018-10-22 17:00:00,51.35552415423041
2018-10-22 18:00:00,49.291305247746294
2018-10-22 19:00:00,39.495823834906716
2018-10-22 20:00:00,37.247815257520415
2018-10-22 21:00:00,34.77787509677282
2018-10-22 22:00:00,40.318880213314266
2018-10-22 23:00:00,32.064232680350365
2018-10-23 00:00:00,22.37537301748285
2018-10-23 01:00:00,40.31747341196854
2018-10-23 02:00:00,33.59687595872616
2018-10-23 03:00:00,27.45780463777502
2018-10-23 04:00:00,17.87913968458782
2018-10-23 05:00:00,10.509262651895261
2018-10-23 06:00:00,5.9700035351362715
2018-10-23 07:00:00,1.3942065819474
2018-10-23 08:00:00,2.771280335831353
2018-10-23 09:00:00,3.603166525469648
2018-10-23 10:00:00,3.4484374840881764
2018-10-23 11:00:00,1.1981245617465015
2018-10-23 12:00:00,0.39892027891822124
2018-10-23 13:00:00,4.805250949060519
2018-10-23 14:00:00,21.2419692077777
2018-10-23 15:00:00,39.910540445313906
2018-10-23 16:00:00,51.4809068230675
2018-10-23 17:00:00,51.67644416204871
2018-10-23 18:00:00,39.06415325339272
2018-10-23 19:00:00,32.15428619789152
2018-10-23 20:00:00,30.040443579014973
2018-10-23 21:00:00,15.214933273377428
2018-10-23 22:00:00,17.967687212772574
2018-10-23 23:00:00,18.24661724035946
2018-10-24 00:00:00,7.771714106657769
2018-10-24 01:00:00,15.191991327467747
2018-10-24 02:00:00,29.65820376713136
2018-10-24 03:00:00,28.33558293689364
2018-10-24 04:00:00,16.83498520256307
2018-10-24 05:00:00,8.1408773333333
2018-10-24 06:00:00,2.4080391111111137
2018-10-24 07:00:00,0.7904683393060853
2018-10-24 08:00:00,3.4490311719310753
2018-10-24 09:00:00,2.1598186162690927
2018-10-24 10:00:00,0.10598240469203028
2018-10-24 11:00:00,0.017922666666666667
2018-10-24 12:00:00,0.26604355555555553
2018-10-24 13:00:00,2.9967946666666707
2018-10-24 14:00:00,14.779705777777787
2018-10-24 15:00:00,43.09399279721852
2018-10-24 16:00:00,49.17918006560213
2018-10-24 17:00:00,38.26738603497213
2018-10-24 18:00:00,33.0510298803075
2018-10-24 19:00:00,37.39699765482558
2018-10-24 20:00:00,34.74116676789198
2018-10-24 21:00:00,19.48576972868291
2018-10-24 22:00:00,12.28895072922686
2018-10-24 23:00:00,21.54932425285082
2018-10-25 00:00:00,18.855632825024436
2018-10-25 01:00:00,33.008281028781944
2018-10-25 02:00:00,44.14240764201037
2018-10-25 03:00:00,21.473780124687114
2018-10-25 04:00:00,24.393953855979774
2018-10-25 05:00:00,11.352429667426836
2018-10-25 06:00:00,7.221230449440464
2018-10-25 07:00:00,0.34542695774934784
2018-10-25 08:00:00,0.3458590203104428
2018-10-25 09:00:00,0.31485500162901914
2018-10-25 10:00:00,0.16265884652971196
2018-10-25 11:00:00,0.16270402954263735
2018-10-25 12:00:00,0.16261366351678727
2018-10-25 13:00:00,0.18455848810685874
2018-10-25 14:00:00,20.985017479744826
2018-10-25 15:00:00,47.34867927359398
2018-10-25 16:00:00,45.33168250635383
2018-10-25 17:00:00,48.96820540805934
2018-10-25 18:00:00,44.27931295058127
2018-10-25 19:00:00,35.70300627783201
2018-10-25 20:00:00,30.85078439013847
2018-10-25 21:00:00,16.946221821222668
2018-10-25 22:00:00,7.110335527315839
2018-10-25 23:00:00,3.3311566660139533
2018-10-26 00:00:00,3.344302776582534
2018-10-26 01:00:00,12.618913829041718
2018-10-26 02:00:00,24.303602960789465
2018-10-26 03:00:00,15.51608500705856
2018-10-26 04:00:00,7.18661817182545
2018-10-26 05:00:00,3.2535042815249087
2018-10-26 06:00:00,0.2281396502661091
2018-10-26 07:00:00,6.106015089822932
2018-10-26 08:00:00,6.711764033018294
2018-10-26 09:00:00,6.723915185402355
2018-10-26 10:00:00,3.987904026067129
2018-10-26 11:00:00,0.17300575648963465
2018-10-26 12:00:00,0.1734039317910349
2018-10-26 13:00:00,5.719163408276474
2018-10-26 14:00:00,26.521197694363124
2018-10-26 15:00:00,55.466997897684664
2018-10-26 16:00:00,43.2587544216348
2018-10-26 17:00:00,39.344154745301886
2018-10-26 18:00:00,35.10758590594078
2018-10-26 19:00:00,30.559481564895567
2018-10-26 20:00:00,24.289888831975656
2018-10-26 21:00:00,21.58921004887477
2018-10-26 22:00:00,18.344097229933627
2018-10-26 23:00:00,7.5623270333444825
2018-10-27 00:00:00,29.161250983815723
2018-10-27 01:00:00,42.47319756055136
2018-10-27 02:00:00,41.780408964917754
2018-10-27 03:00:00,27.365924444444286
2018-10-27 04:00:00,15.169018222222201
2018-10-27 05:00:00,15.439158222222188
2018-10-27 06:00:00,18.997500888888887
2018-10-27 07:00:00,14.136910666666598
2018-10-27 08:00:00,12.794415111111054
2018-10-27 09:00:00,16.593257777777666
2018-10-27 10:00:00,13.030177333333228
2018-10-27 11:00:00,12.874957333333239
2018-10-27 12:00:00,9.340355555555526
2018-10-27 13:00:00,6.368399555555535
2018-10-27 14:00:00,9.55676799999996
2018-10-27 15:00:00,21.552653777777685
2018-10-27 16:00:00,20.343214666666622
2018-10-27 17:00:00,12.932284444444425
2018-10-27 18:00:00,9.769338222222192
2018-10-27 19:00:00,16.089480659497305
2018-10-27 20:00:00,28.789953644832973
2018-10-27 21:00:00,19.202133895946325
2018-10-27 22:00:00,11.821963111111137
2018-10-27 23:00:00,11.884784273271094
2018-10-28 00:00:00,8.924061047029406
2018-10-28 01:00:00,3.308846666666676
2018-10-28 02:00:00,8.898673333333326
2018-10-28 03:00:00,7.427552888888846
2018-10-28 04:00:00,2.977881548821438
2018-10-28 05:00:00,9.808880553926008
2018-10-28 06:00:00,9.627837400238452
2018-10-28 07:00:00,17.04850656109474
2018-10-28 08:00:00,9.568644603453762
2018-10-28 09:00:00,1.8831667783207529
2018-10-28 10:00:00,0.1830900401867268
2018-10-28 11:00:00,0.18558922558913654
2018-10-28 12:00:00,0.18894124036050655
2018-10-28 13:00:00,0.18599869664377033
2018-10-28 14:00:00,5.210041851199448
2018-10-28 15:00:00,6.552678547192049
2018-10-28 16:00:00,22.643534193548252
2018-10-28 17:00:00,25.699969923318488
2018-10-28 18:00:00,39.1174671528184
2018-10-28 19:00:00,30.423117215597255
2018-10-28 20:00:00,26.37643713826511
2018-10-28 21:00:00,29.24075695058219
2018-10-28 22:00:00,29.468824596069368
2018-10-28 23:00:00,12.560130751819191
2018-10-29 00:00:00,1.0080605178668107
2018-10-29 01:00:00,2.9476604444444297
2018-10-29 02:00:00,2.46204977777778
2018-10-29 03:00:00,10.437364888888878
2018-10-29 04:00:00,11.323340888888845
2018-10-29 05:00:00,6.559002666666669
2018-10-29 06:00:00,0.0
2018-10-29 07:00:00,0.0
2018-10-29 08:00:00,0.0
2018-10-29 09:00:00,0.0
2018-10-29 10:00:00,0.0
2018-10-29 11:00:00,0.0
2018-10-29 12:00:00,0.8616168888888885
2018-10-29 13:00:00,6.072900888888883
2018-10-29 14:00:00,30.271843432172545
2018-10-29 15:00:00,57.25745393982536
2018-10-29 16:00:00,52.41696719322124
2018-10-29 17:00:00,48.495889086129274
2018-10-29 18:00:00,35.39089322428526
2018-10-29 19:00:00,26.26210779319991
2018-10-29 20:00:00,30.020981832083336
2018-10-29 21:00:00,27.59491195394871
2018-10-29 22:00:00,28.45226977343117
2018-10-29 23:00:00,26.290765254696215
2018-10-30 00:00:00,26.676839178452067
2018-10-30 01:00:00,30.955436945801797
2018-10-30 02:00:00,38.4423869434133
2018-10-30 03:00:00,36.78657542696263
2018-10-30 04:00:00,24.566960917126714
2018-10-30 05:00:00,10.049931255783267
2018-10-30 06:00:00,6.548935659823935
2018-10-30 07:00:00,0.35573715651126914
2018-10-30 08:00:00,0.3558392418810967
2018-10-30 09:00:00,0.35608732486143857
2018-10-30 10:00:00,0.3558077549689645
2018-10-30 11:00:00,0.35581057890727236
2018-10-30 12:00:00,0.3558444661669665
2018-10-30 13:00:00,0.27382604713796005
2018-10-30 14:00:00,20.053244316717134
2018-10-30 15:00:00,38.69807040686456
2018-10-30 16:00:00,46.42759729249403
2018-10-30 17:00:00,43.72666813902344
2018-10-30 18:00:00,34.896475253176085
2018-10-30 19:00:00,22.197914017594698
2018-10-30 20:00:00,21.153049744322843
2018-10-30 21:00:00,24.24095432996629
2018-10-30 22:00:00,11.179184395785336
2018-10-30 23:00:00,16.425727541652467
2018-10-31 00:00:00,18.110794076248492
2018-10-31 01:00:00,18.13002427718049
2018-10-31 02:00:00,26.411443699792386
2018-10-31 03:00:00,27.266014331702685
2018-10-31 04:00:00,22.59514485282882
2018-10-31 05:00:00,14.796133157813886
2018-10-31 06:00:00,10.211580510481337
2018-10-31 07:00:00,7.682239524709446
2018-10-31 08:00:00,6.73286274356454
2018-10-31 09:00:00,6.7375163171498595
2018-10-31 10:00:00,1.4685525356792823
2018-10-31 11:00:00,0.1829912023459525
2018-10-31 12:00:00,3.2953657047897464
2018-10-31 13:00:00,11.570657700879678
2018-10-31 14:00:00,22.515456888888792
2018-10-31 15:00:00,49.553193507982456
2018-10-31 16:00:00,53.182788029540724
2018-10-31 17:00:00,36.93525765960653
2018-10-31 18:00:00,17.475830598890806
2018-10-31 19:00:00,16.509966299118773
2018-10-31 20:00:00,5.826691269684684
2018-10-31 21:00:00,5.7816388074279965
2018-10-31 22:00:00,14.484643443465718
2018-10-31 23:00:00,19.30686242120076
2018-11-01 00:00:00,11.630425812968147
2018-11-01 01:00:00,10.269352510481006
2018-11-01 02:00:00,27.823180754208554
2018-11-01 03:00:00,16.94620470815671
2018-11-01 04:00:00,9.339855532095426
2018-11-01 05:00:00,5.622674813076937
2018-11-01 06:00:00,1.5908447711522578
2018-11-01 07:00:00,0.3580556098618904
2018-11-01 08:00:00,0.18268056913209565
2018-11-01 09:00:00,0.1838242641467579
2018-11-01 10:00:00,0.1830307374822628
2018-11-01 11:00:00,0.182787878787792
2018-11-01 12:00:00,0.18190398609745523
2018-11-01 13:00:00,0.4326182726185803
2018-11-01 14:00:00,17.705895169762897
2018-11-01 15:00:00,25.854244762462855
2018-11-01 16:00:00,42.17643304094513
2018-11-01 17:00:00,31.434123999130314
2018-11-01 18:00:00,31.616265275115605
2018-11-01 19:00:00,16.001837265992307
2018-11-01 20:00:00,6.293523898771649
2018-11-01 21:00:00,5.361134224827889
2018-11-01 22:00:00,5.078470843487557
2018-11-01 23:00:00,10.060828251981274
2018-11-02 00:00:00,5.043824396220109
2018-11-02 01:00:00,1.5097260193328983
2018-11-02 02:00:00,7.936270967306387
2018-11-02 03:00:00,10.951006255239855
2018-11-02 04:00:00,3.7629547539912105
2018-11-02 05:00:00,0.0
2018-11-02 06:00:00,0.0
2018-11-02 07:00:00,0.0
2018-11-02 08:00:00,0.0
2018-11-02 09:00:00,0.0
2018-11-02 10:00:00,0.0
2018-11-02 11:00:00,0.0
2018-11-02 12:00:00,0.0
2018-11-02 13:00:00,2.7734604444444266
2018-11-02 14:00:00,15.415862736178921
2018-11-02 15:00:00,31.813970958184342
2018-11-02 16:00:00,46.55043530487682
2018-11-02 17:00:00,42.40446006125722
2018-11-02 18:00:00,29.47426287805152
2018-11-02 19:00:00,19.18510673057747
2018-11-02 20:00:00,13.798055724915114
2018-11-02 21:00:00,10.772286395290777
2018-11-02 22:00:00,8.662345902581459
2018-11-02 23:00:00,4.39144882981101
2018-11-03 00:00:00,5.19675611554431
2018-11-03 01:00:00,6.860333932944973
2018-11-03 02:00:00,6.672275999999997
2018-11-03 03:00:00,7.881891247222237
2018-11-03 04:00:00,9.650698272222229
2018-11-03 05:00:00,13.58074133055552
2018-11-03 06:00:00,13.879626924999956
2018-11-03 07:00:00,14.017172047222193
2018-11-03 08:00:00,11.237573222222192
2018-11-03 09:00:00,6.91802228333331
2018-11-03 10:00:00,6.978979677777751
2018-11-03 11:00:00,4.355944763888892
2018-11-03 12:00:00,0.0
2018-11-03 13:00:00,0.0
2018-11-03 14:00:00,0.806739561111112
2018-11-03 15:00:00,3.9938643944444467
2018-11-03 16:00:00,2.057956111111112
2018-11-03 17:00:00,0.7481802749999996
2018-11-03 18:00:00,0.0
2018-11-03 19:00:00,1.1282014249999992
2018-11-03 20:00:00,0.6956691638888882
2018-11-03 21:00:00,2.7194442944444464
2018-11-03 22:00:00,9.231159016482021
2018-11-03 23:00:00,6.163816156128016
2018-11-04 00:00:00,0.2840412440851292
2018-11-04 01:00:00,5.810011719533141
2018-11-04 02:00:00,7.879206102954016
2018-11-04 03:00:00,3.535264747222222
2018-11-04 04:00:00,2.9115691111111106
2018-11-04 05:00:00,3.79213969376832
2018-11-04 06:00:00,3.8804855722222262
2018-11-04 07:00:00,9.667316238888898
2018-11-04 08:00:00,7.051428008333349
2018-11-04 09:00:00,6.9690971583333665
2018-11-04 10:00:00,7.056539130555563
2018-11-04 11:00:00,1.2062927750000008
2018-11-04 12:00:00,0.0
2018-11-04 13:00:00,0.0
2018-11-04 14:00:00,0.0002294
2018-11-04 15:00:00,0.0050094
2018-11-04 16:00:00,0.0
2018-11-04 17:00:00,2.4910961583333315
2018-11-04 18:00:00,4.9475132027777775
2018-11-04 19:00:00,1.9992525875962255
2018-11-04 20:00:00,3.3764983418702634
2018-11-04 21:00:00,7.3579852785437305
2018-11-04 22:00:00,9.838888430126184
2018-11-04 23:00:00,3.419605191023489
2018-11-05 00:00:00,0.5215305745626735
2018-11-05 01:00:00,2.1954542807482356
2018-11-05 02:00:00,5.810287368029682
2018-11-05 03:00:00,17.866125723870358
2018-11-05 04:00:00,16.18524305816988
2018-11-05 05:00:00,9.237016174192897
2018-11-05 06:00:00,7.388758210182345
2018-11-05 07:00:00,7.357646051509632
2018-11-05 08:00:00,7.355828078546151
2018-11-05 09:00:00,1.8767443285271144
2018-11-05 10:00:00,0.33520712501348243
2018-11-05 11:00:00,0.3359357010968964
2018-11-05 12:00:00,0.3377195844030765
2018-11-05 13:00:00,7.105056280829707
2018-11-05 14:00:00,13.292278751441742
2018-11-05 15:00:00,26.771060915167936
2018-11-05 16:00:00,50.33895970095802
2018-11-05 17:00:00,53.99114500898964
2018-11-05 18:00:00,59.77683638474207
2018-11-05 19:00:00,59.930826741780244
2018-11-05 20:00:00,51.22632219671725
2018-11-05 21:00:00,30.524004759966694
2018-11-05 22:00:00,16.123583152990438
2018-11-05 23:00:00,13.612776108859329
2018-11-06 00:00:00,10.031858639906748
2018-11-06 01:00:00,8.301652563008998
2018-11-06 02:00:00,2.5301364827301445
2018-11-06 03:00:00,8.15793750566106
2018-11-06 04:00:00,5.882975163234272
2018-11-06 05:00:00,9.051352384291658
2018-11-06 06:00:00,14.196036738752916
2018-11-06 07:00:00,15.647208961086458
2018-11-06 08:00:00,13.46854097202936
2018-11-06 09:00:00,6.171362098745408
2018-11-06 10:00:00,0.18907961333757695
2018-11-06 11:00:00,0.16265884652971227
2018-11-06 12:00:00,0.16271814923417577
2018-11-06 13:00:00,0.16265884652971238
2018-11-06 14:00:00,1.4752572631230647
2018-11-06 15:00:00,26.88203682670588
2018-11-06 16:00:00,36.142614298348086
2018-11-06 17:00:00,46.52651677432644
2018-11-06 18:00:00,44.394813640387845
2018-11-06 19:00:00,24.92385386240116
2018-11-06 20:00:00,21.72392147389643
2018-11-06 21:00:00,16.091509528528952
2018-11-06 22:00:00,10.059588411738632
2018-11-06 23:00:00,4.774875161808345
2018-11-07 00:00:00,2.0882480246602158
2018-11-07 01:00:00,4.702966152905131
2018-11-07 02:00:00,5.898648052063521
2018-11-07 03:00:00,5.285888298338123
2018-11-07 04:00:00,13.701024901604661
2018-11-07 05:00:00,3.270762700676015
2018-11-07 06:00:00,0.5508114051101405
2018-11-07 07:00:00,0.16270402954263735
2018-11-07 08:00:00,0.16271532529586866
2018-11-07 09:00:00,0.1627322689257154
2018-11-07 10:00:00,0.16264190289986558
2018-11-07 11:00:00,0.16267296622125121
2018-11-07 12:00:00,0.16262778320832677
2018-11-07 13:00:00,1.8611847217034938
2018-11-07 14:00:00,6.919849420701516
2018-11-07 15:00:00,19.088958728955593
2018-11-07 16:00:00,41.82156489946715
2018-11-07 17:00:00,61.21917691557712
2018-11-07 18:00:00,33.59742135029204
2018-11-07 19:00:00,27.918139164946737
2018-11-07 20:00:00,21.357274483231606
2018-11-07 21:00:00,12.448189227350218
2018-11-07 22:00:00,10.399696885412684
2018-11-07 23:00:00,7.794225046159076
2018-11-08 00:00:00,2.7406914304329475
2018-11-08 01:00:00,0.6757651400562772
2018-11-08 02:00:00,3.6187858109236233
2018-11-08 03:00:00,19.859380425496802
2018-11-08 04:00:00,19.690065115580456
2018-11-08 05:00:00,10.32461284488693
2018-11-08 06:00:00,3.181196743999027
2018-11-08 07:00:00,0.16271814923417643
2018-11-08 08:00:00,3.710588415653748
2018-11-08 09:00:00,10.553416166614962
2018-11-08 10:00:00,7.752408618751933
2018-11-08 11:00:00,6.863727148987084
2018-11-08 12:00:00,6.994517898346277
2018-11-08 13:00:00,7.01703181319638
2018-11-08 14:00:00,7.213196994072347
2018-11-08 15:00:00,27.347478563169144
2018-11-08 16:00:00,46.05392983655106
2018-11-08 17:00:00,60.3822019335906
2018-11-08 18:00:00,61.0428148073876
2018-11-08 19:00:00,42.82304090471368
2018-11-08 20:00:00,23.25488698821468
2018-11-08 21:00:00,7.783458268289314
2018-11-08 22:00:00,5.074585924786958
2018-11-08 23:00:00,9.788170427198219
2018-11-09 00:00:00,12.585343085112825
2018-11-09 01:00:00,11.283161607105244
2018-11-09 02:00:00,13.743005078847409
2018-11-09 03:00:00,20.125195212512327
2018-11-09 04:00:00,18.22454528401232
2018-11-09 05:00:00,9.222162810790913
2018-11-09 06:00:00,2.294084732648884
2018-11-09 07:00:00,3.6196523746495366
2018-11-09 08:00:00,3.6191353435672013
2018-11-09 09:00:00,3.5696650037632462
2018-11-09 10:00:00,1.3573284511728316
2018-11-09 11:00:00,0.46303757362857
2018-11-09 12:00:00,0.34557945041796967
2018-11-09 13:00:00,0.6774941473469365
2018-11-09 14:00:00,0.6514999495682784
2018-11-09 15:00:00,18.38006488483003
2018-11-09 16:00:00,41.72421373660274
2018-11-09 17:00:00,53.06505076667737
2018-11-09 18:00:00,44.92349245344549
2018-11-09 19:00:00,21.73459546527475
2018-11-09 20:00:00,7.181119729992187
2018-11-09 21:00:00,17.572443494172667
2018-11-09 22:00:00,18.902943810436582
2018-11-09 23:00:00,11.136084737282808
2018-11-10 00:00:00,10.516581359657694
2018-11-10 01:00:00,13.08243827282206
2018-11-10 02:00:00,0.108348864993958
2018-11-10 03:00:00,0.0
2018-11-10 04:00:00,0.8912425055555557
2018-11-10 05:00:00,0.34483002222222225
2018-11-10 06:00:00,1.1679954198672586
2018-11-10 07:00:00,1.055314217443481
2018-11-10 08:00:00,5.987713026124046
2018-11-10 09:00:00,7.009611614157603
2018-11-10 10:00:00,6.974426001778483
2018-11-10 11:00:00,6.552509916666677
2018-11-10 12:00:00,6.880302149999988
2018-11-10 13:00:00,6.9577126888889085
2018-11-10 14:00:00,6.665338027777774
2018-11-10 15:00:00,0.7280966027777778
2018-11-10 16:00:00,3.3817562694444394
2018-11-10 17:00:00,1.991696969802859
2018-11-10 18:00:00,9.48797811962924
2018-11-10 19:00:00,16.88719424904142
2018-11-10 20:00:00,18.145312960103585
2018-11-10 21:00:00,19.518073287813348
2018-11-10 22:00:00,15.294245165849173
2018-11-10 23:00:00,14.135553538505887
2018-11-11 00:00:00,19.486988852085293
2018-11-11 01:00:00,10.324168187941126
2018-11-11 02:00:00,6.520497338888886
2018-11-11 03:00:00,8.149562986111107
2018-11-11 04:00:00,3.594050458333334
2018-11-11 05:00:00,3.597792424999998
2018-11-11 06:00:00,4.413595000000002
2018-11-11 07:00:00,2.270130038888889
2018-11-11 08:00:00,0.6768751273347605
2018-11-11 09:00:00,3.4611289236417853
2018-11-11 10:00:00,1.788482024546733
2018-11-11 11:00:00,0.0
2018-11-11 12:00:00,0.0
2018-11-11 13:00:00,0.0
2018-11-11 14:00:00,0.5140929222222224
2018-11-11 15:00:00,1.9582440555555607
2018-11-11 16:00:00,1.0272915222222214
2018-11-11 17:00:00,3.4556976888888844
2018-11-11 18:00:00,4.607919944444451
2018-11-11 19:00:00,6.946713027777789
2018-11-11 20:00:00,7.026631605555551
2018-11-11 21:00:00,9.959378091666682
2018-11-11 22:00:00,5.348970433322469
2018-11-11 23:00:00,1.093171515987706
2018-11-12 00:00:00,1.3499526447260124
2018-11-12 01:00:00,1.2310196949005299
2018-11-12 02:00:00,7.040636854290152
2018-11-12 03:00:00,8.595171263888878
2018-11-12 04:00:00,3.2590828194444383
2018-11-12 05:00:00,3.2511741749999894
2018-11-12 06:00:00,0.8846733277777781
2018-11-12 07:00:00,0.0
2018-11-12 08:00:00,0.0
2018-11-12 09:00:00,0.0
2018-11-12 10:00:00,0.0
2018-11-12 11:00:00,0.0
2018-11-12 12:00:00,0.0
2018-11-12 13:00:00,0.012425072222222222
2018-11-12 14:00:00,3.490162791715613
2018-11-12 15:00:00,17.686254887738563
2018-11-12 16:00:00,38.27155650574072
2018-11-12 17:00:00,49.712516164308894
2018-11-12 18:00:00,46.957358587644215
2018-11-12 19:00:00,42.54399788361953
2018-11-12 20:00:00,23.5465957554667
2018-11-12 21:00:00,20.78158857410904
2018-11-12 22:00:00,17.982036226079376
2018-11-12 23:00:00,9.934267126003562
2018-11-13 00:00:00,11.733491174353613
2018-11-13 01:00:00,9.452931125701118
2018-11-13 02:00:00,5.684940036904552
2018-11-13 03:00:00,7.155527583995797
2018-11-13 04:00:00,1.7976277472222217
2018-11-13 05:00:00,0.1480773972222226
2018-11-13 06:00:00,0.2834667305555556
2018-11-13 07:00:00,0.6190057249999994
2018-11-13 08:00:00,0.0
2018-11-13 09:00:00,0.0
2018-11-13 10:00:00,0.0
2018-11-13 11:00:00,0.0
2018-11-13 12:00:00,0.0
2018-11-13 13:00:00,0.0
2018-11-13 14:00:00,8.28708111111111
2018-11-13 15:00:00,27.97790453658188
2018-11-13 16:00:00,25.975013154778917
2018-11-13 17:00:00,49.68716347299728
2018-11-13 18:00:00,47.19546276372082
2018-11-13 19:00:00,26.30288972965966
2018-11-13 20:00:00,20.104268300110807
2018-11-13 21:00:00,17.46189872097017
2018-11-13 22:00:00,13.79340457494551
2018-11-13 23:00:00,16.69166876953029
2018-11-14 00:00:00,14.568625114924462
2018-11-14 01:00:00,25.721254289765433
2018-11-14 02:00:00,27.96477607124454
2018-11-14 03:00:00,15.58430846200443
2018-11-14 04:00:00,10.378898500000004
2018-11-14 05:00:00,5.8312662805555515
2018-11-14 06:00:00,3.621917719444446
2018-11-14 07:00:00,6.9319040694444425
2018-11-14 08:00:00,7.778468450808571
2018-11-14 09:00:00,7.108850704548096
2018-11-14 10:00:00,6.967811872824962
2018-11-14 11:00:00,0.0912922776148135
2018-11-14 12:00:00,0.0
2018-11-14 13:00:00,0.0
2018-11-14 14:00:00,6.482003494444444
2018-11-14 15:00:00,18.1328605228061
2018-11-14 16:00:00,22.090824472566112
2018-11-14 17:00:00,29.436094068365772
2018-11-14 18:00:00,26.77549635185548
2018-11-14 19:00:00,17.079381144006284
2018-11-14 20:00:00,18.730774764374342
2018-11-14 21:00:00,9.215897680567963
2018-11-14 22:00:00,2.7406236776054254
2018-11-14 23:00:00,5.555350430953466
2018-11-15 00:00:00,7.760338727570174
2018-11-15 01:00:00,10.643503500637829
2018-11-15 02:00:00,14.26356740440408
2018-11-15 03:00:00,11.19250749558213
2018-11-15 04:00:00,9.002892619444468
2018-11-15 05:00:00,6.98788440555554
2018-11-15 06:00:00,6.883691013888906
2018-11-15 07:00:00,6.864802161111108
2018-11-15 08:00:00,2.4064360222222216
2018-11-15 09:00:00,0.0
2018-11-15 10:00:00,0.0
2018-11-15 11:00:00,0.0
2018-11-15 12:00:00,0.0
2018-11-15 13:00:00,0.0
2018-11-15 14:00:00,7.324420854331321
2018-11-15 15:00:00,13.704574855221725
2018-11-15 16:00:00,43.029574316820415
2018-11-15 17:00:00,59.708539780151774
2018-11-15 18:00:00,45.590988537934244
2018-11-15 19:00:00,45.92242099570922
2018-11-15 20:00:00,41.09697816377906
2018-11-15 21:00:00,33.60736701176738
2018-11-15 22:00:00,17.116068138577948
2018-11-15 23:00:00,17.84841059108746
2018-11-16 00:00:00,5.325571389086763
2018-11-16 01:00:00,0.5613113876640797
2018-11-16 02:00:00,0.9438210392473038
2018-11-16 03:00:00,2.7678116111111115
2018-11-16 04:00:00,15.297247397222222
2018-11-16 05:00:00,15.045158299999995
2018-11-16 06:00:00,6.908172383333339
2018-11-16 07:00:00,3.254536286111117
2018-11-16 08:00:00,3.2659131805555575
2018-11-16 09:00:00,0.6365150972222227
2018-11-16 10:00:00,0.0
2018-11-16 11:00:00,0.0
2018-11-16 12:00:00,0.0
2018-11-16 13:00:00,0.0
2018-11-16 14:00:00,1.5877690694444435
2018-11-16 15:00:00,20.206862533544953
2018-11-16 16:00:00,32.99898627740109
2018-11-16 17:00:00,41.36372750126653
2018-11-16 18:00:00,37.78072403944183
2018-11-16 19:00:00,21.532721802717276
2018-11-16 20:00:00,25.85398549021259
2018-11-16 21:00:00,19.791011470607092
2018-11-16 22:00:00,14.341145331478703
2018-11-16 23:00:00,2.4259324427058826
2018-11-17 00:00:00,1.5583046139837684
2018-11-17 01:00:00,8.953913552397575
2018-11-17 02:00:00,7.974790092328951
2018-11-17 03:00:00,7.316847198199579
2018-11-17 04:00:00,7.070424350570129
2018-11-17 05:00:00,7.088451334677337
2018-11-17 06:00:00,1.1231972750623638
2018-11-17 07:00:00,0.18304203323549312
2018-11-17 08:00:00,0.18309286412503342
2018-11-17 09:00:00,0.18283870967733043
2018-11-17 10:00:00,0.18309286412503326
2018-11-17 11:00:00,0.032735092864109194
2018-11-17 12:00:00,0.0
2018-11-17 13:00:00,0.0
2018-11-17 14:00:00,1.4139430867817209
2018-11-17 15:00:00,6.669727164112968
2018-11-17 16:00:00,6.681807972193414
2018-11-17 17:00:00,7.739972476836382
2018-11-17 18:00:00,16.159794140968764
2018-11-17 19:00:00,15.394542655286603
2018-11-17 20:00:00,6.339952630438716
2018-11-17 21:00:00,7.049251737761964
2018-11-17 22:00:00,6.506699541454796
2018-11-17 23:00:00,10.47678891205326
2018-11-18 00:00:00,10.794603188204555
2018-11-18 01:00:00,7.590657008360431
2018-11-18 02:00:00,6.9870628161235055
2018-11-18 03:00:00,6.952753886871368
2018-11-18 04:00:00,6.864757773634134
2018-11-18 05:00:00,6.943742255617925
2018-11-18 06:00:00,16.51293475059191
2018-11-18 07:00:00,14.71244398936942
2018-11-18 08:00:00,2.9630000911968577
2018-11-18 09:00:00,0.15893971977836327
2018-11-18 10:00:00,0.15698837840768542
2018-11-18 11:00:00,0.15864603019435342
2018-11-18 12:00:00,0.16083458238288514
2018-11-18 13:00:00,0.15922493754744765
2018-11-18 14:00:00,0.16001281633532016
2018-11-18 15:00:00,2.346100210535393
2018-11-18 16:00:00,1.8783876751981585
2018-11-18 17:00:00,3.792158145443599
2018-11-18 18:00:00,3.889227099375394
2018-11-18 19:00:00,3.7902577665878474
2018-11-18 20:00:00,2.0286095967251985
2018-11-18 21:00:00,10.01288693895052
2018-11-18 22:00:00,2.2109535373301616
2018-11-18 23:00:00,18.943248166873435
2018-11-19 00:00:00,20.267185633657284
2018-11-19 01:00:00,18.259956415265314
2018-11-19 02:00:00,15.147850494194419
2018-11-19 03:00:00,20.15675845211228
2018-11-19 04:00:00,12.016638059739773
2018-11-19 05:00:00,7.04575789512047
2018-11-19 06:00:00,7.7306879391250245
2018-11-19 07:00:00,5.767801965813965
2018-11-19 08:00:00,0.1830928641250333
2018-11-19 09:00:00,0.18288954056687096
2018-11-19 10:00:00,0.1830928641250334
2018-11-19 11:00:00,0.18288954056687126
2018-11-19 12:00:00,0.18309286412503345
2018-11-19 13:00:00,0.1828895405668712
2018-11-19 14:00:00,0.18304203323549284
2018-11-19 15:00:00,8.179211897425878
2018-11-19 16:00:00,20.279379137782026
2018-11-19 17:00:00,33.69418569203553
2018-11-19 18:00:00,34.79382179300943
2018-11-19 19:00:00,32.81783910291295
2018-11-19 20:00:00,22.088789654441932
2018-11-19 21:00:00,20.218562198803458
2018-11-19 22:00:00,15.581884657823819
2018-11-19 23:00:00,7.698614828478776
2018-11-20 00:00:00,7.288449540242252
2018-11-20 01:00:00,1.680799608991975
2018-11-20 02:00:00,5.5668996561497295
2018-11-20 03:00:00,18.2465792391467
2018-11-20 04:00:00,15.488018131828907
2018-11-20 05:00:00,15.354234248758942
2018-11-20 06:00:00,0.6507689540103901
2018-11-20 07:00:00,5.227890074568176
2018-11-20 08:00:00,0.18314369501457375
2018-11-20 09:00:00,0.18283870967733087
2018-11-20 10:00:00,0.18300249809918365
2018-11-20 11:00:00,0.19687596901261867
2018-11-20 12:00:00,0.1830420332354929
2018-11-20 13:00:00,0.3756411745681746
2018-11-20 14:00:00,9.876480888791065
2018-11-20 15:00:00,18.077394124071443
2018-11-20 16:00:00,40.78466122388542
2018-11-20 17:00:00,46.29891408626341
2018-11-20 18:00:00,56.467086864003555
2018-11-20 19:00:00,46.81230373673222
2018-11-20 20:00:00,26.48404005394358
2018-11-20 21:00:00,9.166736929689344
2018-11-20 22:00:00,4.402497194478661
2018-11-20 23:00:00,11.626256113759558
2018-11-21 00:00:00,10.19386326469167
2018-11-21 01:00:00,7.009897232160034
2018-11-21 02:00:00,1.7066632499999987
2018-11-21 03:00:00,0.005490208333333333
2018-11-21 04:00:00,0.0
2018-11-21 05:00:00,1.1425651450472474
2018-11-21 06:00:00,6.271535458333335
2018-11-21 07:00:00,0.4509227666666668
2018-11-21 08:00:00,3.215914744444442
2018-11-21 09:00:00,6.952005383333335
2018-11-21 10:00:00,6.922985027777775
2018-11-21 11:00:00,6.941783299999969
2018-11-21 12:00:00,6.911257447222201
2018-11-21 13:00:00,7.604323836111105
2018-11-21 14:00:00,6.905587183333325
2018-11-21 15:00:00,7.669275186111116
2018-11-21 16:00:00,21.879487347222256
2018-11-21 17:00:00,31.762840855555524
2018-11-21 18:00:00,28.037418716666686
2018-11-21 19:00:00,21.520973516666675
2018-11-21 20:00:00,14.496973808333339
2018-11-21 21:00:00,6.048289530555559
2018-11-21 22:00:00,1.1112861416666682
2018-11-21 23:00:00,4.4191619194444405
2018-11-22 00:00:00,6.693700486111107
2018-11-22 01:00:00,9.370584266666643
2018-11-22 02:00:00,6.95871855000002
2018-11-22 03:00:00,4.0631544083333315
2018-11-22 04:00:00,6.894097130555574
2018-11-22 05:00:00,6.830984255555554
2018-11-22 06:00:00,1.084982136111111
2018-11-22 07:00:00,0.0
2018-11-22 08:00:00,0.0
2018-11-22 09:00:00,0.0
2018-11-22 10:00:00,0.0
2018-11-22 11:00:00,0.0
2018-11-22 12:00:00,0.0
2018-11-22 13:00:00,0.0
2018-11-22 14:00:00,0.0
2018-11-22 15:00:00,1.5652853444444417
2018-11-22 16:00:00,0.7596444944444443
2018-11-22 17:00:00,0.4002621388888892
2018-11-22 18:00:00,8.048005555555573
2018-11-22 19:00:00,15.904631880555556
2018-11-22 20:00:00,13.31951666944445
2018-11-22 21:00:00,6.462883402777789
2018-11-22 22:00:00,4.758023913888895
2018-11-22 23:00:00,3.5529755138888928
2018-11-23 00:00:00,3.548121947222227
2018-11-23 01:00:00,1.9708212638888893
2018-11-23 02:00:00,0.0
2018-11-23 03:00:00,0.0
2018-11-23 04:00:00,0.0
2018-11-23 05:00:00,0.0
2018-11-23 06:00:00,0.0
2018-11-23 07:00:00,0.0
2018-11-23 08:00:00,0.0
2018-11-23 09:00:00,0.0
2018-11-23 10:00:00,0.0
2018-11-23 11:00:00,0.0
2018-11-23 12:00:00,0.0
2018-11-23 13:00:00,0.0
2018-11-23 14:00:00,0.0
2018-11-23 15:00:00,0.0
2018-11-23 16:00:00,0.0
2018-11-23 17:00:00,0.0
2018-11-23 18:00:00,0.0
2018-11-23 19:00:00,0.0
2018-11-23 20:00:00,0.0
2018-11-23 21:00:00,0.055350666666666666
2018-11-23 22:00:00,0.0
2018-11-23 23:00:00,0.0
2018-11-24 00:00:00,0.276414152777778
2018-11-24 01:00:00,0.6625140361111107
2018-11-24 02:00:00,0.00017702222222222222
2018-11-24 03:00:00,0.0
2018-11-24 04:00:00,0.0
2018-11-24 05:00:00,0.0
2018-11-24 06:00:00,0.0
2018-11-24 07:00:00,0.0
2018-11-24 08:00:00,0.0
2018-11-24 09:00:00,0.001186711111111111
2018-11-24 10:00:00,0.0
2018-11-24 11:00:00,0.0
2018-11-24 12:00:00,0.00010066666666666668
2018-11-24 13:00:00,0.0
2018-11-24 14:00:00,0.0012863333333333336
2018-11-24 15:00:00,2.0761655055555557
2018-11-24 16:00:00,3.4674647666666774
2018-11-24 17:00:00,3.2329368527777897
2018-11-24 18:00:00,5.355056661111112
2018-11-24 19:00:00,9.816541224999996
2018-11-24 20:00:00,10.359131561111111
2018-11-24 21:00:00,6.888583736111117
2018-11-24 22:00:00,14.141191088888888
2018-11-24 23:00:00,20.533106066666623
2018-11-25 00:00:00,18.483508611111066
2018-11-25 01:00:00,17.210288511111102
2018-11-25 02:00:00,13.45416408055559
2018-11-25 03:00:00,14.44278917500002
2018-11-25 04:00:00,20.87218478055554
2018-11-25 05:00:00,10.35987044722221
2018-11-25 06:00:00,6.5406918555555595
2018-11-25 07:00:00,6.476899088888909
2018-11-25 08:00:00,6.789448511111121
2018-11-25 09:00:00,6.79942445833333
2018-11-25 10:00:00,6.727628622222222
2018-11-25 11:00:00,6.811145108333328
2018-11-25 12:00:00,3.9506127888888876
2018-11-25 13:00:00,0.04070961944444446
2018-11-25 14:00:00,0.003979225
2018-11-25 15:00:00,0.0037966416666666667
2018-11-25 16:00:00,0.7073936166666668
2018-11-25 17:00:00,0.19513131944444442
2018-11-25 18:00:00,0.0030651666666666657
2018-11-25 19:00:00,0.002874908333333333
2018-11-25 20:00:00,0.003599691666666667
2018-11-25 21:00:00,1.271114875
2018-11-25 22:00:00,7.555803949999978
2018-11-25 23:00:00,0.8016540527777779
2018-11-26 00:00:00,5.863932886111103
2018-11-26 01:00:00,3.8934446682360737
2018-11-26 02:00:00,4.4848283211823095
2018-11-26 03:00:00,6.260875333333335
2018-11-26 04:00:00,5.087326261111103
2018-11-26 05:00:00,4.473501344444448
2018-11-26 06:00:00,2.8361697583333307
2018-11-26 07:00:00,3.146306933333327
2018-11-26 08:00:00,6.4083169888888944
2018-11-26 09:00:00,6.634803161111119
2018-11-26 10:00:00,7.072775430555553
2018-11-26 11:00:00,7.148119222222248
2018-11-26 12:00:00,7.376933588888888
2018-11-26 13:00:00,2.533352216666667
2018-11-26 14:00:00,8.144904999999964
2018-11-26 15:00:00,25.60203773326068
2018-11-26 16:00:00,45.53232108960483
2018-11-26 17:00:00,62.06618137795915
2018-11-26 18:00:00,53.320676310346705
2018-11-26 19:00:00,41.72803945529356
2018-11-26 20:00:00,29.37164167990573
2018-11-26 21:00:00,31.84898253656217
2018-11-26 22:00:00,33.34984521896523
2018-11-26 23:00:00,20.567603631401038
2018-11-27 00:00:00,12.673247266287758
2018-11-27 01:00:00,7.407683041822918
2018-11-27 02:00:00,10.2356746738559
2018-11-27 03:00:00,8.472701277571426
2018-11-27 04:00:00,0.0
2018-11-27 05:00:00,0.9083887638888904
2018-11-27 06:00:00,0.0
2018-11-27 07:00:00,0.0
2018-11-27 08:00:00,3.090709660042663
2018-11-27 09:00:00,2.4065665515374133
2018-11-27 10:00:00,0.0
2018-11-27 11:00:00,0.0
2018-11-27 12:00:00,0.0
2018-11-27 13:00:00,0.0
2018-11-27 14:00:00,6.988941380555534
2018-11-27 15:00:00,13.79754254444443
2018-11-27 16:00:00,26.496627570133494
2018-11-27 17:00:00,42.43950765181147
2018-11-27 18:00:00,39.61194287148032
2018-11-27 19:00:00,28.871703178615366
2018-11-27 20:00:00,29.495510541719273
2018-11-27 21:00:00,28.95708813076725
2018-11-27 22:00:00,20.505770619601137
2018-11-27 23:00:00,16.90873410949212
2018-11-28 00:00:00,18.689011483966695
2018-11-28 01:00:00,22.373371897412287
2018-11-28 02:00:00,16.24997007238498
2018-11-28 03:00:00,14.206039457766998
2018-11-28 04:00:00,2.8531064361111094
2018-11-28 05:00:00,1.1757827749999994
2018-11-28 06:00:00,3.721426358333332
2018-11-28 07:00:00,0.0
2018-11-28 08:00:00,0.0
2018-11-28 09:00:00,0.7207232757690045
2018-11-28 10:00:00,1.8610629998918784
2018-11-28 11:00:00,0.0
2018-11-28 12:00:00,0.0
2018-11-28 13:00:00,0.0
2018-11-28 14:00:00,1.8272771529119272
2018-11-28 15:00:00,8.70577594870269
2018-11-28 16:00:00,27.427728267346644
2018-11-28 17:00:00,60.83759432689582
2018-11-28 18:00:00,54.30129345107485
2018-11-28 19:00:00,33.91502891830429
2018-11-28 20:00:00,22.946655341451773
2018-11-28 21:00:00,22.422289650946748
2018-11-28 22:00:00,11.938762090481251
2018-11-28 23:00:00,6.909514684455452
2018-11-29 00:00:00,11.036193577427774
2018-11-29 01:00:00,9.710305179050227
2018-11-29 02:00:00,1.2967410208036396
2018-11-29 03:00:00,8.592837688274084
2018-11-29 04:00:00,13.868057036669473
2018-11-29 05:00:00,7.239255773125528
2018-11-29 06:00:00,6.837770473646868
2018-11-29 07:00:00,6.912464026223716
2018-11-29 08:00:00,6.846071830383591
2018-11-29 09:00:00,6.819681159757962
2018-11-29 10:00:00,6.868668614814547
2018-11-29 11:00:00,3.9448494777777787
2018-11-29 12:00:00,0.0
2018-11-29 13:00:00,0.0
2018-11-29 14:00:00,4.421272172222219
2018-11-29 15:00:00,11.047752402193671
2018-11-29 16:00:00,17.648068880324274
2018-11-29 17:00:00,41.29439143769702
2018-11-29 18:00:00,50.61729937329785
2018-11-29 19:00:00,42.158522546778954
2018-11-29 20:00:00,34.950758575544086
2018-11-29 21:00:00,34.93237963436323
2018-11-29 22:00:00,18.813341541000643
2018-11-29 23:00:00,15.267361640012156
2018-11-30 00:00:00,13.506499552896187
2018-11-30 01:00:00,5.776677373028118
2018-11-30 02:00:00,5.239777577139611
2018-11-30 03:00:00,9.619942328331705
2018-11-30 04:00:00,5.484319223028682
2018-11-30 05:00:00,2.2847683972222192
2018-11-30 06:00:00,0.0
2018-11-30 07:00:00,5.013119877777783
2018-11-30 08:00:00,0.10455041944444446
2018-11-30 09:00:00,1.2856627522536639
2018-11-30 10:00:00,3.254536035622122
2018-11-30 11:00:00,1.346948990983079
2018-11-30 12:00:00,0.0
2018-11-30 13:00:00,0.0
2018-11-30 14:00:00,3.0270350638888823
2018-11-30 15:00:00,7.754248028407494
2018-11-30 16:00:00,33.350732470824525
2018-11-30 17:00:00,58.91394314778987
2018-11-30 18:00:00,46.830921157355455
2018-11-30 19:00:00,42.57857894409119
2018-11-30 20:00:00,32.440043515383906
2018-11-30 21:00:00,29.660115871095016
2018-11-30 22:00:00,21.789092736093
2018-11-30 23:00:00,13.862865863724288
2018-12-01 00:00:00,2.139582636718017
2018-12-01 01:00:00,3.637782606793029
2018-12-01 02:00:00,7.243552304124448
2018-12-01 03:00:00,3.759324044126676
2018-12-01 04:00:00,0.0
2018-12-01 05:00:00,0.0
2018-12-01 06:00:00,0.0
2018-12-01 07:00:00,0.0
2018-12-01 08:00:00,0.7144198194444461
2018-12-01 09:00:00,0.0
2018-12-01 10:00:00,0.5493097686538114
2018-12-01 11:00:00,0.7972886021494401
2018-12-01 12:00:00,0.19223677636581232
2018-12-01 13:00:00,0.8654213098732336
2018-12-01 14:00:00,0.0
2018-12-01 15:00:00,0.7870433277777779
2018-12-01 16:00:00,4.523059616666667
2018-12-01 17:00:00,0.8252706
2018-12-01 18:00:00,6.485890938888892
2018-12-01 19:00:00,11.606911748519646
2018-12-01 20:00:00,9.276981703597706
2018-12-01 21:00:00,7.699713355555571
2018-12-01 22:00:00,13.205083452335213
2018-12-01 23:00:00,17.52615393009879
2018-12-02 00:00:00,21.28703007222222
2018-12-02 01:00:00,24.773044232173362
2018-12-02 02:00:00,21.782398202546524
2018-12-02 03:00:00,17.930520851884722
2018-12-02 04:00:00,9.274775556310027
2018-12-02 05:00:00,3.7299083219290226
2018-12-02 06:00:00,0.0
2018-12-02 07:00:00,4.778158608417573
2018-12-02 08:00:00,6.807985734776555
2018-12-02 09:00:00,5.225944017282941
2018-12-02 10:00:00,3.552987258333329
2018-12-02 11:00:00,2.3960431777777758
2018-12-02 12:00:00,0.0
2018-12-02 13:00:00,0.0
2018-12-02 14:00:00,0.0
2018-12-02 15:00:00,1.9726130091587881
2018-12-02 16:00:00,0.3670527638888889
2018-12-02 17:00:00,7.241323594891988
2018-12-02 18:00:00,9.694055252583027
2018-12-02 19:00:00,3.420560112955994
2018-12-02 20:00:00,6.185877102609123
2018-12-02 21:00:00,3.716434966666669
2018-12-02 22:00:00,0.003474766666666667
2018-12-02 23:00:00,0.9975879194444444
2018-12-03 00:00:00,2.9838360777777746
2018-12-03 01:00:00,0.579614927777777
2018-12-03 02:00:00,0.2856636416666667
2018-12-03 03:00:00,5.399209986111111
2018-12-03 04:00:00,6.777490055072246
2018-12-03 05:00:00,10.959081458319506
2018-12-03 06:00:00,6.3756773585300985
2018-12-03 07:00:00,0.5296605799934723
2018-12-03 08:00:00,0.0
2018-12-03 09:00:00,3.211276011731825
2018-12-03 10:00:00,2.2609796546128065
2018-12-03 11:00:00,0.0
2018-12-03 12:00:00,0.0
2018-12-03 13:00:00,0.0
2018-12-03 14:00:00,0.6135166373411455
2018-12-03 15:00:00,14.292605686977964
2018-12-03 16:00:00,35.63365728677711
2018-12-03 17:00:00,39.94047724073674
2018-12-03 18:00:00,41.44375890084382
2018-12-03 19:00:00,43.972100267131225
2018-12-03 20:00:00,36.31453849785088
2018-12-03 21:00:00,35.071662331070726
2018-12-03 22:00:00,34.06195117237607
2018-12-03 23:00:00,25.26776279699023
2018-12-04 00:00:00,24.339666792970238
2018-12-04 01:00:00,7.4143828202234525
2018-12-04 02:00:00,10.109526019639725
2018-12-04 03:00:00,18.339542507556754
2018-12-04 04:00:00,17.638436745509047
2018-12-04 05:00:00,12.739941447222215
2018-12-04 06:00:00,8.843698700000004
2018-12-04 07:00:00,6.857455586111119
2018-12-04 08:00:00,6.906068725000017
2018-12-04 09:00:00,3.50537760277778
2018-12-04 10:00:00,0.0
2018-12-04 11:00:00,0.0
2018-12-04 12:00:00,0.0
2018-12-04 13:00:00,0.8392479333333344
2018-12-04 14:00:00,0.23075868361026572
2018-12-04 15:00:00,22.864769688849933
2018-12-04 16:00:00,38.11924153473322
2018-12-04 17:00:00,60.28267116874558
2018-12-04 18:00:00,45.392076490867055
2018-12-04 19:00:00,27.070230660077904
2018-12-04 20:00:00,27.052869457578854
2018-12-04 21:00:00,26.795546030504543
2018-12-04 22:00:00,9.07002682632854
2018-12-04 23:00:00,6.310660584337151
2018-12-05 00:00:00,5.4585739111541205
2018-12-05 01:00:00,5.040446134718332
2018-12-05 02:00:00,6.304371880555559
2018-12-05 03:00:00,8.779409330555557
2018-12-05 04:00:00,9.716932694444452
2018-12-05 05:00:00,8.451150586111119
2018-12-05 06:00:00,3.2438931749999926
2018-12-05 07:00:00,3.2570246027777774
2018-12-05 08:00:00,3.2359354138888903
2018-12-05 09:00:00,0.8780420361111113
2018-12-05 10:00:00,0.0
2018-12-05 11:00:00,0.0
2018-12-05 12:00:00,0.0
2018-12-05 13:00:00,0.0
2018-12-05 14:00:00,3.0152594409175486
2018-12-05 15:00:00,21.050825264720245
2018-12-05 16:00:00,45.84390185538564
2018-12-05 17:00:00,59.00840302895018
2018-12-05 18:00:00,41.27710323583334
2018-12-05 19:00:00,21.47679331215034
2018-12-05 20:00:00,17.49378243049577
2018-12-05 21:00:00,14.766253599879953
2018-12-05 22:00:00,17.724368213668463
2018-12-05 23:00:00,13.47085974428073
2018-12-06 00:00:00,10.615964184976859
2018-12-06 01:00:00,5.391635670786621
2018-12-06 02:00:00,7.880316105941924
2018-12-06 03:00:00,9.17577864160891
2018-12-06 04:00:00,3.9656844777777795
2018-12-06 05:00:00,0.0
2018-12-06 06:00:00,5.977412913400106
2018-12-06 07:00:00,0.2965261722222222
2018-12-06 08:00:00,0.0
2018-12-06 09:00:00,0.0
2018-12-06 10:00:00,0.0
2018-12-06 11:00:00,0.0
2018-12-06 12:00:00,0.0
2018-12-06 13:00:00,1.0560805416666668
2018-12-06 14:00:00,5.025240852641958
2018-12-06 15:00:00,14.454807875926894
2018-12-06 16:00:00,37.58348599262979
2018-12-06 17:00:00,62.8419745545407
2018-12-06 18:00:00,38.78848565931418
2018-12-06 19:00:00,16.525728030886913
2018-12-06 20:00:00,20.814755160900123
2018-12-06 21:00:00,20.55978834640923
2018-12-06 22:00:00,10.78717085086713
2018-12-06 23:00:00,6.440115451289014
2018-12-07 00:00:00,1.7964966143588244
2018-12-07 01:00:00,0.6553437349722913
2018-12-07 02:00:00,9.113999629454781
2018-12-07 03:00:00,11.587847076609748
2018-12-07 04:00:00,16.057747780555548
2018-12-07 05:00:00,15.796680780555558
2018-12-07 06:00:00,5.793171514836395
2018-12-07 07:00:00,3.27891580596283
2018-12-07 08:00:00,0.0
2018-12-07 09:00:00,2.147924108333333
2018-12-07 10:00:00,3.4701650916666416
2018-12-07 11:00:00,0.7721328416666672
2018-12-07 12:00:00,0.0
2018-12-07 13:00:00,0.0
2018-12-07 14:00:00,1.935519169444443
2018-12-07 15:00:00,4.869012535256561
2018-12-07 16:00:00,33.746726750961216
2018-12-07 17:00:00,39.95211966597447
2018-12-07 18:00:00,38.71675110078499
2018-12-07 19:00:00,32.60032853935461
2018-12-07 20:00:00,24.593623112516706
2018-12-07 21:00:00,11.269756389906627
2018-12-07 22:00:00,26.936066813683176
2018-12-07 23:00:00,18.596500905946833
2018-12-08 00:00:00,14.962489302806608
2018-12-08 01:00:00,7.855509164301485
2018-12-08 02:00:00,2.551961406391997
2018-12-08 03:00:00,9.2962447014933
2018-12-08 04:00:00,8.701173566411189
2018-12-08 05:00:00,0.48580856734829836
2018-12-08 06:00:00,0.7381386222222223
2018-12-08 07:00:00,0.0
2018-12-08 08:00:00,0.0
2018-12-08 09:00:00,0.0
2018-12-08 10:00:00,0.0
2018-12-08 11:00:00,0.0
2018-12-08 12:00:00,0.0
2018-12-08 13:00:00,0.0
2018-12-08 14:00:00,0.0
2018-12-08 15:00:00,0.0
2018-12-08 16:00:00,0.009528833333333332
2018-12-08 17:00:00,0.0
2018-12-08 18:00:00,0.04177764444444444
2018-12-08 19:00:00,1.5123575055555554
2018-12-08 20:00:00,3.2121169388888973
2018-12-08 21:00:00,5.323882872222226
2018-12-08 22:00:00,17.67801704858788
2018-12-08 23:00:00,19.368673588024595
2018-12-09 00:00:00,19.172548841511407
2018-12-09 01:00:00,9.347129080652858
2018-12-09 02:00:00,6.936801697222236
2018-12-09 03:00:00,6.910078672222279
2018-12-09 04:00:00,9.037322872222235
2018-12-09 05:00:00,6.2615877555555715
2018-12-09 06:00:00,4.2323665972222235
2018-12-09 07:00:00,1.0408468305555565
2018-12-09 08:00:00,5.99788110555554
2018-12-09 09:00:00,6.53325518888887
2018-12-09 10:00:00,0.046112952777777785
2018-12-09 11:00:00,0.0
2018-12-09 12:00:00,0.0
2018-12-09 13:00:00,0.7036565861111113
2018-12-09 14:00:00,6.939128313888884
2018-12-09 15:00:00,7.626528432734181
2018-12-09 16:00:00,3.2034675986275998
2018-12-09 17:00:00,2.891510711901407
2018-12-09 18:00:00,4.98327643333334
2018-12-09 19:00:00,3.0897453138888924
2018-12-09 20:00:00,0.36260361666666674
2018-12-09 21:00:00,8.78822013411517
2018-12-09 22:00:00,8.479178185349305
2018-12-09 23:00:00,6.665314319544747
2018-12-10 00:00:00,14.256339768012882
2018-12-10 01:00:00,17.600071713408187
2018-12-10 02:00:00,8.803869295155673
2018-12-10 03:00:00,5.3164376166666685
2018-12-10 04:00:00,7.926241535404641
2018-12-10 05:00:00,1.6061665013227173
2018-12-10 06:00:00,0.0
2018-12-10 07:00:00,0.0
2018-12-10 08:00:00,0.0
2018-12-10 09:00:00,0.0
2018-12-10 10:00:00,0.0
2018-12-10 11:00:00,0.0
2018-12-10 12:00:00,0.0
2018-12-10 13:00:00,2.346911658333334
2018-12-10 14:00:00,6.885604352777793
2018-12-10 15:00:00,13.006248653078686
2018-12-10 16:00:00,30.75493366214426
2018-12-10 17:00:00,36.24399384435977
2018-12-10 18:00:00,55.69960384808499
2018-12-10 19:00:00,50.38796671193
2018-12-10 20:00:00,24.754468269159997
2018-12-10 21:00:00,17.653013823028665
2018-12-10 22:00:00,4.182086892797005
2018-12-10 23:00:00,5.93943367319125
2018-12-11 00:00:00,13.253632406913042
2018-12-11 01:00:00,9.994004920083405
2018-12-11 02:00:00,9.424468671773925
2018-12-11 03:00:00,8.500212676827411
2018-12-11 04:00:00,7.044306033333334
2018-12-11 05:00:00,7.3194513444444365
2018-12-11 06:00:00,6.0460233999999975
2018-12-11 07:00:00,3.458057858333332
2018-12-11 08:00:00,0.04917482222222223
2018-12-11 09:00:00,0.7146181470622234
2018-12-11 10:00:00,1.3782915433906398
2018-12-11 11:00:00,0.0
2018-12-11 12:00:00,0.0
2018-12-11 13:00:00,0.0
2018-12-11 14:00:00,2.9929976388888884
2018-12-11 15:00:00,11.195420821607435
2018-12-11 16:00:00,40.09022434406709
2018-12-11 17:00:00,57.9368272670952
2018-12-11 18:00:00,31.980405815225822
2018-12-11 19:00:00,20.455907567717855
2018-12-11 20:00:00,18.140729364072577
2018-12-11 21:00:00,13.036462654369412
2018-12-11 22:00:00,16.236945889857644
2018-12-11 23:00:00,11.068356509619209
2018-12-12 00:00:00,17.046443738623264
2018-12-12 01:00:00,10.4232554037171
2018-12-12 02:00:00,6.296747604430494
2018-12-12 03:00:00,15.313419621329757
2018-12-12 04:00:00,16.795065506103075
2018-12-12 05:00:00,8.018877520128507
2018-12-12 06:00:00,6.585437465566886
2018-12-12 07:00:00,6.86757203079169
2018-12-12 08:00:00,6.826011299902171
2018-12-12 09:00:00,10.019388252054576
2018-12-12 10:00:00,8.939372955412763
2018-12-12 11:00:00,7.082557500149248
2018-12-12 12:00:00,7.041488470788444
2018-12-12 13:00:00,3.0668107137910487
2018-12-12 14:00:00,9.918119473465788
2018-12-12 15:00:00,23.769424918786587
2018-12-12 16:00:00,51.756634745257934
2018-12-12 17:00:00,83.59895593527816
2018-12-12 18:00:00,63.74792805000066
2018-12-12 19:00:00,12.246627723867398
2018-12-12 20:00:00,0.3720087479797499
2018-12-12 21:00:00,18.91605828410629
2018-12-12 22:00:00,14.574615673014506
2018-12-12 23:00:00,14.605290720616903
2018-12-13 00:00:00,16.22061093991453
2018-12-13 01:00:00,15.25793563980893
2018-12-13 02:00:00,9.821409906541115
2018-12-13 03:00:00,10.372063599723022
2018-12-13 04:00:00,11.558475988888905
2018-12-13 05:00:00,6.8990478500000005
2018-12-13 06:00:00,1.0882305861111108
2018-12-13 07:00:00,0.0
2018-12-13 08:00:00,0.0
2018-12-13 09:00:00,0.0
2018-12-13 10:00:00,0.0
2018-12-13 11:00:00,0.0
2018-12-13 12:00:00,0.0
2018-12-13 13:00:00,0.0
2018-12-13 14:00:00,2.234595297222221
2018-12-13 15:00:00,1.5033770222222227
2018-12-13 16:00:00,16.505451285066158
2018-12-13 17:00:00,33.21910608534808
2018-12-13 18:00:00,33.17191977774182
2018-12-13 19:00:00,11.535139127958626
2018-12-13 20:00:00,10.57968051724088
2018-12-13 21:00:00,12.700042250636871
2018-12-13 22:00:00,9.41684698144264
2018-12-13 23:00:00,8.24222138256927
2018-12-14 00:00:00,5.993166105994542
2018-12-14 01:00:00,3.8043438666953433
2018-12-14 02:00:00,0.6383314869113317
2018-12-14 03:00:00,5.463125797189589
2018-12-14 04:00:00,9.27952292222221
2018-12-14 05:00:00,4.041101305555552
2018-12-14 06:00:00,3.5152276083333303
2018-12-14 07:00:00,3.495381916666659
2018-12-14 08:00:00,2.7126721916666603
2018-12-14 09:00:00,0.5209601390247326
2018-12-14 10:00:00,2.6040958401174126
2018-12-14 11:00:00,0.0
2018-12-14 12:00:00,0.0
2018-12-14 13:00:00,0.06794997777777778
2018-12-14 14:00:00,7.223114558333331
2018-12-14 15:00:00,8.564079911111124
2018-12-14 16:00:00,25.925304873730358
2018-12-14 17:00:00,47.98381019504098
2018-12-14 18:00:00,47.5708192643044
2018-12-14 19:00:00,36.200312729670884
2018-12-14 20:00:00,14.442846934840258
2018-12-14 21:00:00,22.33696649787111
2018-12-14 22:00:00,14.422704428209087
2018-12-14 23:00:00,8.383314109512657
2018-12-15 00:00:00,5.427579221627395
2018-12-15 01:00:00,1.4947417066133153
2018-12-15 02:00:00,3.9294808555555543
2018-12-15 03:00:00,1.5351451027777763
2018-12-15 04:00:00,5.896641284359726
2018-12-15 05:00:00,15.903124736425443
2018-12-15 06:00:00,17.249008344229683
2018-12-15 07:00:00,15.863281645931945
2018-12-15 08:00:00,18.429360928046496
2018-12-15 09:00:00,14.373458389962462
2018-12-15 10:00:00,10.295796531987202
2018-12-15 11:00:00,6.874284783317004
2018-12-15 12:00:00,6.89312045182993
2018-12-15 13:00:00,7.465242897794997
2018-12-15 14:00:00,8.68733168241586
2018-12-15 15:00:00,3.875143695014947
2018-12-15 16:00:00,0.33475529488416605
2018-12-15 17:00:00,3.2795692445583917
2018-12-15 18:00:00,12.239800372629468
2018-12-15 19:00:00,17.727025333333337
2018-12-15 20:00:00,15.751082652777779
2018-12-15 21:00:00,10.91121529110999
2018-12-15 22:00:00,13.813934338888876
2018-12-15 23:00:00,7.610262083333331
2018-12-16 00:00:00,10.548662211032509
2018-12-16 01:00:00,7.571885540510381
2018-12-16 02:00:00,6.3078016291955175
2018-12-16 03:00:00,0.0
2018-12-16 04:00:00,0.0
2018-12-16 05:00:00,0.0
2018-12-16 06:00:00,0.0
2018-12-16 07:00:00,2.69637913888889
2018-12-16 08:00:00,6.623056125000007
2018-12-16 09:00:00,10.282963053361291
2018-12-16 10:00:00,9.979875493577477
2018-12-16 11:00:00,7.105094876580216
2018-12-16 12:00:00,6.750291386111122
2018-12-16 13:00:00,6.224141
2018-12-16 14:00:00,7.721834538598353
2018-12-16 15:00:00,2.7127857202508148
2018-12-16 16:00:00,0.83775089388511
2018-12-16 17:00:00,1.5703084494460304
2018-12-16 18:00:00,0.24022073333333333
2018-12-16 19:00:00,11.708207949999998
2018-12-16 20:00:00,12.352185636971742
2018-12-16 21:00:00,9.132426088187767
2018-12-16 22:00:00,6.467896072222215
2018-12-16 23:00:00,8.140301931228942
2018-12-17 00:00:00,8.8022875
2018-12-17 01:00:00,4.4393620499999935
2018-12-17 02:00:00,3.4535996222222263
2018-12-17 03:00:00,6.172283538888887
2018-12-17 04:00:00,6.712812747222223
2018-12-17 05:00:00,7.970912287835236
2018-12-17 06:00:00,11.689185135795668
2018-12-17 07:00:00,12.474395586111093
2018-12-17 08:00:00,11.887406791666677
2018-12-17 09:00:00,12.755742255555553
2018-12-17 10:00:00,12.66319857500001
2018-12-17 11:00:00,11.948182458333328
2018-12-17 12:00:00,1.725375983333333
2018-12-17 13:00:00,0.0
2018-12-17 14:00:00,0.0
2018-12-17 15:00:00,0.1087470972222222
2018-12-17 16:00:00,26.137216618058236
2018-12-17 17:00:00,40.142690372996576
2018-12-17 18:00:00,33.86278784793218
2018-12-17 19:00:00,23.798634154037167
2018-12-17 20:00:00,22.052186146846978
2018-12-17 21:00:00,16.12867239948953
2018-12-17 22:00:00,15.523737847195788
2018-12-17 23:00:00,13.528039350644008
2018-12-18 00:00:00,4.978499766399544
2018-12-18 01:00:00,4.697882206437984
2018-12-18 02:00:00,4.8884198731834445
2018-12-18 03:00:00,14.951659147487447
2018-12-18 04:00:00,9.138449302777781
2018-12-18 05:00:00,3.3895786055555526
2018-12-18 06:00:00,3.388756527777776
2018-12-18 07:00:00,3.5075443888888844
2018-12-18 08:00:00,2.0345290805555574
2018-12-18 09:00:00,0.0
2018-12-18 10:00:00,0.0
2018-12-18 11:00:00,0.0
2018-12-18 12:00:00,0.0
2018-12-18 13:00:00,1.1825138166666669
2018-12-18 14:00:00,6.268785427777785
2018-12-18 15:00:00,6.638723847222248
2018-12-18 16:00:00,29.977520444869743
2018-12-18 17:00:00,63.36510935472754
2018-12-18 18:00:00,52.2180747203383
2018-12-18 19:00:00,25.65650786134687
2018-12-18 20:00:00,15.046107028478257
2018-12-18 21:00:00,18.108935878036156
2018-12-18 22:00:00,21.277821224668394
2018-12-18 23:00:00,13.538485306495327
2018-12-19 00:00:00,11.151741952232133
2018-12-19 01:00:00,11.410058824013928
2018-12-19 02:00:00,4.461897797964086
2018-12-19 03:00:00,11.468114144444442
2018-12-19 04:00:00,17.819365236111107
2018-12-19 05:00:00,11.182075727777768
2018-12-19 06:00:00,5.427425625000003
2018-12-19 07:00:00,3.525462819444445
2018-12-19 08:00:00,2.866267175000001
2018-12-19 09:00:00,0.0
2018-12-19 10:00:00,0.0
2018-12-19 11:00:00,0.0
2018-12-19 12:00:00,0.0
2018-12-19 13:00:00,4.59159751944445
2018-12-19 14:00:00,6.663978672222231
2018-12-19 15:00:00,17.018597672510374
2018-12-19 16:00:00,55.66756051522072
2018-12-19 17:00:00,64.01278575180937
2018-12-19 18:00:00,46.69225936032822
2018-12-19 19:00:00,25.72462649798444
2018-12-19 20:00:00,20.35616630882737
2018-12-19 21:00:00,20.66607951119788
2018-12-19 22:00:00,14.523377625519931
2018-12-19 23:00:00,10.8124175672516
2018-12-20 00:00:00,15.949331402914245
2018-12-20 01:00:00,16.686173904938396
2018-12-20 02:00:00,9.503157966238197
2018-12-20 03:00:00,1.1730476056641348
2018-12-20 04:00:00,2.7279498566823386
2018-12-20 05:00:00,6.783837418059626
2018-12-20 06:00:00,6.537101241666667
2018-12-20 07:00:00,10.1604425305203
2018-12-20 08:00:00,13.408958965705544
2018-12-20 09:00:00,13.34827759386649
2018-12-20 10:00:00,8.579145117309332
2018-12-20 11:00:00,6.677551627204748
2018-12-20 12:00:00,2.073599031237005
2018-12-20 13:00:00,0.20233275406746165
2018-12-20 14:00:00,7.969608034676831
2018-12-20 15:00:00,10.035823355793749
2018-12-20 16:00:00,39.73837396590018
2018-12-20 17:00:00,46.28266726815036
2018-12-20 18:00:00,43.872167774064806
2018-12-20 19:00:00,20.577851218953093
2018-12-20 20:00:00,12.647312008916234
2018-12-20 21:00:00,19.876313622554417
2018-12-20 22:00:00,13.07393659875629
2018-12-20 23:00:00,4.62780261284858
2018-12-21 00:00:00,0.7186273487561303
2018-12-21 01:00:00,2.8063561546321636
2018-12-21 02:00:00,9.176260379865845
2018-12-21 03:00:00,9.862406325933796
2018-12-21 04:00:00,8.672083520954292
2018-12-21 05:00:00,0.0
2018-12-21 06:00:00,7.783550180371144
2018-12-21 07:00:00,1.9212155968282791
2018-12-21 08:00:00,0.3209914195719022
2018-12-21 09:00:00,0.3234256543932091
2018-12-21 10:00:00,2.5843794417281383
2018-12-21 11:00:00,3.511449471049284
2018-12-21 12:00:00,0.32299923970873756
2018-12-21 13:00:00,0.3238859563373782
2018-12-21 14:00:00,2.6202088711569194
2018-12-21 15:00:00,6.6632968528342875
2018-12-21 16:00:00,25.020916439996594
2018-12-21 17:00:00,41.63281444186226
2018-12-21 18:00:00,43.41981531436204
2018-12-21 19:00:00,32.587412052604996
2018-12-21 20:00:00,15.864129260978252
2018-12-21 21:00:00,20.81726832865799
2018-12-21 22:00:00,15.035190985115236
2018-12-21 23:00:00,5.188676397317162
2018-12-22 00:00:00,0.051491691104569214
2018-12-22 01:00:00,0.0
2018-12-22 02:00:00,0.0
2018-12-22 03:00:00,0.0
2018-12-22 04:00:00,0.0
2018-12-22 05:00:00,4.5522354277777834
2018-12-22 06:00:00,4.722313449999996
2018-12-22 07:00:00,3.4324159305555524
2018-12-22 08:00:00,3.3959828388888913
2018-12-22 09:00:00,4.369872495711948
2018-12-22 10:00:00,0.0
2018-12-22 11:00:00,0.0
2018-12-22 12:00:00,0.0
2018-12-22 13:00:00,0.0
2018-12-22 14:00:00,0.0
2018-12-22 15:00:00,0.0
2018-12-22 16:00:00,5.895190355163419
2018-12-22 17:00:00,0.9149250749999995
2018-12-22 18:00:00,1.6620597297160697
2018-12-22 19:00:00,3.3260749055318075
2018-12-22 20:00:00,3.5994977062083677
2018-12-22 21:00:00,10.460282798605009
2018-12-22 22:00:00,5.288474341045201
2018-12-22 23:00:00,3.2916186379914287
2018-12-23 00:00:00,4.416231241040278
2018-12-23 01:00:00,5.974817524238794
2018-12-23 02:00:00,5.974999678617195
2018-12-23 03:00:00,4.759872709572219
2018-12-23 04:00:00,6.330927602777784
2018-12-23 05:00:00,6.365234005555558
2018-12-23 06:00:00,6.65788686388889
2018-12-23 07:00:00,9.073980063888888
2018-12-23 08:00:00,10.034001858333335
2018-12-23 09:00:00,4.093696300000006
2018-12-23 10:00:00,1.4010562246957865
2018-12-23 11:00:00,6.284206704087222
2018-12-23 12:00:00,8.770881812897938
2018-12-23 13:00:00,5.848184488888883
2018-12-23 14:00:00,5.797065802777767
2018-12-23 15:00:00,6.040907491666658
2018-12-23 16:00:00,7.888506924999994
2018-12-23 17:00:00,6.73249466666669
2018-12-23 18:00:00,6.677653272222266
2018-12-23 19:00:00,6.054351338888873
2018-12-23 20:00:00,6.067441116666673
2018-12-23 21:00:00,11.114674794444438
2018-12-23 22:00:00,12.133221994444451
2018-12-23 23:00:00,7.8275292916666634
2018-12-24 00:00:00,6.456558763454352
2018-12-24 01:00:00,2.8419721694415787
2018-12-24 02:00:00,3.2349270027777846
2018-12-24 03:00:00,0.0
2018-12-24 04:00:00,0.0
2018-12-24 05:00:00,0.7620197861111114
2018-12-24 06:00:00,6.6432934416666605
2018-12-24 07:00:00,6.670069150000003
2018-12-24 08:00:00,1.3749334944444453
2018-12-24 09:00:00,0.0
2018-12-24 10:00:00,3.193719700224017
2018-12-24 11:00:00,2.3672609449312585
2018-12-24 12:00:00,0.0
2018-12-24 13:00:00,0.0
2018-12-24 14:00:00,0.0
2018-12-24 15:00:00,0.03661063888888889
2018-12-24 16:00:00,0.0
2018-12-24 17:00:00,0.0
2018-12-24 18:00:00,0.0
2018-12-24 19:00:00,0.0
2018-12-24 20:00:00,0.0032503027777777776
2018-12-24 21:00:00,0.0
2018-12-24 22:00:00,0.0
2018-12-24 23:00:00,0.0
2018-12-25 00:00:00,0.0
2018-12-25 01:00:00,0.0
2018-12-25 02:00:00,0.0
2018-12-25 03:00:00,0.0
2018-12-25 04:00:00,0.0
2018-12-25 05:00:00,0.0
2018-12-25 06:00:00,0.0
2018-12-25 07:00:00,0.0
2018-12-25 08:00:00,5.109679747222214
2018-12-25 09:00:00,6.434763872222226
2018-12-25 10:00:00,6.5083886916666716
2018-12-25 11:00:00,8.993245297248919
2018-12-25 12:00:00,6.636760558333311
2018-12-25 13:00:00,6.66723153888888
2018-12-25 14:00:00,6.799890397222224
2018-12-25 15:00:00,5.952643688888882
2018-12-25 16:00:00,0.12908387777777777
2018-12-25 17:00:00,0.0
2018-12-25 18:00:00,0.0
2018-12-25 19:00:00,0.0
2018-12-25 20:00:00,0.0
2018-12-25 21:00:00,0.0
2018-12-25 22:00:00,0.0
2018-12-25 23:00:00,0.0
2018-12-26 00:00:00,0.0
2018-12-26 01:00:00,0.0
2018-12-26 02:00:00,0.0
2018-12-26 03:00:00,0.0
2018-12-26 04:00:00,0.0
2018-12-26 05:00:00,0.0
2018-12-26 06:00:00,0.0
2018-12-26 07:00:00,1.8839013777777798
2018-12-26 08:00:00,3.4138081666666613
2018-12-26 09:00:00,3.5962547388888857
2018-12-26 10:00:00,2.2270115694444432
2018-12-26 11:00:00,1.3632716916666658
2018-12-26 12:00:00,2.3641214361111094
2018-12-26 13:00:00,0.004303561111111111
2018-12-26 14:00:00,0.06582136388888889
2018-12-26 15:00:00,0.008817486111111113
2018-12-26 16:00:00,0.017845205555555556
2018-12-26 17:00:00,0.010084427777777776
2018-12-26 18:00:00,0.0
2018-12-26 19:00:00,0.0020265555555555553
2018-12-26 20:00:00,0.0003557555555555555
2018-12-26 21:00:00,0.0
2018-12-26 22:00:00,0.0
2018-12-26 23:00:00,2.5417740138888854
2018-12-27 00:00:00,2.260532681695909
2018-12-27 01:00:00,5.583945692152682
2018-12-27 02:00:00,8.921360369444432
2018-12-27 03:00:00,0.007748488888888889
2018-12-27 04:00:00,0.0
2018-12-27 05:00:00,0.0
2018-12-27 06:00:00,0.0
2018-12-27 07:00:00,0.0
2018-12-27 08:00:00,0.0
2018-12-27 09:00:00,0.0
2018-12-27 10:00:00,0.0
2018-12-27 11:00:00,0.0
2018-12-27 12:00:00,0.0
2018-12-27 13:00:00,0.0
2018-12-27 14:00:00,0.0
2018-12-27 15:00:00,0.0
2018-12-27 16:00:00,0.0
2018-12-27 17:00:00,2.8701835972222294
2018-12-27 18:00:00,5.301197583333336
2018-12-27 19:00:00,9.704358156824778
2018-12-27 20:00:00,9.846232637316483
2018-12-27 21:00:00,8.225220366638368
2018-12-27 22:00:00,1.5197063228083691
2018-12-27 23:00:00,0.013905524057781424
2018-12-28 00:00:00,0.0
2018-12-28 01:00:00,3.3524713083333406
2018-12-28 02:00:00,3.302139633333343
2018-12-28 03:00:00,3.4519245972222175
2018-12-28 04:00:00,3.444696252777774
2018-12-28 05:00:00,1.9696859583333304
2018-12-28 06:00:00,0.0
2018-12-28 07:00:00,0.0
2018-12-28 08:00:00,2.7888835190587757
2018-12-28 09:00:00,2.6646338481562193
2018-12-28 10:00:00,0.001030172694688222
2018-12-28 11:00:00,0.0
2018-12-28 12:00:00,0.0
2018-12-28 13:00:00,0.0
2018-12-28 14:00:00,0.0
2018-12-28 15:00:00,0.0
2018-12-28 16:00:00,3.907452719444442
2018-12-28 17:00:00,7.487608122222215
2018-12-28 18:00:00,9.959492277777775
2018-12-28 19:00:00,11.141701466743246
2018-12-28 20:00:00,10.845774049483397
2018-12-28 21:00:00,17.366622637769396
2018-12-28 22:00:00,17.006868177831944
2018-12-28 23:00:00,16.94289900884655
2018-12-29 00:00:00,14.194910186111116
2018-12-29 01:00:00,8.02553376944444
2018-12-29 02:00:00,6.175969161111119
2018-12-29 03:00:00,6.724201069444441
2018-12-29 04:00:00,6.928895886111108
2018-12-29 05:00:00,6.958526397222222
2018-12-29 06:00:00,6.693832905555561
2018-12-29 07:00:00,1.1673163388888899
2018-12-29 08:00:00,1.9122318583679319
2018-12-29 09:00:00,1.0729592006073705
2018-12-29 10:00:00,0.0
2018-12-29 11:00:00,0.0
2018-12-29 12:00:00,0.0
2018-12-29 13:00:00,0.0
2018-12-29 14:00:00,0.0
2018-12-29 15:00:00,0.0
2018-12-29 16:00:00,0.0
2018-12-29 17:00:00,0.0
2018-12-29 18:00:00,11.537030511111109
2018-12-29 19:00:00,15.228339100000023
2018-12-29 20:00:00,8.718303416666672
2018-12-29 21:00:00,6.448008506821736
2018-12-29 22:00:00,6.009521451071951
2018-12-29 23:00:00,6.021352171176626
2018-12-30 00:00:00,3.2507081307697696
2018-12-30 01:00:00,0.8041688557592026
2018-12-30 02:00:00,6.540876449999996
2018-12-30 03:00:00,6.676598691666647
2018-12-30 04:00:00,6.332352713888876
2018-12-30 05:00:00,5.724849594444439
2018-12-30 06:00:00,6.125834258333333
2018-12-30 07:00:00,1.8442670472222233
2018-12-30 08:00:00,5.201117712814753
2018-12-30 09:00:00,5.093237713264867
2018-12-30 10:00:00,0.5072028152486927
2018-12-30 11:00:00,0.0
2018-12-30 12:00:00,0.0
2018-12-30 13:00:00,0.0
2018-12-30 14:00:00,0.0
2018-12-30 15:00:00,0.0
2018-12-30 16:00:00,0.5835284750000004
2018-12-30 17:00:00,4.551659433333337
2018-12-30 18:00:00,4.428685483333321
2018-12-30 19:00:00,1.8842553249999994
2018-12-30 20:00:00,3.23297696111111
2018-12-30 21:00:00,7.542656119444447
2018-12-30 22:00:00,2.491479336111113
2018-12-30 23:00:00,5.601888309664368
2018-12-31 00:00:00,5.443365221367977
2018-12-31 01:00:00,3.6980886388723864
2018-12-31 02:00:00,1.5982100388888885
2018-12-31 03:00:00,0.0
2018-12-31 04:00:00,0.0
2018-12-31 05:00:00,0.0
2018-12-31 06:00:00,0.0
2018-12-31 07:00:00,0.0
2018-12-31 08:00:00,2.049356880633485
2018-12-31 09:00:00,3.260098968171084
2018-12-31 10:00:00,0.30717942435094825
2018-12-31 11:00:00,0.0
2018-12-31 12:00:00,0.0
2018-12-31 13:00:00,0.0
2018-12-31 14:00:00,0.0
2018-12-31 15:00:00,0.0
2018-12-31 16:00:00,0.0
2018-12-31 17:00:00,0.827205169444446
2018-12-31 18:00:00,0.6876913805555556
2018-12-31 19:00:00,0.7530963972222224
2018-12-31 20:00:00,0.467779163888889
2018-12-31 21:00:00,4.246534994444449
2018-12-31 22:00:00,7.214159297222222
2018-12-31 23:00:00,7.254155716666682
2019-01-01 00:00:00,2.0057293893427723
2019-01-01 01:00:00,3.2685246964252337
2019-01-01 02:00:00,1.1278113782980221
2019-01-01 03:00:00,1.5342064522758696
2019-01-01 04:00:00,6.945977326485258
2019-01-01 05:00:00,9.07007054999999
2019-01-01 06:00:00,6.803307511111118
2019-01-01 07:00:00,6.688706052777775
2019-01-01 08:00:00,6.764516294444463
2019-01-01 09:00:00,6.4443480833333115
2019-01-01 10:00:00,3.467657386111113
2019-01-01 11:00:00,0.0
2019-01-01 12:00:00,0.0
2019-01-01 13:00:00,0.0
2019-01-01 14:00:00,0.0
2019-01-01 15:00:00,0.0
2019-01-01 16:00:00,0.0
2019-01-01 17:00:00,0.5281694333333333
2019-01-01 18:00:00,0.9809064833333317
2019-01-01 19:00:00,1.1790428999999971
2019-01-01 20:00:00,0.0
2019-01-01 21:00:00,2.531872541666665
2019-01-01 22:00:00,0.3958799499999998
2019-01-01 23:00:00,0.0
2019-01-02 00:00:00,0.692044713804811
2019-01-02 01:00:00,0.0
2019-01-02 02:00:00,0.0
2019-01-02 03:00:00,0.0
2019-01-02 04:00:00,0.0
2019-01-02 05:00:00,0.0
2019-01-02 06:00:00,0.0
2019-01-02 07:00:00,0.0
2019-01-02 08:00:00,0.0
2019-01-02 09:00:00,0.0
2019-01-02 10:00:00,0.0
2019-01-02 11:00:00,0.0
2019-01-02 12:00:00,0.0
2019-01-02 13:00:00,0.698644469444444
2019-01-02 14:00:00,6.384497091666664
2019-01-02 15:00:00,13.36272807961352
2019-01-02 16:00:00,34.52915474837272
2019-01-02 17:00:00,39.148924919069216
2019-01-02 18:00:00,21.91073595023817
2019-01-02 19:00:00,16.622551407705924
2019-01-02 20:00:00,12.434719913641414
2019-01-02 21:00:00,12.076954164752749
2019-01-02 22:00:00,17.108460653062327
2019-01-02 23:00:00,14.11257836397589
2019-01-03 00:00:00,12.886692511447926
2019-01-03 01:00:00,13.457583868827909
2019-01-03 02:00:00,6.800309386526378
2019-01-03 03:00:00,3.3790941171553883
2019-01-03 04:00:00,3.334699283333334
2019-01-03 05:00:00,0.9457520222222231
2019-01-03 06:00:00,0.0
2019-01-03 07:00:00,1.7385447420430113
2019-01-03 08:00:00,0.48149548821491717
2019-01-03 09:00:00,0.0
2019-01-03 10:00:00,0.0
2019-01-03 11:00:00,0.0
2019-01-03 12:00:00,0.0
2019-01-03 13:00:00,0.0
2019-01-03 14:00:00,0.0
2019-01-03 15:00:00,6.234428030846025
2019-01-03 16:00:00,22.124406368860814
2019-01-03 17:00:00,53.985629264183466
2019-01-03 18:00:00,41.6945762749201
2019-01-03 19:00:00,24.511216704107582
2019-01-03 20:00:00,11.94487832272069
2019-01-03 21:00:00,12.970627386146228
2019-01-03 22:00:00,8.528062589629542
2019-01-03 23:00:00,7.1148884799956384
2019-01-04 00:00:00,9.712836118320075
2019-01-04 01:00:00,12.159550944984725
2019-01-04 02:00:00,13.556442419813724
2019-01-04 03:00:00,12.96813551545293
2019-01-04 04:00:00,11.491073130555565
2019-01-04 05:00:00,6.28821913333333
2019-01-04 06:00:00,0.0
2019-01-04 07:00:00,0.0
2019-01-04 08:00:00,0.0
2019-01-04 09:00:00,0.0
2019-01-04 10:00:00,0.0
2019-01-04 11:00:00,0.0
2019-01-04 12:00:00,0.0
2019-01-04 13:00:00,0.35325769999999995
2019-01-04 14:00:00,0.007261277777777778
2019-01-04 15:00:00,5.991072040568721
2019-01-04 16:00:00,28.508762635310138
2019-01-04 17:00:00,44.02629777869804
2019-01-04 18:00:00,44.642623268281355
2019-01-04 19:00:00,42.23486583527056
2019-01-04 20:00:00,29.561443374058516
2019-01-04 21:00:00,21.638862712208876
2019-01-04 22:00:00,34.208717112775595
2019-01-04 23:00:00,18.482245213294707
2019-01-05 00:00:00,12.227383870061463
2019-01-05 01:00:00,0.37058181734265416
2019-01-05 02:00:00,0.18301605300306104
2019-01-05 03:00:00,0.1425829043118684
2019-01-05 04:00:00,0.0
2019-01-05 05:00:00,0.0
2019-01-05 06:00:00,2.092012233333334
2019-01-05 07:00:00,6.088088722222226
2019-01-05 08:00:00,9.850384122222222
2019-01-05 09:00:00,6.547090922222223
2019-01-05 10:00:00,6.160525761111144
2019-01-05 11:00:00,6.772165463888955
2019-01-05 12:00:00,5.521647358333364
2019-01-05 13:00:00,0.09088670833333333
2019-01-05 14:00:00,0.0
2019-01-05 15:00:00,0.7658116416666667
2019-01-05 16:00:00,5.877526911111105
2019-01-05 17:00:00,1.2111644583333334
2019-01-05 18:00:00,2.270448502777781
2019-01-05 19:00:00,6.015515291666663
2019-01-05 20:00:00,3.5970077527777784
2019-01-05 21:00:00,5.794179038888882
2019-01-05 22:00:00,0.3817755166666667
2019-01-05 23:00:00,1.0694783012923434
2019-01-06 00:00:00,6.6548884910507375
2019-01-06 01:00:00,12.94209746333475
2019-01-06 02:00:00,1.8423461611111125
2019-01-06 03:00:00,3.3935634833333324
2019-01-06 04:00:00,0.630766266666667
2019-01-06 05:00:00,0.0
2019-01-06 06:00:00,0.0
2019-01-06 07:00:00,0.0
2019-01-06 08:00:00,0.0
2019-01-06 09:00:00,0.0
2019-01-06 10:00:00,0.0
2019-01-06 11:00:00,0.0
2019-01-06 12:00:00,0.0
2019-01-06 13:00:00,0.0
2019-01-06 14:00:00,0.0
2019-01-06 15:00:00,0.0
2019-01-06 16:00:00,0.0
2019-01-06 17:00:00,0.1899973333333333
2019-01-06 18:00:00,8.771027772222228
2019-01-06 19:00:00,7.478787141666669
2019-01-06 20:00:00,4.810049383333331
2019-01-06 21:00:00,6.451152261111113
2019-01-06 22:00:00,3.7663785055555565
2019-01-06 23:00:00,0.0
2019-01-07 00:00:00,7.071354939265344
2019-01-07 01:00:00,10.127533836774251
2019-01-07 02:00:00,9.92262436423135
2019-01-07 03:00:00,10.6223787245074
2019-01-07 04:00:00,11.412524366300165
2019-01-07 05:00:00,9.902186825808005
2019-01-07 06:00:00,9.42344172331299
2019-01-07 07:00:00,7.1587944029567945
2019-01-07 08:00:00,6.43516817777778
2019-01-07 09:00:00,6.379544101934779
2019-01-07 10:00:00,2.9696770196604545
2019-01-07 11:00:00,0.09742180514818491
2019-01-07 12:00:00,0.0
2019-01-07 13:00:00,0.9583213527777781
2019-01-07 14:00:00,10.288059419113267
2019-01-07 15:00:00,25.040193858961512
2019-01-07 16:00:00,48.06342841813377
2019-01-07 17:00:00,71.00143924953166
2019-01-07 18:00:00,52.020941878339144
2019-01-07 19:00:00,48.48299079577293
2019-01-07 20:00:00,46.30346727032501
2019-01-07 21:00:00,33.838408065473345
2019-01-07 22:00:00,23.44617200816206
2019-01-07 23:00:00,17.917230734842068
2019-01-08 00:00:00,12.497827649332045
2019-01-08 01:00:00,5.213365380152638
2019-01-08 02:00:00,6.347213720945657
2019-01-08 03:00:00,9.768150619997986
2019-01-08 04:00:00,7.136089923288793
2019-01-08 05:00:00,4.141122827226523
2019-01-08 06:00:00,2.942182291666662
2019-01-08 07:00:00,0.0
2019-01-08 08:00:00,0.0
2019-01-08 09:00:00,1.4883103725425184
2019-01-08 10:00:00,0.026325430650567253
2019-01-08 11:00:00,0.0
2019-01-08 12:00:00,0.0
2019-01-08 13:00:00,0.0
2019-01-08 14:00:00,0.0
2019-01-08 15:00:00,22.49935220592699
2019-01-08 16:00:00,56.54338387989746
2019-01-08 17:00:00,63.98460072335682
2019-01-08 18:00:00,39.25133632547096
2019-01-08 19:00:00,33.57792168373442
2019-01-08 20:00:00,29.144248930722487
2019-01-08 21:00:00,19.090168992787046
2019-01-08 22:00:00,23.53616303722316
2019-01-08 23:00:00,16.72776377303281
2019-01-09 00:00:00,5.666282590756939
2019-01-09 01:00:00,12.364980001804515
2019-01-09 02:00:00,9.445865541884793
2019-01-09 03:00:00,10.747868426723562
2019-01-09 04:00:00,6.904773061111104
2019-01-09 05:00:00,4.502183869444451
2019-01-09 06:00:00,2.2649057250000024
2019-01-09 07:00:00,0.0
2019-01-09 08:00:00,0.0
2019-01-09 09:00:00,0.0
2019-01-09 10:00:00,1.8205717910285615
2019-01-09 11:00:00,3.2276069599224257
2019-01-09 12:00:00,0.568828830237427
2019-01-09 13:00:00,0.0
2019-01-09 14:00:00,0.9893248333333333
2019-01-09 15:00:00,18.785859266986666
2019-01-09 16:00:00,50.64917848123578
2019-01-09 17:00:00,63.43067799377082
2019-01-09 18:00:00,42.574426503952445
2019-01-09 19:00:00,35.4537542144689
2019-01-09 20:00:00,28.160486857946026
2019-01-09 21:00:00,13.236420040028191
2019-01-09 22:00:00,12.811590132811077
2019-01-09 23:00:00,10.980531283102671
2019-01-10 00:00:00,7.293831214341727
2019-01-10 01:00:00,10.230046774172033
2019-01-10 02:00:00,4.988179649168864
2019-01-10 03:00:00,6.73021260079252
2019-01-10 04:00:00,5.713079027777762
2019-01-10 05:00:00,5.778149658333334
2019-01-10 06:00:00,4.898333027777787
2019-01-10 07:00:00,5.493710911111112
2019-01-10 08:00:00,5.9462082527777875
2019-01-10 09:00:00,6.323246383333343
2019-01-10 10:00:00,5.630157647222225
2019-01-10 11:00:00,6.170825125000003
2019-01-10 12:00:00,2.8050199500000006
2019-01-10 13:00:00,0.0
2019-01-10 14:00:00,0.21096852394917448
2019-01-10 15:00:00,18.841469898984016
2019-01-10 16:00:00,38.1336191135284
2019-01-10 17:00:00,46.389863708696666
2019-01-10 18:00:00,34.705574242730194
2019-01-10 19:00:00,22.585475973021946
2019-01-10 20:00:00,19.353705113863395
2019-01-10 21:00:00,28.750268572621643
2019-01-10 22:00:00,32.0632510782627
2019-01-10 23:00:00,32.4208711835326
2019-01-11 00:00:00,10.75944637551407
2019-01-11 01:00:00,0.3527024250242721
2019-01-11 02:00:00,0.7556933992423576
2019-01-11 03:00:00,7.117896741666668
2019-01-11 04:00:00,19.927570919444452
2019-01-11 05:00:00,16.48369959166667
2019-01-11 06:00:00,3.465282505555557
2019-01-11 07:00:00,4.497729274999995
2019-01-11 08:00:00,6.252449511111107
2019-01-11 09:00:00,6.581883264440072
2019-01-11 10:00:00,9.433996756833759
2019-01-11 11:00:00,8.945985317903913
2019-01-11 12:00:00,6.625671552777789
2019-01-11 13:00:00,5.918568777777789
2019-01-11 14:00:00,5.470755836450518
2019-01-11 15:00:00,25.071126084192137
2019-01-11 16:00:00,47.84292265195167
2019-01-11 17:00:00,48.63761850738638
2019-01-11 18:00:00,39.48740048216829
2019-01-11 19:00:00,15.889345512471074
2019-01-11 20:00:00,14.772507926726963
2019-01-11 21:00:00,21.8191301864423
2019-01-11 22:00:00,24.092994453818378
2019-01-11 23:00:00,17.853705994008703
2019-01-12 00:00:00,9.465715212128476
2019-01-12 01:00:00,2.1465895363466507
2019-01-12 02:00:00,7.948726445850898
2019-01-12 03:00:00,6.260625383691309
2019-01-12 04:00:00,0.9039878353427521
2019-01-12 05:00:00,0.0
2019-01-12 06:00:00,0.0
2019-01-12 07:00:00,0.0
2019-01-12 08:00:00,0.0
2019-01-12 09:00:00,0.0
2019-01-12 10:00:00,0.0
2019-01-12 11:00:00,0.0
2019-01-12 12:00:00,0.0
2019-01-12 13:00:00,0.0
2019-01-12 14:00:00,0.0
2019-01-12 15:00:00,0.0
2019-01-12 16:00:00,3.178311694444445
2019-01-12 17:00:00,8.975682459457145
2019-01-12 18:00:00,9.89851323398771
2019-01-12 19:00:00,12.113229704819553
2019-01-12 20:00:00,9.30279534166668
2019-01-12 21:00:00,7.659705880734231
2019-01-12 22:00:00,15.343160216085835
2019-01-12 23:00:00,14.389549794721063
2019-01-13 00:00:00,6.730591732376688
2019-01-13 01:00:00,1.957201607472144
2019-01-13 02:00:00,6.739237728866299
2019-01-13 03:00:00,6.335793122222234
2019-01-13 04:00:00,6.572240191666686
2019-01-13 05:00:00,10.297461412414009
2019-01-13 06:00:00,13.37467125482151
2019-01-13 07:00:00,9.64239477935189
2019-01-13 08:00:00,3.3471522027777794
2019-01-13 09:00:00,0.0
2019-01-13 10:00:00,0.0
2019-01-13 11:00:00,0.0
2019-01-13 12:00:00,0.0
2019-01-13 13:00:00,0.0
2019-01-13 14:00:00,0.0
2019-01-13 15:00:00,0.0
2019-01-13 16:00:00,0.4325911277777778
2019-01-13 17:00:00,6.161080013888883
2019-01-13 18:00:00,4.553143752777782
2019-01-13 19:00:00,8.753956483162884
2019-01-13 20:00:00,18.560587467013455
2019-01-13 21:00:00,22.748660386439276
2019-01-13 22:00:00,24.335447659710596
2019-01-13 23:00:00,21.199074547448344
2019-01-14 00:00:00,23.426820403878047
2019-01-14 01:00:00,12.015145479999772
2019-01-14 02:00:00,10.9266612638889
2019-01-14 03:00:00,15.343260361111108
2019-01-14 04:00:00,13.000881686111136
2019-01-14 05:00:00,5.715800683333337
2019-01-14 06:00:00,2.9161044248941836
2019-01-14 07:00:00,6.0342889714349255
2019-01-14 08:00:00,5.958056192027545
2019-01-14 09:00:00,2.6145782991199145
2019-01-14 10:00:00,0.0
2019-01-14 11:00:00,0.0
2019-01-14 12:00:00,0.0
2019-01-14 13:00:00,0.0
2019-01-14 14:00:00,3.37304028951037
2019-01-14 15:00:00,22.934439045567288
2019-01-14 16:00:00,47.7830133541304
2019-01-14 17:00:00,81.80378081003857
2019-01-14 18:00:00,77.92272951391669
2019-01-14 19:00:00,60.99807969428911
2019-01-14 20:00:00,42.32719028349217
2019-01-14 21:00:00,20.46316624684161
2019-01-14 22:00:00,12.917748797717843
2019-01-14 23:00:00,29.064707193051667
2019-01-15 00:00:00,11.115505819825005
2019-01-15 01:00:00,14.160077229055396
2019-01-15 02:00:00,30.541030617974695
2019-01-15 03:00:00,22.27550058859239
2019-01-15 04:00:00,22.864880450210027
2019-01-15 05:00:00,12.829265266449383
2019-01-15 06:00:00,0.5570876972222224
2019-01-15 07:00:00,0.0
2019-01-15 08:00:00,0.0
2019-01-15 09:00:00,0.0
2019-01-15 10:00:00,0.0
2019-01-15 11:00:00,0.0
2019-01-15 12:00:00,0.0
2019-01-15 13:00:00,0.2199138416666666
2019-01-15 14:00:00,4.395525183979812
2019-01-15 15:00:00,18.79564970806203
2019-01-15 16:00:00,43.55209400204357
2019-01-15 17:00:00,64.77750998248382
2019-01-15 18:00:00,50.99115692468494
2019-01-15 19:00:00,34.109874209959514
2019-01-15 20:00:00,24.91083106369626
2019-01-15 21:00:00,31.7530073188972
2019-01-15 22:00:00,35.75551387798657
2019-01-15 23:00:00,23.153668976544182
2019-01-16 00:00:00,16.13725595456967
2019-01-16 01:00:00,13.696869581836484
2019-01-16 02:00:00,15.397622776956245
2019-01-16 03:00:00,19.218735015053625
2019-01-16 04:00:00,17.784656998167108
2019-01-16 05:00:00,14.436233061111128
2019-01-16 06:00:00,0.011937505555555557
2019-01-16 07:00:00,4.384449985730327
2019-01-16 08:00:00,3.9640936852390025
2019-01-16 09:00:00,0.026010956880568214
2019-01-16 10:00:00,0.008118483762334023
2019-01-16 11:00:00,0.0
2019-01-16 12:00:00,0.0
2019-01-16 13:00:00,0.0
2019-01-16 14:00:00,2.8535487536350517
2019-01-16 15:00:00,23.429803198281782
2019-01-16 16:00:00,39.6556125935342
2019-01-16 17:00:00,52.25555159276181
2019-01-16 18:00:00,42.52269876499619
2019-01-16 19:00:00,38.98315694643484
2019-01-16 20:00:00,27.510516189481944
2019-01-16 21:00:00,26.769336723651595
2019-01-16 22:00:00,9.640045275989145
2019-01-16 23:00:00,7.863578639871006
2019-01-17 00:00:00,2.7740891100548657
2019-01-17 01:00:00,6.954221533126501
2019-01-17 02:00:00,11.843583189525889
2019-01-17 03:00:00,11.934930844791907
2019-01-17 04:00:00,4.603754633333333
2019-01-17 05:00:00,6.788546052777766
2019-01-17 06:00:00,2.7557712583333327
2019-01-17 07:00:00,0.0
2019-01-17 08:00:00,0.3779251786682967
2019-01-17 09:00:00,1.3454127685457467
2019-01-17 10:00:00,0.0
2019-01-17 11:00:00,0.0
2019-01-17 12:00:00,0.0
2019-01-17 13:00:00,0.0
2019-01-17 14:00:00,3.8218395553572986
2019-01-17 15:00:00,12.717921258326804
2019-01-17 16:00:00,28.516801614498835
2019-01-17 17:00:00,64.41666365519838
2019-01-17 18:00:00,49.497841039153506
2019-01-17 19:00:00,35.05159687364699
2019-01-17 20:00:00,29.798003926094268
2019-01-17 21:00:00,19.035668033071893
2019-01-17 22:00:00,10.31668428631272
2019-01-17 23:00:00,2.599149523228583
2019-01-18 00:00:00,7.598794510779019
2019-01-18 01:00:00,5.472695489661615
2019-01-18 02:00:00,1.6471563009639567
2019-01-18 03:00:00,3.3752051492315593
2019-01-18 04:00:00,3.5738630750000016
2019-01-18 05:00:00,1.2685436361111118
2019-01-18 06:00:00,0.0
2019-01-18 07:00:00,0.0
2019-01-18 08:00:00,0.0
2019-01-18 09:00:00,0.0
2019-01-18 10:00:00,2.545437445419989
2019-01-18 11:00:00,3.0611129792538554
2019-01-18 12:00:00,0.11915664168560229
2019-01-18 13:00:00,0.16410377499999995
2019-01-18 14:00:00,3.5775272399614133
2019-01-18 15:00:00,14.215860715584373
2019-01-18 16:00:00,37.84922695292618
2019-01-18 17:00:00,50.98101259327652
2019-01-18 18:00:00,42.21571321448654
2019-01-18 19:00:00,30.155015994888362
2019-01-18 20:00:00,25.121321802370332
2019-01-18 21:00:00,23.176982517272478
2019-01-18 22:00:00,19.40148185442719
2019-01-18 23:00:00,21.723796834004787
2019-01-19 00:00:00,25.13975670935354
2019-01-19 01:00:00,25.38800810861465
2019-01-19 02:00:00,12.329847862353196
2019-01-19 03:00:00,0.0
2019-01-19 04:00:00,9.930889591272924
2019-01-19 05:00:00,18.99064551685438
2019-01-19 06:00:00,19.232316600632082
2019-01-19 07:00:00,14.646756183610503
2019-01-19 08:00:00,13.661442487749097
2019-01-19 09:00:00,9.998565471795864
2019-01-19 10:00:00,6.945403827777787
2019-01-19 11:00:00,1.6157975916666665
2019-01-19 12:00:00,0.0
2019-01-19 13:00:00,0.0
2019-01-19 14:00:00,0.0
2019-01-19 15:00:00,0.0
2019-01-19 16:00:00,0.0
2019-01-19 17:00:00,1.8628501999999993
2019-01-19 18:00:00,7.0944820194444445
2019-01-19 19:00:00,13.37123840035525
2019-01-19 20:00:00,13.066374783053032
2019-01-19 21:00:00,16.26523751705213
2019-01-19 22:00:00,14.867728921343598
2019-01-19 23:00:00,10.286363783537423
2019-01-20 00:00:00,12.437291250628268
2019-01-20 01:00:00,11.091076883857387
2019-01-20 02:00:00,5.9609120386152
2019-01-20 03:00:00,0.0
2019-01-20 04:00:00,0.8160085944444447
2019-01-20 05:00:00,6.963832397222186
2019-01-20 06:00:00,7.026525111111086
2019-01-20 07:00:00,6.980145861111074
2019-01-20 08:00:00,6.804804113888895
2019-01-20 09:00:00,9.302824645599324
2019-01-20 10:00:00,5.9670431223422575
2019-01-20 11:00:00,0.05232915824911034
2019-01-20 12:00:00,0.0
2019-01-20 13:00:00,0.0
2019-01-20 14:00:00,0.0
2019-01-20 15:00:00,1.9344149103957653
2019-01-20 16:00:00,0.20240182469862586
2019-01-20 17:00:00,2.304005409752495
2019-01-20 18:00:00,8.176020166666657
2019-01-20 19:00:00,8.40704970277779
2019-01-20 20:00:00,7.133578308333336
2019-01-20 21:00:00,13.752772192587074
2019-01-20 22:00:00,16.562004258468743
2019-01-20 23:00:00,5.942694153890917
2019-01-21 00:00:00,3.0120225393711237
2019-01-21 01:00:00,7.247617656550827
2019-01-21 02:00:00,6.324412090738211
2019-01-21 03:00:00,6.469524283694696
2019-01-21 04:00:00,5.714107683282096
2019-01-21 05:00:00,2.3394535114577626
2019-01-21 06:00:00,2.9759303486488164
2019-01-21 07:00:00,2.9794979993493333
2019-01-21 08:00:00,5.40780661670552
2019-01-21 09:00:00,6.037354187033513
2019-01-21 10:00:00,1.8973829129989734
2019-01-21 11:00:00,0.0
2019-01-21 12:00:00,0.0
2019-01-21 13:00:00,0.0
2019-01-21 14:00:00,0.0
2019-01-21 15:00:00,0.4829609472222223
2019-01-21 16:00:00,3.0859904416666617
2019-01-21 17:00:00,3.4539705027777785
2019-01-21 18:00:00,12.273539075000015
2019-01-21 19:00:00,9.041264666666663
2019-01-21 20:00:00,0.8094102583333332
2019-01-21 21:00:00,0.0
2019-01-21 22:00:00,0.0
2019-01-21 23:00:00,0.5794308472222222
2019-01-22 00:00:00,3.477075899999995
2019-01-22 01:00:00,2.054066583333333
2019-01-22 02:00:00,0.2866262444444445
2019-01-22 03:00:00,1.9824932507879294
2019-01-22 04:00:00,7.52729403033457
2019-01-22 05:00:00,4.082135315247767
2019-01-22 06:00:00,1.143824238081713
2019-01-22 07:00:00,0.0
2019-01-22 08:00:00,0.0
2019-01-22 09:00:00,0.0
2019-01-22 10:00:00,0.0
2019-01-22 11:00:00,0.0
2019-01-22 12:00:00,0.0
2019-01-22 13:00:00,0.0
2019-01-22 14:00:00,1.5890829499292092
2019-01-22 15:00:00,16.216671935831073
2019-01-22 16:00:00,37.31448026443681
2019-01-22 17:00:00,66.068116798244
2019-01-22 18:00:00,69.51275116449065
2019-01-22 19:00:00,56.87921734091767
2019-01-22 20:00:00,47.272527113698544
2019-01-22 21:00:00,30.173955899877797
2019-01-22 22:00:00,13.440808525077117
2019-01-22 23:00:00,6.953473209513577
2019-01-23 00:00:00,7.330783271975645
2019-01-23 01:00:00,8.167365072370504
2019-01-23 02:00:00,5.838734258887325
2019-01-23 03:00:00,3.5722600611111113
2019-01-23 04:00:00,3.560495499999998
2019-01-23 05:00:00,1.4578492684397315
2019-01-23 06:00:00,0.0
2019-01-23 07:00:00,0.0
2019-01-23 08:00:00,0.0
2019-01-23 09:00:00,0.0
2019-01-23 10:00:00,0.0
2019-01-23 11:00:00,0.0
2019-01-23 12:00:00,0.0
2019-01-23 13:00:00,0.0
2019-01-23 14:00:00,4.92962192559412
2019-01-23 15:00:00,14.200815174302894
2019-01-23 16:00:00,19.860784491774552
2019-01-23 17:00:00,41.920811727133454
2019-01-23 18:00:00,33.79614111115747
2019-01-23 19:00:00,13.853936544525622
2019-01-23 20:00:00,13.971838233090065
2019-01-23 21:00:00,16.32725298709597
2019-01-23 22:00:00,11.351314787773234
2019-01-23 23:00:00,15.05741559134698
2019-01-24 00:00:00,13.736918019122085
2019-01-24 01:00:00,15.846992532203576
2019-01-24 02:00:00,10.853699622088262
2019-01-24 03:00:00,14.474049333422025
2019-01-24 04:00:00,16.655885242890385
2019-01-24 05:00:00,13.468080941755389
2019-01-24 06:00:00,4.440160187334831
2019-01-24 07:00:00,0.7167607056442634
2019-01-24 08:00:00,0.8865578103609902
2019-01-24 09:00:00,0.3183131964799447
2019-01-24 10:00:00,0.2234074074065104
2019-01-24 11:00:00,0.17153166069226283
2019-01-24 12:00:00,0.0
2019-01-24 13:00:00,0.0
2019-01-24 14:00:00,1.9340498316497001
2019-01-24 15:00:00,13.713147552950794
2019-01-24 16:00:00,18.371060316292976
2019-01-24 17:00:00,41.347646008749074
2019-01-24 18:00:00,42.22128656554646
2019-01-24 19:00:00,33.64468424527565
2019-01-24 20:00:00,28.698974061949627
2019-01-24 21:00:00,23.272292116543756
2019-01-24 22:00:00,10.734989389611465
2019-01-24 23:00:00,10.122261735439977
2019-01-25 00:00:00,3.0614898742724908
2019-01-25 01:00:00,2.2819236754637493
2019-01-25 02:00:00,6.776159694654558
2019-01-25 03:00:00,3.9714521717143367
2019-01-25 04:00:00,3.7503389298630463
2019-01-25 05:00:00,3.709314604863045
2019-01-25 06:00:00,3.751199347545335
2019-01-25 07:00:00,5.377145650048276
2019-01-25 08:00:00,5.480287172802493
2019-01-25 09:00:00,6.106777886390816
2019-01-25 10:00:00,6.577740197677001
2019-01-25 11:00:00,6.890714456393718
2019-01-25 12:00:00,3.1926740523518173
2019-01-25 13:00:00,0.1728250244379352
2019-01-25 14:00:00,0.6386458477252691
2019-01-25 15:00:00,5.962914269575135
2019-01-25 16:00:00,17.799064431683952
2019-01-25 17:00:00,41.08617987095549
2019-01-25 18:00:00,42.680001248491024
2019-01-25 19:00:00,34.76070278662021
2019-01-25 20:00:00,25.922866679906612
2019-01-25 21:00:00,29.41277092070157
2019-01-25 22:00:00,15.4539874362483
2019-01-25 23:00:00,6.872026606246822
2019-01-26 00:00:00,2.548720730762129
2019-01-26 01:00:00,4.7750621175001875
2019-01-26 02:00:00,7.033084138888921
2019-01-26 03:00:00,1.804012044444445
2019-01-26 04:00:00,0.0
2019-01-26 05:00:00,0.0
2019-01-26 06:00:00,0.0
2019-01-26 07:00:00,0.0
2019-01-26 08:00:00,0.0
2019-01-26 09:00:00,0.0
2019-01-26 10:00:00,0.0
2019-01-26 11:00:00,0.0
2019-01-26 12:00:00,0.0
2019-01-26 13:00:00,0.0
2019-01-26 14:00:00,0.0
2019-01-26 15:00:00,0.0
2019-01-26 16:00:00,0.0
2019-01-26 17:00:00,0.0
2019-01-26 18:00:00,6.593072944444442
2019-01-26 19:00:00,20.005831273829237
2019-01-26 20:00:00,27.78184397530945
2019-01-26 21:00:00,28.115590547066546
2019-01-26 22:00:00,22.18790755024825
2019-01-26 23:00:00,13.073641573225654
2019-01-27 00:00:00,16.98738935173142
2019-01-27 01:00:00,17.17809017236717
2019-01-27 02:00:00,13.311444135258643
2019-01-27 03:00:00,11.06159925008614
2019-01-27 04:00:00,9.95122035638844
2019-01-27 05:00:00,8.020271340334089
2019-01-27 06:00:00,3.234993025000005
2019-01-27 07:00:00,0.0
2019-01-27 08:00:00,0.0
2019-01-27 09:00:00,1.312514202777777
2019-01-27 10:00:00,1.9623808416666682
2019-01-27 11:00:00,0.0
2019-01-27 12:00:00,0.0
2019-01-27 13:00:00,0.0
2019-01-27 14:00:00,0.0
2019-01-27 15:00:00,0.0
2019-01-27 16:00:00,0.0
2019-01-27 17:00:00,0.0
2019-01-27 18:00:00,0.0
2019-01-27 19:00:00,1.5332475898766416
2019-01-27 20:00:00,3.1489053806878258
2019-01-27 21:00:00,2.4142404344523642
2019-01-27 22:00:00,1.108950181384522
2019-01-27 23:00:00,3.771415244924272
2019-01-28 00:00:00,10.563276910510456
2019-01-28 01:00:00,9.586164582047754
2019-01-28 02:00:00,5.911035631021827
2019-01-28 03:00:00,7.011663461111101
2019-01-28 04:00:00,7.622564056490661
2019-01-28 05:00:00,9.458486661571715
2019-01-28 06:00:00,7.059975532017969
2019-01-28 07:00:00,0.05561125230798222
2019-01-28 08:00:00,0.0
2019-01-28 09:00:00,0.0
2019-01-28 10:00:00,0.0
2019-01-28 11:00:00,0.0
2019-01-28 12:00:00,0.0
2019-01-28 13:00:00,0.0
2019-01-28 14:00:00,2.396199761050449
2019-01-28 15:00:00,18.542226811726024
2019-01-28 16:00:00,30.70814856892207
2019-01-28 17:00:00,55.082212625975046
2019-01-28 18:00:00,52.61225763947729
2019-01-28 19:00:00,42.222986858607
2019-01-28 20:00:00,34.939160940380944
2019-01-28 21:00:00,33.26865852386323
2019-01-28 22:00:00,28.42454068572076
2019-01-28 23:00:00,18.440382482944123
2019-01-29 00:00:00,15.18631698342104
2019-01-29 01:00:00,15.240505147337508
2019-01-29 02:00:00,9.543466155914594
2019-01-29 03:00:00,3.5873206194444527
2019-01-29 04:00:00,2.8496768626261417
2019-01-29 05:00:00,0.0
2019-01-29 06:00:00,0.0
2019-01-29 07:00:00,0.0
2019-01-29 08:00:00,0.0
2019-01-29 09:00:00,0.0
2019-01-29 10:00:00,0.0
2019-01-29 11:00:00,0.0
2019-01-29 12:00:00,0.0
2019-01-29 13:00:00,0.0
2019-01-29 14:00:00,2.5335452764191486
2019-01-29 15:00:00,8.872382213534037
2019-01-29 16:00:00,27.075064076264454
2019-01-29 17:00:00,56.98075747580068
2019-01-29 18:00:00,46.2953268597968
2019-01-29 19:00:00,28.80893307051766
2019-01-29 20:00:00,34.567952311328014
2019-01-29 21:00:00,27.382074083349586
2019-01-29 22:00:00,21.28122800050165
2019-01-29 23:00:00,18.34040325694901
2019-01-30 00:00:00,14.382684641933707
2019-01-30 01:00:00,11.393996947285888
2019-01-30 02:00:00,14.812121123793226
2019-01-30 03:00:00,14.459576171240743
2019-01-30 04:00:00,14.039307104442045
2019-01-30 05:00:00,8.758644397681504
2019-01-30 06:00:00,7.025206766663968
2019-01-30 07:00:00,0.6040261777777776
2019-01-30 08:00:00,0.0
2019-01-30 09:00:00,0.0
2019-01-30 10:00:00,0.0
2019-01-30 11:00:00,0.0
2019-01-30 12:00:00,0.0
2019-01-30 13:00:00,0.0
2019-01-30 14:00:00,1.816436641685077
2019-01-30 15:00:00,21.886790285647603
2019-01-30 16:00:00,37.645380292328504
2019-01-30 17:00:00,55.80019886087946
2019-01-30 18:00:00,56.490466903470114
2019-01-30 19:00:00,41.48782950392329
2019-01-30 20:00:00,18.483533891040523
2019-01-30 21:00:00,24.08240393772268
2019-01-30 22:00:00,15.043807406936647
2019-01-30 23:00:00,5.323843931741179
2019-01-31 00:00:00,4.242684546260101
2019-01-31 01:00:00,4.187898034567635
2019-01-31 02:00:00,3.001671870238861
2019-01-31 03:00:00,3.8089861662019544
2019-01-31 04:00:00,3.547736586111112
2019-01-31 05:00:00,3.5476236527777774
2019-01-31 06:00:00,2.8180970777777747
2019-01-31 07:00:00,0.0
2019-01-31 08:00:00,0.0
2019-01-31 09:00:00,0.0
2019-01-31 10:00:00,0.0
2019-01-31 11:00:00,0.0
2019-01-31 12:00:00,0.0
2019-01-31 13:00:00,0.0
2019-01-31 14:00:00,1.578828213316317
2019-01-31 15:00:00,8.651892725100373
2019-01-31 16:00:00,24.303127776052555
2019-01-31 17:00:00,33.80098548338638
2019-01-31 18:00:00,25.52533401245782
2019-01-31 19:00:00,12.578104578955214
2019-01-31 20:00:00,12.310133994394807
2019-01-31 21:00:00,10.616482417958746
2019-01-31 22:00:00,4.88667312129762
2019-01-31 23:00:00,2.072742272520196
2019-02-01 00:00:00,3.850861901628294
2019-02-01 01:00:00,2.1675483002063842
2019-02-01 02:00:00,5.483814497665019
2019-02-01 03:00:00,5.396981105679703
2019-02-01 04:00:00,0.491312853263895
2019-02-01 05:00:00,0.0
2019-02-01 06:00:00,0.0
2019-02-01 07:00:00,0.0
2019-02-01 08:00:00,0.0
2019-02-01 09:00:00,0.0
2019-02-01 10:00:00,0.0
2019-02-01 11:00:00,0.0
2019-02-01 12:00:00,0.0
2019-02-01 13:00:00,0.0
2019-02-01 14:00:00,0.36486909525354316
2019-02-01 15:00:00,9.124572103833145
2019-02-01 16:00:00,48.416291168123884
2019-02-01 17:00:00,76.3574281293771
2019-02-01 18:00:00,63.27918802566193
2019-02-01 19:00:00,58.29110497132133
2019-02-01 20:00:00,34.23667369938548
2019-02-01 21:00:00,25.837227135539642
2019-02-01 22:00:00,25.37097820099713
2019-02-01 23:00:00,13.584165374717124
2019-02-02 00:00:00,7.060405573926967
2019-02-02 01:00:00,0.6137268035941192
2019-02-02 02:00:00,0.4758987962117378
2019-02-02 03:00:00,0.0
2019-02-02 04:00:00,1.718196794444444
2019-02-02 05:00:00,6.702521480555554
2019-02-02 06:00:00,6.7574248111110995
2019-02-02 07:00:00,6.834027686111117
2019-02-02 08:00:00,7.024358094444397
2019-02-02 09:00:00,6.993264691666683
2019-02-02 10:00:00,4.013870297222224
2019-02-02 11:00:00,0.0
2019-02-02 12:00:00,0.0
2019-02-02 13:00:00,0.0
2019-02-02 14:00:00,0.0
2019-02-02 15:00:00,0.0
2019-02-02 16:00:00,0.0
2019-02-02 17:00:00,0.22299504444444446
2019-02-02 18:00:00,7.030130780981868
2019-02-02 19:00:00,8.299292022384915
2019-02-02 20:00:00,10.38151339855419
2019-02-02 21:00:00,9.252982212011041
2019-02-02 22:00:00,10.739916262764808
2019-02-02 23:00:00,10.195905301258248
2019-02-03 00:00:00,10.237347674346395
2019-02-03 01:00:00,10.420911527414464
2019-02-03 02:00:00,11.933264999321771
2019-02-03 03:00:00,10.076266363888974
2019-02-03 04:00:00,14.18268312135879
2019-02-03 05:00:00,11.68552794166668
2019-02-03 06:00:00,4.410945319444438
2019-02-03 07:00:00,1.9570787305555544
2019-02-03 08:00:00,1.9911521166666777
2019-02-03 09:00:00,4.556763054786348
2019-02-03 10:00:00,5.32322671337983
2019-02-03 11:00:00,3.7288399643001062
2019-02-03 12:00:00,2.0433250194444406
2019-02-03 13:00:00,4.2920257444444525
2019-02-03 14:00:00,2.0197073749999874
2019-02-03 15:00:00,2.103102111111112
2019-02-03 16:00:00,4.354657122222215
2019-02-03 17:00:00,9.879032456042165
2019-02-03 18:00:00,10.255389216908616
2019-02-03 19:00:00,6.662440833333344
2019-02-03 20:00:00,3.2604682981255597
2019-02-03 21:00:00,4.218982803299822
2019-02-03 22:00:00,0.5008988812858501
2019-02-03 23:00:00,0.0
2019-02-04 00:00:00,0.014058483333333333
2019-02-04 01:00:00,0.0
2019-02-04 02:00:00,0.0
2019-02-04 03:00:00,0.0
2019-02-04 04:00:00,4.365022439448321
2019-02-04 05:00:00,11.788981844249182
2019-02-04 06:00:00,5.72335754968996
2019-02-04 07:00:00,4.228569740414862
2019-02-04 08:00:00,0.0
2019-02-04 09:00:00,0.0
2019-02-04 10:00:00,0.0
2019-02-04 11:00:00,0.0
2019-02-04 12:00:00,0.0
2019-02-04 13:00:00,0.0
2019-02-04 14:00:00,1.205902083197602
2019-02-04 15:00:00,13.151882246114795
2019-02-04 16:00:00,23.01107125702793
2019-02-04 17:00:00,28.153408663541427
2019-02-04 18:00:00,31.799586279778353
2019-02-04 19:00:00,38.56704812464357
2019-02-04 20:00:00,26.13332581027868
2019-02-04 21:00:00,26.00769588327776
2019-02-04 22:00:00,11.884621798629112
2019-02-04 23:00:00,1.5922709662429873
2019-02-05 00:00:00,8.479975897124387
2019-02-05 01:00:00,8.74921025747789
2019-02-05 02:00:00,10.224597690048295
2019-02-05 03:00:00,14.629027933649454
2019-02-05 04:00:00,12.6468749141351
2019-02-05 05:00:00,11.325363495170645
2019-02-05 06:00:00,8.418757081320095
2019-02-05 07:00:00,1.2359496428903805
2019-02-05 08:00:00,0.22359378733482466
2019-02-05 09:00:00,0.5053607038116703
2019-02-05 10:00:00,1.5095608471797684
2019-02-05 11:00:00,0.0
2019-02-05 12:00:00,0.0
2019-02-05 13:00:00,0.0
2019-02-05 14:00:00,0.9669237058757592
2019-02-05 15:00:00,17.97597074733613
2019-02-05 16:00:00,32.63621127337607
2019-02-05 17:00:00,50.746431166253046
2019-02-05 18:00:00,50.34173095093252
2019-02-05 19:00:00,34.99970468783686
2019-02-05 20:00:00,28.40427881760949
2019-02-05 21:00:00,17.272660548874143
2019-02-05 22:00:00,13.176594385116587
2019-02-05 23:00:00,8.175535263866237
2019-02-06 00:00:00,2.1024981916925887
2019-02-06 01:00:00,1.3230179546176768
2019-02-06 02:00:00,1.7191260198395404
2019-02-06 03:00:00,8.125333757867729
2019-02-06 04:00:00,8.261668645326518
2019-02-06 05:00:00,6.568927656704233
2019-02-06 06:00:00,7.697133377348197
2019-02-06 07:00:00,7.066844082119849
2019-02-06 08:00:00,5.181455504991732
2019-02-06 09:00:00,5.769789533429196
2019-02-06 10:00:00,5.863649159162922
2019-02-06 11:00:00,2.3651933702612444
2019-02-06 12:00:00,0.0
2019-02-06 13:00:00,0.03687515555555555
2019-02-06 14:00:00,3.3644460916666596
2019-02-06 15:00:00,17.731633378041654
2019-02-06 16:00:00,34.25610437880878
2019-02-06 17:00:00,55.195250036204826
2019-02-06 18:00:00,44.70624972602457
2019-02-06 19:00:00,26.438657477179397
2019-02-06 20:00:00,7.554839595801203
2019-02-06 21:00:00,7.805936082200412
2019-02-06 22:00:00,4.658343651940375
2019-02-06 23:00:00,5.6555078256774
2019-02-07 00:00:00,7.937185897639544
2019-02-07 01:00:00,8.339533935597654
2019-02-07 02:00:00,5.098783716481942
2019-02-07 03:00:00,7.540185373957652
2019-02-07 04:00:00,8.055338903034004
2019-02-07 05:00:00,4.9356569398314765
2019-02-07 06:00:00,6.134544655154172
2019-02-07 07:00:00,5.985306970783442
2019-02-07 08:00:00,0.14649417182579047
2019-02-07 09:00:00,0.005924396654726276
2019-02-07 10:00:00,0.020842020201996905
2019-02-07 11:00:00,0.11048511784516594
2019-02-07 12:00:00,0.00037953730856964
2019-02-07 13:00:00,0.00018073205169991108
2019-02-07 14:00:00,3.718997991511933
2019-02-07 15:00:00,14.46724063999536
2019-02-07 16:00:00,35.32303719027802
2019-02-07 17:00:00,63.87059107199505
2019-02-07 18:00:00,37.74703486398363
2019-02-07 19:00:00,18.47235234182679
2019-02-07 20:00:00,17.766828746108324
2019-02-07 21:00:00,23.756340725802072
2019-02-07 22:00:00,20.687360720478082
2019-02-07 23:00:00,15.687530801594027
2019-02-08 00:00:00,9.851902776188563
2019-02-08 01:00:00,4.362558493469606
2019-02-08 02:00:00,0.9312696297245565
2019-02-08 03:00:00,0.210041707396534
2019-02-08 04:00:00,2.491847019444453
2019-02-08 05:00:00,3.3450144555555763
2019-02-08 06:00:00,0.4489293416666668
2019-02-08 07:00:00,0.0
2019-02-08 08:00:00,0.0
2019-02-08 09:00:00,0.015127272222222222
2019-02-08 10:00:00,4.3734156359291685
2019-02-08 11:00:00,6.067073765613072
2019-02-08 12:00:00,1.5201372868469956
2019-02-08 13:00:00,0.0
2019-02-08 14:00:00,0.2910870424676355
2019-02-08 15:00:00,13.311960238945215
2019-02-08 16:00:00,38.93627910897425
2019-02-08 17:00:00,50.98963899566255
2019-02-08 18:00:00,62.74573012971125
2019-02-08 19:00:00,44.5808074637926
2019-02-08 20:00:00,20.550162134667733
2019-02-08 21:00:00,20.703804935432597
2019-02-08 22:00:00,19.447125798037057
2019-02-08 23:00:00,10.373944113057652
2019-02-09 00:00:00,14.591579043180511
2019-02-09 01:00:00,17.538081370815984
2019-02-09 02:00:00,13.882328874624678
2019-02-09 03:00:00,9.386997752167716
2019-02-09 04:00:00,0.7271820641956845
2019-02-09 05:00:00,4.288126373410988
2019-02-09 06:00:00,6.539429633972565
2019-02-09 07:00:00,7.048523923099395
2019-02-09 08:00:00,0.7901421179536984
2019-02-09 09:00:00,0.0
2019-02-09 10:00:00,0.0
2019-02-09 11:00:00,0.0
2019-02-09 12:00:00,0.0
2019-02-09 13:00:00,0.0
2019-02-09 14:00:00,0.0
2019-02-09 15:00:00,0.0
2019-02-09 16:00:00,1.0337407583333336
2019-02-09 17:00:00,3.1123089999999882
2019-02-09 18:00:00,2.7492532388888895
2019-02-09 19:00:00,0.0
2019-02-09 20:00:00,0.0
2019-02-09 21:00:00,0.0
2019-02-09 22:00:00,0.0
2019-02-09 23:00:00,2.1867746888231583
2019-02-10 00:00:00,5.7219153079159195
2019-02-10 01:00:00,7.711716572172637
2019-02-10 02:00:00,9.505651302050243
2019-02-10 03:00:00,8.74929418239034
2019-02-10 04:00:00,0.6853002467903967
2019-02-10 05:00:00,0.01113196480937875
2019-02-10 06:00:00,3.512057172222225
2019-02-10 07:00:00,6.4214404361111175
2019-02-10 08:00:00,6.408009627777776
2019-02-10 09:00:00,8.041123288018326
2019-02-10 10:00:00,9.707499082414452
2019-02-10 11:00:00,3.2666179950815923
2019-02-10 12:00:00,0.0
2019-02-10 13:00:00,0.0
2019-02-10 14:00:00,0.0
2019-02-10 15:00:00,0.0
2019-02-10 16:00:00,3.0344441577048977
2019-02-10 17:00:00,0.5616140067340919
2019-02-10 18:00:00,2.022449492774482
2019-02-10 19:00:00,3.3524891929995895
2019-02-10 20:00:00,10.250067868458325
2019-02-10 21:00:00,12.65907962864382
2019-02-10 22:00:00,8.89688574152719
2019-02-10 23:00:00,6.629079051414667
2019-02-11 00:00:00,3.245678297222217
2019-02-11 01:00:00,0.0
2019-02-11 02:00:00,1.165287976539633
2019-02-11 03:00:00,0.0
2019-02-11 04:00:00,0.0
2019-02-11 05:00:00,0.0
2019-02-11 06:00:00,0.0
2019-02-11 07:00:00,0.0
2019-02-11 08:00:00,0.0
2019-02-11 09:00:00,0.0
2019-02-11 10:00:00,0.10904287607242596
2019-02-11 11:00:00,3.2267177582231383
2019-02-11 12:00:00,2.2604085413252344
2019-02-11 13:00:00,0.0
2019-02-11 14:00:00,2.2094204149018477
2019-02-11 15:00:00,8.590277554033966
2019-02-11 16:00:00,22.854156111356914
2019-02-11 17:00:00,25.264127877295728
2019-02-11 18:00:00,29.79584977676176
2019-02-11 19:00:00,31.02496023275572
2019-02-11 20:00:00,23.24390289064896
2019-02-11 21:00:00,14.878092098864082
2019-02-11 22:00:00,8.31721695231912
2019-02-11 23:00:00,12.18408684815596
2019-02-12 00:00:00,3.365131493735654
2019-02-12 01:00:00,1.3478174722304024
2019-02-12 02:00:00,8.86919130883626
2019-02-12 03:00:00,9.880558279736515
2019-02-12 04:00:00,6.521564270663067
2019-02-12 05:00:00,4.949961724774557
2019-02-12 06:00:00,0.0
2019-02-12 07:00:00,0.0
2019-02-12 08:00:00,0.5876647246647791
2019-02-12 09:00:00,1.3233743021592894
2019-02-12 10:00:00,0.0
2019-02-12 11:00:00,0.0
2019-02-12 12:00:00,1.352875741666667
2019-02-12 13:00:00,6.628189563888895
2019-02-12 14:00:00,13.15642561349451
2019-02-12 15:00:00,22.163294635793914
2019-02-12 16:00:00,28.039069468571522
2019-02-12 17:00:00,51.77784225391311
2019-02-12 18:00:00,43.80071120917814
2019-02-12 19:00:00,22.533913375575562
2019-02-12 20:00:00,29.988699306633954
2019-02-12 21:00:00,23.214343773823266
2019-02-12 22:00:00,30.393730352630392
2019-02-12 23:00:00,30.46830389896438
2019-02-13 00:00:00,19.807434423671502
2019-02-13 01:00:00,18.842738818108792
2019-02-13 02:00:00,12.772553731845381
2019-02-13 03:00:00,7.347458488940773
2019-02-13 04:00:00,4.823915221278739
2019-02-13 05:00:00,6.078184307038032
2019-02-13 06:00:00,1.2017817339686214
2019-02-13 07:00:00,0.1623764526989347
2019-02-13 08:00:00,1.5448677571384017
2019-02-13 09:00:00,3.4090529032213115
2019-02-13 10:00:00,1.2982195633745883
2019-02-13 11:00:00,0.1628000434451029
2019-02-13 12:00:00,0.16270967741925332
2019-02-13 13:00:00,0.16252894536755366
2019-02-13 14:00:00,0.8857008015639216
2019-02-13 15:00:00,11.767018042794446
2019-02-13 16:00:00,17.13950121491144
2019-02-13 17:00:00,28.735774425473554
2019-02-13 18:00:00,28.906437868085078
2019-02-13 19:00:00,15.504493670029715
2019-02-13 20:00:00,4.183068220304123
2019-02-13 21:00:00,3.940027451562954
2019-02-13 22:00:00,4.818632460105354
2019-02-13 23:00:00,3.8022380432540475
2019-02-14 00:00:00,1.194094844171904
2019-02-14 01:00:00,6.074610628562196
2019-02-14 02:00:00,8.613901325762907
2019-02-14 03:00:00,2.4100232589631845
2019-02-14 04:00:00,0.007622213478870053
2019-02-14 05:00:00,0.0
2019-02-14 06:00:00,0.0
2019-02-14 07:00:00,0.0
2019-02-14 08:00:00,2.533718779187981
2019-02-14 09:00:00,0.1186867383511872
2019-02-14 10:00:00,0.0
2019-02-14 11:00:00,0.0
2019-02-14 12:00:00,0.0
2019-02-14 13:00:00,0.04930673333333333
2019-02-14 14:00:00,4.452952337414852
2019-02-14 15:00:00,4.871939703758044
2019-02-14 16:00:00,23.971979735181314
2019-02-14 17:00:00,61.9629884368469
2019-02-14 18:00:00,59.897120338879354
2019-02-14 19:00:00,30.512425579192477
2019-02-14 20:00:00,19.3312598658855
2019-02-14 21:00:00,11.810890604452982
2019-02-14 22:00:00,8.980187055896327
2019-02-14 23:00:00,5.500865833937822
2019-02-15 00:00:00,10.393790385575844
2019-02-15 01:00:00,10.303259893558671
2019-02-15 02:00:00,10.217320899315842
2019-02-15 03:00:00,8.762153735202283
2019-02-15 04:00:00,1.5028954491148572
2019-02-15 05:00:00,6.6736975453866885
2019-02-15 06:00:00,0.16283957858141196
2019-02-15 07:00:00,0.16252329749093777
2019-02-15 08:00:00,0.16258824807201755
2019-02-15 09:00:00,1.3351688758530091
2019-02-15 10:00:00,3.411476520033926
2019-02-15 11:00:00,1.1858122472019719
2019-02-15 12:00:00,0.0
2019-02-15 13:00:00,0.0
2019-02-15 14:00:00,1.6975113370262807
2019-02-15 15:00:00,14.728111532526663
2019-02-15 16:00:00,20.431214283255066
2019-02-15 17:00:00,33.67557630517855
2019-02-15 18:00:00,60.159986306828614
2019-02-15 19:00:00,38.32147396903125
2019-02-15 20:00:00,19.87968651632037
2019-02-15 21:00:00,13.598212719908803
2019-02-15 22:00:00,15.823123309932782
2019-02-15 23:00:00,20.56467945859874
2019-02-16 00:00:00,7.604087514798258
2019-02-16 01:00:00,4.26483341961
2019-02-16 02:00:00,8.451823945158464
2019-02-16 03:00:00,19.680656229954003
2019-02-16 04:00:00,18.828673021457746
2019-02-16 05:00:00,11.244020545640945
2019-02-16 06:00:00,9.97810841276999
2019-02-16 07:00:00,10.318557775648657
2019-02-16 08:00:00,7.668389677049123
2019-02-16 09:00:00,0.15642406388888896
2019-02-16 10:00:00,0.0
2019-02-16 11:00:00,0.0
2019-02-16 12:00:00,0.0
2019-02-16 13:00:00,0.0
2019-02-16 14:00:00,0.0
2019-02-16 15:00:00,0.0
2019-02-16 16:00:00,0.0
2019-02-16 17:00:00,1.0851796027777776
2019-02-16 18:00:00,7.37649823611112
2019-02-16 19:00:00,14.905510261111154
2019-02-16 20:00:00,8.13810182777777
2019-02-16 21:00:00,16.594987388712767
2019-02-16 22:00:00,25.868286354203306
2019-02-16 23:00:00,9.659211086583689
2019-02-17 00:00:00,9.902867529682599
2019-02-17 01:00:00,8.620821270772794
2019-02-17 02:00:00,0.286304391528141
2019-02-17 03:00:00,2.519074980555558
2019-02-17 04:00:00,7.023498608333327
2019-02-17 05:00:00,6.899751316666659
2019-02-17 06:00:00,6.867528241666675
2019-02-17 07:00:00,7.06243443333332
2019-02-17 08:00:00,8.374174545597368
2019-02-17 09:00:00,7.327642863063255
2019-02-17 10:00:00,1.1151253111111112
2019-02-17 11:00:00,0.0
2019-02-17 12:00:00,0.0
2019-02-17 13:00:00,0.0
2019-02-17 14:00:00,0.006247830555555556
2019-02-17 15:00:00,0.7775345889015557
2019-02-17 16:00:00,7.622780905456037
2019-02-17 17:00:00,1.42817850571577
2019-02-17 18:00:00,4.346744625000006
2019-02-17 19:00:00,1.9114183083333314
2019-02-17 20:00:00,0.2703259138888888
2019-02-17 21:00:00,6.650775188888899
2019-02-17 22:00:00,12.817542403247016
2019-02-17 23:00:00,6.283340032171067
2019-02-18 00:00:00,0.48997273888889015
2019-02-18 01:00:00,0.0
2019-02-18 02:00:00,0.0
2019-02-18 03:00:00,0.0
2019-02-18 04:00:00,0.0
2019-02-18 05:00:00,0.0
2019-02-18 06:00:00,0.0
2019-02-18 07:00:00,0.0
2019-02-18 08:00:00,0.0
2019-02-18 09:00:00,0.0
2019-02-18 10:00:00,1.0227301487979081
2019-02-18 11:00:00,3.247154938628866
2019-02-18 12:00:00,1.2480885587037065
2019-02-18 13:00:00,0.0002523333333333333
2019-02-18 14:00:00,0.020360688888888895
2019-02-18 15:00:00,0.0
2019-02-18 16:00:00,0.0
2019-02-18 17:00:00,10.341218780862324
2019-02-18 18:00:00,9.124615122222217
2019-02-18 19:00:00,9.108759022222227
2019-02-18 20:00:00,7.061980191666679
2019-02-18 21:00:00,8.068206829682378
2019-02-18 22:00:00,17.102419243287727
2019-02-18 23:00:00,20.378719633445627
2019-02-19 00:00:00,16.71938318337014
2019-02-19 01:00:00,12.688357508333349
2019-02-19 02:00:00,9.125065472222214
2019-02-19 03:00:00,7.5634575777777675
2019-02-19 04:00:00,0.0
2019-02-19 05:00:00,0.20580210000000002
2019-02-19 06:00:00,0.0
2019-02-19 07:00:00,0.0
2019-02-19 08:00:00,0.0
2019-02-19 09:00:00,1.3355520278028266
2019-02-19 10:00:00,0.0159911719343844
2019-02-19 11:00:00,0.0
2019-02-19 12:00:00,0.0
2019-02-19 13:00:00,0.0
2019-02-19 14:00:00,1.575354543282881
2019-02-19 15:00:00,6.806040134681849
2019-02-19 16:00:00,15.258896607214684
2019-02-19 17:00:00,40.88279977854356
2019-02-19 18:00:00,41.959404596898295
2019-02-19 19:00:00,33.68292293951173
2019-02-19 20:00:00,17.738688724432837
2019-02-19 21:00:00,10.603172194811485
2019-02-19 22:00:00,10.730297025594838
2019-02-19 23:00:00,20.382160712501847
2019-02-20 00:00:00,15.76542585424021
2019-02-20 01:00:00,7.485343238840242
2019-02-20 02:00:00,4.012485934614444
2019-02-20 03:00:00,0.4610691923237645
2019-02-20 04:00:00,9.741565655555563
2019-02-20 05:00:00,7.109672622222214
2019-02-20 06:00:00,3.493237661111119
2019-02-20 07:00:00,3.6118485250000036
2019-02-20 08:00:00,1.8697777601363124
2019-02-20 09:00:00,3.0690326577586595
2019-02-20 10:00:00,1.8169643792758785
2019-02-20 11:00:00,0.0
2019-02-20 12:00:00,0.0
2019-02-20 13:00:00,0.0
2019-02-20 14:00:00,1.311839982622237
2019-02-20 15:00:00,10.505542096232231
2019-02-20 16:00:00,27.877083085481114
2019-02-20 17:00:00,56.98695009440442
2019-02-20 18:00:00,55.08442796898803
2019-02-20 19:00:00,43.635640823699504
2019-02-20 20:00:00,50.01105271635811
2019-02-20 21:00:00,33.168874549931644
2019-02-20 22:00:00,18.18248344801102
2019-02-20 23:00:00,7.661889648836703
2019-02-21 00:00:00,3.313840054207621
2019-02-21 01:00:00,6.766856233006642
2019-02-21 02:00:00,16.964422016103935
2019-02-21 03:00:00,18.987106177071368
2019-02-21 04:00:00,3.9856839659361567
2019-02-21 05:00:00,1.0568741403658548
2019-02-21 06:00:00,0.16261931139340347
2019-02-21 07:00:00,0.1625882480720175
2019-02-21 08:00:00,0.1443371347886574
2019-02-21 09:00:00,0.0
2019-02-21 10:00:00,0.0
2019-02-21 11:00:00,0.0
2019-02-21 12:00:00,0.7818540849345993
2019-02-21 13:00:00,0.0
2019-02-21 14:00:00,0.7852193157381625
2019-02-21 15:00:00,7.670821314218584
2019-02-21 16:00:00,21.356177165635515
2019-02-21 17:00:00,42.80910711602253
2019-02-21 18:00:00,32.18290453687761
2019-02-21 19:00:00,15.463544519716992
2019-02-21 20:00:00,8.483395625507653
2019-02-21 21:00:00,18.06483174955165
2019-02-21 22:00:00,19.699711473091163
2019-02-21 23:00:00,18.34600816205588
2019-02-22 00:00:00,6.078416302644131
2019-02-22 01:00:00,3.5850028643449763
2019-02-22 02:00:00,1.4763393422857491
2019-02-22 03:00:00,0.0
2019-02-22 04:00:00,1.3406559009433487
2019-02-22 05:00:00,3.1594276007382183
2019-02-22 06:00:00,1.605323532094923
2019-02-22 07:00:00,3.4200612924952405
2019-02-22 08:00:00,2.651017495384185
2019-02-22 09:00:00,0.3372026327794647
2019-02-22 10:00:00,0.0
2019-02-22 11:00:00,0.0
2019-02-22 12:00:00,0.0
2019-02-22 13:00:00,0.9898441446727665
2019-02-22 14:00:00,3.0769425892329765
2019-02-22 15:00:00,12.477421216288686
2019-02-22 16:00:00,20.75903038404324
2019-02-22 17:00:00,49.778576074716646
2019-02-22 18:00:00,45.58052541719392
2019-02-22 19:00:00,39.40650826092272
2019-02-22 20:00:00,20.63317581176843
2019-02-22 21:00:00,16.264442746893728
2019-02-22 22:00:00,12.37320617289091
2019-02-22 23:00:00,5.780722135087153
2019-02-23 00:00:00,0.6008832410121165
2019-02-23 01:00:00,0.6432649071357447
2019-02-23 02:00:00,3.301410515238271
2019-02-23 03:00:00,3.7480564167127275
2019-02-23 04:00:00,3.7061528376913495
2019-02-23 05:00:00,6.504479855555549
2019-02-23 06:00:00,0.6430606138888889
2019-02-23 07:00:00,0.0
2019-02-23 08:00:00,0.0
2019-02-23 09:00:00,0.0
2019-02-23 10:00:00,0.0
2019-02-23 11:00:00,0.0
2019-02-23 12:00:00,0.0
2019-02-23 13:00:00,0.0
2019-02-23 14:00:00,0.0
2019-02-23 15:00:00,2.37714374299207
2019-02-23 16:00:00,12.24256857629221
2019-02-23 17:00:00,5.992296162956835
2019-02-23 18:00:00,12.402047784566157
2019-02-23 19:00:00,15.65973655000002
2019-02-23 20:00:00,8.729619313888891
2019-02-23 21:00:00,13.930653021252944
2019-02-23 22:00:00,5.607934864581301
2019-02-23 23:00:00,3.338656763888888
2019-02-24 00:00:00,3.9566820755793435
2019-02-24 01:00:00,6.586439847943045
2019-02-24 02:00:00,3.1061514065390554
2019-02-24 03:00:00,0.0
2019-02-24 04:00:00,0.0
2019-02-24 05:00:00,0.0
2019-02-24 06:00:00,1.2509658129687269
2019-02-24 07:00:00,6.547640291083841
2019-02-24 08:00:00,8.20341945559689
2019-02-24 09:00:00,7.677344300488738
2019-02-24 10:00:00,6.332200456174655
2019-02-24 11:00:00,1.6313164157704574
2019-02-24 12:00:00,0.0
2019-02-24 13:00:00,0.0
2019-02-24 14:00:00,0.0
2019-02-24 15:00:00,0.0
2019-02-24 16:00:00,0.0
2019-02-24 17:00:00,2.6978417496199154
2019-02-24 18:00:00,9.531942131753016
2019-02-24 19:00:00,12.815166961111089
2019-02-24 20:00:00,10.295103394124071
2019-02-24 21:00:00,18.596522134427545
2019-02-24 22:00:00,16.175450890077233
2019-02-24 23:00:00,6.4257614583333345
2019-02-25 00:00:00,2.8650092621626726
2019-02-25 01:00:00,7.134017282058085
2019-02-25 02:00:00,9.206040738888902
2019-02-25 03:00:00,11.287902116666658
2019-02-25 04:00:00,12.657962863888873
2019-02-25 05:00:00,13.274959311111083
2019-02-25 06:00:00,8.74212014999999
2019-02-25 07:00:00,6.66288409722222
2019-02-25 08:00:00,6.800464344444436
2019-02-25 09:00:00,6.8205452777777795
2019-02-25 10:00:00,6.996067568518503
2019-02-25 11:00:00,5.284286940195467
2019-02-25 12:00:00,2.118638705330704
2019-02-25 13:00:00,0.0
2019-02-25 14:00:00,4.714580238737003
2019-02-25 15:00:00,12.568717102501559
2019-02-25 16:00:00,34.43992674295187
2019-02-25 17:00:00,54.257973156558265
2019-02-25 18:00:00,62.19653095329691
2019-02-25 19:00:00,49.976704940148416
2019-02-25 20:00:00,27.92652905313102
2019-02-25 21:00:00,23.604124681336007
2019-02-25 22:00:00,19.470133799476173
2019-02-25 23:00:00,18.744519195490074
2019-02-26 00:00:00,17.52427744044867
2019-02-26 01:00:00,6.84679939176803
2019-02-26 02:00:00,5.875773902128846
2019-02-26 03:00:00,2.4607009555555583
2019-02-26 04:00:00,7.0926996
2019-02-26 05:00:00,6.902043152777781
2019-02-26 06:00:00,0.23117073611111102
2019-02-26 07:00:00,0.0
2019-02-26 08:00:00,0.0
2019-02-26 09:00:00,0.0
2019-02-26 10:00:00,0.0
2019-02-26 11:00:00,0.0
2019-02-26 12:00:00,0.0
2019-02-26 13:00:00,0.0
2019-02-26 14:00:00,1.3393582448139607
2019-02-26 15:00:00,11.53184328445549
2019-02-26 16:00:00,21.862131858385762
2019-02-26 17:00:00,40.717197187298815
2019-02-26 18:00:00,50.0073554890274
2019-02-26 19:00:00,39.86478555253742
2019-02-26 20:00:00,21.630735265403512
2019-02-26 21:00:00,26.959024855908062
2019-02-26 22:00:00,26.032268069553897
2019-02-26 23:00:00,8.500981798405697
2019-02-27 00:00:00,8.536951410142297
2019-02-27 01:00:00,3.4059511531603768
2019-02-27 02:00:00,0.4755907461712193
2019-02-27 03:00:00,3.203541536977203
2019-02-27 04:00:00,6.833740774389061
2019-02-27 05:00:00,2.4797944694444456
2019-02-27 06:00:00,0.0
2019-02-27 07:00:00,0.0
2019-02-27 08:00:00,0.0
2019-02-27 09:00:00,0.0
2019-02-27 10:00:00,0.0
2019-02-27 11:00:00,0.0
2019-02-27 12:00:00,0.0
2019-02-27 13:00:00,0.0
2019-02-27 14:00:00,5.328173232239958
2019-02-27 15:00:00,14.869268018620705
2019-02-27 16:00:00,14.56344030221689
2019-02-27 17:00:00,28.99282843529289
2019-02-27 18:00:00,34.20125141157139
2019-02-27 19:00:00,24.60970312039972
2019-02-27 20:00:00,21.400097830517204
2019-02-27 21:00:00,23.55055173929047
2019-02-27 22:00:00,19.29179176537736
2019-02-27 23:00:00,22.1360526552207
2019-02-28 00:00:00,10.944239187833908
2019-02-28 01:00:00,8.839116091130704
2019-02-28 02:00:00,9.005115166169583
2019-02-28 03:00:00,8.057558074212436
2019-02-28 04:00:00,0.4780777421635226
2019-02-28 05:00:00,0.0
2019-02-28 06:00:00,0.0
2019-02-28 07:00:00,0.0
2019-02-28 08:00:00,0.0
2019-02-28 09:00:00,0.0
2019-02-28 10:00:00,0.0
2019-02-28 11:00:00,0.0
2019-02-28 12:00:00,0.0
2019-02-28 13:00:00,0.0
2019-02-28 14:00:00,1.260974753990818
2019-02-28 15:00:00,3.7613192136380627
2019-02-28 16:00:00,20.232536951024315
2019-02-28 17:00:00,35.42996357849569
2019-02-28 18:00:00,30.17526844944877
2019-02-28 19:00:00,19.565146582201653
2019-02-28 20:00:00,15.466953768715674
2019-02-28 21:00:00,7.015671506424256
2019-02-28 22:00:00,4.637389569811041
2019-02-28 23:00:00,6.0076801660582575
2019-03-01 00:00:00,8.192873407233442
2019-03-01 01:00:00,8.455491303880052
2019-03-01 02:00:00,2.129128494512162
2019-03-01 03:00:00,0.4249570804818232
2019-03-01 04:00:00,1.102382549226053
2019-03-01 05:00:00,5.692168909571862
2019-03-01 06:00:00,0.300499567720335
2019-03-01 07:00:00,0.0
2019-03-01 08:00:00,0.0
2019-03-01 09:00:00,0.0
2019-03-01 10:00:00,1.395634591071398
2019-03-01 11:00:00,3.259751962632693
2019-03-01 12:00:00,1.115474608448641
2019-03-01 13:00:00,0.0
2019-03-01 14:00:00,3.0978470370890197
2019-03-01 15:00:00,15.697757184112064
2019-03-01 16:00:00,21.187556742460202
2019-03-01 17:00:00,44.822866796935045
2019-03-01 18:00:00,44.578385798346496
2019-03-01 19:00:00,22.957882137569435
2019-03-01 20:00:00,13.858367511070416
2019-03-01 21:00:00,16.96488577190478
2019-03-01 22:00:00,14.654539373422372
2019-03-01 23:00:00,7.5721180865400495
2019-03-02 00:00:00,4.314780442497494
2019-03-02 01:00:00,1.3581418900700613
2019-03-02 02:00:00,0.14797154339090468
2019-03-02 03:00:00,0.0
2019-03-02 04:00:00,0.0
2019-03-02 05:00:00,0.37836605000000023
2019-03-02 06:00:00,0.0
2019-03-02 07:00:00,0.0
2019-03-02 08:00:00,0.0
2019-03-02 09:00:00,2.467147935263195
2019-03-02 10:00:00,0.14168308460946114
2019-03-02 11:00:00,0.0
2019-03-02 12:00:00,0.0
2019-03-02 13:00:00,0.0
2019-03-02 14:00:00,0.0
2019-03-02 15:00:00,0.0
2019-03-02 16:00:00,0.0
2019-03-02 17:00:00,2.164342252777777
2019-03-02 18:00:00,11.680499285103473
2019-03-02 19:00:00,12.57453454990442
2019-03-02 20:00:00,6.4807549733894465
2019-03-02 21:00:00,9.831689870747214
2019-03-02 22:00:00,15.714326577601565
2019-03-02 23:00:00,16.231155181921366
2019-03-03 00:00:00,12.786326369061408
2019-03-03 01:00:00,0.8659161768207975
2019-03-03 02:00:00,0.0
2019-03-03 03:00:00,2.666728819444444
2019-03-03 04:00:00,3.8568182305555534
2019-03-03 05:00:00,9.445700072222216
2019-03-03 06:00:00,9.132355377777797
2019-03-03 07:00:00,9.785446626920315
2019-03-03 08:00:00,10.150175330563695
2019-03-03 09:00:00,10.02405051586831
2019-03-03 10:00:00,8.138649813876324
2019-03-03 11:00:00,6.947040895085275
2019-03-03 12:00:00,10.028136048541219
2019-03-03 13:00:00,5.665653847622051
2019-03-03 14:00:00,0.12327231666666669
2019-03-03 15:00:00,1.0163972977105644
2019-03-03 16:00:00,1.2592686434251152
2019-03-03 17:00:00,0.03975593333333333
2019-03-03 18:00:00,10.809898485935909
2019-03-03 19:00:00,2.6160892190711906
2019-03-03 20:00:00,14.32170191782373
2019-03-03 21:00:00,18.245459020698824
2019-03-03 22:00:00,13.876965741666698
2019-03-03 23:00:00,16.43188777777776
2019-03-04 00:00:00,18.87970452857401
2019-03-04 01:00:00,9.803972457293073
2019-03-04 02:00:00,6.493142348212408
2019-03-04 03:00:00,2.597108739002896
2019-03-04 04:00:00,0.0
2019-03-04 05:00:00,0.0
2019-03-04 06:00:00,2.1749331247938004
2019-03-04 07:00:00,3.347078075371908
2019-03-04 08:00:00,3.348715507760059
2019-03-04 09:00:00,3.302083023780546
2019-03-04 10:00:00,1.7757140957943731
2019-03-04 11:00:00,3.2566361420602026
2019-03-04 12:00:00,0.789383382207969
2019-03-04 13:00:00,0.0
2019-03-04 14:00:00,0.8669969544913594
2019-03-04 15:00:00,10.282491860541871
2019-03-04 16:00:00,20.634094842936204
2019-03-04 17:00:00,52.394185385509985
2019-03-04 18:00:00,55.280019203628264
2019-03-04 19:00:00,37.530709743914095
2019-03-04 20:00:00,32.64112861769097
2019-03-04 21:00:00,25.71167932927555
2019-03-04 22:00:00,18.185928495465586
2019-03-04 23:00:00,13.19658538970814
2019-03-05 00:00:00,8.858351503824332
2019-03-05 01:00:00,9.044978994876585
2019-03-05 02:00:00,4.023589831468109
2019-03-05 03:00:00,7.306538836111109
2019-03-05 04:00:00,9.966253358333345
2019-03-05 05:00:00,1.8376759111111085
2019-03-05 06:00:00,0.0
2019-03-05 07:00:00,0.0
2019-03-05 08:00:00,0.0
2019-03-05 09:00:00,1.4996386575429919
2019-03-05 10:00:00,0.09573015314426452
2019-03-05 11:00:00,0.0
2019-03-05 12:00:00,0.0
2019-03-05 13:00:00,0.0
2019-03-05 14:00:00,1.7244765591398794
2019-03-05 15:00:00,14.688458355593765
2019-03-05 16:00:00,26.005641199071533
2019-03-05 17:00:00,39.43555730997007
2019-03-05 18:00:00,34.175572000696064
2019-03-05 19:00:00,30.25094781150068
2019-03-05 20:00:00,19.536094652328977
2019-03-05 21:00:00,16.43721744471907
2019-03-05 22:00:00,11.094605618776486
2019-03-05 23:00:00,7.470963033102388
2019-03-06 00:00:00,7.251125878575922
2019-03-06 01:00:00,0.30305941131736025
2019-03-06 02:00:00,3.306002079609585
2019-03-06 03:00:00,8.454074625915197
2019-03-06 04:00:00,6.797820844685779
2019-03-06 05:00:00,6.276589608143214
2019-03-06 06:00:00,0.0
2019-03-06 07:00:00,0.0
2019-03-06 08:00:00,0.0
2019-03-06 09:00:00,0.0
2019-03-06 10:00:00,0.0
2019-03-06 11:00:00,0.0
2019-03-06 12:00:00,0.0
2019-03-06 13:00:00,0.0
2019-03-06 14:00:00,0.0
2019-03-06 15:00:00,0.0
2019-03-06 16:00:00,0.0
2019-03-06 17:00:00,7.909773408021021
2019-03-06 18:00:00,1.8269871157300588
2019-03-06 19:00:00,1.8238261832164995
2019-03-06 20:00:00,9.195385285874897
2019-03-06 21:00:00,17.37886376298199
2019-03-06 22:00:00,10.141104375450453
2019-03-06 23:00:00,3.7857992633967434
2019-03-07 00:00:00,5.1919358939746125
2019-03-07 01:00:00,4.644961012322106
2019-03-07 02:00:00,2.323281491666667
2019-03-07 03:00:00,4.288958077777782
2019-03-07 04:00:00,0.4127697361111111
2019-03-07 05:00:00,0.0
2019-03-07 06:00:00,0.0
2019-03-07 07:00:00,0.0
2019-03-07 08:00:00,2.025138785700622
2019-03-07 09:00:00,0.0
2019-03-07 10:00:00,0.461726511111111
2019-03-07 11:00:00,0.0
2019-03-07 12:00:00,0.0
2019-03-07 13:00:00,0.0
2019-03-07 14:00:00,0.040212881503200175
2019-03-07 15:00:00,6.703368628219147
2019-03-07 16:00:00,24.440442047004893
2019-03-07 17:00:00,43.445569941274215
2019-03-07 18:00:00,47.680417887107716
2019-03-07 19:00:00,38.7400375627009
2019-03-07 20:00:00,20.531679610990658
2019-03-07 21:00:00,15.577310502067924
2019-03-07 22:00:00,5.861664557867932
2019-03-07 23:00:00,5.290388995424804
2019-03-08 00:00:00,6.1324318493333925
2019-03-08 01:00:00,4.794289003042476
2019-03-08 02:00:00,4.763306176710639
2019-03-08 03:00:00,2.921116965198344
2019-03-08 04:00:00,0.7020320390599541
2019-03-08 05:00:00,0.0
2019-03-08 06:00:00,0.0
2019-03-08 07:00:00,0.0
2019-03-08 08:00:00,0.0
2019-03-08 09:00:00,0.0
2019-03-08 10:00:00,0.10331005539249774
2019-03-08 11:00:00,3.2373158857330684
2019-03-08 12:00:00,2.277220236773093
2019-03-08 13:00:00,0.0
2019-03-08 14:00:00,2.4989882250000006
2019-03-08 15:00:00,0.8404814111111107
2019-03-08 16:00:00,20.392788430852477
2019-03-08 17:00:00,42.532045128585025
2019-03-08 18:00:00,37.32004048740707
2019-03-08 19:00:00,35.914405104018805
2019-03-08 20:00:00,16.298379701013207
2019-03-08 21:00:00,9.114523219593623
2019-03-08 22:00:00,5.655779065200242
2019-03-08 23:00:00,1.27785145989722
2019-03-09 00:00:00,3.8835270447891235
2019-03-09 01:00:00,3.865429199128226
2019-03-09 02:00:00,3.725694135478357
2019-03-09 03:00:00,11.911774583476703
2019-03-09 04:00:00,9.309162519992388
2019-03-09 05:00:00,0.5716121038339919
2019-03-09 06:00:00,0.0
2019-03-09 07:00:00,0.0
2019-03-09 08:00:00,0.0
2019-03-09 09:00:00,0.0
2019-03-09 10:00:00,0.0
2019-03-09 11:00:00,0.0
2019-03-09 12:00:00,0.0
2019-03-09 13:00:00,0.0
2019-03-09 14:00:00,0.0
2019-03-09 15:00:00,0.0
2019-03-09 16:00:00,0.0
2019-03-09 17:00:00,0.4076230694037755
2019-03-09 18:00:00,6.557576939285893
2019-03-09 19:00:00,7.982714230476481
2019-03-09 20:00:00,15.6444188675177
2019-03-09 21:00:00,9.820039125137937
2019-03-09 22:00:00,0.9835112935807709
2019-03-09 23:00:00,0.006542500271530312
2019-03-10 00:00:00,1.9428984728993008
2019-03-10 01:00:00,3.3580304377086123
2019-03-10 02:00:00,1.9773676898005115
2019-03-10 03:00:00,0.4903864
2019-03-10 04:00:00,5.075023013888881
2019-03-10 05:00:00,2.170373272222222
2019-03-10 06:00:00,0.0
2019-03-10 07:00:00,0.0
2019-03-10 08:00:00,0.0
2019-03-10 09:00:00,1.3355701010102332
2019-03-10 10:00:00,3.1888869251619574
2019-03-10 11:00:00,0.0
2019-03-10 12:00:00,0.0
2019-03-10 13:00:00,0.0
2019-03-10 14:00:00,0.0
2019-03-10 15:00:00,0.0
2019-03-10 16:00:00,2.082777152777779
2019-03-10 17:00:00,2.1684762361111125
2019-03-10 18:00:00,0.0
2019-03-10 19:00:00,0.0
2019-03-10 20:00:00,0.0
2019-03-10 21:00:00,3.030731513888893
2019-03-10 22:00:00,6.336055919444443
2019-03-10 23:00:00,6.412722969444444
2019-03-11 00:00:00,5.593280222222229
2019-03-11 01:00:00,1.014624280555555
2019-03-11 02:00:00,0.006415358333333334
2019-03-11 03:00:00,0.0
2019-03-11 04:00:00,0.0
2019-03-11 05:00:00,0.0
2019-03-11 06:00:00,0.0
2019-03-11 07:00:00,0.0
2019-03-11 08:00:00,0.0
2019-03-11 09:00:00,0.0
2019-03-11 10:00:00,0.0
2019-03-11 11:00:00,0.0
2019-03-11 12:00:00,0.0
2019-03-11 13:00:00,4.756894026772224
2019-03-11 14:00:00,14.271991389536812
2019-03-11 15:00:00,18.14755552268936
2019-03-11 16:00:00,32.522254240333815
2019-03-11 17:00:00,31.370323248934184
2019-03-11 18:00:00,17.985455122539786
2019-03-11 19:00:00,13.100368450840945
2019-03-11 20:00:00,12.683070172865596
2019-03-11 21:00:00,9.864154514458924
2019-03-11 22:00:00,7.2757358254941
2019-03-11 23:00:00,15.079726478287231
2019-03-12 00:00:00,19.121946331520302
2019-03-12 01:00:00,10.611271328576706
2019-03-12 02:00:00,9.69343515277779
2019-03-12 03:00:00,1.734520122222221
2019-03-12 04:00:00,0.0
2019-03-12 05:00:00,9.325000000000002e-05
2019-03-12 06:00:00,0.0
2019-03-12 07:00:00,0.0
2019-03-12 08:00:00,0.0
2019-03-12 09:00:00,0.0
2019-03-12 10:00:00,0.0
2019-03-12 11:00:00,0.0
2019-03-12 12:00:00,0.0
2019-03-12 13:00:00,3.988317371850182
2019-03-12 14:00:00,13.592419044455212
2019-03-12 15:00:00,24.56980136017095
2019-03-12 16:00:00,53.83727141347861
2019-03-12 17:00:00,64.61331143735202
2019-03-12 18:00:00,44.65945814198093
2019-03-12 19:00:00,29.06620181088721
2019-03-12 20:00:00,19.600734643878567
2019-03-12 21:00:00,9.098261685518018
2019-03-12 22:00:00,6.16455932118407
2019-03-12 23:00:00,11.570606670082729
2019-03-13 00:00:00,14.370297994944742
2019-03-13 01:00:00,3.9377743675292534
2019-03-13 02:00:00,9.43120399728107
2019-03-13 03:00:00,11.405114610972653
2019-03-13 04:00:00,0.2638828305555556
2019-03-13 05:00:00,0.0
2019-03-13 06:00:00,0.0
2019-03-13 07:00:00,0.0
2019-03-13 08:00:00,0.0
2019-03-13 09:00:00,0.0
2019-03-13 10:00:00,1.3938489584024885
2019-03-13 11:00:00,3.252847998260325
2019-03-13 12:00:00,1.0678697860318254
2019-03-13 13:00:00,2.9847464581301164
2019-03-13 14:00:00,9.319267513848299
2019-03-13 15:00:00,16.21571026421657
2019-03-13 16:00:00,52.058779241691106
2019-03-13 17:00:00,53.90123500962429
2019-03-13 18:00:00,28.02393175559845
2019-03-13 19:00:00,15.018739276170757
2019-03-13 20:00:00,16.041729755007793
2019-03-13 21:00:00,12.182641175399537
2019-03-13 22:00:00,6.6786606327712335
2019-03-13 23:00:00,7.329194986944729
2019-03-14 00:00:00,3.6542257355790633
2019-03-14 01:00:00,3.931030824999998
2019-03-14 02:00:00,8.904935463888883
2019-03-14 03:00:00,3.195877855555555
2019-03-14 04:00:00,0.0
2019-03-14 05:00:00,2.297671005555554
2019-03-14 06:00:00,4.185041969444441
2019-03-14 07:00:00,2.9957019711656283
2019-03-14 08:00:00,0.9172657673493737
2019-03-14 09:00:00,0.0
2019-03-14 10:00:00,0.0
2019-03-14 11:00:00,0.0
2019-03-14 12:00:00,0.0
2019-03-14 13:00:00,0.0
2019-03-14 14:00:00,3.2160581818150797
2019-03-14 15:00:00,29.840877676562982
2019-03-14 16:00:00,44.954322868220075
2019-03-14 17:00:00,51.85905181193094
2019-03-14 18:00:00,39.76157305467716
2019-03-14 19:00:00,33.82202242834958
2019-03-14 20:00:00,15.560977782177824
2019-03-14 21:00:00,13.723600855932926
2019-03-14 22:00:00,7.47516509056347
2019-03-14 23:00:00,7.1510542398112085
2019-03-15 00:00:00,6.090501089116083
2019-03-15 01:00:00,3.745724856339539
2019-03-15 02:00:00,9.761851567380633
2019-03-15 03:00:00,13.361132263888901
2019-03-15 04:00:00,6.283070762230946
2019-03-15 05:00:00,0.4358678744438768
2019-03-15 06:00:00,0.0
2019-03-15 07:00:00,0.0
2019-03-15 08:00:00,0.0
2019-03-15 09:00:00,0.0
2019-03-15 10:00:00,0.0
2019-03-15 11:00:00,0.0
2019-03-15 12:00:00,0.0
2019-03-15 13:00:00,1.2132036580864953
2019-03-15 14:00:00,11.015220940587547
2019-03-15 15:00:00,23.346425684030905
2019-03-15 16:00:00,39.30693681881332
2019-03-15 17:00:00,40.574133678714475
2019-03-15 18:00:00,28.697540173685763
2019-03-15 19:00:00,12.729404111819955
2019-03-15 20:00:00,6.910525479100678
2019-03-15 21:00:00,4.618703595089627
2019-03-15 22:00:00,0.5832477462788812
2019-03-15 23:00:00,0.20177603996942417
2019-03-16 00:00:00,3.074392325556563
2019-03-16 01:00:00,4.64640943269511
2019-03-16 02:00:00,1.396166674372687
2019-03-16 03:00:00,4.465835044444443
2019-03-16 04:00:00,0.6822887976545329
2019-03-16 05:00:00,0.0
2019-03-16 06:00:00,0.0
2019-03-16 07:00:00,0.3701067101121963
2019-03-16 08:00:00,4.675849036603436
2019-03-16 09:00:00,2.7655943868802053
2019-03-16 10:00:00,0.9429803236676102
2019-03-16 11:00:00,0.5848669925060792
2019-03-16 12:00:00,0.40838214402097617
2019-03-16 13:00:00,0.0
2019-03-16 14:00:00,5.5512514676820635
2019-03-16 15:00:00,14.590060540336102
2019-03-16 16:00:00,9.330548616666691
2019-03-16 17:00:00,6.989490652777781
2019-03-16 18:00:00,7.6018143569651055
2019-03-16 19:00:00,10.78416952069135
2019-03-16 20:00:00,7.57898843875382
2019-03-16 21:00:00,6.507181613988879
2019-03-16 22:00:00,3.3173765700013504
2019-03-16 23:00:00,6.69764789399338
2019-03-17 00:00:00,4.916407012055638
2019-03-17 01:00:00,1.6768066731833668
2019-03-17 02:00:00,9.30822442643379
2019-03-17 03:00:00,12.976223603177491
2019-03-17 04:00:00,7.958844491267371
2019-03-17 05:00:00,1.7224788611111108
2019-03-17 06:00:00,0.0
2019-03-17 07:00:00,0.0
2019-03-17 08:00:00,0.0
2019-03-17 09:00:00,1.2676329227760201
2019-03-17 10:00:00,3.262846095359353
2019-03-17 11:00:00,1.1782356207220444
2019-03-17 12:00:00,0.0
2019-03-17 13:00:00,0.0
2019-03-17 14:00:00,0.0
2019-03-17 15:00:00,3.267765044444424
2019-03-17 16:00:00,2.190705627777776
2019-03-17 17:00:00,0.0
2019-03-17 18:00:00,0.3336821983272846
2019-03-17 19:00:00,0.3468022157053719
2019-03-17 20:00:00,0.0
2019-03-17 21:00:00,1.6729317779952662
2019-03-17 22:00:00,1.7554468035184077
2019-03-17 23:00:00,0.0
2019-03-18 00:00:00,0.0
2019-03-18 01:00:00,2.0290483805555537
2019-03-18 02:00:00,5.345481358333326
2019-03-18 03:00:00,0.0
2019-03-18 04:00:00,0.0
2019-03-18 05:00:00,0.0
2019-03-18 06:00:00,0.0
2019-03-18 07:00:00,0.0
2019-03-18 08:00:00,0.0
2019-03-18 09:00:00,0.0
2019-03-18 10:00:00,2.0694470555000617
2019-03-18 11:00:00,3.2601387292223896
2019-03-18 12:00:00,0.5826042272178502
2019-03-18 13:00:00,1.3538240382322944
2019-03-18 14:00:00,5.8290496535258525
2019-03-18 15:00:00,25.011824190869294
2019-03-18 16:00:00,50.56985249576269
2019-03-18 17:00:00,52.062737260355824
2019-03-18 18:00:00,45.29723362368802
2019-03-18 19:00:00,38.52166330318148
2019-03-18 20:00:00,24.61399506580554
2019-03-18 21:00:00,19.655778004291925
2019-03-18 22:00:00,9.067134394250767
2019-03-18 23:00:00,4.466378222052885
2019-03-19 00:00:00,4.979047851620066
2019-03-19 01:00:00,0.9058490555050132
2019-03-19 02:00:00,3.580993018352033
2019-03-19 03:00:00,5.158717636576336
2019-03-19 04:00:00,5.787853589660794
2019-03-19 05:00:00,7.651725553200677
2019-03-19 06:00:00,5.052621566803163
2019-03-19 07:00:00,5.032275481009771
2019-03-19 08:00:00,2.1732906226160087
2019-03-19 09:00:00,2.1450384989083595
2019-03-19 10:00:00,1.7265590444444414
2019-03-19 11:00:00,1.8029400861111118
2019-03-19 12:00:00,1.8566676694444473
2019-03-19 13:00:00,5.2300954903826495
2019-03-19 14:00:00,15.948813660253675
2019-03-19 15:00:00,19.694744056660767
2019-03-19 16:00:00,43.05872772683888
2019-03-19 17:00:00,49.59395387745905
2019-03-19 18:00:00,37.00388516100379
2019-03-19 19:00:00,27.340587394226734
2019-03-19 20:00:00,10.62361198100065
2019-03-19 21:00:00,13.842399662541528
2019-03-19 22:00:00,20.531510247541007
2019-03-19 23:00:00,6.065757451305383
2019-03-20 00:00:00,4.2484035289892566
2019-03-20 01:00:00,2.6115687279759734
2019-03-20 02:00:00,0.17283914412947435
2019-03-20 03:00:00,0.1727770174867026
2019-03-20 04:00:00,0.17282502443793557
2019-03-20 05:00:00,0.17277701748670257
2019-03-20 06:00:00,0.1729831649831728
2019-03-20 07:00:00,0.17268100358423707
2019-03-20 08:00:00,0.172991636798095
2019-03-20 09:00:00,0.014066036711198679
2019-03-20 10:00:00,3.0101356967487014
2019-03-20 11:00:00,2.8312832583848535
2019-03-20 12:00:00,0.04668308895403982
2019-03-20 13:00:00,4.759101448897532
2019-03-20 14:00:00,10.826655961770658
2019-03-20 15:00:00,29.26240797535528
2019-03-20 16:00:00,32.63245665246984
2019-03-20 17:00:00,28.378750530641664
2019-03-20 18:00:00,10.332108800206614
2019-03-20 19:00:00,9.001882908975835
2019-03-20 20:00:00,8.80309529205739
2019-03-20 21:00:00,3.2715687340637345
2019-03-20 22:00:00,0.7730693776471036
2019-03-20 23:00:00,1.1155381494510364
2019-03-21 00:00:00,0.33010390563696196
2019-03-21 01:00:00,0.17796334962529353
2019-03-21 02:00:00,1.6484979380335656
2019-03-21 03:00:00,3.235140520940587
2019-03-21 04:00:00,3.237004311111117
2019-03-21 05:00:00,3.2226149166666707
2019-03-21 06:00:00,0.4110125277777777
2019-03-21 07:00:00,0.0
2019-03-21 08:00:00,0.0
2019-03-21 09:00:00,0.0
2019-03-21 10:00:00,1.037185098294558
2019-03-21 11:00:00,3.255663803622341
2019-03-21 12:00:00,1.1111587270538226
2019-03-21 13:00:00,2.0713302834797123
2019-03-21 14:00:00,15.829275777125288
2019-03-21 15:00:00,26.81592446115455
2019-03-21 16:00:00,39.52434856758609
2019-03-21 17:00:00,29.38911905331121
2019-03-21 18:00:00,26.661427845239636
2019-03-21 19:00:00,20.373778789168178
2019-03-21 20:00:00,9.782175399494788
2019-03-21 21:00:00,6.3258077838111095
2019-03-21 22:00:00,3.0994670022291135
2019-03-21 23:00:00,2.108885693670376
2019-03-22 00:00:00,1.9222984347967602
2019-03-22 01:00:00,0.04941157814708017
2019-03-22 02:00:00,1.0964037623568599
2019-03-22 03:00:00,5.941312045182655
2019-03-22 04:00:00,6.083912457911858
2019-03-22 05:00:00,5.668197675681123
2019-03-22 06:00:00,5.596370804823036
2019-03-22 07:00:00,3.7389366786138205
2019-03-22 08:00:00,0.18278787878779032
2019-03-22 09:00:00,0.1830420332354927
2019-03-22 10:00:00,0.1829912023459525
2019-03-22 11:00:00,0.1829912023459521
2019-03-22 12:00:00,0.18304203323549292
2019-03-22 13:00:00,0.18294037145641137
2019-03-22 14:00:00,14.909558674434265
2019-03-22 15:00:00,30.115776201269668
2019-03-22 16:00:00,41.506442831326105
2019-03-22 17:00:00,45.81310612843699
2019-03-22 18:00:00,17.859359038111077
2019-03-22 19:00:00,7.107277354004259
2019-03-22 20:00:00,11.834786705530796
2019-03-22 21:00:00,18.337531527606156
2019-03-22 22:00:00,17.75119773740084
2019-03-22 23:00:00,8.923189339510621
2019-03-23 00:00:00,7.2321249241934655
2019-03-23 01:00:00,12.758260859357806
2019-03-23 02:00:00,7.868550727406037
2019-03-23 03:00:00,6.920489802777815
2019-03-23 04:00:00,5.522799277777773
2019-03-23 05:00:00,12.512767066379485
2019-03-23 06:00:00,13.353378161329282
2019-03-23 07:00:00,0.0
2019-03-23 08:00:00,0.0
2019-03-23 09:00:00,0.0
2019-03-23 10:00:00,0.0
2019-03-23 11:00:00,0.0
2019-03-23 12:00:00,0.0
2019-03-23 13:00:00,0.0
2019-03-23 14:00:00,0.0
2019-03-23 15:00:00,5.19531683333333
2019-03-23 16:00:00,10.682324727777779
2019-03-23 17:00:00,5.869394863888884
2019-03-23 18:00:00,2.890245791666667
2019-03-23 19:00:00,0.0
2019-03-23 20:00:00,0.0
2019-03-23 21:00:00,0.0
2019-03-23 22:00:00,0.0
2019-03-23 23:00:00,4.042566499999997
2019-03-24 00:00:00,10.215657019444441
2019-03-24 01:00:00,9.456864266666662
2019-03-24 02:00:00,0.0
2019-03-24 03:00:00,0.0
2019-03-24 04:00:00,0.0
2019-03-24 05:00:00,0.0
2019-03-24 06:00:00,0.0
2019-03-24 07:00:00,0.0
2019-03-24 08:00:00,0.0
2019-03-24 09:00:00,0.0
2019-03-24 10:00:00,0.0
2019-03-24 11:00:00,0.0
2019-03-24 12:00:00,0.0
2019-03-24 13:00:00,0.0
2019-03-24 14:00:00,1.7074118388169712
2019-03-24 15:00:00,0.3619159335284202
2019-03-24 16:00:00,0.0
2019-03-24 17:00:00,1.747816296296661
2019-03-24 18:00:00,2.281842230555554
2019-03-24 19:00:00,3.2992517861111073
2019-03-24 20:00:00,12.512408586111118
2019-03-24 21:00:00,17.688031880555556
2019-03-24 22:00:00,20.423788674881674
2019-03-24 23:00:00,8.188071377777792
2019-03-25 00:00:00,4.018917011111113
2019-03-25 01:00:00,0.5009055249999997
2019-03-25 02:00:00,0.8485468749999999
2019-03-25 03:00:00,6.2281494972222164
2019-03-25 04:00:00,6.208596266666678
2019-03-25 05:00:00,1.5359610444444447
2019-03-25 06:00:00,0.0
2019-03-25 07:00:00,0.0
2019-03-25 08:00:00,0.0
2019-03-25 09:00:00,0.0
2019-03-25 10:00:00,0.0
2019-03-25 11:00:00,0.0
2019-03-25 12:00:00,7.23483335
2019-03-25 13:00:00,1.2728090887373447
2019-03-25 14:00:00,12.20808580780938
2019-03-25 15:00:00,35.336417045008325
2019-03-25 16:00:00,39.88149285158597
2019-03-25 17:00:00,25.768928097791306
2019-03-25 18:00:00,16.385013122976023
2019-03-25 19:00:00,12.399317364500611
2019-03-25 20:00:00,9.404605936838749
2019-03-25 21:00:00,0.5524356080997
2019-03-25 22:00:00,0.1832735961767341
2019-03-25 23:00:00,3.8715844669028145
2019-03-26 00:00:00,5.634033153559551
2019-03-26 01:00:00,9.835970860144638
2019-03-26 02:00:00,5.091632229794895
2019-03-26 03:00:00,3.354715811876929
2019-03-26 04:00:00,2.5111851069798266
2019-03-26 05:00:00,0.0
2019-03-26 06:00:00,0.0
2019-03-26 07:00:00,1.7617904985331319
2019-03-26 08:00:00,0.07553876832841214
2019-03-26 09:00:00,0.0
2019-03-26 10:00:00,0.0
2019-03-26 11:00:00,0.0
2019-03-26 12:00:00,10.538140641666665
2019-03-26 13:00:00,1.458279934831806
2019-03-26 14:00:00,10.972268161180988
2019-03-26 15:00:00,37.80446072640212
2019-03-26 16:00:00,36.838451462197455
2019-03-26 17:00:00,38.98085559191182
2019-03-26 18:00:00,19.903854410679866
2019-03-26 19:00:00,12.049979875787564
2019-03-26 20:00:00,13.930448507465105
2019-03-26 21:00:00,16.024081403989022
2019-03-26 22:00:00,9.184341401860348
2019-03-26 23:00:00,6.996680560299674
2019-03-27 00:00:00,0.40851859672002083
2019-03-27 01:00:00,0.151226025578364
2019-03-27 02:00:00,1.3245501250000007
2019-03-27 03:00:00,10.087753102777798
2019-03-27 04:00:00,10.975546422222218
2019-03-27 05:00:00,0.2831347666666667
2019-03-27 06:00:00,0.0
2019-03-27 07:00:00,0.32968779407009224
2019-03-27 08:00:00,3.2514346736146686
2019-03-27 09:00:00,2.319038018894668
2019-03-27 10:00:00,0.0
2019-03-27 11:00:00,0.0
2019-03-27 12:00:00,2.821549105555556
2019-03-27 13:00:00,0.0
2019-03-27 14:00:00,9.331848445789898
2019-03-27 15:00:00,47.11851785469483
2019-03-27 16:00:00,46.23141327752049
2019-03-27 17:00:00,24.534008642743473
2019-03-27 18:00:00,18.237246985288387
2019-03-27 19:00:00,11.940577862080428
2019-03-27 20:00:00,24.82325288229755
2019-03-27 21:00:00,28.856580784315618
2019-03-27 22:00:00,21.142526460700413
2019-03-27 23:00:00,17.402259580196446
2019-03-28 00:00:00,20.484586702424846
2019-03-28 01:00:00,18.772228155243234
2019-03-28 02:00:00,15.498489481649814
2019-03-28 03:00:00,3.6358452055555666
2019-03-28 04:00:00,0.7697307833333336
2019-03-28 05:00:00,0.0
2019-03-28 06:00:00,0.020263533333333333
2019-03-28 07:00:00,0.7524851265349688
2019-03-28 08:00:00,0.9733071619430276
2019-03-28 09:00:00,0.0
2019-03-28 10:00:00,0.0
2019-03-28 11:00:00,0.3387019666666667
2019-03-28 12:00:00,0.0
2019-03-28 13:00:00,2.0266388617357602
2019-03-28 14:00:00,7.2921477918968405
2019-03-28 15:00:00,37.74719417896992
2019-03-28 16:00:00,41.17451476708894
2019-03-28 17:00:00,34.26786852068173
2019-03-28 18:00:00,21.086758879295772
2019-03-28 19:00:00,18.170146853989316
2019-03-28 20:00:00,15.075085593049366
2019-03-28 21:00:00,12.171282628671031
2019-03-28 22:00:00,7.826563880786436
2019-03-28 23:00:00,3.6614135459486437
2019-03-29 00:00:00,4.993609072596871
2019-03-29 01:00:00,22.810280510082762
2019-03-29 02:00:00,13.606789462146416
2019-03-29 03:00:00,7.375634362332352
2019-03-29 04:00:00,0.08186081666666667
2019-03-29 05:00:00,0.0
2019-03-29 06:00:00,0.0
2019-03-29 07:00:00,0.0
2019-03-29 08:00:00,0.0
2019-03-29 09:00:00,0.0
2019-03-29 10:00:00,0.0
2019-03-29 11:00:00,0.0
2019-03-29 12:00:00,0.0
2019-03-29 13:00:00,0.14739060280223065
2019-03-29 14:00:00,14.209658868161743
2019-03-29 15:00:00,37.46991586187536
2019-03-29 16:00:00,55.65509842681275
2019-03-29 17:00:00,40.44306149872188
2019-03-29 18:00:00,24.24653635568958
2019-03-29 19:00:00,4.910661507768474
2019-03-29 20:00:00,5.111345653705927
2019-03-29 21:00:00,11.880248956220747
2019-03-29 22:00:00,8.696699587246036
2019-03-29 23:00:00,8.02471953611112
2019-03-30 00:00:00,4.682227034634025
2019-03-30 01:00:00,14.426444352794416
2019-03-30 02:00:00,11.982346401467414
2019-03-30 03:00:00,10.866608458333339
2019-03-30 04:00:00,9.082899030555557
2019-03-30 05:00:00,3.3015408276323126
2019-03-30 06:00:00,12.061200950391665
2019-03-30 07:00:00,11.69483113476044
2019-03-30 08:00:00,12.236137837371688
2019-03-30 09:00:00,2.6962848376076414
2019-03-30 10:00:00,0.02393615292712661
2019-03-30 11:00:00,0.0
2019-03-30 12:00:00,0.0004433
2019-03-30 13:00:00,0.0017841416666666671
2019-03-30 14:00:00,0.0
2019-03-30 15:00:00,0.05085438470723577
2019-03-30 16:00:00,6.5078714472222225
2019-03-30 17:00:00,12.852620804286968
2019-03-30 18:00:00,13.77895217777777
2019-03-30 19:00:00,9.2308851049999
2019-03-30 20:00:00,19.199904330555597
2019-03-30 21:00:00,7.72678863888891
2019-03-30 22:00:00,16.206775687280132
2019-03-30 23:00:00,20.190699150000032
2019-03-31 00:00:00,12.504616652467327
2019-03-31 01:00:00,13.016578668989734
2019-03-31 02:00:00,4.17753637035649
2019-03-31 03:00:00,9.861561733906235
2019-03-31 04:00:00,13.457290315051083
2019-03-31 05:00:00,12.821055413634223
2019-03-31 06:00:00,4.966525867687632
2019-03-31 07:00:00,5.561843147743302
2019-03-31 08:00:00,5.418456018512951
2019-03-31 09:00:00,5.042809465004759
2019-03-31 10:00:00,4.660419636116542
2019-03-31 11:00:00,4.424603181913185
2019-03-31 12:00:00,3.1361100469669716
2019-03-31 13:00:00,0.1095082372814127
2019-03-31 14:00:00,0.0
2019-03-31 15:00:00,1.1593226944444464
2019-03-31 16:00:00,0.0
2019-03-31 17:00:00,0.7630177805555552
2019-03-31 18:00:00,1.7231164611111083
2019-03-31 19:00:00,3.4589577444444437
2019-03-31 20:00:00,17.151028783333324
2019-03-31 21:00:00,5.597179097222224
2019-03-31 22:00:00,12.455995088888896
2019-03-31 23:00:00,9.73950463611109
2019-04-01 00:00:00,3.011552408333336
2019-04-01 01:00:00,2.1226762593645314
2019-04-01 02:00:00,6.288466914297938
2019-04-01 03:00:00,5.068619545994421
2019-04-01 04:00:00,4.970948330617178
2019-04-01 05:00:00,0.0025121755186305558
2019-04-01 06:00:00,0.0
2019-04-01 07:00:00,0.6479822396000712
2019-04-01 08:00:00,3.2520166308199365
2019-04-01 09:00:00,1.9271097208607715
2019-04-01 10:00:00,0.0
2019-04-01 11:00:00,0.0
2019-04-01 12:00:00,6.877750208333334
2019-04-01 13:00:00,1.4543893501957836
2019-04-01 14:00:00,8.15521055873838
2019-04-01 15:00:00,35.60101716075109
2019-04-01 16:00:00,56.91201380778321
2019-04-01 17:00:00,60.736060413703406
2019-04-01 18:00:00,49.220244442451246
2019-04-01 19:00:00,34.265232833453226
2019-04-01 20:00:00,14.394171781026548
2019-04-01 21:00:00,20.451394950270117
2019-04-01 22:00:00,20.621434461504236
2019-04-01 23:00:00,7.005954840541547
2019-04-02 00:00:00,6.988548397221864
2019-04-02 01:00:00,14.492876457576486
2019-04-02 02:00:00,15.864561142878337
2019-04-02 03:00:00,7.695602553170048
2019-04-02 04:00:00,7.403985653206435
2019-04-02 05:00:00,10.885723205555532
2019-04-02 06:00:00,6.217963649999987
2019-04-02 07:00:00,6.265569338888896
2019-04-02 08:00:00,6.275085986111129
2019-04-02 09:00:00,6.274366158333334
2019-04-02 10:00:00,4.673989347222232
2019-04-02 11:00:00,0.4003341805555561
2019-04-02 12:00:00,0.0
2019-04-02 13:00:00,0.0
2019-04-02 14:00:00,8.214474169653123
2019-04-02 15:00:00,28.157535822015614
2019-04-02 16:00:00,29.598946481165775
2019-04-02 17:00:00,37.422194912521704
2019-04-02 18:00:00,26.599148977794215
2019-04-02 19:00:00,21.09998390839532
2019-04-02 20:00:00,19.555091267578838
2019-04-02 21:00:00,10.678081445417465
2019-04-02 22:00:00,7.198055367893901
2019-04-02 23:00:00,3.259931127774669
2019-04-03 00:00:00,6.910875777714232
2019-04-03 01:00:00,3.72057855336158
2019-04-03 02:00:00,5.85287041701652
2019-04-03 03:00:00,9.871037223764208
2019-04-03 04:00:00,4.28906369842054
2019-04-03 05:00:00,7.063486216954479
2019-04-03 06:00:00,7.547098402528133
2019-04-03 07:00:00,1.7992815553363437
2019-04-03 08:00:00,1.8430187118488175
2019-04-03 09:00:00,3.2735743499474506
2019-04-03 10:00:00,0.41376434452022876
2019-04-03 11:00:00,3.9046806166666665
2019-04-03 12:00:00,7.492051451666665
2019-04-03 13:00:00,3.0628154751818157
2019-04-03 14:00:00,6.1948621700877835
2019-04-03 15:00:00,21.67876334407288
2019-04-03 16:00:00,25.498883476215937
2019-04-03 17:00:00,27.741719897147
2019-04-03 18:00:00,13.316638908000206
2019-04-03 19:00:00,15.768920157253799
2019-04-03 20:00:00,17.357867421870196
2019-04-03 21:00:00,9.71974671055118
2019-04-03 22:00:00,11.281710888578939
2019-04-03 23:00:00,4.152128922582859
2019-04-04 00:00:00,7.174736452489187
2019-04-04 01:00:00,14.37429043893659
2019-04-04 02:00:00,19.08928922372022
2019-04-04 03:00:00,31.0008386600862
2019-04-04 04:00:00,13.866981835187081
2019-04-04 05:00:00,0.0
2019-04-04 06:00:00,0.48190755729337426
2019-04-04 07:00:00,1.372396063863794
2019-04-04 08:00:00,0.0
2019-04-04 09:00:00,0.0
2019-04-04 10:00:00,0.0
2019-04-04 11:00:00,0.0
2019-04-04 12:00:00,0.0
2019-04-04 13:00:00,1.606997110894384
2019-04-04 14:00:00,15.935954677957003
2019-04-04 15:00:00,17.463214812836373
2019-04-04 16:00:00,56.14900926572571
2019-04-04 17:00:00,53.41196353141791
2019-04-04 18:00:00,35.99751922455213
2019-04-04 19:00:00,25.309772169508143
2019-04-04 20:00:00,22.009973786110365
2019-04-04 21:00:00,9.272875196558465
2019-04-04 22:00:00,8.710355874687467
2019-04-04 23:00:00,9.112996953117282
2019-04-05 00:00:00,13.41858936546374
2019-04-05 01:00:00,14.117097825762507
2019-04-05 02:00:00,25.824568616203024
2019-04-05 03:00:00,15.661317395332219
2019-04-05 04:00:00,1.1123019722222212
2019-04-05 05:00:00,1.2667906611111133
2019-04-05 06:00:00,0.2619814277777784
2019-04-05 07:00:00,0.1270658
2019-04-05 08:00:00,8.586207468235166
2019-04-05 09:00:00,9.561752092976462
2019-04-05 10:00:00,4.027884870207825
2019-04-05 11:00:00,0.0
2019-04-05 12:00:00,0.0
2019-04-05 13:00:00,0.0
2019-04-05 14:00:00,2.8275095731487574
2019-04-05 15:00:00,25.071309807980832
2019-04-05 16:00:00,48.47124981420352
2019-04-05 17:00:00,40.32558898419898
2019-04-05 18:00:00,40.36984887742789
2019-04-05 19:00:00,26.227343553956143
2019-04-05 20:00:00,16.354562136339936
2019-04-05 21:00:00,20.670782128128565
2019-04-05 22:00:00,25.783605686317635
2019-04-05 23:00:00,22.06335157507528
2019-04-06 00:00:00,13.558924746957928
2019-04-06 01:00:00,3.6609506853469624
2019-04-06 02:00:00,1.0312671402187088
2019-04-06 03:00:00,0.3014780058650476
2019-04-06 04:00:00,0.17282502443793518
2019-04-06 05:00:00,5.376497441104598
2019-04-06 06:00:00,6.11229361133378
2019-04-06 07:00:00,2.837818922222222
2019-04-06 08:00:00,0.0
2019-04-06 09:00:00,0.0
2019-04-06 10:00:00,0.0
2019-04-06 11:00:00,0.0
2019-04-06 12:00:00,0.0
2019-04-06 13:00:00,0.0
2019-04-06 14:00:00,8.90526631944444
2019-04-06 15:00:00,14.194855102777778
2019-04-06 16:00:00,13.566539227777803
2019-04-06 17:00:00,20.192089182131667
2019-04-06 18:00:00,20.332593524408864
2019-04-06 19:00:00,12.025642429820033
2019-04-06 20:00:00,6.277965130479266
2019-04-06 21:00:00,13.139107024999985
2019-04-06 22:00:00,23.106271616666653
2019-04-06 23:00:00,17.83871796111111
2019-04-07 00:00:00,13.971358266666678
2019-04-07 01:00:00,10.489041144444453
2019-04-07 02:00:00,13.410237257326894
2019-04-07 03:00:00,21.96905478269348
2019-04-07 04:00:00,15.040802609859789
2019-04-07 05:00:00,4.444090497466582
2019-04-07 06:00:00,0.7679055138888888
2019-04-07 07:00:00,1.7556745259033284
2019-04-07 08:00:00,0.0
2019-04-07 09:00:00,1.648652234169679
2019-04-07 10:00:00,0.5508206886065
2019-04-07 11:00:00,0.0
2019-04-07 12:00:00,0.0
2019-04-07 13:00:00,0.0
2019-04-07 14:00:00,0.0
2019-04-07 15:00:00,0.0
2019-04-07 16:00:00,0.0
2019-04-07 17:00:00,6.694644808596654
2019-04-07 18:00:00,1.8318758388888892
2019-04-07 19:00:00,1.0828589916666667
2019-04-07 20:00:00,2.976398197222223
2019-04-07 21:00:00,16.106548971603473
2019-04-07 22:00:00,15.729124779207837
2019-04-07 23:00:00,13.889678630690883
2019-04-08 00:00:00,13.174605451454992
2019-04-08 01:00:00,12.292649287772829
2019-04-08 02:00:00,20.918011088296556
2019-04-08 03:00:00,15.291070014643527
2019-04-08 04:00:00,1.7175413817095695
2019-04-08 05:00:00,0.0
2019-04-08 06:00:00,0.0
2019-04-08 07:00:00,0.5760472683837341
2019-04-08 08:00:00,0.5075606647119713
2019-04-08 09:00:00,0.0
2019-04-08 10:00:00,0.0
2019-04-08 11:00:00,0.8934324555555556
2019-04-08 12:00:00,2.5198228416666666
2019-04-08 13:00:00,0.5815595959587209
2019-04-08 14:00:00,3.1767923362623938
2019-04-08 15:00:00,10.530103014676204
2019-04-08 16:00:00,15.66838641492235
2019-04-08 17:00:00,34.28591382438413
2019-04-08 18:00:00,46.56957694276208
2019-04-08 19:00:00,34.659218562337266
2019-04-08 20:00:00,19.22799481146224
2019-04-08 21:00:00,13.093005959362399
2019-04-08 22:00:00,14.40939348084882
2019-04-08 23:00:00,15.892858603654814
2019-04-09 00:00:00,8.90331905816409
2019-04-09 01:00:00,0.38411021756811636
2019-04-09 02:00:00,3.344323718910317
2019-04-09 03:00:00,0.03885016183340471
2019-04-09 04:00:00,0.0
2019-04-09 05:00:00,0.0
2019-04-09 06:00:00,0.0
2019-04-09 07:00:00,0.0
2019-04-09 08:00:00,0.0
2019-04-09 09:00:00,0.0
2019-04-09 10:00:00,0.0
2019-04-09 11:00:00,0.0
2019-04-09 12:00:00,6.3605753055555585
2019-04-09 13:00:00,1.013715234059375
2019-04-09 14:00:00,8.988494303545764
2019-04-09 15:00:00,43.69452943688277
2019-04-09 16:00:00,51.59977742987532
2019-04-09 17:00:00,61.33047028273033
2019-04-09 18:00:00,53.94207465060871
2019-04-09 19:00:00,30.003693960748844
2019-04-09 20:00:00,17.023525166598525
2019-04-09 21:00:00,10.774875609164617
2019-04-09 22:00:00,10.368819843322866
2019-04-09 23:00:00,3.480582695774356
2019-04-10 00:00:00,1.9497760386815528
2019-04-10 01:00:00,1.0714987806200862
2019-04-10 02:00:00,8.361763562505065
2019-04-10 03:00:00,14.781312438234025
2019-04-10 04:00:00,3.873790568078636
2019-04-10 05:00:00,0.0
2019-04-10 06:00:00,0.01466484166666667
2019-04-10 07:00:00,0.0
2019-04-10 08:00:00,0.0003036298468557467
2019-04-10 09:00:00,0.0
2019-04-10 10:00:00,0.0
2019-04-10 11:00:00,3.7177832916666675
2019-04-10 12:00:00,0.0
2019-04-10 13:00:00,0.7388326273488772
2019-04-10 14:00:00,15.401866275662352
2019-04-10 15:00:00,32.584579697247825
2019-04-10 16:00:00,37.14063646102172
2019-04-10 17:00:00,38.07990748474846
2019-04-10 18:00:00,25.57418081461128
2019-04-10 19:00:00,19.54532846288381
2019-04-10 20:00:00,23.917034996330997
2019-04-10 21:00:00,28.5991593555546
2019-04-10 22:00:00,37.30161690253522
2019-04-10 23:00:00,28.980952577429825
2019-04-11 00:00:00,10.789489876840266
2019-04-11 01:00:00,13.318966674671454
2019-04-11 02:00:00,18.50493992553038
2019-04-11 03:00:00,8.819979935296203
2019-04-11 04:00:00,1.8033006628679744
2019-04-11 05:00:00,1.8782580694444486
2019-04-11 06:00:00,0.004514033333333333
2019-04-11 07:00:00,0.0
2019-04-11 08:00:00,0.0
2019-04-11 09:00:00,0.0
2019-04-11 10:00:00,0.0
2019-04-11 11:00:00,0.0
2019-04-11 12:00:00,3.1157446861111118
2019-04-11 13:00:00,1.9623181290185583
2019-04-11 14:00:00,17.618703286480923
2019-04-11 15:00:00,19.877151075198746
2019-04-11 16:00:00,55.86711589709348
2019-04-11 17:00:00,51.11462007646789
2019-04-11 18:00:00,30.268590751885135
2019-04-11 19:00:00,20.537560902567236
2019-04-11 20:00:00,22.793684470032588
2019-04-11 21:00:00,15.489296670068814
2019-04-11 22:00:00,10.194983831543443
2019-04-11 23:00:00,5.633354609909714
2019-04-12 00:00:00,7.462898514818676
2019-04-12 01:00:00,12.272977423528694
2019-04-12 02:00:00,18.561887117975726
2019-04-12 03:00:00,11.849535189860983
2019-04-12 04:00:00,10.882339169444434
2019-04-12 05:00:00,10.982352833333334
2019-04-12 06:00:00,2.5445487083333336
2019-04-12 07:00:00,0.0
2019-04-12 08:00:00,0.0
2019-04-12 09:00:00,0.0
2019-04-12 10:00:00,0.0
2019-04-12 11:00:00,0.0
2019-04-12 12:00:00,0.0
2019-04-12 13:00:00,1.5043702226557625
2019-04-12 14:00:00,5.567829382969303
2019-04-12 15:00:00,16.906400821893023
2019-04-12 16:00:00,35.871659541938
2019-04-12 17:00:00,41.97585350699512
2019-04-12 18:00:00,31.829944262119767
2019-04-12 19:00:00,10.548689682605614
2019-04-12 20:00:00,7.211237450112839
2019-04-12 21:00:00,15.692453636820142
2019-04-12 22:00:00,19.775424000091487
2019-04-12 23:00:00,19.55813653311171
2019-04-13 00:00:00,8.253939608920156
2019-04-13 01:00:00,10.22382800532229
2019-04-13 02:00:00,0.5270810053166493
2019-04-13 03:00:00,3.0885330160991615
2019-04-13 04:00:00,0.00017562222222222224
2019-04-13 05:00:00,1.2729486768844374
2019-04-13 06:00:00,6.8812929722222185
2019-04-13 07:00:00,6.865273258333331
2019-04-13 08:00:00,6.985908875855331
2019-04-13 09:00:00,6.992041936111104
2019-04-13 10:00:00,6.860641924999982
2019-04-13 11:00:00,6.713120916666671
2019-04-13 12:00:00,16.775864801111116
2019-04-13 13:00:00,13.032055405555596
2019-04-13 14:00:00,5.8436508972496215
2019-04-13 15:00:00,0.5676278694444439
2019-04-13 16:00:00,0.38476007777777815
2019-04-13 17:00:00,6.901051298475992
2019-04-13 18:00:00,1.345371416666667
2019-04-13 19:00:00,0.3850927500000002
2019-04-13 20:00:00,0.06709775000000004
2019-04-13 21:00:00,0.0
2019-04-13 22:00:00,14.079145905555556
2019-04-13 23:00:00,0.021128277777777777
2019-04-14 00:00:00,1.2756065999999997
2019-04-14 01:00:00,6.599371927777748
2019-04-14 02:00:00,13.377786300000015
2019-04-14 03:00:00,7.203507144444492
2019-04-14 04:00:00,6.793944652777776
2019-04-14 05:00:00,6.593170427777794
2019-04-14 06:00:00,8.373078058441633
2019-04-14 07:00:00,2.203055032040843
2019-04-14 08:00:00,0.0
2019-04-14 09:00:00,0.3629525583333333
2019-04-14 10:00:00,6.124957519444465
2019-04-14 11:00:00,6.091968058333335
2019-04-14 12:00:00,4.849777080555554
2019-04-14 13:00:00,0.0
2019-04-14 14:00:00,0.0
2019-04-14 15:00:00,0.0
2019-04-14 16:00:00,0.0
2019-04-14 17:00:00,0.0
2019-04-14 18:00:00,4.559269291666667
2019-04-14 19:00:00,11.04990372795148
2019-04-14 20:00:00,16.185623697664578
2019-04-14 21:00:00,16.68815926208858
2019-04-14 22:00:00,9.320020276096685
2019-04-14 23:00:00,3.368205652218164
2019-04-15 00:00:00,1.4959406802566038
2019-04-15 01:00:00,2.9649533138888797
2019-04-15 02:00:00,0.0
2019-04-15 03:00:00,0.0
2019-04-15 04:00:00,10.482273373055552
2019-04-15 05:00:00,7.778162511111111
2019-04-15 06:00:00,0.015572916666666667
2019-04-15 07:00:00,0.0
2019-04-15 08:00:00,0.0
2019-04-15 09:00:00,0.0
2019-04-15 10:00:00,0.0
2019-04-15 11:00:00,0.0
2019-04-15 12:00:00,0.0
2019-04-15 13:00:00,3.339430641666666
2019-04-15 14:00:00,15.009318729869694
2019-04-15 15:00:00,34.4829616571015
2019-04-15 16:00:00,47.23833928094973
2019-04-15 17:00:00,50.53180708974332
2019-04-15 18:00:00,46.308560891799814
2019-04-15 19:00:00,22.9670945526797
2019-04-15 20:00:00,23.955586750044002
2019-04-15 21:00:00,12.25202718555376
2019-04-15 22:00:00,8.703633822517139
2019-04-15 23:00:00,6.55596518895547
2019-04-16 00:00:00,15.428626610613257
2019-04-16 01:00:00,9.893134246169186
2019-04-16 02:00:00,0.9151620462711357
2019-04-16 03:00:00,0.0
2019-04-16 04:00:00,0.0
2019-04-16 05:00:00,0.0
2019-04-16 06:00:00,0.0
2019-04-16 07:00:00,0.0
2019-04-16 08:00:00,0.6744847876605111
2019-04-16 09:00:00,0.3345277984139792
2019-04-16 10:00:00,0.0
2019-04-16 11:00:00,0.0
2019-04-16 12:00:00,5.131053825000003
2019-04-16 13:00:00,0.44563463451735563
2019-04-16 14:00:00,10.568231205550976
2019-04-16 15:00:00,32.67124529071639
2019-04-16 16:00:00,40.847033136876355
2019-04-16 17:00:00,38.37119985571151
2019-04-16 18:00:00,24.549898286419637
2019-04-16 19:00:00,16.49628910040041
2019-04-16 20:00:00,9.58070883426991
2019-04-16 21:00:00,3.3284103957630986
2019-04-16 22:00:00,5.211541345958569
2019-04-16 23:00:00,1.9754465450598795
2019-04-17 00:00:00,4.868062675889984
2019-04-17 01:00:00,3.560934019763868
2019-04-17 02:00:00,1.7889834430302098
2019-04-17 03:00:00,0.22365591397759582
2019-04-17 04:00:00,1.258396857263139
2019-04-17 05:00:00,0.223780167263139
2019-04-17 06:00:00,0.22346953404928133
2019-04-17 07:00:00,0.15662126642708935
2019-04-17 08:00:00,0.0
2019-04-17 09:00:00,0.0
2019-04-17 10:00:00,0.0
2019-04-17 11:00:00,0.0
2019-04-17 12:00:00,0.0
2019-04-17 13:00:00,1.2828959558108264
2019-04-17 14:00:00,19.443570438613797
2019-04-17 15:00:00,28.806041243845304
2019-04-17 16:00:00,34.705039847844915
2019-04-17 17:00:00,32.76227911513634
2019-04-17 18:00:00,24.693996182715512
2019-04-17 19:00:00,6.5363940425756715
2019-04-17 20:00:00,11.10780602867191
2019-04-17 21:00:00,7.465385722453025
2019-04-17 22:00:00,0.8813464476234163
2019-04-17 23:00:00,0.7510823856430829
2019-04-18 00:00:00,0.7364887585522482
2019-04-18 01:00:00,0.44128554360717864
2019-04-18 02:00:00,0.9523332034644403
2019-04-18 03:00:00,8.916294834999997
2019-04-18 04:00:00,7.914594783888891
2019-04-18 05:00:00,1.3838474638888885
2019-04-18 06:00:00,0.0
2019-04-18 07:00:00,0.0
2019-04-18 08:00:00,0.0
2019-04-18 09:00:00,0.0
2019-04-18 10:00:00,0.0
2019-04-18 11:00:00,0.0
2019-04-18 12:00:00,2.995759488888889
2019-04-18 13:00:00,0.6336935635928667
2019-04-18 14:00:00,6.766842837453682
2019-04-18 15:00:00,20.07299132832998
2019-04-18 16:00:00,29.960813905116957
2019-04-18 17:00:00,42.26489346486665
2019-04-18 18:00:00,23.96702354894526
2019-04-18 19:00:00,15.951940919494042
2019-04-18 20:00:00,11.174923227153798
2019-04-18 21:00:00,4.5608909355005665
2019-04-18 22:00:00,0.34865438759623896
2019-04-18 23:00:00,5.543041073544826
2019-04-19 00:00:00,10.608005440825993
2019-04-19 01:00:00,3.4434697078305523
2019-04-19 02:00:00,5.292253772129802
2019-04-19 03:00:00,12.815795059592585
2019-04-19 04:00:00,1.1523592750000002
2019-04-19 05:00:00,0.5182915173236894
2019-04-19 06:00:00,4.541014228304408
2019-04-19 07:00:00,5.5031836646022825
2019-04-19 08:00:00,0.0
2019-04-19 09:00:00,0.0
2019-04-19 10:00:00,0.0
2019-04-19 11:00:00,0.0
2019-04-19 12:00:00,0.0
2019-04-19 13:00:00,2.0960435842297973
2019-04-19 14:00:00,8.317129105482449
2019-04-19 15:00:00,46.990080501549016
2019-04-19 16:00:00,41.00141821724128
2019-04-19 17:00:00,43.299556835072714
2019-04-19 18:00:00,21.182608170257268
2019-04-19 19:00:00,6.027216530613604
2019-04-19 20:00:00,15.506241756261513
2019-04-19 21:00:00,5.621866786105824
2019-04-19 22:00:00,9.734030891840275
2019-04-19 23:00:00,14.497246856910001
2019-04-20 00:00:00,4.84828221360094
2019-04-20 01:00:00,0.25863999131085275
2019-04-20 02:00:00,0.27331780601761707
2019-04-20 03:00:00,1.8492109720908034
2019-04-20 04:00:00,0.005653298577166933
2019-04-20 05:00:00,0.0
2019-04-20 06:00:00,0.0
2019-04-20 07:00:00,0.0
2019-04-20 08:00:00,0.0
2019-04-20 09:00:00,0.0
2019-04-20 10:00:00,0.0
2019-04-20 11:00:00,10.395749111111119
2019-04-20 12:00:00,0.5638765611111111
2019-04-20 13:00:00,0.0
2019-04-20 14:00:00,0.0
2019-04-20 15:00:00,0.0
2019-04-20 16:00:00,1.3399089305555554
2019-04-20 17:00:00,8.138403522222214
2019-04-20 18:00:00,5.588898300000003
2019-04-20 19:00:00,0.2806094861111111
2019-04-20 20:00:00,0.0
2019-04-20 21:00:00,0.0
2019-04-20 22:00:00,1.444284847222222
2019-04-20 23:00:00,3.303828263888886
2019-04-21 00:00:00,0.16634956666666673
2019-04-21 01:00:00,0.9177357138888885
2019-04-21 02:00:00,5.050657463888885
2019-04-21 03:00:00,1.5152245708333327
2019-04-21 04:00:00,0.0
2019-04-21 05:00:00,0.0
2019-04-21 06:00:00,0.0
2019-04-21 07:00:00,0.0
2019-04-21 08:00:00,0.0
2019-04-21 09:00:00,0.0
2019-04-21 10:00:00,0.0
2019-04-21 11:00:00,10.952701861111114
2019-04-21 12:00:00,3.7021259055555555
2019-04-21 13:00:00,0.0
2019-04-21 14:00:00,0.0
2019-04-21 15:00:00,0.0
2019-04-21 16:00:00,2.5237448611111066
2019-04-21 17:00:00,2.042032741666669
2019-04-21 18:00:00,0.12339113333333333
2019-04-21 19:00:00,1.8333856934925654
2019-04-21 20:00:00,3.34181515802798
2019-04-21 21:00:00,8.029291256966014
2019-04-21 22:00:00,13.667490570370655
2019-04-21 23:00:00,9.873503308718544
2019-04-22 00:00:00,0.0
2019-04-22 01:00:00,0.0
2019-04-22 02:00:00,0.0
2019-04-22 03:00:00,0.0
2019-04-22 04:00:00,0.0
2019-04-22 05:00:00,0.0
2019-04-22 06:00:00,0.0
2019-04-22 07:00:00,0.0
2019-04-22 08:00:00,0.0
2019-04-22 09:00:00,0.0
2019-04-22 10:00:00,0.0
2019-04-22 11:00:00,0.0
2019-04-22 12:00:00,11.44946552222223
2019-04-22 13:00:00,0.2874904746387833
2019-04-22 14:00:00,4.995488128596739
2019-04-22 15:00:00,29.502235382913987
2019-04-22 16:00:00,37.46513979706601
2019-04-22 17:00:00,34.610224429000006
2019-04-22 18:00:00,29.467719625224888
2019-04-22 19:00:00,15.248757605860778
2019-04-22 20:00:00,14.895180429143613
2019-04-22 21:00:00,22.84684590386237
2019-04-22 22:00:00,16.381391418972488
2019-04-22 23:00:00,7.85140874472359
2019-04-23 00:00:00,1.8189907890400423
2019-04-23 01:00:00,4.095162510718935
2019-04-23 02:00:00,2.2683346406592277
2019-04-23 03:00:00,0.0175599261431188
2019-04-23 04:00:00,0.033829425437185506
2019-04-23 05:00:00,0.045768584772469416
2019-04-23 06:00:00,0.0
2019-04-23 07:00:00,0.0
2019-04-23 08:00:00,0.0
2019-04-23 09:00:00,0.0
2019-04-23 10:00:00,0.0
2019-04-23 11:00:00,0.0
2019-04-23 12:00:00,0.0
2019-04-23 13:00:00,0.0
2019-04-23 14:00:00,0.16930978603230762
2019-04-23 15:00:00,25.56788505826657
2019-04-23 16:00:00,52.599572345167125
2019-04-23 17:00:00,48.50047984705714
2019-04-23 18:00:00,21.94889807771685
2019-04-23 19:00:00,8.481266715273161
2019-04-23 20:00:00,10.398624998793043
2019-04-23 21:00:00,11.363472719981106
2019-04-23 22:00:00,7.365154699518398
2019-04-23 23:00:00,9.74658385535912
2019-04-24 00:00:00,5.435410895040919
2019-04-24 01:00:00,6.756034652671195
2019-04-24 02:00:00,6.0475766691778094
2019-04-24 03:00:00,0.011805417617025067
2019-04-24 04:00:00,0.0
2019-04-24 05:00:00,0.0
2019-04-24 06:00:00,0.0
2019-04-24 07:00:00,0.0
2019-04-24 08:00:00,0.0
2019-04-24 09:00:00,0.0
2019-04-24 10:00:00,0.0
2019-04-24 11:00:00,0.0
2019-04-24 12:00:00,0.0
2019-04-24 13:00:00,1.5516461127404408
2019-04-24 14:00:00,9.36624338872784
2019-04-24 15:00:00,32.30609925214734
2019-04-24 16:00:00,51.23878133167685
2019-04-24 17:00:00,70.5079600555558
2019-04-24 18:00:00,37.86702252428431
2019-04-24 19:00:00,10.198767849720415
2019-04-24 20:00:00,16.469403026887072
2019-04-24 21:00:00,16.129841902742402
2019-04-24 22:00:00,7.561112163644364
2019-04-24 23:00:00,6.370119903418527
2019-04-25 00:00:00,0.8347331149036065
2019-04-25 01:00:00,3.886935904119131
2019-04-25 02:00:00,6.797819408333345
2019-04-25 03:00:00,10.975446930555561
2019-04-25 04:00:00,6.182409888888892
2019-04-25 05:00:00,6.243004419444441
2019-04-25 06:00:00,5.184577613888896
2019-04-25 07:00:00,0.0
2019-04-25 08:00:00,0.0
2019-04-25 09:00:00,0.0
2019-04-25 10:00:00,0.0
2019-04-25 11:00:00,11.281761655555565
2019-04-25 12:00:00,0.0
2019-04-25 13:00:00,1.665713339850475
2019-04-25 14:00:00,13.74036577083867
2019-04-25 15:00:00,31.506623967601012
2019-04-25 16:00:00,54.38337908657274
2019-04-25 17:00:00,50.937585022007106
2019-04-25 18:00:00,43.39335629655982
2019-04-25 19:00:00,29.34093253129169
2019-04-25 20:00:00,20.911844405860464
2019-04-25 21:00:00,18.99692608675648
2019-04-25 22:00:00,12.851903013944945
2019-04-25 23:00:00,11.726687253552722
2019-04-26 00:00:00,10.775842908399571
2019-04-26 01:00:00,4.780521977846312
2019-04-26 02:00:00,3.356781014119675
2019-04-26 03:00:00,3.0692280498235003
2019-04-26 04:00:00,5.0926534875
2019-04-26 05:00:00,8.552621130277771
2019-04-26 06:00:00,5.652167353611114
2019-04-26 07:00:00,1.4056905224286789
2019-04-26 08:00:00,0.5558920299770991
2019-04-26 09:00:00,0.0
2019-04-26 10:00:00,0.0
2019-04-26 11:00:00,8.506677066666658
2019-04-26 12:00:00,1.8997901250000002
2019-04-26 13:00:00,1.4223937786467107
2019-04-26 14:00:00,13.465260779836875
2019-04-26 15:00:00,33.50234648491663
2019-04-26 16:00:00,61.80948591838373
2019-04-26 17:00:00,53.33487614987776
2019-04-26 18:00:00,43.445418900967375
2019-04-26 19:00:00,35.35799081716055
2019-04-26 20:00:00,39.95993728117573
2019-04-26 21:00:00,17.8752441349807
2019-04-26 22:00:00,10.719671751215698
2019-04-26 23:00:00,4.915200308642864
2019-04-27 00:00:00,7.081100211330842
2019-04-27 01:00:00,3.842717316513502
2019-04-27 02:00:00,10.446927548724604
2019-04-27 03:00:00,10.417631028611108
2019-04-27 04:00:00,9.090399920833338
2019-04-27 05:00:00,0.0
2019-04-27 06:00:00,2.4701918330576844
2019-04-27 07:00:00,7.189778616024519
2019-04-27 08:00:00,6.258741586111132
2019-04-27 09:00:00,6.257460816666698
2019-04-27 10:00:00,6.237704461111117
2019-04-27 11:00:00,6.2465535666666945
2019-04-27 12:00:00,4.864231944444439
2019-04-27 13:00:00,0.5668221916666669
2019-04-27 14:00:00,11.453722710277775
2019-04-27 15:00:00,10.097576918333335
2019-04-27 16:00:00,5.842568522777776
2019-04-27 17:00:00,0.0
2019-04-27 18:00:00,1.485686866666668
2019-04-27 19:00:00,2.628227338000872
2019-04-27 20:00:00,0.006121705555555554
2019-04-27 21:00:00,3.140060783333328
2019-04-27 22:00:00,0.7108126805555554
2019-04-27 23:00:00,1.9338329531871672
2019-04-28 00:00:00,1.4169452305555545
2019-04-28 01:00:00,11.392703096143741
2019-04-28 02:00:00,6.701230425000006
2019-04-28 03:00:00,9.220933158333327
2019-04-28 04:00:00,17.744827475000026
2019-04-28 05:00:00,13.002486961111096
2019-04-28 06:00:00,4.57102556111112
2019-04-28 07:00:00,0.0
2019-04-28 08:00:00,0.0
2019-04-28 09:00:00,0.0
2019-04-28 10:00:00,0.0
2019-04-28 11:00:00,0.0
2019-04-28 12:00:00,9.60485832500001
2019-04-28 13:00:00,0.0
2019-04-28 14:00:00,0.0
2019-04-28 15:00:00,0.0
2019-04-28 16:00:00,0.8091200194444446
2019-04-28 17:00:00,12.409371544444458
2019-04-28 18:00:00,21.667600858333326
2019-04-28 19:00:00,25.90237678611113
2019-04-28 20:00:00,28.62915178611112
2019-04-28 21:00:00,22.682574219444454
2019-04-28 22:00:00,9.49602143055555
2019-04-28 23:00:00,6.973741216713936
2019-04-29 00:00:00,6.000116217503389
2019-04-29 01:00:00,9.097902198719776
2019-04-29 02:00:00,8.382521794512837
2019-04-29 03:00:00,7.25402232277778
2019-04-29 04:00:00,6.794774958888899
2019-04-29 05:00:00,0.0
2019-04-29 06:00:00,0.0
2019-04-29 07:00:00,0.25421770392116677
2019-04-29 08:00:00,3.260066436405118
2019-04-29 09:00:00,1.3014515042883334
2019-04-29 10:00:00,0.0
2019-04-29 11:00:00,5.357937197222225
2019-04-29 12:00:00,4.749268783333335
2019-04-29 13:00:00,0.19631476919744004
2019-04-29 14:00:00,8.087650699968142
2019-04-29 15:00:00,26.540041934295115
2019-04-29 16:00:00,42.338613869311054
2019-04-29 17:00:00,54.96014447533885
2019-04-29 18:00:00,45.44525259672126
2019-04-29 19:00:00,37.088736357762784
2019-04-29 20:00:00,22.448411997409643
2019-04-29 21:00:00,15.982589810212222
2019-04-29 22:00:00,11.5319040152329
2019-04-29 23:00:00,5.534800580610807
2019-04-30 00:00:00,6.427669136414566
2019-04-30 01:00:00,0.004817638753119342
2019-04-30 02:00:00,2.2014208754208116
2019-04-30 03:00:00,0.2376315846638086
2019-04-30 04:00:00,1.440864368415256
2019-04-30 05:00:00,6.625705919409932
2019-04-30 06:00:00,6.669702539371796
2019-04-30 07:00:00,0.8280098881283334
2019-04-30 08:00:00,0.0
2019-04-30 09:00:00,0.0
2019-04-30 10:00:00,0.0
2019-04-30 11:00:00,0.0
2019-04-30 12:00:00,9.123874838888886
2019-04-30 13:00:00,0.8098964700770562
2019-04-30 14:00:00,0.0
2019-04-30 15:00:00,8.116731369444445
2019-04-30 16:00:00,26.011858415113384
2019-04-30 17:00:00,41.717209499401854
2019-04-30 18:00:00,46.52129881257702
2019-04-30 19:00:00,27.211765074081235
2019-04-30 20:00:00,9.88589460392834
2019-04-30 21:00:00,7.700482329470834
2019-04-30 22:00:00,7.585266838761362
2019-04-30 23:00:00,12.694130852961107
2019-05-01 00:00:00,18.531444342234806
2019-05-01 01:00:00,6.345697420904245
2019-05-01 02:00:00,9.502899388055566
2019-05-01 03:00:00,12.445351954444448
2019-05-01 04:00:00,7.565788629722218
2019-05-01 05:00:00,1.2237647694444447
2019-05-01 06:00:00,0.0
2019-05-01 07:00:00,0.0
2019-05-01 08:00:00,0.0
2019-05-01 09:00:00,0.0
2019-05-01 10:00:00,0.0
2019-05-01 11:00:00,2.3165887194444448
2019-05-01 12:00:00,8.095564158333332
2019-05-01 13:00:00,0.0
2019-05-01 14:00:00,9.802887444653095
2019-05-01 15:00:00,44.50322923213884
2019-05-01 16:00:00,79.89945086535971
2019-05-01 17:00:00,90.1124608399146
2019-05-01 18:00:00,65.92280181420752
2019-05-01 19:00:00,51.02468683732965
2019-05-01 20:00:00,38.732100013845354
2019-05-01 21:00:00,18.86866368912974
2019-05-01 22:00:00,12.322431510571308
2019-05-01 23:00:00,7.578404857664486
2019-05-02 00:00:00,2.96552944790236
2019-05-02 01:00:00,10.264754612801251
2019-05-02 02:00:00,7.672946802830934
2019-05-02 03:00:00,0.0
2019-05-02 04:00:00,0.40657505277777817
2019-05-02 05:00:00,0.9754506440754849
2019-05-02 06:00:00,0.0
2019-05-02 07:00:00,0.0
2019-05-02 08:00:00,0.0
2019-05-02 09:00:00,0.0
2019-05-02 10:00:00,0.0
2019-05-02 11:00:00,0.0
2019-05-02 12:00:00,9.843253255555554
2019-05-02 13:00:00,0.0
2019-05-02 14:00:00,5.969691721513634
2019-05-02 15:00:00,21.312532225684247
2019-05-02 16:00:00,27.373444129116386
2019-05-02 17:00:00,27.42687885059
2019-05-02 18:00:00,29.018254552287768
2019-05-02 19:00:00,19.220639178695002
2019-05-02 20:00:00,22.493090428203935
2019-05-02 21:00:00,17.773829348616687
2019-05-02 22:00:00,7.891185462915688
2019-05-02 23:00:00,4.953613425485127
2019-05-03 00:00:00,0.747382640677387
2019-05-03 01:00:00,1.8583451166936367
2019-05-03 02:00:00,3.482771133333332
2019-05-03 03:00:00,9.644557672222222
2019-05-03 04:00:00,22.240414730555532
2019-05-03 05:00:00,3.8572046111111082
2019-05-03 06:00:00,0.0
2019-05-03 07:00:00,0.0
2019-05-03 08:00:00,0.0
2019-05-03 09:00:00,0.0
2019-05-03 10:00:00,0.0
2019-05-03 11:00:00,5.886933263888889
2019-05-03 12:00:00,9.60309095
2019-05-03 13:00:00,0.0
2019-05-03 14:00:00,1.2935101379366525
2019-05-03 15:00:00,29.926378193186387
2019-05-03 16:00:00,51.12371376579569
2019-05-03 17:00:00,39.545883081659056
2019-05-03 18:00:00,35.562374217738935
2019-05-03 19:00:00,25.599061505819297
2019-05-03 20:00:00,19.787728494007155
2019-05-03 21:00:00,18.983614755943762
2019-05-03 22:00:00,11.636416218548277
2019-05-03 23:00:00,1.5523929261240565
2019-05-04 00:00:00,1.4505051883023414
2019-05-04 01:00:00,1.0707396305555565
2019-05-04 02:00:00,1.4530113694444424
2019-05-04 03:00:00,13.532190946309658
2019-05-04 04:00:00,6.50850818724924
2019-05-04 05:00:00,3.4160813314735847
2019-05-04 06:00:00,12.163629187169713
2019-05-04 07:00:00,10.793851040578648
2019-05-04 08:00:00,9.56299305628489
2019-05-04 09:00:00,9.56339034915388
2019-05-04 10:00:00,9.373279698513405
2019-05-04 11:00:00,6.380333437077798
2019-05-04 12:00:00,2.6636315916666615
2019-05-04 13:00:00,0.1829047972222219
2019-05-04 14:00:00,0.0
2019-05-04 15:00:00,0.0
2019-05-04 16:00:00,0.0
2019-05-04 17:00:00,0.8233749277777795
2019-05-04 18:00:00,3.1919987444444495
2019-05-04 19:00:00,3.183010486111113
2019-05-04 20:00:00,3.1769721555555552
2019-05-04 21:00:00,2.6709733172531607
2019-05-04 22:00:00,2.0698228638669773
2019-05-04 23:00:00,9.166515162500007
2019-05-05 00:00:00,1.9160690097222217
2019-05-05 01:00:00,0.0
2019-05-05 02:00:00,4.832488752777779
2019-05-05 03:00:00,6.300168066666661
2019-05-05 04:00:00,8.475985713563968
2019-05-05 05:00:00,5.047059109106103
2019-05-05 06:00:00,3.337213719991981
2019-05-05 07:00:00,5.55368991419212
2019-05-05 08:00:00,4.952275095035242
2019-05-05 09:00:00,3.0063403236636534
2019-05-05 10:00:00,2.2006874421616436
2019-05-05 11:00:00,0.0
2019-05-05 12:00:00,7.057973894444443
2019-05-05 13:00:00,1.8431630166666668
2019-05-05 14:00:00,0.0
2019-05-05 15:00:00,5.538764708333332
2019-05-05 16:00:00,19.30308815555553
2019-05-05 17:00:00,4.7191583305555564
2019-05-05 18:00:00,4.361521197222224
2019-05-05 19:00:00,12.40556511666665
2019-05-05 20:00:00,5.599553091666673
2019-05-05 21:00:00,1.4526374801776203
2019-05-05 22:00:00,0.12248934071895669
2019-05-05 23:00:00,0.0
2019-05-06 00:00:00,1.534364775000002
2019-05-06 01:00:00,5.587433975000005
2019-05-06 02:00:00,3.180733455555556
2019-05-06 03:00:00,0.38770589444444437
2019-05-06 04:00:00,0.0
2019-05-06 05:00:00,0.4057261750000001
2019-05-06 06:00:00,0.0
2019-05-06 07:00:00,0.0
2019-05-06 08:00:00,0.0
2019-05-06 09:00:00,0.0
2019-05-06 10:00:00,0.0
2019-05-06 11:00:00,0.0
2019-05-06 12:00:00,12.422424211111109
2019-05-06 13:00:00,0.0
2019-05-06 14:00:00,7.209349288990712
2019-05-06 15:00:00,23.913793682961128
2019-05-06 16:00:00,56.12098770418748
2019-05-06 17:00:00,68.78748371288809
2019-05-06 18:00:00,58.45225422340515
2019-05-06 19:00:00,36.37638359517113
2019-05-06 20:00:00,23.525047675797317
2019-05-06 21:00:00,29.960503441023068
2019-05-06 22:00:00,21.101208110198833
2019-05-06 23:00:00,10.500071805955265
2019-05-07 00:00:00,5.214659193176208
2019-05-07 01:00:00,0.7243648018735754
2019-05-07 02:00:00,3.163108916666674
2019-05-07 03:00:00,4.574771380555557
2019-05-07 04:00:00,6.52112370833334
2019-05-07 05:00:00,2.9029957844842915
2019-05-07 06:00:00,0.7675473357224675
2019-05-07 07:00:00,0.0
2019-05-07 08:00:00,0.0
2019-05-07 09:00:00,0.0
2019-05-07 10:00:00,0.0
2019-05-07 11:00:00,0.0
2019-05-07 12:00:00,0.0
2019-05-07 13:00:00,0.0
2019-05-07 14:00:00,8.158678295523027
2019-05-07 15:00:00,37.665437745161256
2019-05-07 16:00:00,52.35168889390434
2019-05-07 17:00:00,52.10860443471796
2019-05-07 18:00:00,41.34914828016589
2019-05-07 19:00:00,21.66547958103236
2019-05-07 20:00:00,26.937018196841585
2019-05-07 21:00:00,21.0960497466403
2019-05-07 22:00:00,18.622003995926164
2019-05-07 23:00:00,14.403053866560024
2019-05-08 00:00:00,1.7739045972222138
2019-05-08 01:00:00,8.690043546989052
2019-05-08 02:00:00,11.425574288954436
2019-05-08 03:00:00,10.981843748201126
2019-05-08 04:00:00,5.08530397441984
2019-05-08 05:00:00,3.3167295492540694
2019-05-08 06:00:00,3.333418346908013
2019-05-08 07:00:00,1.3823471706303232
2019-05-08 08:00:00,0.0
2019-05-08 09:00:00,0.0
2019-05-08 10:00:00,0.0
2019-05-08 11:00:00,0.0011494558488122667
2019-05-08 12:00:00,5.977944524999997
2019-05-08 13:00:00,1.3444227444444437
2019-05-08 14:00:00,1.5588320191160687
2019-05-08 15:00:00,23.350875406632152
2019-05-08 16:00:00,42.582064328830135
2019-05-08 17:00:00,37.248297880148506
2019-05-08 18:00:00,20.632625627636557
2019-05-08 19:00:00,17.773857094066916
2019-05-08 20:00:00,20.249019653784032
2019-05-08 21:00:00,18.226328336792086
2019-05-08 22:00:00,12.73726762328724
2019-05-08 23:00:00,9.525918755515296
2019-05-09 00:00:00,2.5027299591065977
2019-05-09 01:00:00,0.4773757767314789
2019-05-09 02:00:00,0.7735896323109293
2019-05-09 03:00:00,7.431645825366493
2019-05-09 04:00:00,0.6168529428014183
2019-05-09 05:00:00,0.0
2019-05-09 06:00:00,0.0
2019-05-09 07:00:00,0.0
2019-05-09 08:00:00,0.0
2019-05-09 09:00:00,0.0
2019-05-09 10:00:00,0.0
2019-05-09 11:00:00,0.0
2019-05-09 12:00:00,9.416418686111124
2019-05-09 13:00:00,0.0
2019-05-09 14:00:00,3.2214587578473624
2019-05-09 15:00:00,27.408709681060632
2019-05-09 16:00:00,32.95281722408209
2019-05-09 17:00:00,43.700202599326424
2019-05-09 18:00:00,43.1879625229692
2019-05-09 19:00:00,31.762688742375424
2019-05-09 20:00:00,21.515382775438066
2019-05-09 21:00:00,11.253436055650031
2019-05-09 22:00:00,6.393318542869788
2019-05-09 23:00:00,2.8693386460805512
2019-05-10 00:00:00,2.233962590539554
2019-05-10 01:00:00,8.872284676146728
2019-05-10 02:00:00,24.665067961815193
2019-05-10 03:00:00,20.963318277858043
2019-05-10 04:00:00,3.8030537777777704
2019-05-10 05:00:00,1.0327391166666668
2019-05-10 06:00:00,0.0
2019-05-10 07:00:00,0.26374298055555545
2019-05-10 08:00:00,0.0
2019-05-10 09:00:00,0.0
2019-05-10 10:00:00,0.0
2019-05-10 11:00:00,0.0
2019-05-10 12:00:00,0.0
2019-05-10 13:00:00,0.0
2019-05-10 14:00:00,8.570372389489135
2019-05-10 15:00:00,41.61243278244867
2019-05-10 16:00:00,57.05680423096037
2019-05-10 17:00:00,67.29419287648165
2019-05-10 18:00:00,53.67352098113642
2019-05-10 19:00:00,47.91679601011528
2019-05-10 20:00:00,35.46415649136306
2019-05-10 21:00:00,23.926284186431186
2019-05-10 22:00:00,11.091755636509117
2019-05-10 23:00:00,2.147596401288741
2019-05-11 00:00:00,21.189052940182986
2019-05-11 01:00:00,22.966199580904803
2019-05-11 02:00:00,10.721137672394248
2019-05-11 03:00:00,6.539567916666681
2019-05-11 04:00:00,0.0009165
2019-05-11 05:00:00,1.4010204062107845
2019-05-11 06:00:00,3.3431851069778684
2019-05-11 07:00:00,3.3630547887413913
2019-05-11 08:00:00,3.750786392434528
2019-05-11 09:00:00,2.7412353209473888
2019-05-11 10:00:00,0.0
2019-05-11 11:00:00,0.0
2019-05-11 12:00:00,0.0
2019-05-11 13:00:00,0.0
2019-05-11 14:00:00,0.0
2019-05-11 15:00:00,0.6428647944444432
2019-05-11 16:00:00,0.3446998805555555
2019-05-11 17:00:00,5.523642455422248
2019-05-11 18:00:00,9.38629774238903
2019-05-11 19:00:00,7.085632577889408
2019-05-11 20:00:00,7.025147912693824
2019-05-11 21:00:00,8.862492555666325
2019-05-11 22:00:00,11.638508550843577
2019-05-11 23:00:00,13.742125305186025
2019-05-12 00:00:00,17.971177088285604
2019-05-12 01:00:00,10.752166499175273
2019-05-12 02:00:00,8.104966677934856
2019-05-12 03:00:00,7.241418480555552
2019-05-12 04:00:00,3.374911899999998
2019-05-12 05:00:00,0.0
2019-05-12 06:00:00,0.8493416250000007
2019-05-12 07:00:00,1.987247130555562
2019-05-12 08:00:00,0.6517833027777776
2019-05-12 09:00:00,3.448892747222211
2019-05-12 10:00:00,2.2371923444444457
2019-05-12 11:00:00,0.0
2019-05-12 12:00:00,0.0
2019-05-12 13:00:00,0.12411714555555557
2019-05-12 14:00:00,15.033515333611113
2019-05-12 15:00:00,17.58177352944443
2019-05-12 16:00:00,16.5684407911111
2019-05-12 17:00:00,5.43964723888889
2019-05-12 18:00:00,0.41435558333333306
2019-05-12 19:00:00,8.800468461666664
2019-05-12 20:00:00,14.5403131925
2019-05-12 21:00:00,20.805130037500007
2019-05-12 22:00:00,12.875952636944437
2019-05-12 23:00:00,7.458401058378165
2019-05-13 00:00:00,3.8479952724869726
2019-05-13 01:00:00,0.0
2019-05-13 02:00:00,0.9446864342346404
2019-05-13 03:00:00,0.0
2019-05-13 04:00:00,5.913562761111127
2019-05-13 05:00:00,6.43526327222219
2019-05-13 06:00:00,5.4670447944444325
2019-05-13 07:00:00,0.5077294138888899
2019-05-13 08:00:00,0.0
2019-05-13 09:00:00,0.0
2019-05-13 10:00:00,0.0
2019-05-13 11:00:00,0.0
2019-05-13 12:00:00,0.0
2019-05-13 13:00:00,0.5907899055555563
2019-05-13 14:00:00,6.578164997885875
2019-05-13 15:00:00,46.47496381374012
2019-05-13 16:00:00,63.901546479518075
2019-05-13 17:00:00,64.39212827727764
2019-05-13 18:00:00,58.05172631397197
2019-05-13 19:00:00,37.581282070745985
2019-05-13 20:00:00,33.73635367548014
2019-05-13 21:00:00,27.11338914185438
2019-05-13 22:00:00,15.934957333310653
2019-05-13 23:00:00,10.686677795695493
2019-05-14 00:00:00,10.232256165909611
2019-05-14 01:00:00,26.369760342964845
2019-05-14 02:00:00,29.34223161852028
2019-05-14 03:00:00,6.641982872222826
2019-05-14 04:00:00,6.247078733333324
2019-05-14 05:00:00,3.3945783055555565
2019-05-14 06:00:00,13.145529533333294
2019-05-14 07:00:00,13.349648777777755
2019-05-14 08:00:00,13.34648070277769
2019-05-14 09:00:00,8.926723069444472
2019-05-14 10:00:00,8.483992844444419
2019-05-14 11:00:00,5.469468761111125
2019-05-14 12:00:00,3.205233261111112
2019-05-14 13:00:00,6.342828499999998
2019-05-14 14:00:00,8.767349825210864
2019-05-14 15:00:00,27.821826092727964
2019-05-14 16:00:00,48.901805038820505
2019-05-14 17:00:00,53.73951878392013
2019-05-14 18:00:00,24.016675376312072
2019-05-14 19:00:00,10.252932261633783
2019-05-14 20:00:00,8.89030373972185
2019-05-14 21:00:00,10.832454646696572
2019-05-14 22:00:00,11.482575315425088
2019-05-14 23:00:00,12.312890301365648
2019-05-15 00:00:00,7.073027665357159
2019-05-15 01:00:00,0.42043507240951533
2019-05-15 02:00:00,0.0
2019-05-15 03:00:00,3.797962325000004
2019-05-15 04:00:00,3.62359340555555
2019-05-15 05:00:00,0.0
2019-05-15 06:00:00,0.0
2019-05-15 07:00:00,0.0
2019-05-15 08:00:00,0.0
2019-05-15 09:00:00,0.0
2019-05-15 10:00:00,0.0
2019-05-15 11:00:00,0.0
2019-05-15 12:00:00,0.0
2019-05-15 13:00:00,0.0
2019-05-15 14:00:00,4.760221987617016
2019-05-15 15:00:00,32.062036590598595
2019-05-15 16:00:00,62.542519145084135
2019-05-15 17:00:00,56.225217007632146
2019-05-15 18:00:00,42.703795411233216
2019-05-15 19:00:00,29.838254190853746
2019-05-15 20:00:00,16.09450114202679
2019-05-15 21:00:00,11.440627511400672
2019-05-15 22:00:00,24.282345126860314
2019-05-15 23:00:00,23.821021366246306
2019-05-16 00:00:00,17.670613108006325
2019-05-16 01:00:00,10.823404207866815
2019-05-16 02:00:00,8.335271839361054
2019-05-16 03:00:00,5.326086851148742
2019-05-16 04:00:00,6.265016850321363
2019-05-16 05:00:00,3.3320437829459
2019-05-16 06:00:00,5.503345788379313
2019-05-16 07:00:00,7.384183323435416
2019-05-16 08:00:00,6.26552457222225
2019-05-16 09:00:00,6.271997241666686
2019-05-16 10:00:00,6.259778266666681
2019-05-16 11:00:00,6.258094338888883
2019-05-16 12:00:00,4.756780138888902
2019-05-16 13:00:00,2.92700580833334
2019-05-16 14:00:00,4.82311130119178
2019-05-16 15:00:00,30.996220553010826
2019-05-16 16:00:00,50.522986907192355
2019-05-16 17:00:00,50.705709222918316
2019-05-16 18:00:00,32.17695098760505
2019-05-16 19:00:00,21.254363910320897
2019-05-16 20:00:00,11.609642070133718
2019-05-16 21:00:00,13.511399903564302
2019-05-16 22:00:00,13.472129376296374
2019-05-16 23:00:00,9.859961770195557
2019-05-17 00:00:00,7.505226864045283
2019-05-17 01:00:00,11.257875450002393
2019-05-17 02:00:00,14.570669418150999
2019-05-17 03:00:00,21.13054411870055
2019-05-17 04:00:00,1.386701460555556
2019-05-17 05:00:00,1.0424090638888885
2019-05-17 06:00:00,0.09281337222222193
2019-05-17 07:00:00,0.0
2019-05-17 08:00:00,0.0
2019-05-17 09:00:00,0.0
2019-05-17 10:00:00,0.0
2019-05-17 11:00:00,10.013686933333338
2019-05-17 12:00:00,0.0
2019-05-17 13:00:00,0.03230920833333333
2019-05-17 14:00:00,18.956947348151452
2019-05-17 15:00:00,52.1926985768024
2019-05-17 16:00:00,66.9778273478974
2019-05-17 17:00:00,63.79532075707675
2019-05-17 18:00:00,46.86560296745243
2019-05-17 19:00:00,24.07816746959569
2019-05-17 20:00:00,18.5778072626427
2019-05-17 21:00:00,25.442822640290142
2019-05-17 22:00:00,6.5282097254534
2019-05-17 23:00:00,3.891457956147396
2019-05-18 00:00:00,7.960469493007968
2019-05-18 01:00:00,11.124306716172478
2019-05-18 02:00:00,13.466359249999996
2019-05-18 03:00:00,14.33674465833334
2019-05-18 04:00:00,5.198529675833355
2019-05-18 05:00:00,3.4908588666666676
2019-05-18 06:00:00,0.0
2019-05-18 07:00:00,0.0
2019-05-18 08:00:00,0.0
2019-05-18 09:00:00,0.0
2019-05-18 10:00:00,0.0
2019-05-18 11:00:00,0.0
2019-05-18 12:00:00,0.0
2019-05-18 13:00:00,9.224337141666666
2019-05-18 14:00:00,0.0
2019-05-18 15:00:00,2.931508885515976
2019-05-18 16:00:00,9.450433742777788
2019-05-18 17:00:00,16.684566108333343
2019-05-18 18:00:00,10.420088161111112
2019-05-18 19:00:00,0.04604871111111109
2019-05-18 20:00:00,6.036799566666669
2019-05-18 21:00:00,6.746436191666679
2019-05-18 22:00:00,9.020166699999997
2019-05-18 23:00:00,4.720745634722225
2019-05-19 00:00:00,15.70444362805556
2019-05-19 01:00:00,7.975484704722227
2019-05-19 02:00:00,12.916810379938344
2019-05-19 03:00:00,12.202311700893144
2019-05-19 04:00:00,16.184484969667402
2019-05-19 05:00:00,17.672273294444437
2019-05-19 06:00:00,19.384307413888926
2019-05-19 07:00:00,26.035950426666716
2019-05-19 08:00:00,15.545592040277793
2019-05-19 09:00:00,13.289102841666683
2019-05-19 10:00:00,12.909598283333343
2019-05-19 11:00:00,3.1461595166666685
2019-05-19 12:00:00,9.220217100000005
2019-05-19 13:00:00,0.0
2019-05-19 14:00:00,0.8303155772779597
2019-05-19 15:00:00,1.9025213527777678
2019-05-19 16:00:00,2.2268135861111094
2019-05-19 17:00:00,3.235265891944444
2019-05-19 18:00:00,9.41352310277778
2019-05-19 19:00:00,25.22568617484005
2019-05-19 20:00:00,24.193535568642687
2019-05-19 21:00:00,29.16702553900467
2019-05-19 22:00:00,19.70038197874989
2019-05-19 23:00:00,15.26650798179122
2019-05-20 00:00:00,22.51464346852778
2019-05-20 01:00:00,37.532972076599656
2019-05-20 02:00:00,40.249262593850794
2019-05-20 03:00:00,25.048988362045165
2019-05-20 04:00:00,12.07340906931139
2019-05-20 05:00:00,6.215053408333332
2019-05-20 06:00:00,0.0
2019-05-20 07:00:00,0.0
2019-05-20 08:00:00,0.0
2019-05-20 09:00:00,0.0
2019-05-20 10:00:00,0.0
2019-05-20 11:00:00,0.0
2019-05-20 12:00:00,0.0
2019-05-20 13:00:00,6.051674936111106
2019-05-20 14:00:00,6.303676813457685
2019-05-20 15:00:00,42.54474693287191
2019-05-20 16:00:00,67.51553857559978
2019-05-20 17:00:00,55.11318366678995
2019-05-20 18:00:00,36.17300048166037
2019-05-20 19:00:00,29.51401771334025
2019-05-20 20:00:00,26.45561527145639
2019-05-20 21:00:00,6.471895555791677
2019-05-20 22:00:00,6.674122143344631
2019-05-20 23:00:00,8.439017109180213
2019-05-21 00:00:00,11.70255591441272
2019-05-21 01:00:00,7.656724047236455
2019-05-21 02:00:00,6.50960209337018
2019-05-21 03:00:00,5.064778628558667
2019-05-21 04:00:00,9.365818541666663
2019-05-21 05:00:00,3.569308991666665
2019-05-21 06:00:00,0.0
2019-05-21 07:00:00,0.0
2019-05-21 08:00:00,0.0
2019-05-21 09:00:00,0.0
2019-05-21 10:00:00,0.0
2019-05-21 11:00:00,0.0
2019-05-21 12:00:00,7.457562236111115
2019-05-21 13:00:00,0.0
2019-05-21 14:00:00,10.073219020116746
2019-05-21 15:00:00,41.21657690396913
2019-05-21 16:00:00,79.39287213691549
2019-05-21 17:00:00,64.37878827119414
2019-05-21 18:00:00,32.327497913725736
2019-05-21 19:00:00,33.340851568564055
2019-05-21 20:00:00,34.69884124666267
2019-05-21 21:00:00,27.923235753276323
2019-05-21 22:00:00,11.300434318992991
2019-05-21 23:00:00,9.24128956940102
2019-05-22 00:00:00,11.332967207598363
2019-05-22 01:00:00,10.303584320755986
2019-05-22 02:00:00,10.285304426449862
2019-05-22 03:00:00,3.650711116666664
2019-05-22 04:00:00,0.0
2019-05-22 05:00:00,0.0
2019-05-22 06:00:00,0.0
2019-05-22 07:00:00,0.0
2019-05-22 08:00:00,0.0
2019-05-22 09:00:00,0.0
2019-05-22 10:00:00,0.0
2019-05-22 11:00:00,0.0
2019-05-22 12:00:00,0.0
2019-05-22 13:00:00,2.6872578863908783
2019-05-22 14:00:00,15.901673310436617
2019-05-22 15:00:00,50.67746977029803
2019-05-22 16:00:00,52.645790702548766
2019-05-22 17:00:00,49.86366595070193
2019-05-22 18:00:00,27.852698220598448
2019-05-22 19:00:00,7.54508946789395
2019-05-22 20:00:00,11.937989962933413
2019-05-22 21:00:00,13.626893250486459
2019-05-22 22:00:00,10.290146691992097
2019-05-22 23:00:00,7.543731254306451
2019-05-23 00:00:00,8.975301930549508
2019-05-23 01:00:00,8.59064688577542
2019-05-23 02:00:00,0.14397284674697244
2019-05-23 03:00:00,0.0
2019-05-23 04:00:00,0.0
2019-05-23 05:00:00,0.0
2019-05-23 06:00:00,0.8217672888888898
2019-05-23 07:00:00,0.0
2019-05-23 08:00:00,0.0
2019-05-23 09:00:00,0.0
2019-05-23 10:00:00,0.0
2019-05-23 11:00:00,0.0
2019-05-23 12:00:00,0.0
2019-05-23 13:00:00,0.0
2019-05-23 14:00:00,1.4411140045597841
2019-05-23 15:00:00,27.328300775911988
2019-05-23 16:00:00,41.916422009209036
2019-05-23 17:00:00,40.01261540067955
2019-05-23 18:00:00,20.85833704654061
2019-05-23 19:00:00,11.159841661111114
2019-05-23 20:00:00,22.679346414980323
2019-05-23 21:00:00,29.778885014486267
2019-05-23 22:00:00,23.367605388730194
2019-05-23 23:00:00,18.45168684411803
2019-05-24 00:00:00,13.447034650575759
2019-05-24 01:00:00,17.14592742899798
2019-05-24 02:00:00,9.508036244896534
2019-05-24 03:00:00,7.730742471579294
2019-05-24 04:00:00,6.263540636506825
2019-05-24 05:00:00,1.0995535249999997
2019-05-24 06:00:00,4.952857280555554
2019-05-24 07:00:00,13.394566213888897
2019-05-24 08:00:00,12.565214561111087
2019-05-24 09:00:00,12.672084211111041
2019-05-24 10:00:00,9.427101183333292
2019-05-24 11:00:00,6.759618733333269
2019-05-24 12:00:00,2.179805008333334
2019-05-24 13:00:00,3.0251572666666657
2019-05-24 14:00:00,23.260144657157163
2019-05-24 15:00:00,63.367436128798715
2019-05-24 16:00:00,62.502865580361146
2019-05-24 17:00:00,49.27941395885601
2019-05-24 18:00:00,39.959798786864425
2019-05-24 19:00:00,21.579347718621037
2019-05-24 20:00:00,19.588456231465358
2019-05-24 21:00:00,14.266149487636717
2019-05-24 22:00:00,7.627699202777794
2019-05-24 23:00:00,2.3190436888888897
2019-05-25 00:00:00,15.31070259666667
2019-05-25 01:00:00,8.117263910000002
2019-05-25 02:00:00,4.741064758333333
2019-05-25 03:00:00,3.4799811444444515
2019-05-25 04:00:00,0.6074498527777781
2019-05-25 05:00:00,0.0
2019-05-25 06:00:00,0.0
2019-05-25 07:00:00,0.0
2019-05-25 08:00:00,0.0
2019-05-25 09:00:00,0.0
2019-05-25 10:00:00,0.0
2019-05-25 11:00:00,0.0
2019-05-25 12:00:00,0.0
2019-05-25 13:00:00,0.0
2019-05-25 14:00:00,0.0
2019-05-25 15:00:00,0.0
2019-05-25 16:00:00,0.0
2019-05-25 17:00:00,6.140917883325511
2019-05-25 18:00:00,12.215971497475056
2019-05-25 19:00:00,7.911188308452681
2019-05-25 20:00:00,11.931992263844496
2019-05-25 21:00:00,13.131756594431412
2019-05-25 22:00:00,18.872511477974342
2019-05-25 23:00:00,14.281969064444436
2019-05-26 00:00:00,1.7265059277777777
2019-05-26 01:00:00,4.55948156666667
2019-05-26 02:00:00,1.7037376361111098
2019-05-26 03:00:00,0.0
2019-05-26 04:00:00,0.0
2019-05-26 05:00:00,7.611181344444442
2019-05-26 06:00:00,9.08153179722222
2019-05-26 07:00:00,3.572712333333335
2019-05-26 08:00:00,3.5752686472222153
2019-05-26 09:00:00,2.7130776833333274
2019-05-26 10:00:00,0.0
2019-05-26 11:00:00,0.0
2019-05-26 12:00:00,0.0
2019-05-26 13:00:00,0.0
2019-05-26 14:00:00,0.0
2019-05-26 15:00:00,5.0565523055555435
2019-05-26 16:00:00,6.737063394994861
2019-05-26 17:00:00,0.7279887042461983
2019-05-26 18:00:00,0.04375161507545031
2019-05-26 19:00:00,0.039255001629248054
2019-05-26 20:00:00,0.6152308722222225
2019-05-26 21:00:00,2.462355827777789
2019-05-26 22:00:00,6.957174700171095
2019-05-26 23:00:00,6.785900088888909
2019-05-27 00:00:00,6.808243591666663
2019-05-27 01:00:00,7.604318201845452
2019-05-27 02:00:00,9.253233449198476
2019-05-27 03:00:00,6.889240924999988
2019-05-27 04:00:00,2.2544064138888915
2019-05-27 05:00:00,5.6291802027777695
2019-05-27 06:00:00,6.581455411111103
2019-05-27 07:00:00,6.7687579944444565
2019-05-27 08:00:00,6.968651294444393
2019-05-27 09:00:00,7.0069960999999354
2019-05-27 10:00:00,6.962344405555543
2019-05-27 11:00:00,6.960358180555574
2019-05-27 12:00:00,5.5880667000000015
2019-05-27 13:00:00,0.0
2019-05-27 14:00:00,0.3686825415444398
2019-05-27 15:00:00,3.20519394296508
2019-05-27 16:00:00,4.550007445744744
2019-05-27 17:00:00,8.637716077777803
2019-05-27 18:00:00,12.300033444444427
2019-05-27 19:00:00,3.8420929305555527
2019-05-27 20:00:00,3.6783293249999995
2019-05-27 21:00:00,16.892653578888893
2019-05-27 22:00:00,13.286189658333335
2019-05-27 23:00:00,1.4487260611111097
2019-05-28 00:00:00,3.582736097222221
2019-05-28 01:00:00,3.3092807138888896
2019-05-28 02:00:00,6.869115680555551
2019-05-28 03:00:00,11.16915039166664
2019-05-28 04:00:00,6.013729655555559
2019-05-28 05:00:00,2.867541722598929
2019-05-28 06:00:00,2.642848406642909
2019-05-28 07:00:00,0.0
2019-05-28 08:00:00,0.0
2019-05-28 09:00:00,0.0
2019-05-28 10:00:00,0.0
2019-05-28 11:00:00,0.0
2019-05-28 12:00:00,0.0
2019-05-28 13:00:00,2.7564103944444427
2019-05-28 14:00:00,18.454738900120642
2019-05-28 15:00:00,53.91480424759484
2019-05-28 16:00:00,57.435138622183295
2019-05-28 17:00:00,50.731301034565895
2019-05-28 18:00:00,34.881806329361396
2019-05-28 19:00:00,21.830920148405664
2019-05-28 20:00:00,12.252434594783395
2019-05-28 21:00:00,12.26880042114394
2019-05-28 22:00:00,6.766361524426984
2019-05-28 23:00:00,7.540285725993616
2019-05-29 00:00:00,4.87532059453204
2019-05-29 01:00:00,0.06684917128261228
2019-05-29 02:00:00,5.363760799999998
2019-05-29 03:00:00,16.75621379166666
2019-05-29 04:00:00,0.5453097333333332
2019-05-29 05:00:00,0.0
2019-05-29 06:00:00,0.0
2019-05-29 07:00:00,0.0
2019-05-29 08:00:00,0.0
2019-05-29 09:00:00,0.0
2019-05-29 10:00:00,0.0
2019-05-29 11:00:00,0.0
2019-05-29 12:00:00,0.0
2019-05-29 13:00:00,3.758318286426146
2019-05-29 14:00:00,16.773414333899932
2019-05-29 15:00:00,30.585809919018153
2019-05-29 16:00:00,35.39710407057861
2019-05-29 17:00:00,36.425202334520534
2019-05-29 18:00:00,44.19817735415418
2019-05-29 19:00:00,28.92200340517026
2019-05-29 20:00:00,8.511515783333333
2019-05-29 21:00:00,6.3407249027778025
2019-05-29 22:00:00,6.356021299999995
2019-05-29 23:00:00,4.694186811111109
2019-05-30 00:00:00,4.500840805555551
2019-05-30 01:00:00,1.3124993763888881
2019-05-30 02:00:00,11.243117784021727
2019-05-30 03:00:00,16.574411390304363
2019-05-30 04:00:00,0.3297469297192267
2019-05-30 05:00:00,0.0
2019-05-30 06:00:00,0.9042520527777786
2019-05-30 07:00:00,1.9898871138888863
2019-05-30 08:00:00,0.04067865277777778
2019-05-30 09:00:00,0.0
2019-05-30 10:00:00,0.0
2019-05-30 11:00:00,0.0
2019-05-30 12:00:00,0.0
2019-05-30 13:00:00,3.1306262972222227
2019-05-30 14:00:00,16.15031327331284
2019-05-30 15:00:00,63.435807998702344
2019-05-30 16:00:00,76.47400827475003
2019-05-30 17:00:00,63.10612192406198
2019-05-30 18:00:00,36.27691645902811
2019-05-30 19:00:00,9.117549013888889
2019-05-30 20:00:00,8.407271104377093
2019-05-30 21:00:00,7.705558300976998
2019-05-30 22:00:00,8.526557419354743
2019-05-30 23:00:00,5.560845660909248
2019-05-31 00:00:00,5.9835940012970354
2019-05-31 01:00:00,9.377152354716124
2019-05-31 02:00:00,11.625794601563442
2019-05-31 03:00:00,8.07459731685578
2019-05-31 04:00:00,6.2239702786111115
2019-05-31 05:00:00,0.02032305277777778
2019-05-31 06:00:00,2.469088997499841
2019-05-31 07:00:00,2.9955976105110222
2019-05-31 08:00:00,2.640451899639247
2019-05-31 09:00:00,0.16579996958838922
2019-05-31 10:00:00,0.0
2019-05-31 11:00:00,0.0
2019-05-31 12:00:00,0.0
2019-05-31 13:00:00,5.647161262349407
2019-05-31 14:00:00,28.891025772801587
2019-05-31 15:00:00,65.62861525934355
2019-05-31 16:00:00,75.96227498609244
2019-05-31 17:00:00,53.983325733632256
2019-05-31 18:00:00,35.632161481378255
2019-05-31 19:00:00,19.85120882879053
2019-05-31 20:00:00,13.221052010353457
2019-05-31 21:00:00,7.393549954928248
2019-05-31 22:00:00,2.5635737059573733
2019-05-31 23:00:00,1.5011190512524408
2019-06-01 00:00:00,1.1856582122595933
2019-06-01 01:00:00,3.248375602777783
2019-06-01 02:00:00,3.3425764616666718
2019-06-01 03:00:00,0.4161549000000006
2019-06-01 04:00:00,0.0
2019-06-01 05:00:00,0.1602034611111111
2019-06-01 06:00:00,0.8491975555555555
2019-06-01 07:00:00,6.391327022222228
2019-06-01 08:00:00,2.2830365416666694
2019-06-01 09:00:00,0.35393076666666684
2019-06-01 10:00:00,0.0
2019-06-01 11:00:00,0.0
2019-06-01 12:00:00,0.0
2019-06-01 13:00:00,0.0
2019-06-01 14:00:00,0.0
2019-06-01 15:00:00,0.0
2019-06-01 16:00:00,0.0
2019-06-01 17:00:00,0.0
2019-06-01 18:00:00,0.0
2019-06-01 19:00:00,0.0
2019-06-01 20:00:00,0.42538626388888945
2019-06-01 21:00:00,3.1526768916666588
2019-06-01 22:00:00,4.715362361111117
2019-06-01 23:00:00,12.261586561111114
2019-06-02 00:00:00,14.656535213888903
2019-06-02 01:00:00,10.668098886111117
2019-06-02 02:00:00,3.485165288888887
2019-06-02 03:00:00,19.055756294444457
2019-06-02 04:00:00,7.955789936111117
2019-06-02 05:00:00,0.0
2019-06-02 06:00:00,0.0
2019-06-02 07:00:00,0.0
2019-06-02 08:00:00,0.0
2019-06-02 09:00:00,0.0
2019-06-02 10:00:00,0.0
2019-06-02 11:00:00,0.0
2019-06-02 12:00:00,0.0
2019-06-02 13:00:00,0.0
2019-06-02 14:00:00,0.0
2019-06-02 15:00:00,0.0
2019-06-02 16:00:00,1.6245242583333368
2019-06-02 17:00:00,6.595138772222218
2019-06-02 18:00:00,6.852194274999995
2019-06-02 19:00:00,0.0
2019-06-02 20:00:00,0.0
2019-06-02 21:00:00,1.7828962083333295
2019-06-02 22:00:00,8.917996052777777
2019-06-02 23:00:00,21.72032560833334
2019-06-03 00:00:00,22.738596583298
2019-06-03 01:00:00,5.938648126759171
2019-06-03 02:00:00,8.123823348657552
2019-06-03 03:00:00,4.157681493743877
2019-06-03 04:00:00,4.239204415626418
2019-06-03 05:00:00,3.326319191916025
2019-06-03 06:00:00,3.341366942539904
2019-06-03 07:00:00,3.3446815683681894
2019-06-03 08:00:00,0.8306119778424044
2019-06-03 09:00:00,0.0
2019-06-03 10:00:00,0.0
2019-06-03 11:00:00,0.0
2019-06-03 12:00:00,6.543415480555554
2019-06-03 13:00:00,3.3611329000000016
2019-06-03 14:00:00,19.798607530785162
2019-06-03 15:00:00,42.42616414891231
2019-06-03 16:00:00,64.8439402306222
2019-06-03 17:00:00,52.9460403367024
2019-06-03 18:00:00,34.39383689876653
2019-06-03 19:00:00,29.00664458221158
2019-06-03 20:00:00,27.932264837132063
2019-06-03 21:00:00,11.521760421558808
2019-06-03 22:00:00,13.991584610692064
2019-06-03 23:00:00,7.7481129486857725
2019-06-04 00:00:00,10.87396462535854
2019-06-04 01:00:00,16.024667522898103
2019-06-04 02:00:00,6.076797149993306
2019-06-04 03:00:00,0.4627397000000002
2019-06-04 04:00:00,4.04855000277778
2019-06-04 05:00:00,4.264922841666667
2019-06-04 06:00:00,0.0
2019-06-04 07:00:00,0.0
2019-06-04 08:00:00,0.0
2019-06-04 09:00:00,0.0
2019-06-04 10:00:00,0.0
2019-06-04 11:00:00,8.813564947222224
2019-06-04 12:00:00,0.05911122500000001
2019-06-04 13:00:00,5.808828661822768
2019-06-04 14:00:00,23.532199649867927
2019-06-04 15:00:00,42.51467135448177
2019-06-04 16:00:00,62.98091301400327
2019-06-04 17:00:00,58.32266656155461
2019-06-04 18:00:00,28.90090585354258
2019-06-04 19:00:00,7.047904441891308
2019-06-04 20:00:00,11.779915336344422
2019-06-04 21:00:00,10.786642658827516
2019-06-04 22:00:00,2.821697976884378
2019-06-04 23:00:00,11.630587083333346
2019-06-05 00:00:00,13.638746872222251
2019-06-05 01:00:00,5.338533120606497
2019-06-05 02:00:00,24.093837518193386
2019-06-05 03:00:00,12.22100314672385
2019-06-05 04:00:00,1.7040944777777796
2019-06-05 05:00:00,0.0
2019-06-05 06:00:00,1.1015980015206879
2019-06-05 07:00:00,0.5702023938301976
2019-06-05 08:00:00,0.0
2019-06-05 09:00:00,0.0
2019-06-05 10:00:00,0.0
2019-06-05 11:00:00,4.000434580555559
2019-06-05 12:00:00,3.254799930555556
2019-06-05 13:00:00,2.938485516666667
2019-06-05 14:00:00,14.694157970220376
2019-06-05 15:00:00,54.50373424083529
2019-06-05 16:00:00,60.0266938879817
2019-06-05 17:00:00,58.47913832698221
2019-06-05 18:00:00,30.74448668105454
2019-06-05 19:00:00,32.09797484645644
2019-06-05 20:00:00,23.627145472073764
2019-06-05 21:00:00,13.630934399199106
2019-06-05 22:00:00,21.46208113738921
2019-06-05 23:00:00,20.41716964032056
2019-06-06 00:00:00,21.613237632999486
2019-06-06 01:00:00,27.208897574675376
2019-06-06 02:00:00,29.144046139695206
2019-06-06 03:00:00,27.094199304747686
2019-06-06 04:00:00,19.793220077777796
2019-06-06 05:00:00,8.953573772499999
2019-06-06 06:00:00,4.163596375868051
2019-06-06 07:00:00,2.6103636276697655
2019-06-06 08:00:00,0.0
2019-06-06 09:00:00,0.0
2019-06-06 10:00:00,0.0
2019-06-06 11:00:00,0.0
2019-06-06 12:00:00,2.638837847222223
2019-06-06 13:00:00,11.082929155555552
2019-06-06 14:00:00,11.238010172334741
2019-06-06 15:00:00,43.764325848506914
2019-06-06 16:00:00,53.40911124903272
2019-06-06 17:00:00,38.818516112754125
2019-06-06 18:00:00,29.401314916704756
2019-06-06 19:00:00,18.936034123023187
2019-06-06 20:00:00,12.159133165023892
2019-06-06 21:00:00,5.289847058264369
2019-06-06 22:00:00,2.1170567456690557
2019-06-06 23:00:00,2.8483621564460178
2019-06-07 00:00:00,13.451940132268497
2019-06-07 01:00:00,13.451633583140396
2019-06-07 02:00:00,15.74423411751578
2019-06-07 03:00:00,8.022222256976734
2019-06-07 04:00:00,0.04337569240795441
2019-06-07 05:00:00,0.0
2019-06-07 06:00:00,0.0
2019-06-07 07:00:00,0.0
2019-06-07 08:00:00,0.0
2019-06-07 09:00:00,0.0
2019-06-07 10:00:00,0.0
2019-06-07 11:00:00,0.0
2019-06-07 12:00:00,0.0
2019-06-07 13:00:00,2.7915563222222155
2019-06-07 14:00:00,14.528120119710046
2019-06-07 15:00:00,49.769031696029714
2019-06-07 16:00:00,43.402618893613855
2019-06-07 17:00:00,45.07098287357543
2019-06-07 18:00:00,42.254027502777824
2019-06-07 19:00:00,27.00424715850982
2019-06-07 20:00:00,23.267600838888878
2019-06-07 21:00:00,10.799393843645735
2019-06-07 22:00:00,9.991627112980302
2019-06-07 23:00:00,11.327087088535702
2019-06-08 00:00:00,24.087938968141806
2019-06-08 01:00:00,8.553067394984827
2019-06-08 02:00:00,6.254069515555568
2019-06-08 03:00:00,3.0345256638888833
2019-06-08 04:00:00,0.0
2019-06-08 05:00:00,0.0
2019-06-08 06:00:00,0.0
2019-06-08 07:00:00,0.0
2019-06-08 08:00:00,0.0
2019-06-08 09:00:00,7.478441722222217
2019-06-08 10:00:00,4.804534344444445
2019-06-08 11:00:00,0.0
2019-06-08 12:00:00,0.0
2019-06-08 13:00:00,0.0
2019-06-08 14:00:00,0.0
2019-06-08 15:00:00,2.8401927663888897
2019-06-08 16:00:00,7.275472840555552
2019-06-08 17:00:00,2.4193798736111116
2019-06-08 18:00:00,6.311845505833326
2019-06-08 19:00:00,7.827716416666657
2019-06-08 20:00:00,28.006508634722188
2019-06-08 21:00:00,29.80657070833334
2019-06-08 22:00:00,15.804587791666675
2019-06-08 23:00:00,13.451145422222242
2019-06-09 00:00:00,11.890817147222235
2019-06-09 01:00:00,15.417985033333336
2019-06-09 02:00:00,16.805659149999983
2019-06-09 03:00:00,6.66784323333333
2019-06-09 04:00:00,0.23810215555555536
2019-06-09 05:00:00,0.0
2019-06-09 06:00:00,0.0
2019-06-09 07:00:00,0.0
2019-06-09 08:00:00,0.0
2019-06-09 09:00:00,0.0
2019-06-09 10:00:00,0.0
2019-06-09 11:00:00,0.0
2019-06-09 12:00:00,0.0
2019-06-09 13:00:00,0.0
2019-06-09 14:00:00,0.0
2019-06-09 15:00:00,0.0
2019-06-09 16:00:00,0.0
2019-06-09 17:00:00,0.0
2019-06-09 18:00:00,0.0
2019-06-09 19:00:00,0.0
2019-06-09 20:00:00,0.0
2019-06-09 21:00:00,3.259639977777775
2019-06-09 22:00:00,14.610814688333333
2019-06-09 23:00:00,20.613931052499993
2019-06-10 00:00:00,8.71577122888887
2019-06-10 01:00:00,12.752171284999974
2019-06-10 02:00:00,3.083760381944457
2019-06-10 03:00:00,0.1112355944444444
2019-06-10 04:00:00,1.0794645805555565
2019-06-10 05:00:00,6.715247694444458
2019-06-10 06:00:00,6.966679547222242
2019-06-10 07:00:00,6.922717186111165
2019-06-10 08:00:00,6.920339069444447
2019-06-10 09:00:00,6.926722586111075
2019-06-10 10:00:00,6.9020486638889205
2019-06-10 11:00:00,6.908979850000012
2019-06-10 12:00:00,6.913473155555504
2019-06-10 13:00:00,6.935907561111117
2019-06-10 14:00:00,14.235983675530925
2019-06-10 15:00:00,32.53181051909639
2019-06-10 16:00:00,40.4480705624846
2019-06-10 17:00:00,46.82315098527127
2019-06-10 18:00:00,44.735633875612585
2019-06-10 19:00:00,31.181211603676445
2019-06-10 20:00:00,20.841908936789057
2019-06-10 21:00:00,10.021695351223713
2019-06-10 22:00:00,8.429888455769284
2019-06-10 23:00:00,11.455232336446763
2019-06-11 00:00:00,13.953275773032646
2019-06-11 01:00:00,17.587615825292193
2019-06-11 02:00:00,7.529064511060912
2019-06-11 03:00:00,2.827553855644266
2019-06-11 04:00:00,0.3503153484459356
2019-06-11 05:00:00,0.2239044205486819
2019-06-11 06:00:00,1.3440581818172688
2019-06-11 07:00:00,3.498036667747774
2019-06-11 08:00:00,0.8410359248381156
2019-06-11 09:00:00,0.2237801672631387
2019-06-11 10:00:00,5.133369332287046
2019-06-11 11:00:00,6.564184519025373
2019-06-11 12:00:00,6.623461662334876
2019-06-11 13:00:00,8.941638906151955
2019-06-11 14:00:00,19.3742337590978
2019-06-11 15:00:00,44.34891809838194
2019-06-11 16:00:00,56.89337853643361
2019-06-11 17:00:00,51.77129543971899
2019-06-11 18:00:00,32.36527794877373
2019-06-11 19:00:00,31.88469698813904
2019-06-11 20:00:00,25.123238200572008
2019-06-11 21:00:00,22.148222717252487
2019-06-11 22:00:00,20.557549094094195
2019-06-11 23:00:00,19.191178667469387
2019-06-12 00:00:00,17.48142179948914
2019-06-12 01:00:00,10.903824904468813
2019-06-12 02:00:00,24.10709033390352
2019-06-12 03:00:00,19.132429909573215
2019-06-12 04:00:00,15.637549879992463
2019-06-12 05:00:00,4.528319375000008
2019-06-12 06:00:00,5.241778924731169
2019-06-12 07:00:00,1.6135106940370305
2019-06-12 08:00:00,0.0
2019-06-12 09:00:00,0.0
2019-06-12 10:00:00,0.0
2019-06-12 11:00:00,0.0
2019-06-12 12:00:00,0.0
2019-06-12 13:00:00,2.975920294444443
2019-06-12 14:00:00,9.446149552777785
2019-06-12 15:00:00,28.511316455659625
2019-06-12 16:00:00,59.6630378122591
2019-06-12 17:00:00,42.84526279136507
2019-06-12 18:00:00,27.307231922941902
2019-06-12 19:00:00,12.411801436111116
2019-06-12 20:00:00,23.173640058333334
2019-06-12 21:00:00,23.313634434028465
2019-06-12 22:00:00,5.39021123611111
2019-06-12 23:00:00,0.8137918884625828
2019-06-13 00:00:00,0.5159347156511462
2019-06-13 01:00:00,0.1247207210926196
2019-06-13 02:00:00,7.949911130555559
2019-06-13 03:00:00,2.053852545555556
2019-06-13 04:00:00,6.279951836111114
2019-06-13 05:00:00,0.5784479305555554
2019-06-13 06:00:00,0.0
2019-06-13 07:00:00,0.0
2019-06-13 08:00:00,0.0
2019-06-13 09:00:00,0.0
2019-06-13 10:00:00,0.0
2019-06-13 11:00:00,0.0
2019-06-13 12:00:00,0.0
2019-06-13 13:00:00,4.949716624560505
2019-06-13 14:00:00,17.478834503695953
2019-06-13 15:00:00,29.298688161409256
2019-06-13 16:00:00,44.23520560123835
2019-06-13 17:00:00,33.11487941193461
2019-06-13 18:00:00,15.349783484049537
2019-06-13 19:00:00,6.146687524368784
2019-06-13 20:00:00,5.862637575312036
2019-06-13 21:00:00,5.939665505015041
2019-06-13 22:00:00,2.3289252028664853
2019-06-13 23:00:00,10.87472388064426
2019-06-14 00:00:00,14.051152581649774
2019-06-14 01:00:00,28.54804471527777
2019-06-14 02:00:00,4.140526241666667
2019-06-14 03:00:00,3.7637145555555516
2019-06-14 04:00:00,5.0086098444444564
2019-06-14 05:00:00,0.3997158777777778
2019-06-14 06:00:00,0.0
2019-06-14 07:00:00,0.0
2019-06-14 08:00:00,0.0
2019-06-14 09:00:00,0.0
2019-06-14 10:00:00,0.0
2019-06-14 11:00:00,0.0
2019-06-14 12:00:00,0.0
2019-06-14 13:00:00,4.136802111038129
2019-06-14 14:00:00,25.312209567142965
2019-06-14 15:00:00,50.62846329630159
2019-06-14 16:00:00,63.2678495640348
2019-06-14 17:00:00,49.25524349650122
2019-06-14 18:00:00,53.85430815160312
2019-06-14 19:00:00,43.3540090790317
2019-06-14 20:00:00,39.33181558541064
2019-06-14 21:00:00,22.885626352807293
2019-06-14 22:00:00,17.25227442007593
2019-06-14 23:00:00,15.426575409686102
2019-06-15 00:00:00,7.3796370016656585
2019-06-15 01:00:00,0.8200381154737383
2019-06-15 02:00:00,0.22066700758090652
2019-06-15 03:00:00,0.009039426523297036
2019-06-15 04:00:00,0.32087684722222226
2019-06-15 05:00:00,0.7754791333333332
2019-06-15 06:00:00,10.87833003611111
2019-06-15 07:00:00,5.4369170749999975
2019-06-15 08:00:00,0.0
2019-06-15 09:00:00,0.0
2019-06-15 10:00:00,0.0
2019-06-15 11:00:00,0.0
2019-06-15 12:00:00,0.0
2019-06-15 13:00:00,2.083653048055555
2019-06-15 14:00:00,5.940410745833339
2019-06-15 15:00:00,0.0
2019-06-15 16:00:00,0.6899629638888883
2019-06-15 17:00:00,2.106753455555554
2019-06-15 18:00:00,1.9377620679913685
2019-06-15 19:00:00,8.321406095360974
2019-06-15 20:00:00,9.109538811772833
2019-06-15 21:00:00,3.823723134054245
2019-06-15 22:00:00,19.77505228761907
2019-06-15 23:00:00,30.677412584573833
2019-06-16 00:00:00,26.466908513346
2019-06-16 01:00:00,14.023792122222213
2019-06-16 02:00:00,8.234173519444454
2019-06-16 03:00:00,6.9160008111110916
2019-06-16 04:00:00,6.84533820555551
2019-06-16 05:00:00,2.252219561111112
2019-06-16 06:00:00,0.5671781694444449
2019-06-16 07:00:00,1.819371730204754
2019-06-16 08:00:00,6.729398900834775
2019-06-16 09:00:00,6.711054597587318
2019-06-16 10:00:00,6.687790767893373
2019-06-16 11:00:00,1.1326007776692524
2019-06-16 12:00:00,0.0
2019-06-16 13:00:00,0.4985023742797859
2019-06-16 14:00:00,3.268810253062263
2019-06-16 15:00:00,1.9299942044077838
2019-06-16 16:00:00,0.0
2019-06-16 17:00:00,0.0
2019-06-16 18:00:00,0.45809273611111095
2019-06-16 19:00:00,15.77511684166667
2019-06-16 20:00:00,23.238891977777833
2019-06-16 21:00:00,17.908749511111125
2019-06-16 22:00:00,17.84067537500003
2019-06-16 23:00:00,23.214582136111105
2019-06-17 00:00:00,19.93117770000002
2019-06-17 01:00:00,14.840882158333336
2019-06-17 02:00:00,16.500426273281086
2019-06-17 03:00:00,0.7319215638888912
2019-06-17 04:00:00,0.0
2019-06-17 05:00:00,0.0
2019-06-17 06:00:00,0.0
2019-06-17 07:00:00,0.0
2019-06-17 08:00:00,0.0
2019-06-17 09:00:00,0.0
2019-06-17 10:00:00,0.0
2019-06-17 11:00:00,0.0
2019-06-17 12:00:00,0.0
2019-06-17 13:00:00,2.6627134972222217
2019-06-17 14:00:00,15.855833202561529
2019-06-17 15:00:00,34.4641178249029
2019-06-17 16:00:00,43.41100291442351
2019-06-17 17:00:00,44.60221885047559
2019-06-17 18:00:00,39.349477793342324
2019-06-17 19:00:00,30.533904407040634
2019-06-17 20:00:00,31.7136494275469
2019-06-17 21:00:00,26.476548086861527
2019-06-17 22:00:00,25.463834179231174
2019-06-17 23:00:00,19.295866092857008
2019-06-18 00:00:00,3.84337515771651
2019-06-18 01:00:00,0.0
2019-06-18 02:00:00,0.0
2019-06-18 03:00:00,2.372196449722223
2019-06-18 04:00:00,7.109643489166653
2019-06-18 05:00:00,3.4544676319444463
2019-06-18 06:00:00,0.0
2019-06-18 07:00:00,0.0
2019-06-18 08:00:00,0.0
2019-06-18 09:00:00,0.0
2019-06-18 10:00:00,0.0
2019-06-18 11:00:00,0.0
2019-06-18 12:00:00,0.0
2019-06-18 13:00:00,3.4089889361111094
2019-06-18 14:00:00,22.87426358916775
2019-06-18 15:00:00,45.501082430734
2019-06-18 16:00:00,54.124577258703816
2019-06-18 17:00:00,53.78048362860391
2019-06-18 18:00:00,28.457157383980995
2019-06-18 19:00:00,19.48972433502149
2019-06-18 20:00:00,13.033717161805287
2019-06-18 21:00:00,2.781392257553178
2019-06-18 22:00:00,0.22492572900149096
2019-06-18 23:00:00,0.22367003366913574
2019-06-19 00:00:00,1.5324441835418212
2019-06-19 01:00:00,5.851758061026265
2019-06-19 02:00:00,12.576749655710966
2019-06-19 03:00:00,9.604552548888895
2019-06-19 04:00:00,9.77137201777778
2019-06-19 05:00:00,2.707932769495785
2019-06-19 06:00:00,6.4610587943957425
2019-06-19 07:00:00,3.758127824481145
2019-06-19 08:00:00,0.0
2019-06-19 09:00:00,0.0
2019-06-19 10:00:00,0.0
2019-06-19 11:00:00,0.0
2019-06-19 12:00:00,6.496068277777777
2019-06-19 13:00:00,3.671135276778349
2019-06-19 14:00:00,15.792888406753828
2019-06-19 15:00:00,36.03517910662087
2019-06-19 16:00:00,38.8247270518808
2019-06-19 17:00:00,42.784648428263374
2019-06-19 18:00:00,30.21054975654701
2019-06-19 19:00:00,18.155855986254977
2019-06-19 20:00:00,10.653276421896479
2019-06-19 21:00:00,2.6296388089143994
2019-06-19 22:00:00,6.706742244444449
2019-06-19 23:00:00,6.691944295796702
2019-06-20 00:00:00,7.507186738888894
2019-06-20 01:00:00,10.013863977777772
2019-06-20 02:00:00,8.91720212472222
2019-06-20 03:00:00,13.518930338333355
2019-06-20 04:00:00,11.886305465555557
2019-06-20 05:00:00,10.322717408888888
2019-06-20 06:00:00,3.2412797138888867
2019-06-20 07:00:00,3.2539110277777747
2019-06-20 08:00:00,1.4398024249999983
2019-06-20 09:00:00,0.0
2019-06-20 10:00:00,0.0
2019-06-20 11:00:00,0.0
2019-06-20 12:00:00,0.0
2019-06-20 13:00:00,0.0
2019-06-20 14:00:00,7.43606483761852
2019-06-20 15:00:00,24.888513201668083
2019-06-20 16:00:00,42.11709027999362
2019-06-20 17:00:00,38.475242666234514
2019-06-20 18:00:00,21.508731017421148
2019-06-20 19:00:00,17.158862398949243
2019-06-20 20:00:00,19.276480056680736
2019-06-20 21:00:00,13.260235562087725
2019-06-20 22:00:00,9.707583494533132
2019-06-20 23:00:00,1.9409570445331523
2019-06-21 00:00:00,5.924855031629927
2019-06-21 01:00:00,7.326750762264234
2019-06-21 02:00:00,6.4240766048623765
2019-06-21 03:00:00,11.495768161388899
2019-06-21 04:00:00,16.340276380555547
2019-06-21 05:00:00,7.522241183333334
2019-06-21 06:00:00,3.228889777777777
2019-06-21 07:00:00,2.7557632277777717
2019-06-21 08:00:00,0.0
2019-06-21 09:00:00,0.0
2019-06-21 10:00:00,0.0
2019-06-21 11:00:00,0.0
2019-06-21 12:00:00,0.0
2019-06-21 13:00:00,0.0
2019-06-21 14:00:00,15.554482602157094
2019-06-21 15:00:00,41.826454857220696
2019-06-21 16:00:00,66.13430745879356
2019-06-21 17:00:00,54.653570651514165
2019-06-21 18:00:00,35.99994909789141
2019-06-21 19:00:00,25.968478744737727
2019-06-21 20:00:00,19.068764299939183
2019-06-21 21:00:00,14.805452593525077
2019-06-21 22:00:00,3.280180616565243
2019-06-21 23:00:00,2.674263216899276
2019-06-22 00:00:00,17.00596353064424
2019-06-22 01:00:00,13.336888593906476
2019-06-22 02:00:00,6.8190545611111055
2019-06-22 03:00:00,7.836444521073562
2019-06-22 04:00:00,2.8578341944444494
2019-06-22 05:00:00,0.0
2019-06-22 06:00:00,0.0
2019-06-22 07:00:00,0.0
2019-06-22 08:00:00,0.0
2019-06-22 09:00:00,0.0
2019-06-22 10:00:00,0.0
2019-06-22 11:00:00,0.0
2019-06-22 12:00:00,0.0
2019-06-22 13:00:00,0.0
2019-06-22 14:00:00,5.487400258888891
2019-06-22 15:00:00,2.5779096947222215
2019-06-22 16:00:00,6.7300584802777825
2019-06-22 17:00:00,9.973538987777761
2019-06-22 18:00:00,1.6411602027777774
2019-06-22 19:00:00,0.058950666666666665
2019-06-22 20:00:00,0.446269625
2019-06-22 21:00:00,1.660900254444445
2019-06-22 22:00:00,12.426161872222226
2019-06-22 23:00:00,24.29426776388889
2019-06-23 00:00:00,21.812893899999985
2019-06-23 01:00:00,8.645265472222226
2019-06-23 02:00:00,17.324071686111083
2019-06-23 03:00:00,9.308634475000012
2019-06-23 04:00:00,18.701066261111123
2019-06-23 05:00:00,21.121782025000016
2019-06-23 06:00:00,9.114293627777787
2019-06-23 07:00:00,6.910400488888882
2019-06-23 08:00:00,6.939227344444434
2019-06-23 09:00:00,4.2068697249999945
2019-06-23 10:00:00,0.0
2019-06-23 11:00:00,9.386750194444447
2019-06-23 12:00:00,0.363626515
2019-06-23 13:00:00,0.0
2019-06-23 14:00:00,0.9856644194444443
2019-06-23 15:00:00,9.630592774444445
2019-06-23 16:00:00,7.857950146666694
2019-06-23 17:00:00,9.750458050000002
2019-06-23 18:00:00,11.82491663055556
2019-06-23 19:00:00,8.786296761111116
2019-06-23 20:00:00,6.1785737472222255
2019-06-23 21:00:00,4.673021708333341
2019-06-23 22:00:00,9.57027355833333
2019-06-23 23:00:00,8.24650470277778
2019-06-24 00:00:00,0.5711309361111113
2019-06-24 01:00:00,0.014917666666666666
2019-06-24 02:00:00,2.3536593175251683
2019-06-24 03:00:00,8.133025346482796
2019-06-24 04:00:00,14.821372393276086
2019-06-24 05:00:00,16.77790555277776
2019-06-24 06:00:00,12.144813552777784
2019-06-24 07:00:00,10.927330830555547
2019-06-24 08:00:00,10.930988633333325
2019-06-24 09:00:00,10.955423555555551
2019-06-24 10:00:00,5.7013856111111085
2019-06-24 11:00:00,0.0
2019-06-24 12:00:00,0.0
2019-06-24 13:00:00,3.716392077484975
2019-06-24 14:00:00,20.190409168370408
2019-06-24 15:00:00,47.60618615028871
2019-06-24 16:00:00,68.24581415966966
2019-06-24 17:00:00,83.98669940018411
2019-06-24 18:00:00,72.6929109607813
2019-06-24 19:00:00,47.9651936882571
2019-06-24 20:00:00,38.976010415719145
2019-06-24 21:00:00,23.88909532705452
2019-06-24 22:00:00,13.971024174249665
2019-06-24 23:00:00,16.63695163330799
2019-06-25 00:00:00,7.747311912334818
2019-06-25 01:00:00,6.970281376582927
2019-06-25 02:00:00,10.200678613055548
2019-06-25 03:00:00,7.648014900000009
2019-06-25 04:00:00,3.6518150722222207
2019-06-25 05:00:00,3.2709758277777783
2019-06-25 06:00:00,3.2691509472222173
2019-06-25 07:00:00,3.2686226722222282
2019-06-25 08:00:00,1.2200336555555575
2019-06-25 09:00:00,0.0
2019-06-25 10:00:00,0.0
2019-06-25 11:00:00,0.051776877777777786
2019-06-25 12:00:00,10.13108684166668
2019-06-25 13:00:00,3.404302058333329
2019-06-25 14:00:00,6.445917765072789
2019-06-25 15:00:00,35.871957216037586
2019-06-25 16:00:00,50.15258118163824
2019-06-25 17:00:00,60.87243757023536
2019-06-25 18:00:00,32.1749373674505
2019-06-25 19:00:00,11.311479597764595
2019-06-25 20:00:00,3.929933883978665
2019-06-25 21:00:00,1.8743127491732725
2019-06-25 22:00:00,4.044116348677632
2019-06-25 23:00:00,3.4999148853557642
2019-06-26 00:00:00,2.364141557469637
2019-06-26 01:00:00,7.661593552777772
2019-06-26 02:00:00,13.76068086388891
2019-06-26 03:00:00,8.238770319444445
2019-06-26 04:00:00,3.5408127583333395
2019-06-26 05:00:00,4.842855897222218
2019-06-26 06:00:00,0.0
2019-06-26 07:00:00,0.0
2019-06-26 08:00:00,0.0
2019-06-26 09:00:00,0.0
2019-06-26 10:00:00,0.0
2019-06-26 11:00:00,0.0
2019-06-26 12:00:00,0.0
2019-06-26 13:00:00,3.6170425835805546
2019-06-26 14:00:00,13.05086061486688
2019-06-26 15:00:00,27.828276471857382
2019-06-26 16:00:00,62.518706310301766
2019-06-26 17:00:00,52.00436376750949
2019-06-26 18:00:00,36.747859268957875
2019-06-26 19:00:00,28.017114163536277
2019-06-26 20:00:00,25.662052611949065
2019-06-26 21:00:00,27.706272344685452
2019-06-26 22:00:00,21.26323818053455
2019-06-26 23:00:00,8.026758789546703
2019-06-27 00:00:00,3.8757557432714127
2019-06-27 01:00:00,4.624348928140813
2019-06-27 02:00:00,16.964999672777765
2019-06-27 03:00:00,23.042087472716243
2019-06-27 04:00:00,16.779451744141113
2019-06-27 05:00:00,8.81911937922885
2019-06-27 06:00:00,7.187933228333335
2019-06-27 07:00:00,0.5955658505555557
2019-06-27 08:00:00,0.0
2019-06-27 09:00:00,0.0
2019-06-27 10:00:00,0.0
2019-06-27 11:00:00,0.0
2019-06-27 12:00:00,0.0
2019-06-27 13:00:00,5.292933334166667
2019-06-27 14:00:00,10.692420819684422
2019-06-27 15:00:00,22.41426774606706
2019-06-27 16:00:00,54.8577665181358
2019-06-27 17:00:00,50.37821693447502
2019-06-27 18:00:00,31.318346130031298
2019-06-27 19:00:00,14.934091601906141
2019-06-27 20:00:00,4.19625431489351
2019-06-27 21:00:00,5.344795328779687
2019-06-27 22:00:00,0.3021692427907936
2019-06-27 23:00:00,2.490034473660993
2019-06-28 00:00:00,1.7599086260450352
2019-06-28 01:00:00,7.749655532158979
2019-06-28 02:00:00,8.824332268047911
2019-06-28 03:00:00,3.4855274833333345
2019-06-28 04:00:00,6.151788431388894
2019-06-28 05:00:00,9.573136271111117
2019-06-28 06:00:00,7.306721295555558
2019-06-28 07:00:00,7.318798620833341
2019-06-28 08:00:00,2.1627890630555564
2019-06-28 09:00:00,0.0
2019-06-28 10:00:00,0.0
2019-06-28 11:00:00,0.0
2019-06-28 12:00:00,0.1436066222222222
2019-06-28 13:00:00,4.604107010188114
2019-06-28 14:00:00,16.003984606442675
2019-06-28 15:00:00,37.869167624162536
2019-06-28 16:00:00,60.384336596108746
2019-06-28 17:00:00,61.89460720058821
2019-06-28 18:00:00,33.36746226959983
2019-06-28 19:00:00,19.91642778257291
2019-06-28 20:00:00,18.32109745745355
2019-06-28 21:00:00,10.292654020459928
2019-06-28 22:00:00,13.676249056162748
2019-06-28 23:00:00,0.6447987964265569
2019-06-29 00:00:00,3.954748240154263
2019-06-29 01:00:00,13.707203635262818
2019-06-29 02:00:00,18.45903526511372
2019-06-29 03:00:00,13.302269804133735
2019-06-29 04:00:00,7.355062232326903
2019-06-29 05:00:00,1.0428965116666669
2019-06-29 06:00:00,0.0
2019-06-29 07:00:00,0.0
2019-06-29 08:00:00,0.0
2019-06-29 09:00:00,0.0
2019-06-29 10:00:00,0.0
2019-06-29 11:00:00,0.0
2019-06-29 12:00:00,0.0
2019-06-29 13:00:00,0.0
2019-06-29 14:00:00,0.0
2019-06-29 15:00:00,1.942513566666659
2019-06-29 16:00:00,5.549077455555557
2019-06-29 17:00:00,11.018353813888883
2019-06-29 18:00:00,14.982014483333343
2019-06-29 19:00:00,6.609825055555557
2019-06-29 20:00:00,3.4560130250000025
2019-06-29 21:00:00,3.768832400000003
2019-06-29 22:00:00,7.99063314722222
2019-06-29 23:00:00,11.199096213888899
2019-06-30 00:00:00,11.38793826666667
2019-06-30 01:00:00,0.0
2019-06-30 02:00:00,1.8253165324807563
2019-06-30 03:00:00,11.336376260106704
2019-06-30 04:00:00,10.912774791257739
2019-06-30 05:00:00,7.861077087567128
2019-06-30 06:00:00,5.321723940479366
2019-06-30 07:00:00,0.0
2019-06-30 08:00:00,0.0
2019-06-30 09:00:00,2.1533756277777782
2019-06-30 10:00:00,3.279415272222217
2019-06-30 11:00:00,3.2718654361111095
2019-06-30 12:00:00,3.273049705555559
2019-06-30 13:00:00,0.08422436666666672
2019-06-30 14:00:00,0.0
2019-06-30 15:00:00,0.0
2019-06-30 16:00:00,1.4245140583333342
2019-06-30 17:00:00,2.9624717194444408
2019-06-30 18:00:00,3.1553791861111082
2019-06-30 19:00:00,0.27631644444444453
2019-06-30 20:00:00,17.597549858333334
2019-06-30 21:00:00,16.180848447222232
2019-06-30 22:00:00,0.9803744361111123
2019-06-30 23:00:00,0.5828144694444439
2019-07-01 00:00:00,17.6553935388889
2019-07-01 01:00:00,10.06239101571358
2019-07-01 02:00:00,12.706457514844688
2019-07-01 03:00:00,9.122358170148363
2019-07-01 04:00:00,3.2340616794884305
2019-07-01 05:00:00,0.9384445888888888
2019-07-01 06:00:00,0.0
2019-07-01 07:00:00,0.0
2019-07-01 08:00:00,0.0
2019-07-01 09:00:00,0.0
2019-07-01 10:00:00,0.0
2019-07-01 11:00:00,0.0
2019-07-01 12:00:00,0.0
2019-07-01 13:00:00,8.429259262955448
2019-07-01 14:00:00,16.00547559393559
2019-07-01 15:00:00,30.885556424745097
2019-07-01 16:00:00,57.12558704595977
2019-07-01 17:00:00,31.96102605902031
2019-07-01 18:00:00,30.370836138313244
2019-07-01 19:00:00,31.437189011559976
2019-07-01 20:00:00,14.814979944722264
2019-07-01 21:00:00,8.053874716666666
2019-07-01 22:00:00,6.383543402777774
2019-07-01 23:00:00,4.899775061589873
2019-07-02 00:00:00,11.801253357255275
2019-07-02 01:00:00,16.323563724943956
2019-07-02 02:00:00,15.569315556966991
2019-07-02 03:00:00,8.245358204749143
2019-07-02 04:00:00,1.9741362944444432
2019-07-02 05:00:00,7.680062977777785
2019-07-02 06:00:00,10.040417855555523
2019-07-02 07:00:00,9.727712638888942
2019-07-02 08:00:00,7.065530752777774
2019-07-02 09:00:00,6.444673588888972
2019-07-02 10:00:00,6.470682594444436
2019-07-02 11:00:00,10.556464061388947
2019-07-02 12:00:00,6.403439019444438
2019-07-02 13:00:00,3.9567306305555574
2019-07-02 14:00:00,13.562638849279857
2019-07-02 15:00:00,37.479788578803635
2019-07-02 16:00:00,52.10846146704401
2019-07-02 17:00:00,58.34662247551816
2019-07-02 18:00:00,33.52478656167041
2019-07-02 19:00:00,15.154975468743668
2019-07-02 20:00:00,11.03587828808089
2019-07-02 21:00:00,11.85410865517484
2019-07-02 22:00:00,8.412803255862338
2019-07-02 23:00:00,8.479793398505594
2019-07-03 00:00:00,7.187413092554394
2019-07-03 01:00:00,6.748452244444433
2019-07-03 02:00:00,5.8303605305555575
2019-07-03 03:00:00,12.7660134
2019-07-03 04:00:00,3.196442911111118
2019-07-03 05:00:00,0.2319021444444444
2019-07-03 06:00:00,0.0
2019-07-03 07:00:00,0.0
2019-07-03 08:00:00,0.0
2019-07-03 09:00:00,0.0
2019-07-03 10:00:00,0.0
2019-07-03 11:00:00,0.0
2019-07-03 12:00:00,0.0
2019-07-03 13:00:00,0.8241164679056955
2019-07-03 14:00:00,16.23864867451746
2019-07-03 15:00:00,44.395459976674395
2019-07-03 16:00:00,51.28759040084098
2019-07-03 17:00:00,55.71648841069102
2019-07-03 18:00:00,45.40448258890183
2019-07-03 19:00:00,20.96731531606931
2019-07-03 20:00:00,16.15396748467577
2019-07-03 21:00:00,17.19803138330256
2019-07-03 22:00:00,23.146609694689364
2019-07-03 23:00:00,26.539836555433006
2019-07-04 00:00:00,16.193482282532667
2019-07-04 01:00:00,16.409670286734695
2019-07-04 02:00:00,38.484878713264486
2019-07-04 03:00:00,23.251447970497132
2019-07-04 04:00:00,12.73090724994856
2019-07-04 05:00:00,10.684585888888883
2019-07-04 06:00:00,8.128846972222224
2019-07-04 07:00:00,0.0
2019-07-04 08:00:00,0.0
2019-07-04 09:00:00,0.0
2019-07-04 10:00:00,4.588498536111112
2019-07-04 11:00:00,6.856688824999988
2019-07-04 12:00:00,2.8763851555555546
2019-07-04 13:00:00,0.0
2019-07-04 14:00:00,0.0
2019-07-04 15:00:00,0.0
2019-07-04 16:00:00,0.9053008555555557
2019-07-04 17:00:00,3.213217572222223
2019-07-04 18:00:00,1.7219734250000038
2019-07-04 19:00:00,10.065680638888907
2019-07-04 20:00:00,4.308504802777783
2019-07-04 21:00:00,3.063937536111118
2019-07-04 22:00:00,3.6405943078272953
2019-07-04 23:00:00,6.060723842332201
2019-07-05 00:00:00,1.4895240027777792
2019-07-05 01:00:00,0.099258725
2019-07-05 02:00:00,6.262031100000003
2019-07-05 03:00:00,5.423646236111116
2019-07-05 04:00:00,1.2078227083333335
2019-07-05 05:00:00,12.702196183618021
2019-07-05 06:00:00,11.07495639999999
2019-07-05 07:00:00,11.018738216666664
2019-07-05 08:00:00,7.225858202777769
2019-07-05 09:00:00,0.0
2019-07-05 10:00:00,0.0
2019-07-05 11:00:00,0.0
2019-07-05 12:00:00,0.0
2019-07-05 13:00:00,0.0
2019-07-05 14:00:00,0.0
2019-07-05 15:00:00,2.996637211111109
2019-07-05 16:00:00,0.019924977777777776
2019-07-05 17:00:00,0.0
2019-07-05 18:00:00,0.0
2019-07-05 19:00:00,0.0
2019-07-05 20:00:00,0.0
2019-07-05 21:00:00,0.0
2019-07-05 22:00:00,0.0
2019-07-05 23:00:00,1.3939289749999972
2019-07-06 00:00:00,0.2094140166666666
2019-07-06 01:00:00,1.5210593722222234
2019-07-06 02:00:00,3.212184791666668
2019-07-06 03:00:00,3.8834640972222276
2019-07-06 04:00:00,6.84110203333335
2019-07-06 05:00:00,6.694915930555568
2019-07-06 06:00:00,6.5126175638888855
2019-07-06 07:00:00,6.781930338888873
2019-07-06 08:00:00,5.275685394444441
2019-07-06 09:00:00,0.15649903333333343
2019-07-06 10:00:00,0.0
2019-07-06 11:00:00,0.0
2019-07-06 12:00:00,0.0
2019-07-06 13:00:00,0.0
2019-07-06 14:00:00,0.0
2019-07-06 15:00:00,0.11251020833333335
2019-07-06 16:00:00,3.231419238888885
2019-07-06 17:00:00,1.9565428666666687
2019-07-06 18:00:00,0.0
2019-07-06 19:00:00,5.709002977777776
2019-07-06 20:00:00,3.156331450000007
2019-07-06 21:00:00,26.43161547430649
2019-07-06 22:00:00,23.599665449153296
2019-07-06 23:00:00,14.247864488888878
2019-07-07 00:00:00,9.237699194444447
2019-07-07 01:00:00,7.528126627777773
2019-07-07 02:00:00,12.620003375000008
2019-07-07 03:00:00,25.649745443611117
2019-07-07 04:00:00,16.607314985833327
2019-07-07 05:00:00,14.110515082499957
2019-07-07 06:00:00,11.00218459527778
2019-07-07 07:00:00,1.118411855555554
2019-07-07 08:00:00,6.572648019444461
2019-07-07 09:00:00,6.720338238888912
2019-07-07 10:00:00,6.719871086111118
2019-07-07 11:00:00,6.920480577777787
2019-07-07 12:00:00,6.863397597222205
2019-07-07 13:00:00,3.4164375305555588
2019-07-07 14:00:00,0.0
2019-07-07 15:00:00,0.0
2019-07-07 16:00:00,1.7675413083333353
2019-07-07 17:00:00,8.554057911111105
2019-07-07 18:00:00,10.313992694444444
2019-07-07 19:00:00,20.215498508333337
2019-07-07 20:00:00,17.44821009444445
2019-07-07 21:00:00,10.746519338888895
2019-07-07 22:00:00,3.007556825000009
2019-07-07 23:00:00,6.006396588888883
2019-07-08 00:00:00,5.818385416666675
2019-07-08 01:00:00,9.270167686111108
2019-07-08 02:00:00,8.047303241666672
2019-07-08 03:00:00,14.803582430555567
2019-07-08 04:00:00,3.731757888888894
2019-07-08 05:00:00,0.0
2019-07-08 06:00:00,8.04925824818318
2019-07-08 07:00:00,6.788010421137971
2019-07-08 08:00:00,0.0
2019-07-08 09:00:00,0.0
2019-07-08 10:00:00,0.0
2019-07-08 11:00:00,0.0
2019-07-08 12:00:00,0.0
2019-07-08 13:00:00,0.0
2019-07-08 14:00:00,13.389330286109333
2019-07-08 15:00:00,32.65019852628329
2019-07-08 16:00:00,57.40613546852471
2019-07-08 17:00:00,66.84982716515475
2019-07-08 18:00:00,65.79761346070178
2019-07-08 19:00:00,54.01070329149347
2019-07-08 20:00:00,14.141802355104844
2019-07-08 21:00:00,17.841796882141285
2019-07-08 22:00:00,16.693854020321485
2019-07-08 23:00:00,14.997225423957204
2019-07-09 00:00:00,15.567645878559262
2019-07-09 01:00:00,19.01098786101227
2019-07-09 02:00:00,24.67446311555556
2019-07-09 03:00:00,24.30164002305554
2019-07-09 04:00:00,19.072195213888897
2019-07-09 05:00:00,4.475213680555549
2019-07-09 06:00:00,0.0
2019-07-09 07:00:00,0.0
2019-07-09 08:00:00,0.0
2019-07-09 09:00:00,0.0
2019-07-09 10:00:00,0.0
2019-07-09 11:00:00,3.605342933333334
2019-07-09 12:00:00,0.0
2019-07-09 13:00:00,6.239802800793216
2019-07-09 14:00:00,19.477566915129472
2019-07-09 15:00:00,33.412708486546265
2019-07-09 16:00:00,49.37643455682671
2019-07-09 17:00:00,40.17292432029402
2019-07-09 18:00:00,29.69638600688677
2019-07-09 19:00:00,16.693287349999984
2019-07-09 20:00:00,4.772288994444443
2019-07-09 21:00:00,0.23658871666666645
2019-07-09 22:00:00,0.23774726944444424
2019-07-09 23:00:00,0.2430385444444444
2019-07-10 00:00:00,2.4012735833333343
2019-07-10 01:00:00,9.206607730277772
2019-07-10 02:00:00,10.539869772777786
2019-07-10 03:00:00,10.345287882777775
2019-07-10 04:00:00,1.0964163997222223
2019-07-10 05:00:00,0.0
2019-07-10 06:00:00,0.0
2019-07-10 07:00:00,0.0
2019-07-10 08:00:00,0.0
2019-07-10 09:00:00,0.0
2019-07-10 10:00:00,0.0
2019-07-10 11:00:00,0.0
2019-07-10 12:00:00,0.0
2019-07-10 13:00:00,1.5669021388888895
2019-07-10 14:00:00,16.64132808184751
2019-07-10 15:00:00,37.57648868657141
2019-07-10 16:00:00,39.19463803948394
2019-07-10 17:00:00,42.52806458611115
2019-07-10 18:00:00,32.4779568250001
2019-07-10 19:00:00,19.761909788888865
2019-07-10 20:00:00,15.40112349270056
2019-07-10 21:00:00,3.581521921614071
2019-07-10 22:00:00,0.24280858888888873
2019-07-10 23:00:00,0.5961513638888888
2019-07-11 00:00:00,3.7239379250000018
2019-07-11 01:00:00,15.707420755555539
2019-07-11 02:00:00,21.03923628333332
2019-07-11 03:00:00,15.531334572222223
2019-07-11 04:00:00,14.032852191666668
2019-07-11 05:00:00,12.829395766666666
2019-07-11 06:00:00,6.018000186111111
2019-07-11 07:00:00,0.0
2019-07-11 08:00:00,0.0
2019-07-11 09:00:00,0.0
2019-07-11 10:00:00,0.0
2019-07-11 11:00:00,0.0
2019-07-11 12:00:00,0.0
2019-07-11 13:00:00,3.4560435388888893
2019-07-11 14:00:00,8.901847628038297
2019-07-11 15:00:00,23.164434330966994
2019-07-11 16:00:00,42.58155979421009
2019-07-11 17:00:00,40.90855374840281
2019-07-11 18:00:00,31.030573700317003
2019-07-11 19:00:00,17.5320760493811
2019-07-11 20:00:00,9.021596876132223
2019-07-11 21:00:00,13.187000804132706
2019-07-11 22:00:00,10.331503034275507
2019-07-11 23:00:00,4.4080913474720145
2019-07-12 00:00:00,0.03168233902465261
2019-07-12 01:00:00,6.065479708916715
2019-07-12 02:00:00,6.24474783099757
2019-07-12 03:00:00,0.23054909475400578
2019-07-12 04:00:00,6.363899241666698
2019-07-12 05:00:00,6.42879431666662
2019-07-12 06:00:00,0.30945200000000017
2019-07-12 07:00:00,0.0
2019-07-12 08:00:00,0.0
2019-07-12 09:00:00,0.0
2019-07-12 10:00:00,0.0
2019-07-12 11:00:00,0.7719509861111112
2019-07-12 12:00:00,6.163097291666666
2019-07-12 13:00:00,8.022787648981977
2019-07-12 14:00:00,21.231337789962815
2019-07-12 15:00:00,44.801791505076075
2019-07-12 16:00:00,49.76368030754945
2019-07-12 17:00:00,61.67945244181985
2019-07-12 18:00:00,43.15701298329586
2019-07-12 19:00:00,24.374429631853815
2019-07-12 20:00:00,19.276930169241552
2019-07-12 21:00:00,12.535272703888873
2019-07-12 22:00:00,7.436989332171175
2019-07-12 23:00:00,7.014252711111118
2019-07-13 00:00:00,12.556554597222226
2019-07-13 01:00:00,7.581314633333335
2019-07-13 02:00:00,6.957620588888893
2019-07-13 03:00:00,15.068322072222237
2019-07-13 04:00:00,19.191068851634
2019-07-13 05:00:00,16.711617147222235
2019-07-13 06:00:00,7.959754909201768
2019-07-13 07:00:00,3.5102014333333322
2019-07-13 08:00:00,3.889094802777784
2019-07-13 09:00:00,0.3423986444444445
2019-07-13 10:00:00,0.0
2019-07-13 11:00:00,0.0
2019-07-13 12:00:00,0.0
2019-07-13 13:00:00,0.0
2019-07-13 14:00:00,2.5227585671286663
2019-07-13 15:00:00,12.910390412199268
2019-07-13 16:00:00,10.613685436111119
2019-07-13 17:00:00,5.46588763055556
2019-07-13 18:00:00,3.305802986111111
2019-07-13 19:00:00,3.0464120834530757
2019-07-13 20:00:00,11.793756977174553
2019-07-13 21:00:00,7.184124035857029
2019-07-13 22:00:00,23.32385811502349
2019-07-13 23:00:00,33.447166450000005
2019-07-14 00:00:00,41.15229588611112
2019-07-14 01:00:00,26.38002336666668
2019-07-14 02:00:00,18.207518663888887
2019-07-14 03:00:00,15.859904409117298
2019-07-14 04:00:00,16.893843015557252
2019-07-14 05:00:00,23.164742869601042
2019-07-14 06:00:00,16.557277738812846
2019-07-14 07:00:00,18.458910041666684
2019-07-14 08:00:00,19.49557830555559
2019-07-14 09:00:00,14.968109799999995
2019-07-14 10:00:00,6.849147711111108
2019-07-14 11:00:00,5.825197194444435
2019-07-14 12:00:00,0.3150561611111109
2019-07-14 13:00:00,0.0
2019-07-14 14:00:00,0.0
2019-07-14 15:00:00,0.0
2019-07-14 16:00:00,0.0
2019-07-14 17:00:00,0.0
2019-07-14 18:00:00,1.209494538888887
2019-07-14 19:00:00,7.392069101427727
2019-07-14 20:00:00,10.065524977077285
2019-07-14 21:00:00,9.589875991766709
2019-07-14 22:00:00,4.458332166156083
2019-07-14 23:00:00,1.8056743861111104
2019-07-15 00:00:00,15.445431368146398
2019-07-15 01:00:00,10.542537445242711
2019-07-15 02:00:00,16.266332093859802
2019-07-15 03:00:00,27.976802511372284
2019-07-15 04:00:00,5.354280788888885
2019-07-15 05:00:00,0.07686773
2019-07-15 06:00:00,7.7467952483846565
2019-07-15 07:00:00,8.272268370836036
2019-07-15 08:00:00,7.340309483888894
2019-07-15 09:00:00,4.674557571944448
2019-07-15 10:00:00,0.0
2019-07-15 11:00:00,0.0
2019-07-15 12:00:00,0.0
2019-07-15 13:00:00,1.712569339048947
2019-07-15 14:00:00,15.697474477629466
2019-07-15 15:00:00,38.5800283992171
2019-07-15 16:00:00,72.45864033596435
2019-07-15 17:00:00,70.49433726248934
2019-07-15 18:00:00,52.06323147133787
2019-07-15 19:00:00,38.646427088728004
2019-07-15 20:00:00,31.47136631969858
2019-07-15 21:00:00,12.056087781535775
2019-07-15 22:00:00,3.950430492367213
2019-07-15 23:00:00,1.0905183394373692
2019-07-16 00:00:00,1.084093898941024
2019-07-16 01:00:00,18.01338186666667
2019-07-16 02:00:00,14.051775075000014
2019-07-16 03:00:00,9.487694108333335
2019-07-16 04:00:00,8.163067208333327
2019-07-16 05:00:00,11.48294542499998
2019-07-16 06:00:00,8.28886266111113
2019-07-16 07:00:00,1.159753886111106
2019-07-16 08:00:00,0.0
2019-07-16 09:00:00,0.0
2019-07-16 10:00:00,0.0
2019-07-16 11:00:00,0.4947453916666667
2019-07-16 12:00:00,3.58306322777778
2019-07-16 13:00:00,0.43510003888888893
2019-07-16 14:00:00,0.8935756444444447
2019-07-16 15:00:00,6.520121305555556
2019-07-16 16:00:00,24.950738288888978
2019-07-16 17:00:00,31.549282314062594
2019-07-16 18:00:00,24.55081514660929
2019-07-16 19:00:00,28.963962070167383
2019-07-16 20:00:00,19.707894609726246
2019-07-16 21:00:00,7.550370738606455
2019-07-16 22:00:00,3.9080252882181945
2019-07-16 23:00:00,3.8494896662512215
2019-07-17 00:00:00,7.456727827777781
2019-07-17 01:00:00,7.778627880555561
2019-07-17 02:00:00,6.692453541666669
2019-07-17 03:00:00,6.685079963888891
2019-07-17 04:00:00,4.606929836111112
2019-07-17 05:00:00,0.4029712666666664
2019-07-17 06:00:00,0.0
2019-07-17 07:00:00,0.0
2019-07-17 08:00:00,0.0
2019-07-17 09:00:00,0.0
2019-07-17 10:00:00,0.0
2019-07-17 11:00:00,0.0
2019-07-17 12:00:00,0.0
2019-07-17 13:00:00,0.0
2019-07-17 14:00:00,0.0
2019-07-17 15:00:00,6.014081036111112
2019-07-17 16:00:00,35.849431936111095
2019-07-17 17:00:00,39.667533177777706
2019-07-17 18:00:00,36.38503021388883
2019-07-17 19:00:00,24.22694722500001
2019-07-17 20:00:00,11.262940313888892
2019-07-17 21:00:00,10.203183619444445
2019-07-17 22:00:00,1.009865941666667
2019-07-17 23:00:00,6.2224988535403325
2019-07-18 00:00:00,0.8416652147141547
2019-07-18 01:00:00,0.8221339833333334
2019-07-18 02:00:00,5.678556377777785
2019-07-18 03:00:00,0.4074778777777779
2019-07-18 04:00:00,2.372265958333333
2019-07-18 05:00:00,5.284909094444449
2019-07-18 06:00:00,4.457296275000001
2019-07-18 07:00:00,3.5723555944444434
2019-07-18 08:00:00,2.944672666666667
2019-07-18 09:00:00,0.0
2019-07-18 10:00:00,0.0
2019-07-18 11:00:00,0.0
2019-07-18 12:00:00,0.0
2019-07-18 13:00:00,0.00412235
2019-07-18 14:00:00,1.4893402888888891
2019-07-18 15:00:00,7.484915166674786
2019-07-18 16:00:00,47.265897757419815
2019-07-18 17:00:00,50.13408887061173
2019-07-18 18:00:00,41.71455121473599
2019-07-18 19:00:00,24.9912971069105
2019-07-18 20:00:00,14.721211541612362
2019-07-18 21:00:00,14.920607622368847
2019-07-18 22:00:00,7.763688396728004
2019-07-18 23:00:00,0.7015088024627929
2019-07-19 00:00:00,1.0032726268084007
2019-07-19 01:00:00,0.9144045990876478
2019-07-19 02:00:00,6.32873869444445
2019-07-19 03:00:00,2.2552046194444437
2019-07-19 04:00:00,3.541643788888884
2019-07-19 05:00:00,3.549159127777777
2019-07-19 06:00:00,3.5577577499999937
2019-07-19 07:00:00,3.528595769444446
2019-07-19 08:00:00,0.36154109444444477
2019-07-19 09:00:00,0.0
2019-07-19 10:00:00,0.0
2019-07-19 11:00:00,0.0
2019-07-19 12:00:00,0.0
2019-07-19 13:00:00,0.0
2019-07-19 14:00:00,0.0
2019-07-19 15:00:00,8.807211091666668
2019-07-19 16:00:00,26.177926291666633
2019-07-19 17:00:00,34.583327880555544
2019-07-19 18:00:00,35.43565461388896
2019-07-19 19:00:00,32.23142506388888
2019-07-19 20:00:00,24.76636666944442
2019-07-19 21:00:00,8.532449438888897
2019-07-19 22:00:00,6.450109133333327
2019-07-19 23:00:00,8.547217324999986
2019-07-20 00:00:00,2.6984240444444443
2019-07-20 01:00:00,2.129808013888888
2019-07-20 02:00:00,6.094734538888888
2019-07-20 03:00:00,1.7222630555555565
2019-07-20 04:00:00,0.46183561944444457
2019-07-20 05:00:00,0.0
2019-07-20 06:00:00,0.0
2019-07-20 07:00:00,0.0
2019-07-20 08:00:00,0.0
2019-07-20 09:00:00,0.0
2019-07-20 10:00:00,0.0
2019-07-20 11:00:00,0.0
2019-07-20 12:00:00,0.0
2019-07-20 13:00:00,0.0
2019-07-20 14:00:00,0.11220940555555553
2019-07-20 15:00:00,6.560277475000007
2019-07-20 16:00:00,9.020483144444459
2019-07-20 17:00:00,7.0508781250000006
2019-07-20 18:00:00,3.879541802777777
2019-07-20 19:00:00,3.365997530555557
2019-07-20 20:00:00,1.0893406694444443
2019-07-20 21:00:00,0.0
2019-07-20 22:00:00,2.2386571111111033
2019-07-20 23:00:00,0.5717813777777777
2019-07-21 00:00:00,0.0
2019-07-21 01:00:00,2.1419329666666607
2019-07-21 02:00:00,1.0140170750000017
2019-07-21 03:00:00,2.4504701527777772
2019-07-21 04:00:00,9.982805288888887
2019-07-21 05:00:00,10.051426252777782
2019-07-21 06:00:00,3.6554645611111125
2019-07-21 07:00:00,0.0
2019-07-21 08:00:00,0.0
2019-07-21 09:00:00,0.0
2019-07-21 10:00:00,0.0
2019-07-21 11:00:00,0.0
2019-07-21 12:00:00,0.0
2019-07-21 13:00:00,0.0
2019-07-21 14:00:00,0.0
2019-07-21 15:00:00,0.0
2019-07-21 16:00:00,2.7982866000000035
2019-07-21 17:00:00,6.276022758333331
2019-07-21 18:00:00,4.962735299999996
2019-07-21 19:00:00,5.5496639833333345
2019-07-21 20:00:00,3.214929577777781
2019-07-21 21:00:00,3.171710088888893
2019-07-21 22:00:00,6.667826613888897
2019-07-21 23:00:00,2.49243390555555
2019-07-22 00:00:00,0.0
2019-07-22 01:00:00,4.992962774999999
2019-07-22 02:00:00,2.686821227777777
2019-07-22 03:00:00,0.9374618583333328
2019-07-22 04:00:00,7.3315024527777855
2019-07-22 05:00:00,3.4121978444444463
2019-07-22 06:00:00,1.4609588472222226
2019-07-22 07:00:00,6.844529230555552
2019-07-22 08:00:00,6.694753399999971
2019-07-22 09:00:00,6.366634466666659
2019-07-22 10:00:00,6.7007857888888775
2019-07-22 11:00:00,6.644115827777762
2019-07-22 12:00:00,6.722967491666636
2019-07-22 13:00:00,6.924013197222203
2019-07-22 14:00:00,3.2104051583333355
2019-07-22 15:00:00,10.897565966666615
2019-07-22 16:00:00,32.53776338333334
2019-07-22 17:00:00,36.60766694166658
2019-07-22 18:00:00,33.28006391944443
2019-07-22 19:00:00,23.049156886111085
2019-07-22 20:00:00,25.389967667877762
2019-07-22 21:00:00,20.2244100386386
2019-07-22 22:00:00,21.18069054166667
2019-07-22 23:00:00,20.373949366666622
2019-07-23 00:00:00,15.25352670277778
2019-07-23 01:00:00,14.999804680555517
2019-07-23 02:00:00,8.01206478888889
2019-07-23 03:00:00,6.684648472222227
2019-07-23 04:00:00,1.9375298638888894
2019-07-23 05:00:00,0.7656533083333331
2019-07-23 06:00:00,0.0
2019-07-23 07:00:00,0.0
2019-07-23 08:00:00,0.0
2019-07-23 09:00:00,0.0
2019-07-23 10:00:00,0.0
2019-07-23 11:00:00,0.0
2019-07-23 12:00:00,0.0
2019-07-23 13:00:00,0.0
2019-07-23 14:00:00,2.0783005750000005
2019-07-23 15:00:00,23.271538105555553
2019-07-23 16:00:00,45.828725739429345
2019-07-23 17:00:00,34.396730039106124
2019-07-23 18:00:00,21.117597438340145
2019-07-23 19:00:00,5.658856428261101
2019-07-23 20:00:00,5.840745241867577
2019-07-23 21:00:00,7.407635810703793
2019-07-23 22:00:00,2.562126146231102
2019-07-23 23:00:00,6.388275584215796
2019-07-24 00:00:00,4.758453580764614
2019-07-24 01:00:00,1.5468021222222212
2019-07-24 02:00:00,11.548868055555545
2019-07-24 03:00:00,15.740859311111103
2019-07-24 04:00:00,6.972057083333332
2019-07-24 05:00:00,0.0
2019-07-24 06:00:00,0.0
2019-07-24 07:00:00,0.0
2019-07-24 08:00:00,0.0
2019-07-24 09:00:00,0.0
2019-07-24 10:00:00,0.0
2019-07-24 11:00:00,0.0
2019-07-24 12:00:00,0.0
2019-07-24 13:00:00,0.0
2019-07-24 14:00:00,0.0
2019-07-24 15:00:00,7.431673447222217
2019-07-24 16:00:00,35.867088311111054
2019-07-24 17:00:00,48.59990481273409
2019-07-24 18:00:00,43.14006755683639
2019-07-24 19:00:00,40.36799421417069
2019-07-24 20:00:00,34.61011309408748
2019-07-24 21:00:00,29.424112537069004
2019-07-24 22:00:00,27.431573603067452
2019-07-24 23:00:00,15.949765789569021
2019-07-25 00:00:00,13.976301309434817
2019-07-25 01:00:00,15.35784404629825
2019-07-25 02:00:00,3.189911551740621
2019-07-25 03:00:00,0.4271104833333332
2019-07-25 04:00:00,0.3200729305555555
2019-07-25 05:00:00,3.525888530555554
2019-07-25 06:00:00,3.5250967888888844
2019-07-25 07:00:00,3.5463726555555555
2019-07-25 08:00:00,3.527240552777777
2019-07-25 09:00:00,1.541541649999999
2019-07-25 10:00:00,0.0
2019-07-25 11:00:00,0.0
2019-07-25 12:00:00,0.0
2019-07-25 13:00:00,0.0
2019-07-25 14:00:00,0.7668747166666666
2019-07-25 15:00:00,8.455008280555562
2019-07-25 16:00:00,26.27031820277784
2019-07-25 17:00:00,32.891938481926786
2019-07-25 18:00:00,41.12117579776493
2019-07-25 19:00:00,23.93756018951581
2019-07-25 20:00:00,16.212302955540437
2019-07-25 21:00:00,13.926240963933868
2019-07-25 22:00:00,6.631452745603954
2019-07-25 23:00:00,2.451362629227761
2019-07-26 00:00:00,4.964575350000009
2019-07-26 01:00:00,13.571387816666679
2019-07-26 02:00:00,20.94684263333334
2019-07-26 03:00:00,19.141250258333347
2019-07-26 04:00:00,10.763558105555552
2019-07-26 05:00:00,6.817984130555564
2019-07-26 06:00:00,6.832920166666666
2019-07-26 07:00:00,6.847802472222219
2019-07-26 08:00:00,2.1795889416666654
2019-07-26 09:00:00,0.0
2019-07-26 10:00:00,0.0
2019-07-26 11:00:00,0.0
2019-07-26 12:00:00,0.0
2019-07-26 13:00:00,0.0
2019-07-26 14:00:00,8.417630992423767
2019-07-26 15:00:00,43.94878707210664
2019-07-26 16:00:00,71.21659902507228
2019-07-26 17:00:00,66.93861775018948
2019-07-26 18:00:00,57.332130859630524
2019-07-26 19:00:00,33.31916850741679
2019-07-26 20:00:00,9.853648002777778
2019-07-26 21:00:00,5.446495126111111
2019-07-26 22:00:00,0.29214714941077385
2019-07-26 23:00:00,0.274861713888889
2019-07-27 00:00:00,0.042855184099023405
2019-07-27 01:00:00,12.21217954675064
2019-07-27 02:00:00,23.895341009974654
2019-07-27 03:00:00,25.132113273842762
2019-07-27 04:00:00,5.685462866011093
2019-07-27 05:00:00,2.9999640968835104
2019-07-27 06:00:00,0.670982200499666
2019-07-27 07:00:00,0.0
2019-07-27 08:00:00,0.0
2019-07-27 09:00:00,0.0
2019-07-27 10:00:00,0.0
2019-07-27 11:00:00,0.0
2019-07-27 12:00:00,0.0
2019-07-27 13:00:00,0.0
2019-07-27 14:00:00,0.0
2019-07-27 15:00:00,0.0
2019-07-27 16:00:00,0.0
2019-07-27 17:00:00,12.83705164878434
2019-07-27 18:00:00,17.92163156323027
2019-07-27 19:00:00,11.504030825055953
2019-07-27 20:00:00,15.001488720163108
2019-07-27 21:00:00,11.617332838386146
2019-07-27 22:00:00,8.24176653111112
2019-07-27 23:00:00,4.110218080690529
2019-07-28 00:00:00,15.733749012156022
2019-07-28 01:00:00,16.59108541851097
2019-07-28 02:00:00,15.239582469139174
2019-07-28 03:00:00,17.695977980555554
2019-07-28 04:00:00,25.493870361111135
2019-07-28 05:00:00,29.451509597222202
2019-07-28 06:00:00,28.651220272222243
2019-07-28 07:00:00,18.744209263888866
2019-07-28 08:00:00,10.212232349999974
2019-07-28 09:00:00,3.058932747222229
2019-07-28 10:00:00,0.8175006916666667
2019-07-28 11:00:00,5.891955150000001
2019-07-28 12:00:00,0.0
2019-07-28 13:00:00,0.0
2019-07-28 14:00:00,0.0
2019-07-28 15:00:00,0.0006232000000000001
2019-07-28 16:00:00,0.0
2019-07-28 17:00:00,3.116997486111118
2019-07-28 18:00:00,11.065857770392514
2019-07-28 19:00:00,13.589381091664642
2019-07-28 20:00:00,13.609134505555549
2019-07-28 21:00:00,10.81891650833334
2019-07-28 22:00:00,16.68602681469277
2019-07-28 23:00:00,11.573159878883672
2019-07-29 00:00:00,14.669754184586408
2019-07-29 01:00:00,8.588054654129913
2019-07-29 02:00:00,20.45396694134701
2019-07-29 03:00:00,7.916584533825324
2019-07-29 04:00:00,6.762447301823647
2019-07-29 05:00:00,6.122591037246833
2019-07-29 06:00:00,1.654186249590906
2019-07-29 07:00:00,0.0
2019-07-29 08:00:00,0.0
2019-07-29 09:00:00,0.0
2019-07-29 10:00:00,0.0
2019-07-29 11:00:00,0.0
2019-07-29 12:00:00,0.0
2019-07-29 13:00:00,0.31038199630709273
2019-07-29 14:00:00,10.085221427329959
2019-07-29 15:00:00,23.614586387374676
2019-07-29 16:00:00,51.455409245132685
2019-07-29 17:00:00,49.57609339612751
2019-07-29 18:00:00,37.05640858720674
2019-07-29 19:00:00,30.219603217486203
2019-07-29 20:00:00,24.145496231012842
2019-07-29 21:00:00,12.121289245887978
2019-07-29 22:00:00,4.681160331612521
2019-07-29 23:00:00,1.3103441152166837
2019-07-30 00:00:00,2.7883491333333295
2019-07-30 01:00:00,13.422168088888924
2019-07-30 02:00:00,12.371665216666678
2019-07-30 03:00:00,9.187057425
2019-07-30 04:00:00,16.17105816666668
2019-07-30 05:00:00,13.753605713888888
2019-07-30 06:00:00,3.5295662250000146
2019-07-30 07:00:00,3.55441155833333
2019-07-30 08:00:00,0.42831323333333315
2019-07-30 09:00:00,0.0
2019-07-30 10:00:00,0.0
2019-07-30 11:00:00,0.0
2019-07-30 12:00:00,0.0
2019-07-30 13:00:00,0.5312938499999998
2019-07-30 14:00:00,8.7872064598834
2019-07-30 15:00:00,40.399924208532944
2019-07-30 16:00:00,62.271483841054696
2019-07-30 17:00:00,62.69903332084934
2019-07-30 18:00:00,46.51111562688014
2019-07-30 19:00:00,33.28419746798443
2019-07-30 20:00:00,13.096476071716642
2019-07-30 21:00:00,7.0648271719708315
2019-07-30 22:00:00,4.391500797887958
2019-07-30 23:00:00,1.8077325840149376
2019-07-31 00:00:00,16.224606682019072
2019-07-31 01:00:00,13.222713841666673
2019-07-31 02:00:00,23.403770580555594
2019-07-31 03:00:00,19.899042041666693
2019-07-31 04:00:00,2.042060676666664
2019-07-31 05:00:00,5.448359880555563
2019-07-31 06:00:00,1.3395106500000016
2019-07-31 07:00:00,0.0
2019-07-31 08:00:00,0.0
2019-07-31 09:00:00,0.0
2019-07-31 10:00:00,0.0
2019-07-31 11:00:00,0.0
2019-07-31 12:00:00,6.496816047222218
2019-07-31 13:00:00,6.1449401722222134
2019-07-31 14:00:00,21.327157809645207
2019-07-31 15:00:00,28.73261571564101
2019-07-31 16:00:00,41.29643537869439
2019-07-31 17:00:00,24.124187155949993
2019-07-31 18:00:00,20.088238505575873
2019-07-31 19:00:00,16.474277755555555
2019-07-31 20:00:00,23.67822551944448
2019-07-31 21:00:00,16.819471194738504
2019-07-31 22:00:00,17.34257885015502
2019-07-31 23:00:00,11.570709518281447
2019-08-01 00:00:00,7.1172984762609985
2019-08-01 01:00:00,6.126220909636025
2019-08-01 02:00:00,1.2768391222548687
2019-08-01 03:00:00,12.756812333403452
2019-08-01 04:00:00,13.610801823356622
2019-08-01 05:00:00,6.155905825072795
2019-08-01 06:00:00,0.0
2019-08-01 07:00:00,0.0
2019-08-01 08:00:00,0.0
2019-08-01 09:00:00,0.0
2019-08-01 10:00:00,0.0
2019-08-01 11:00:00,0.0
2019-08-01 12:00:00,0.14785771666666667
2019-08-01 13:00:00,6.934015700000002
2019-08-01 14:00:00,9.101684071420962
2019-08-01 15:00:00,35.28206592393879
2019-08-01 16:00:00,49.108540789482106
2019-08-01 17:00:00,48.41154362744835
2019-08-01 18:00:00,32.47215240844195
2019-08-01 19:00:00,26.10689358611117
2019-08-01 20:00:00,18.609948383333364
2019-08-01 21:00:00,13.9857955444445
2019-08-01 22:00:00,7.248514813888907
2019-08-01 23:00:00,12.332810269027112
2019-08-02 00:00:00,16.488699573129125
2019-08-02 01:00:00,24.271849583154943
2019-08-02 02:00:00,22.068897232525895
2019-08-02 03:00:00,28.46453208357416
2019-08-02 04:00:00,25.277680523400267
2019-08-02 05:00:00,14.833404911542557
2019-08-02 06:00:00,11.12595939166674
2019-08-02 07:00:00,18.598043627812864
2019-08-02 08:00:00,18.11998958017239
2019-08-02 09:00:00,10.128792923888906
2019-08-02 10:00:00,1.545247888888888
2019-08-02 11:00:00,0.0
2019-08-02 12:00:00,0.0
2019-08-02 13:00:00,3.243285636844136
2019-08-02 14:00:00,23.49488498093377
2019-08-02 15:00:00,41.09183631348673
2019-08-02 16:00:00,51.95061856256826
2019-08-02 17:00:00,44.93657346417789
2019-08-02 18:00:00,33.53033818611104
2019-08-02 19:00:00,19.239671081666675
2019-08-02 20:00:00,19.433804192374588
2019-08-02 21:00:00,19.928505240129006
2019-08-02 22:00:00,9.732944935937896
2019-08-02 23:00:00,0.334147957777778
2019-08-03 00:00:00,0.048403013333333356
2019-08-03 01:00:00,0.0003081555555555555
2019-08-03 02:00:00,6.879660097222182
2019-08-03 03:00:00,8.146090513888872
2019-08-03 04:00:00,10.12884327777778
2019-08-03 05:00:00,9.008766736111085
2019-08-03 06:00:00,3.74211837777777
2019-08-03 07:00:00,0.0
2019-08-03 08:00:00,1.1911884472222236
2019-08-03 09:00:00,6.330585927777799
2019-08-03 10:00:00,6.3181257805555715
2019-08-03 11:00:00,7.470831088888897
2019-08-03 12:00:00,8.755514647222268
2019-08-03 13:00:00,6.358938561111097
2019-08-03 14:00:00,6.383761002777784
2019-08-03 15:00:00,8.519129141666689
2019-08-03 16:00:00,3.2736336250000075
2019-08-03 17:00:00,0.8357215388888899
2019-08-03 18:00:00,3.609474536388891
2019-08-03 19:00:00,12.965591402777786
2019-08-03 20:00:00,4.088247766666667
2019-08-03 21:00:00,10.453036380555558
2019-08-03 22:00:00,15.775900019444423
2019-08-03 23:00:00,33.133750485266596
2019-08-04 00:00:00,36.64397690496996
2019-08-04 01:00:00,37.99510303064868
2019-08-04 02:00:00,13.0083031621202
2019-08-04 03:00:00,11.627508691666641
2019-08-04 04:00:00,16.614327883333353
2019-08-04 05:00:00,3.8849381166666554
2019-08-04 06:00:00,0.0
2019-08-04 07:00:00,0.0
2019-08-04 08:00:00,0.0
2019-08-04 09:00:00,0.0
2019-08-04 10:00:00,0.0
2019-08-04 11:00:00,0.0
2019-08-04 12:00:00,0.0
2019-08-04 13:00:00,0.0
2019-08-04 14:00:00,0.0
2019-08-04 15:00:00,0.0
2019-08-04 16:00:00,0.0
2019-08-04 17:00:00,2.2168242111111076
2019-08-04 18:00:00,5.93198585377629
2019-08-04 19:00:00,16.58028358259676
2019-08-04 20:00:00,16.13181099888887
2019-08-04 21:00:00,25.20599503833334
2019-08-04 22:00:00,24.074855326388885
2019-08-04 23:00:00,15.463437983333346
2019-08-05 00:00:00,2.667065358333328
2019-08-05 01:00:00,9.62924649166665
2019-08-05 02:00:00,9.087128720833318
2019-08-05 03:00:00,4.542589638333334
2019-08-05 04:00:00,1.4988453333333345
2019-08-05 05:00:00,5.493564902777772
2019-08-05 06:00:00,4.879144105555562
2019-08-05 07:00:00,9.673422555555572
2019-08-05 08:00:00,5.565312258333338
2019-08-05 09:00:00,0.0
2019-08-05 10:00:00,0.0
2019-08-05 11:00:00,0.0128342
2019-08-05 12:00:00,0.09755856388888887
2019-08-05 13:00:00,6.004721213888887
2019-08-05 14:00:00,17.805640357350573
2019-08-05 15:00:00,48.245647606063855
2019-08-05 16:00:00,62.8236390871731
2019-08-05 17:00:00,56.69150992875341
2019-08-05 18:00:00,33.13819044092268
2019-08-05 19:00:00,36.84325150315429
2019-08-05 20:00:00,35.23241312209499
2019-08-05 21:00:00,40.1073415354973
2019-08-05 22:00:00,28.15006380253078
2019-08-05 23:00:00,22.494451275000028
2019-08-06 00:00:00,12.89378541944447
2019-08-06 01:00:00,6.769466397222226
2019-08-06 02:00:00,10.607958657543447
2019-08-06 03:00:00,13.903448209986063
2019-08-06 04:00:00,5.359919894273464
2019-08-06 05:00:00,5.63794554722223
2019-08-06 06:00:00,3.275607908333339
2019-08-06 07:00:00,3.2706292972222193
2019-08-06 08:00:00,1.5004850750000023
2019-08-06 09:00:00,0.0009987222222222222
2019-08-06 10:00:00,1.4506380444444442
2019-08-06 11:00:00,6.519830222222204
2019-08-06 12:00:00,0.0
2019-08-06 13:00:00,1.2333758972222224
2019-08-06 14:00:00,2.8176385005555584
2019-08-06 15:00:00,26.532264849896382
2019-08-06 16:00:00,54.39618137969361
2019-08-06 17:00:00,56.45019000685288
2019-08-06 18:00:00,17.585831153013473
2019-08-06 19:00:00,13.446978716666685
2019-08-06 20:00:00,19.807653702777774
2019-08-06 21:00:00,22.6966452751548
2019-08-06 22:00:00,25.418562977381875
2019-08-06 23:00:00,29.777552515464077
2019-08-07 00:00:00,12.47621783006683
2019-08-07 01:00:00,5.490343081888257
2019-08-07 02:00:00,14.422818682064952
2019-08-07 03:00:00,19.131548935833283
2019-08-07 04:00:00,8.272621199999993
2019-08-07 05:00:00,4.193963311623456
2019-08-07 06:00:00,6.4008737662902835
2019-08-07 07:00:00,3.8165899070542397
2019-08-07 08:00:00,3.0225266862139795
2019-08-07 09:00:00,0.026000112957537333
2019-08-07 10:00:00,0.0
2019-08-07 11:00:00,0.0003217030520255644
2019-08-07 12:00:00,0.18780951884426958
2019-08-07 13:00:00,0.031263030303044226
2019-08-07 14:00:00,21.784563660383416
2019-08-07 15:00:00,40.55912778038486
2019-08-07 16:00:00,46.137031459960895
2019-08-07 17:00:00,40.432961779700825
2019-08-07 18:00:00,18.05051736111113
2019-08-07 19:00:00,12.645682864972308
2019-08-07 20:00:00,29.257285190521948
2019-08-07 21:00:00,17.909336685411603
2019-08-07 22:00:00,19.677650156913657
2019-08-07 23:00:00,16.932439398197797
2019-08-08 00:00:00,9.34224661041582
2019-08-08 01:00:00,10.990404216797184
2019-08-08 02:00:00,14.352926225865474
2019-08-08 03:00:00,10.054858067781414
2019-08-08 04:00:00,0.049406377777777774
2019-08-08 05:00:00,2.1852746944444466
2019-08-08 06:00:00,0.0
2019-08-08 07:00:00,0.0
2019-08-08 08:00:00,0.0
2019-08-08 09:00:00,0.0
2019-08-08 10:00:00,0.0
2019-08-08 11:00:00,0.0
2019-08-08 12:00:00,0.3198953
2019-08-08 13:00:00,8.89501262777781
2019-08-08 14:00:00,8.844634263888885
2019-08-08 15:00:00,43.555881597574896
2019-08-08 16:00:00,68.9899230885624
2019-08-08 17:00:00,54.88577360538344
2019-08-08 18:00:00,43.85357617342385
2019-08-08 19:00:00,27.417686129408175
2019-08-08 20:00:00,16.748288332157916
2019-08-08 21:00:00,16.604556358734733
2019-08-08 22:00:00,24.573662879855902
2019-08-08 23:00:00,22.997483020842097
2019-08-09 00:00:00,16.943836552971366
2019-08-09 01:00:00,14.70676542962147
2019-08-09 02:00:00,24.790396319444543
2019-08-09 03:00:00,18.927987650555586
2019-08-09 04:00:00,27.268030819524558
2019-08-09 05:00:00,12.344340601012803
2019-08-09 06:00:00,2.6540458430555476
2019-08-09 07:00:00,0.0
2019-08-09 08:00:00,0.0
2019-08-09 09:00:00,0.0
2019-08-09 10:00:00,0.0
2019-08-09 11:00:00,0.0
2019-08-09 12:00:00,0.0
2019-08-09 13:00:00,3.9646322667537417
2019-08-09 14:00:00,18.774333089527367
2019-08-09 15:00:00,53.39034082182626
2019-08-09 16:00:00,63.31542510502285
2019-08-09 17:00:00,69.42761183984001
2019-08-09 18:00:00,52.20690535816466
2019-08-09 19:00:00,38.84399056077487
2019-08-09 20:00:00,25.719163080555532
2019-08-09 21:00:00,18.304380671863115
2019-08-09 22:00:00,10.131685395022895
2019-08-09 23:00:00,21.04695208611111
2019-08-10 00:00:00,15.830637176944396
2019-08-10 01:00:00,13.728681447579238
2019-08-10 02:00:00,14.899735238820927
2019-08-10 03:00:00,23.494994249102383
2019-08-10 04:00:00,21.335459414209183
2019-08-10 05:00:00,8.929961494297574
2019-08-10 06:00:00,5.924544854998816
2019-08-10 07:00:00,0.9606667622457971
2019-08-10 08:00:00,0.0
2019-08-10 09:00:00,0.0
2019-08-10 10:00:00,0.0
2019-08-10 11:00:00,0.0
2019-08-10 12:00:00,0.0
2019-08-10 13:00:00,0.0
2019-08-10 14:00:00,3.1403162166666627
2019-08-10 15:00:00,8.328726980555558
2019-08-10 16:00:00,6.231945794444466
2019-08-10 17:00:00,4.88257718220943
2019-08-10 18:00:00,10.862428509160624
2019-08-10 19:00:00,11.944939065546304
2019-08-10 20:00:00,6.808601986110722
2019-08-10 21:00:00,9.01355607876942
2019-08-10 22:00:00,8.62274687198383
2019-08-10 23:00:00,9.186080536111096
2019-08-11 00:00:00,1.813122483333336
2019-08-11 01:00:00,9.122365558333364
2019-08-11 02:00:00,17.04307573928576
2019-08-11 03:00:00,16.169589520737755
2019-08-11 04:00:00,8.763346245622536
2019-08-11 05:00:00,8.563636151746092
2019-08-11 06:00:00,6.055141355835059
2019-08-11 07:00:00,3.9105996166666754
2019-08-11 08:00:00,6.4588843972221595
2019-08-11 09:00:00,6.476136186111091
2019-08-11 10:00:00,6.498741452777815
2019-08-11 11:00:00,6.457878983333286
2019-08-11 12:00:00,4.060095674999997
2019-08-11 13:00:00,0.0
2019-08-11 14:00:00,7.483012447222255
2019-08-11 15:00:00,9.30801177777778
2019-08-11 16:00:00,14.847171380555618
2019-08-11 17:00:00,17.383383397493976
2019-08-11 18:00:00,16.12021888707989
2019-08-11 19:00:00,10.7560968290566
2019-08-11 20:00:00,17.859057978220235
2019-08-11 21:00:00,14.342702231111122
2019-08-11 22:00:00,18.748358223888907
2019-08-11 23:00:00,18.3490153805555
2019-08-12 00:00:00,18.523218355418948
2019-08-12 01:00:00,12.930527495389674
2019-08-12 02:00:00,14.232938567678302
2019-08-12 03:00:00,9.603511860762016
2019-08-12 04:00:00,1.5178112541666642
2019-08-12 05:00:00,1.865138406944446
2019-08-12 06:00:00,0.0
2019-08-12 07:00:00,0.0
2019-08-12 08:00:00,0.0
2019-08-12 09:00:00,0.0
2019-08-12 10:00:00,0.0
2019-08-12 11:00:00,0.0
2019-08-12 12:00:00,0.0
2019-08-12 13:00:00,2.5549104916666647
2019-08-12 14:00:00,5.418587532340852
2019-08-12 15:00:00,35.390095574012875
2019-08-12 16:00:00,68.94835120723535
2019-08-12 17:00:00,77.30650336267135
2019-08-12 18:00:00,85.00125853858134
2019-08-12 19:00:00,66.47969790978918
2019-08-12 20:00:00,47.64677801878163
2019-08-12 21:00:00,38.4701920087583
2019-08-12 22:00:00,26.32901520924965
2019-08-12 23:00:00,25.9140685513379
2019-08-13 00:00:00,21.731837426499947
2019-08-13 01:00:00,12.97888136344359
2019-08-13 02:00:00,9.315831869444438
2019-08-13 03:00:00,3.1677208583333325
2019-08-13 04:00:00,1.8049311791666673
2019-08-13 05:00:00,14.286783843208699
2019-08-13 06:00:00,5.4740164892497525
2019-08-13 07:00:00,0.0
2019-08-13 08:00:00,0.0
2019-08-13 09:00:00,0.0
2019-08-13 10:00:00,0.0
2019-08-13 11:00:00,0.0
2019-08-13 12:00:00,0.0
2019-08-13 13:00:00,0.0
2019-08-13 14:00:00,7.454065749972877
2019-08-13 15:00:00,29.35629759707558
2019-08-13 16:00:00,33.266724108317035
2019-08-13 17:00:00,5.201563117809819
2019-08-13 18:00:00,9.349409685893885
2019-08-13 19:00:00,0.1790512436189855
2019-08-13 20:00:00,1.2375301922450277
2019-08-13 21:00:00,6.661515942217883
2019-08-13 22:00:00,5.104943073748222
2019-08-13 23:00:00,0.01949375909633974
2019-08-14 00:00:00,8.049740519170228
2019-08-14 01:00:00,10.345276142065822
2019-08-14 02:00:00,7.35034238600276
2019-08-14 03:00:00,0.9344941935758106
2019-08-14 04:00:00,9.244865747222228
2019-08-14 05:00:00,1.191811547222222
2019-08-14 06:00:00,0.0
2019-08-14 07:00:00,0.0
2019-08-14 08:00:00,0.0
2019-08-14 09:00:00,0.0
2019-08-14 10:00:00,0.0
2019-08-14 11:00:00,0.0
2019-08-14 12:00:00,6.895555930555554
2019-08-14 13:00:00,1.4997143611111117
2019-08-14 14:00:00,9.207569413079725
2019-08-14 15:00:00,33.80898445046164
2019-08-14 16:00:00,78.17150654122688
2019-08-14 17:00:00,80.95364961664104
2019-08-14 18:00:00,56.99028585981873
2019-08-14 19:00:00,23.439620417060144
2019-08-14 20:00:00,14.573561827199406
2019-08-14 21:00:00,5.319866398254043
2019-08-14 22:00:00,4.1577201424269505
2019-08-14 23:00:00,3.6535886755104827
2019-08-15 00:00:00,1.1812641299190285
2019-08-15 01:00:00,15.561011491267799
2019-08-15 02:00:00,12.3404481479064
2019-08-15 03:00:00,0.9235769305963878
2019-08-15 04:00:00,7.849377294166654
2019-08-15 05:00:00,12.337743748404648
2019-08-15 06:00:00,13.166746091703939
2019-08-15 07:00:00,11.844753515368797
2019-08-15 08:00:00,6.6050766925817275
2019-08-15 09:00:00,6.303469174999974
2019-08-15 10:00:00,6.429682955555551
2019-08-15 11:00:00,15.34860857499998
2019-08-15 12:00:00,6.446018444444455
2019-08-15 13:00:00,4.303975847222226
2019-08-15 14:00:00,12.750714715939706
2019-08-15 15:00:00,28.85891082949976
2019-08-15 16:00:00,63.790530769471225
2019-08-15 17:00:00,55.55703630123742
2019-08-15 18:00:00,27.710356453291325
2019-08-15 19:00:00,12.944992013905196
2019-08-15 20:00:00,10.605027750000014
2019-08-15 21:00:00,9.995809272222235
2019-08-15 22:00:00,12.36503631618866
2019-08-15 23:00:00,14.572867171910385
2019-08-16 00:00:00,15.356501404189633
2019-08-16 01:00:00,14.59390033770231
2019-08-16 02:00:00,6.370034903877775
2019-08-16 03:00:00,4.585785697268375
2019-08-16 04:00:00,12.551723892222245
2019-08-16 05:00:00,12.521854085277768
2019-08-16 06:00:00,4.6580536066666784
2019-08-16 07:00:00,4.6847956388888825
2019-08-16 08:00:00,11.043271627777774
2019-08-16 09:00:00,10.92210291666662
2019-08-16 10:00:00,0.0
2019-08-16 11:00:00,0.0
2019-08-16 12:00:00,0.0
2019-08-16 13:00:00,4.245516577414022
2019-08-16 14:00:00,19.669962386085285
2019-08-16 15:00:00,46.42733706334667
2019-08-16 16:00:00,65.78155225916615
2019-08-16 17:00:00,78.8111647745694
2019-08-16 18:00:00,55.60020200565902
2019-08-16 19:00:00,35.30818007876586
2019-08-16 20:00:00,9.733203804720844
2019-08-16 21:00:00,5.229580248544592
2019-08-16 22:00:00,4.418816961279989
2019-08-16 23:00:00,10.672910085256676
2019-08-17 00:00:00,0.8064857737895148
2019-08-17 01:00:00,12.481166892695772
2019-08-17 02:00:00,13.748926325555539
2019-08-17 03:00:00,25.323503674999923
2019-08-17 04:00:00,24.009696369589527
2019-08-17 05:00:00,17.70632755960202
2019-08-17 06:00:00,12.747202070940638
2019-08-17 07:00:00,9.070184655555593
2019-08-17 08:00:00,0.0
2019-08-17 09:00:00,0.00034339089822988886
2019-08-17 10:00:00,0.0
2019-08-17 11:00:00,0.0
2019-08-17 12:00:00,0.0
2019-08-17 13:00:00,0.0
2019-08-17 14:00:00,0.0
2019-08-17 15:00:00,6.125784030555555
2019-08-17 16:00:00,20.47523971388881
2019-08-17 17:00:00,23.618520130555538
2019-08-17 18:00:00,23.3703044527778
2019-08-17 19:00:00,19.023621485901685
2019-08-17 20:00:00,19.892944339019724
2019-08-17 21:00:00,16.49619945136866
2019-08-17 22:00:00,19.336236909274184
2019-08-17 23:00:00,16.770916092678817
2019-08-18 00:00:00,8.812991830277701
2019-08-18 01:00:00,6.774685749444392
2019-08-18 02:00:00,0.0
2019-08-18 03:00:00,0.0
2019-08-18 04:00:00,0.8172306277777779
2019-08-18 05:00:00,1.2097541583333304
2019-08-18 06:00:00,0.0
2019-08-18 07:00:00,0.43769634444444405
2019-08-18 08:00:00,0.0
2019-08-18 09:00:00,0.0
2019-08-18 10:00:00,0.0
2019-08-18 11:00:00,1.2492278166666664
2019-08-18 12:00:00,3.7408289363888962
2019-08-18 13:00:00,0.0
2019-08-18 14:00:00,0.0
2019-08-18 15:00:00,9.227277298856833
2019-08-18 16:00:00,16.232117673566314
2019-08-18 17:00:00,12.680756266666506
2019-08-18 18:00:00,4.258433016541754
2019-08-18 19:00:00,7.338162203290975
2019-08-18 20:00:00,43.48852381513523
2019-08-18 21:00:00,49.00855271853202
2019-08-18 22:00:00,48.84076756333334
2019-08-18 23:00:00,36.87724993997174
2019-08-19 00:00:00,30.73998111388888
2019-08-19 01:00:00,26.407625453576184
2019-08-19 02:00:00,23.43694720279484
2019-08-19 03:00:00,22.58964097550515
2019-08-19 04:00:00,13.242073655555544
2019-08-19 05:00:00,10.003598777777786
2019-08-19 06:00:00,6.452835408333304
2019-08-19 07:00:00,2.113360908333334
2019-08-19 08:00:00,0.0
2019-08-19 09:00:00,0.0
2019-08-19 10:00:00,0.0
2019-08-19 11:00:00,0.0
2019-08-19 12:00:00,0.0
2019-08-19 13:00:00,2.0027384583333347
2019-08-19 14:00:00,8.864560351533914
2019-08-19 15:00:00,49.998941553890425
2019-08-19 16:00:00,68.16327586772017
2019-08-19 17:00:00,76.7810173111525
2019-08-19 18:00:00,76.62049799594229
2019-08-19 19:00:00,54.54165139891212
2019-08-19 20:00:00,33.0800858888917
2019-08-19 21:00:00,17.287043657001064
2019-08-19 22:00:00,12.752414004779784
2019-08-19 23:00:00,11.129673608886776
2019-08-20 00:00:00,13.711065643948908
2019-08-20 01:00:00,33.52821917661839
2019-08-20 02:00:00,45.81099327211265
2019-08-20 03:00:00,13.527148505840689
2019-08-20 04:00:00,2.7365893131179035
2019-08-20 05:00:00,6.522984824590272
2019-08-20 06:00:00,6.127600929727531
2019-08-20 07:00:00,0.0
2019-08-20 08:00:00,0.0003433908982298889
2019-08-20 09:00:00,5.191734183333325
2019-08-20 10:00:00,0.0
2019-08-20 11:00:00,0.0
2019-08-20 12:00:00,0.0
2019-08-20 13:00:00,3.8981948791656373
2019-08-20 14:00:00,13.698445862423291
2019-08-20 15:00:00,37.05092494597869
2019-08-20 16:00:00,59.93161047184668
2019-08-20 17:00:00,53.652809331765525
2019-08-20 18:00:00,32.89253676784767
2019-08-20 19:00:00,13.746196142467834
2019-08-20 20:00:00,11.634742860754347
2019-08-20 21:00:00,0.7251726388154568
2019-08-20 22:00:00,0.24078923888888867
2019-08-20 23:00:00,2.959463798074388
2019-08-21 00:00:00,16.480510903308826
2019-08-21 01:00:00,18.041169334712023
2019-08-21 02:00:00,17.623649799788467
2019-08-21 03:00:00,22.502009369732868
2019-08-21 04:00:00,35.44837519631932
2019-08-21 05:00:00,18.551342318020893
2019-08-21 06:00:00,9.564276243406328
2019-08-21 07:00:00,0.1299682055555556
2019-08-21 08:00:00,0.0
2019-08-21 09:00:00,0.0
2019-08-21 10:00:00,0.0
2019-08-21 11:00:00,0.0
2019-08-21 12:00:00,0.0
2019-08-21 13:00:00,2.0726966177904957
2019-08-21 14:00:00,16.226788034725438
2019-08-21 15:00:00,45.77195663452645
2019-08-21 16:00:00,66.33543900325085
2019-08-21 17:00:00,47.1447706004295
2019-08-21 18:00:00,33.517150025657905
2019-08-21 19:00:00,25.552111916313137
2019-08-21 20:00:00,9.192397601940918
2019-08-21 21:00:00,6.801707744122136
2019-08-21 22:00:00,5.069233237397881
2019-08-21 23:00:00,2.643009312070677
2019-08-22 00:00:00,3.0521261375000024
2019-08-22 01:00:00,16.363744885076294
2019-08-22 02:00:00,32.996160034869405
2019-08-22 03:00:00,21.158843060747966
2019-08-22 04:00:00,22.40826737888886
2019-08-22 05:00:00,11.7426938546075
2019-08-22 06:00:00,7.570482358237178
2019-08-22 07:00:00,3.277362493756126
2019-08-22 08:00:00,0.5346054089282659
2019-08-22 09:00:00,0.0
2019-08-22 10:00:00,0.0
2019-08-22 11:00:00,0.0
2019-08-22 12:00:00,1.6833151055555566
2019-08-22 13:00:00,3.533777899423297
2019-08-22 14:00:00,5.9552765330716335
2019-08-22 15:00:00,28.515823089639383
2019-08-22 16:00:00,62.69017391893836
2019-08-22 17:00:00,56.518663077659504
2019-08-22 18:00:00,31.16092643538589
2019-08-22 19:00:00,22.60353890304817
2019-08-22 20:00:00,11.75823621042006
2019-08-22 21:00:00,13.567362681806962
2019-08-22 22:00:00,9.180968924574358
2019-08-22 23:00:00,6.0897782535604295
2019-08-23 00:00:00,3.4837891295347543
2019-08-23 01:00:00,13.295951825344801
2019-08-23 02:00:00,12.692828248848942
2019-08-23 03:00:00,22.52429454444447
2019-08-23 04:00:00,21.31744007500001
2019-08-23 05:00:00,17.546311283333317
2019-08-23 06:00:00,14.535631931590071
2019-08-23 07:00:00,6.915093933333333
2019-08-23 08:00:00,6.8924757583333465
2019-08-23 09:00:00,6.872497380555542
2019-08-23 10:00:00,1.7369850972222263
2019-08-23 11:00:00,7.839948280555561
2019-08-23 12:00:00,0.0
2019-08-23 13:00:00,2.5467423308352575
2019-08-23 14:00:00,23.852588291181313
2019-08-23 15:00:00,53.023947260278945
2019-08-23 16:00:00,44.106965825083805
2019-08-23 17:00:00,54.12330352609847
2019-08-23 18:00:00,34.742870176317155
2019-08-23 19:00:00,27.625598090699764
2019-08-23 20:00:00,27.559287742986704
2019-08-23 21:00:00,19.726758478055537
2019-08-23 22:00:00,2.9904522732442667
2019-08-23 23:00:00,1.1609046855555554
2019-08-24 00:00:00,15.72473898500003
2019-08-24 01:00:00,20.793420992736515
2019-08-24 02:00:00,23.952549469873162
2019-08-24 03:00:00,21.65705828888882
2019-08-24 04:00:00,18.15238323611111
2019-08-24 05:00:00,27.87179605888356
2019-08-24 06:00:00,19.583410955430818
2019-08-24 07:00:00,17.687894906562246
2019-08-24 08:00:00,8.540283080066398
2019-08-24 09:00:00,0.7060333746062823
2019-08-24 10:00:00,0.0
2019-08-24 11:00:00,0.0
2019-08-24 12:00:00,0.0
2019-08-24 13:00:00,0.0
2019-08-24 14:00:00,0.0
2019-08-24 15:00:00,3.9991297608333336
2019-08-24 16:00:00,7.541171955555566
2019-08-24 17:00:00,21.80659434749999
2019-08-24 18:00:00,16.2574383625
2019-08-24 19:00:00,6.148119292983922
2019-08-24 20:00:00,28.85632952308393
2019-08-24 21:00:00,33.575824341611394
2019-08-24 22:00:00,26.521435412479732
2019-08-24 23:00:00,17.29740752429691
2019-08-25 00:00:00,18.07377426111112
2019-08-25 01:00:00,21.333195149179645
2019-08-25 02:00:00,12.604965625437945
2019-08-25 03:00:00,25.166669029436854
2019-08-25 04:00:00,22.82606185682639
2019-08-25 05:00:00,19.555872013615208
2019-08-25 06:00:00,0.510463253863937
2019-08-25 07:00:00,0.0
2019-08-25 08:00:00,0.0
2019-08-25 09:00:00,0.0
2019-08-25 10:00:00,0.0
2019-08-25 11:00:00,0.0
2019-08-25 12:00:00,0.0
2019-08-25 13:00:00,0.0
2019-08-25 14:00:00,0.0
2019-08-25 15:00:00,0.0
2019-08-25 16:00:00,2.9820414680555576
2019-08-25 17:00:00,17.86078306388896
2019-08-25 18:00:00,17.415639661111097
2019-08-25 19:00:00,8.398919101577025
2019-08-25 20:00:00,12.76688792622509
2019-08-25 21:00:00,9.094201585833323
2019-08-25 22:00:00,7.384573347499994
2019-08-25 23:00:00,7.215411548055518
2019-08-26 00:00:00,8.301518388055538
2019-08-26 01:00:00,14.309290245092203
2019-08-26 02:00:00,28.70822849137872
2019-08-26 03:00:00,7.898472377989541
2019-08-26 04:00:00,4.236973151321878
2019-08-26 05:00:00,0.0
2019-08-26 06:00:00,0.0
2019-08-26 07:00:00,0.0
2019-08-26 08:00:00,0.0
2019-08-26 09:00:00,0.0
2019-08-26 10:00:00,0.0
2019-08-26 11:00:00,0.0
2019-08-26 12:00:00,0.0
2019-08-26 13:00:00,4.2829592440542505
2019-08-26 14:00:00,20.625791715314502
2019-08-26 15:00:00,44.889070447838755
2019-08-26 16:00:00,72.07854299027666
2019-08-26 17:00:00,55.25741405328112
2019-08-26 18:00:00,39.778210471220525
2019-08-26 19:00:00,30.587928258625816
2019-08-26 20:00:00,26.6329509647665
2019-08-26 21:00:00,17.380210601960606
2019-08-26 22:00:00,15.235089437262918
2019-08-26 23:00:00,14.872409247165372
2019-08-27 00:00:00,16.40255114567183
2019-08-27 01:00:00,24.807927327032772
2019-08-27 02:00:00,4.359848236309324
2019-08-27 03:00:00,6.190033250164994
2019-08-27 04:00:00,9.082996502659812
2019-08-27 05:00:00,2.9782654067536143
2019-08-27 06:00:00,1.070121707396832
2019-08-27 07:00:00,0.0
2019-08-27 08:00:00,0.0
2019-08-27 09:00:00,8.819347963888875
2019-08-27 10:00:00,0.0
2019-08-27 11:00:00,0.0
2019-08-27 12:00:00,0.0
2019-08-27 13:00:00,3.477418416422038
2019-08-27 14:00:00,11.126150659277938
2019-08-27 15:00:00,24.018977377734323
2019-08-27 16:00:00,50.37973352976398
2019-08-27 17:00:00,35.03525911924815
2019-08-27 18:00:00,40.19843046212119
2019-08-27 19:00:00,33.4288459296241
2019-08-27 20:00:00,29.815101048332394
2019-08-27 21:00:00,29.580453540444836
2019-08-27 22:00:00,31.566610307903723
2019-08-27 23:00:00,16.27856789484208
2019-08-28 00:00:00,11.2969185247154
2019-08-28 01:00:00,6.499481754401497
2019-08-28 02:00:00,17.95490171105955
2019-08-28 03:00:00,30.50657467341792
2019-08-28 04:00:00,35.01074059736719
2019-08-28 05:00:00,23.97249163277771
2019-08-28 06:00:00,23.985684823055557
2019-08-28 07:00:00,2.357459013333335
2019-08-28 08:00:00,0.0
2019-08-28 09:00:00,0.0
2019-08-28 10:00:00,0.0
2019-08-28 11:00:00,0.0
2019-08-28 12:00:00,0.0
2019-08-28 13:00:00,1.9778881981105845
2019-08-28 14:00:00,14.819622173247106
2019-08-28 15:00:00,36.98063716343492
2019-08-28 16:00:00,63.86029030946779
2019-08-28 17:00:00,60.40332323516384
2019-08-28 18:00:00,42.72750148478369
2019-08-28 19:00:00,29.743955894281164
2019-08-28 20:00:00,30.369411663656493
2019-08-28 21:00:00,3.202428724948637
2019-08-28 22:00:00,3.237116163709593
2019-08-28 23:00:00,12.461775448650759
2019-08-29 00:00:00,14.437186971438464
2019-08-29 01:00:00,16.42119819405198
2019-08-29 02:00:00,14.532384163093356
2019-08-29 03:00:00,18.307131514986704
2019-08-29 04:00:00,9.149415366724297
2019-08-29 05:00:00,1.7494647805555554
2019-08-29 06:00:00,0.0
2019-08-29 07:00:00,0.0
2019-08-29 08:00:00,0.0
2019-08-29 09:00:00,0.0
2019-08-29 10:00:00,0.0
2019-08-29 11:00:00,0.0
2019-08-29 12:00:00,0.0
2019-08-29 13:00:00,13.414814521795984
2019-08-29 14:00:00,13.860966377756853
2019-08-29 15:00:00,37.11612470664969
2019-08-29 16:00:00,65.5602787881698
2019-08-29 17:00:00,62.09751679991738
2019-08-29 18:00:00,51.68714693222854
2019-08-29 19:00:00,36.208783011393166
2019-08-29 20:00:00,27.233787367136507
2019-08-29 21:00:00,19.75310299718149
2019-08-29 22:00:00,14.307754593214451
2019-08-29 23:00:00,17.221497805981876
2019-08-30 00:00:00,16.740668905058925
2019-08-30 01:00:00,19.959430717416275
2019-08-30 02:00:00,16.234218936838445
2019-08-30 03:00:00,4.62105662222217
2019-08-30 04:00:00,4.342216806405492
2019-08-30 05:00:00,1.7473171583333318
2019-08-30 06:00:00,0.0
2019-08-30 07:00:00,0.0
2019-08-30 08:00:00,0.0
2019-08-30 09:00:00,0.0
2019-08-30 10:00:00,0.0
2019-08-30 11:00:00,0.0
2019-08-30 12:00:00,0.0
2019-08-30 13:00:00,3.920320382317229
2019-08-30 14:00:00,14.425300609614672
2019-08-30 15:00:00,37.38061889134634
2019-08-30 16:00:00,63.95899232621118
2019-08-30 17:00:00,77.42790185232721
2019-08-30 18:00:00,62.283760174997155
2019-08-30 19:00:00,42.79884678725952
2019-08-30 20:00:00,45.03646736231732
2019-08-30 21:00:00,47.8407962932716
2019-08-30 22:00:00,38.505153935958
2019-08-30 23:00:00,24.397596055685298
2019-08-31 00:00:00,19.109646853385957
2019-08-31 01:00:00,10.546372031351352
2019-08-31 02:00:00,6.680516631136709
2019-08-31 03:00:00,0.452635774209822
2019-08-31 04:00:00,0.0
2019-08-31 05:00:00,0.4421427499999996
2019-08-31 06:00:00,2.111998609755696
2019-08-31 07:00:00,0.0
2019-08-31 08:00:00,0.0
2019-08-31 09:00:00,6.510106794444416
2019-08-31 10:00:00,6.7293226027777875
2019-08-31 11:00:00,6.393385174999991
2019-08-31 12:00:00,6.58182434166668
2019-08-31 13:00:00,8.411479637523435
2019-08-31 14:00:00,6.50470368333333
2019-08-31 15:00:00,1.1248186694444442
2019-08-31 16:00:00,4.257465258055564
2019-08-31 17:00:00,24.822068633888865
2019-08-31 18:00:00,29.22322315111111
2019-08-31 19:00:00,14.340670695484377
2019-08-31 20:00:00,16.735618964370676
2019-08-31 21:00:00,13.695224093239789
2019-08-31 22:00:00,2.7494948916666595
2019-08-31 23:00:00,11.261312570520042
2019-09-01 00:00:00,11.301093846041084
2019-09-01 01:00:00,10.971953563888835
2019-09-01 02:00:00,4.4983856861111065
2019-09-01 03:00:00,6.202820519444442
2019-09-01 04:00:00,7.152080715666272
2019-09-01 05:00:00,9.527428825195855
2019-09-01 06:00:00,7.40760644339403
2019-09-01 07:00:00,3.324978160090579
2019-09-01 08:00:00,3.345288828060612
2019-09-01 09:00:00,0.457223173672089
2019-09-01 10:00:00,0.0
2019-09-01 11:00:00,0.0
2019-09-01 12:00:00,0.0
2019-09-01 13:00:00,0.0
2019-09-01 14:00:00,2.1113089222222237
2019-09-01 15:00:00,11.03658429444448
2019-09-01 16:00:00,17.818524960555568
2019-09-01 17:00:00,15.755844963611091
2019-09-01 18:00:00,7.49159218333334
2019-09-01 19:00:00,8.888860724999983
2019-09-01 20:00:00,4.724126463888889
2019-09-01 21:00:00,6.571197641666662
2019-09-01 22:00:00,0.12068038888888888
2019-09-01 23:00:00,4.857385787995783
2019-09-02 00:00:00,17.17229493027842
2019-09-02 01:00:00,22.376876784791577
2019-09-02 02:00:00,22.021383882418625
2019-09-02 03:00:00,19.14495427146585
2019-09-02 04:00:00,19.005946109522345
2019-09-02 05:00:00,7.662484500183438
2019-09-02 06:00:00,7.355606736666614
2019-09-02 07:00:00,6.375780250277814
2019-09-02 08:00:00,1.4171870447222232
2019-09-02 09:00:00,0.0
2019-09-02 10:00:00,0.0
2019-09-02 11:00:00,0.0
2019-09-02 12:00:00,0.0
2019-09-02 13:00:00,0.0
2019-09-02 14:00:00,0.0
2019-09-02 15:00:00,1.153323514716915
2019-09-02 16:00:00,0.6765426166666669
2019-09-02 17:00:00,6.268869449999993
2019-09-02 18:00:00,9.42982451666667
2019-09-02 19:00:00,20.523071543683997
2019-09-02 20:00:00,28.777052978958633
2019-09-02 21:00:00,39.38164061408854
2019-09-02 22:00:00,45.77856339424986
2019-09-02 23:00:00,35.77636967724539
2019-09-03 00:00:00,28.904269591666637
2019-09-03 01:00:00,31.485872099098508
2019-09-03 02:00:00,24.781268197156248
2019-09-03 03:00:00,23.83945366359024
2019-09-03 04:00:00,14.667499585638623
2019-09-03 05:00:00,9.915674192989044
2019-09-03 06:00:00,8.433089659653364
2019-09-03 07:00:00,6.360327027777772
2019-09-03 08:00:00,6.638192727777785
2019-09-03 09:00:00,6.567891438888896
2019-09-03 10:00:00,6.805961461111139
2019-09-03 11:00:00,1.5459898749999994
2019-09-03 12:00:00,0.000798835668511111
2019-09-03 13:00:00,4.625233218202866
2019-09-03 14:00:00,7.629981399340766
2019-09-03 15:00:00,30.607003817666644
2019-09-03 16:00:00,71.31653571064716
2019-09-03 17:00:00,81.5010849097736
2019-09-03 18:00:00,72.02238679588231
2019-09-03 19:00:00,60.367037345999975
2019-09-03 20:00:00,49.01079499633433
2019-09-03 21:00:00,24.720134131836254
2019-09-03 22:00:00,9.14788298204518
2019-09-03 23:00:00,0.7771305388888887
2019-09-04 00:00:00,4.211474545647649
2019-09-04 01:00:00,10.618417005639925
2019-09-04 02:00:00,24.605467442411626
2019-09-04 03:00:00,24.237870265419595
2019-09-04 04:00:00,5.311750337499991
2019-09-04 05:00:00,5.787930726666652
2019-09-04 06:00:00,0.0
2019-09-04 07:00:00,0.0
2019-09-04 08:00:00,0.0
2019-09-04 09:00:00,0.0
2019-09-04 10:00:00,0.026714488888888888
2019-09-04 11:00:00,7.109105736111129
2019-09-04 12:00:00,0.0
2019-09-04 13:00:00,5.344390378152871
2019-09-04 14:00:00,17.370473264241173
2019-09-04 15:00:00,39.73236927789106
2019-09-04 16:00:00,68.84982513053677
2019-09-04 17:00:00,58.01399259725389
2019-09-04 18:00:00,60.07416551921998
2019-09-04 19:00:00,45.671422412658636
2019-09-04 20:00:00,21.65129173343652
2019-09-04 21:00:00,19.779598586809048
2019-09-04 22:00:00,3.0703208014092356
2019-09-04 23:00:00,5.6623903122351775
2019-09-05 00:00:00,10.354287461413584
2019-09-05 01:00:00,16.375726474691973
2019-09-05 02:00:00,13.096906794631739
2019-09-05 03:00:00,14.333952280555557
2019-09-05 04:00:00,4.412909524999994
2019-09-05 05:00:00,0.0
2019-09-05 06:00:00,0.0
2019-09-05 07:00:00,0.0
2019-09-05 08:00:00,0.0
2019-09-05 09:00:00,0.0
2019-09-05 10:00:00,0.0
2019-09-05 11:00:00,0.0
2019-09-05 12:00:00,0.0
2019-09-05 13:00:00,2.480579941349012
2019-09-05 14:00:00,8.974606920374617
2019-09-05 15:00:00,47.31417632626491
2019-09-05 16:00:00,67.15079066377848
2019-09-05 17:00:00,53.09449143481933
2019-09-05 18:00:00,43.02814886412654
2019-09-05 19:00:00,29.87229454471331
2019-09-05 20:00:00,24.749634257533284
2019-09-05 21:00:00,22.456971002413457
2019-09-05 22:00:00,13.402836645267186
2019-09-05 23:00:00,19.293204187979267
2019-09-06 00:00:00,15.440733462819033
2019-09-06 01:00:00,16.805334951955018
2019-09-06 02:00:00,28.34913488374607
2019-09-06 03:00:00,21.709593097634958
2019-09-06 04:00:00,19.299093610802903
2019-09-06 05:00:00,18.798453567884927
2019-09-06 06:00:00,14.811045338848732
2019-09-06 07:00:00,0.9374133916666665
2019-09-06 08:00:00,0.0
2019-09-06 09:00:00,0.0
2019-09-06 10:00:00,0.0
2019-09-06 11:00:00,4.850584683333336
2019-09-06 12:00:00,4.349997016666665
2019-09-06 13:00:00,4.549368990659424
2019-09-06 14:00:00,14.489158508310451
2019-09-06 15:00:00,53.23340087707053
2019-09-06 16:00:00,73.83722389791215
2019-09-06 17:00:00,67.34138416967332
2019-09-06 18:00:00,52.57900958339394
2019-09-06 19:00:00,41.44228560046995
2019-09-06 20:00:00,39.456967870899454
2019-09-06 21:00:00,27.62550865498038
2019-09-06 22:00:00,10.138238468355436
2019-09-06 23:00:00,1.1168466720182284
2019-09-07 00:00:00,9.301424192794606
2019-09-07 01:00:00,25.21918116207503
2019-09-07 02:00:00,35.66738025228711
2019-09-07 03:00:00,23.400593415006913
2019-09-07 04:00:00,5.161867208868231
2019-09-07 05:00:00,0.8411255388888894
2019-09-07 06:00:00,0.0
2019-09-07 07:00:00,0.0
2019-09-07 08:00:00,0.0
2019-09-07 09:00:00,0.0
2019-09-07 10:00:00,0.0
2019-09-07 11:00:00,0.0
2019-09-07 12:00:00,1.5208385272078957
2019-09-07 13:00:00,0.0
2019-09-07 14:00:00,0.06278820833333333
2019-09-07 15:00:00,4.021048771296662
2019-09-07 16:00:00,17.649103670613407
2019-09-07 17:00:00,21.81731786303146
2019-09-07 18:00:00,25.288444021813593
2019-09-07 19:00:00,24.045925545555523
2019-09-07 20:00:00,27.666312030636583
2019-09-07 21:00:00,10.89916213545544
2019-09-07 22:00:00,6.446898517907569
2019-09-07 23:00:00,15.843376686111137
2019-09-08 00:00:00,12.566276122639962
2019-09-08 01:00:00,12.852994470549103
2019-09-08 02:00:00,18.822232343620623
2019-09-08 03:00:00,16.946680991299104
2019-09-08 04:00:00,12.129001287313248
2019-09-08 05:00:00,10.037549848922382
2019-09-08 06:00:00,15.453544041128445
2019-09-08 07:00:00,15.633975143859484
2019-09-08 08:00:00,7.500029421640027
2019-09-08 09:00:00,6.423314712717583
2019-09-08 10:00:00,5.493379628542883
2019-09-08 11:00:00,0.7172279178885218
2019-09-08 12:00:00,13.49738477499999
2019-09-08 13:00:00,0.0
2019-09-08 14:00:00,0.0
2019-09-08 15:00:00,0.0
2019-09-08 16:00:00,15.478601837777793
2019-09-08 17:00:00,14.601879394444435
2019-09-08 18:00:00,5.18855329722223
2019-09-08 19:00:00,10.156982872777803
2019-09-08 20:00:00,21.364253917777795
2019-09-08 21:00:00,26.21314859417951
2019-09-08 22:00:00,13.516330962777785
2019-09-08 23:00:00,11.82693117055554
2019-09-09 00:00:00,23.04272009117883
2019-09-09 01:00:00,20.363213110846186
2019-09-09 02:00:00,24.158606689885186
2019-09-09 03:00:00,25.16287037307723
2019-09-09 04:00:00,5.9895469611111105
2019-09-09 05:00:00,0.0
2019-09-09 06:00:00,0.0
2019-09-09 07:00:00,0.0
2019-09-09 08:00:00,0.0
2019-09-09 09:00:00,0.0
2019-09-09 10:00:00,0.0
2019-09-09 11:00:00,0.0
2019-09-09 12:00:00,0.0
2019-09-09 13:00:00,3.671122836531543
2019-09-09 14:00:00,12.736574911810727
2019-09-09 15:00:00,37.14299931473286
2019-09-09 16:00:00,61.553810822954425
2019-09-09 17:00:00,69.73062668268642
2019-09-09 18:00:00,55.35271893303875
2019-09-09 19:00:00,41.281351815783445
2019-09-09 20:00:00,27.150639930289902
2019-09-09 21:00:00,21.90333417558292
2019-09-09 22:00:00,27.37229844488711
2019-09-09 23:00:00,20.78866724783537
2019-09-10 00:00:00,16.579840160008207
2019-09-10 01:00:00,32.84963977600399
2019-09-10 02:00:00,42.8683078373614
2019-09-10 03:00:00,23.14646448999984
2019-09-10 04:00:00,19.485589172738496
2019-09-10 05:00:00,9.659364241666651
2019-09-10 06:00:00,6.942081241666608
2019-09-10 07:00:00,4.696324708333322
2019-09-10 08:00:00,0.1864874416666667
2019-09-10 09:00:00,0.0
2019-09-10 10:00:00,0.0
2019-09-10 11:00:00,4.538892333333333
2019-09-10 12:00:00,5.798528483333338
2019-09-10 13:00:00,0.0
2019-09-10 14:00:00,12.139623712390222
2019-09-10 15:00:00,44.859689258972786
2019-09-10 16:00:00,54.16944603376313
2019-09-10 17:00:00,55.79637492794584
2019-09-10 18:00:00,51.24336908952506
2019-09-10 19:00:00,44.96099579764517
2019-09-10 20:00:00,21.443200765979924
2019-09-10 21:00:00,9.85546695041249
2019-09-10 22:00:00,3.2152715861111045
2019-09-10 23:00:00,13.926039444887952
2019-09-11 00:00:00,17.114263619330163
2019-09-11 01:00:00,12.738899410014197
2019-09-11 02:00:00,12.83776493753418
2019-09-11 03:00:00,18.520699450897443
2019-09-11 04:00:00,13.57463571784428
2019-09-11 05:00:00,5.339406384552408
2019-09-11 06:00:00,0.0
2019-09-11 07:00:00,0.0
2019-09-11 08:00:00,0.0
2019-09-11 09:00:00,0.0
2019-09-11 10:00:00,0.0
2019-09-11 11:00:00,0.0
2019-09-11 12:00:00,0.0
2019-09-11 13:00:00,0.0
2019-09-11 14:00:00,4.0397920333333355
2019-09-11 15:00:00,12.065801741688444
2019-09-11 16:00:00,70.34596974151759
2019-09-11 17:00:00,67.62886006246856
2019-09-11 18:00:00,44.0587699029088
2019-09-11 19:00:00,25.169341332922993
2019-09-11 20:00:00,14.45565520951982
2019-09-11 21:00:00,10.790949371952777
2019-09-11 22:00:00,7.728314748207262
2019-09-11 23:00:00,6.752939277477392
2019-09-12 00:00:00,3.0445150583468985
2019-09-12 01:00:00,2.7617691595633596
2019-09-12 02:00:00,18.630628841595303
2019-09-12 03:00:00,13.271233269558515
2019-09-12 04:00:00,5.838846562099473
2019-09-12 05:00:00,0.035559031171931745
2019-09-12 06:00:00,0.0
2019-09-12 07:00:00,1.9201551515158173
2019-09-12 08:00:00,0.9314966091015944
2019-09-12 09:00:00,0.0
2019-09-12 10:00:00,0.0
2019-09-12 11:00:00,0.0
2019-09-12 12:00:00,0.0
2019-09-12 13:00:00,0.0
2019-09-12 14:00:00,10.169150694739109
2019-09-12 15:00:00,48.36481482606685
2019-09-12 16:00:00,60.4377070735384
2019-09-12 17:00:00,62.56726687471664
2019-09-12 18:00:00,47.41683648168781
2019-09-12 19:00:00,20.729066064988196
2019-09-12 20:00:00,13.247039958714351
2019-09-12 21:00:00,2.749684232741385
2019-09-12 22:00:00,4.893587552777782
2019-09-12 23:00:00,12.850256276111125
2019-09-13 00:00:00,35.49000879075853
2019-09-13 01:00:00,28.09178678379265
2019-09-13 02:00:00,31.437440076496134
2019-09-13 03:00:00,29.663734301759554
2019-09-13 04:00:00,8.933905451770327
2019-09-13 05:00:00,0.0
2019-09-13 06:00:00,0.0
2019-09-13 07:00:00,0.0
2019-09-13 08:00:00,0.0
2019-09-13 09:00:00,0.0
2019-09-13 10:00:00,10.184417125000003
2019-09-13 11:00:00,0.0
2019-09-13 12:00:00,1.2747465363314623
2019-09-13 13:00:00,4.1326190941654986
2019-09-13 14:00:00,11.294785644543346
2019-09-13 15:00:00,34.890523136950634
2019-09-13 16:00:00,59.89927984084666
2019-09-13 17:00:00,46.8694431309376
2019-09-13 18:00:00,23.89374398204595
2019-09-13 19:00:00,11.702879105911144
2019-09-13 20:00:00,15.955620279898431
2019-09-13 21:00:00,5.386962527777778
2019-09-13 22:00:00,11.106264452180397
2019-09-13 23:00:00,21.748105179102925
2019-09-14 00:00:00,19.74119900196586
2019-09-14 01:00:00,18.204753527101573
2019-09-14 02:00:00,22.028401111373288
2019-09-14 03:00:00,21.052979165420673
2019-09-14 04:00:00,11.507921345277843
2019-09-14 05:00:00,4.678589463888896
2019-09-14 06:00:00,6.897981991666722
2019-09-14 07:00:00,6.872889313888934
2019-09-14 08:00:00,6.922554636111135
2019-09-14 09:00:00,11.094719013888913
2019-09-14 10:00:00,22.024974449999966
2019-09-14 11:00:00,13.765807133333329
2019-09-14 12:00:00,7.01077317499999
2019-09-14 13:00:00,7.041711753333337
2019-09-14 14:00:00,13.89577924333333
2019-09-14 15:00:00,18.676565012777765
2019-09-14 16:00:00,17.15658628361111
2019-09-14 17:00:00,17.84857653250001
2019-09-14 18:00:00,23.991253080555524
2019-09-14 19:00:00,26.00244347938666
2019-09-14 20:00:00,22.54861295577491
2019-09-14 21:00:00,14.4489938388801
2019-09-14 22:00:00,11.895329461399355
2019-09-14 23:00:00,14.399810850122998
2019-09-15 00:00:00,10.969227190357309
2019-09-15 01:00:00,21.9435146667318
2019-09-15 02:00:00,36.373555512408785
2019-09-15 03:00:00,24.25780338234539
2019-09-15 04:00:00,17.277133718814483
2019-09-15 05:00:00,9.347147345727162
2019-09-15 06:00:00,0.9672902916666678
2019-09-15 07:00:00,0.0
2019-09-15 08:00:00,0.0
2019-09-15 09:00:00,0.0
2019-09-15 10:00:00,0.0
2019-09-15 11:00:00,0.0
2019-09-15 12:00:00,0.0
2019-09-15 13:00:00,0.0
2019-09-15 14:00:00,0.0
2019-09-15 15:00:00,0.0
2019-09-15 16:00:00,9.429688502222252
2019-09-15 17:00:00,13.230628897222273
2019-09-15 18:00:00,0.5190357027777779
2019-09-15 19:00:00,9.80156555049956
2019-09-15 20:00:00,33.0387372874486
2019-09-15 21:00:00,26.144066120399696
2019-09-15 22:00:00,16.713031532884532
2019-09-15 23:00:00,23.081745783639096
2019-09-16 00:00:00,20.908944401049894
2019-09-16 01:00:00,9.588333075602394
2019-09-16 02:00:00,10.534969326996354
2019-09-16 03:00:00,15.872635338052888
2019-09-16 04:00:00,5.119686583333328
2019-09-16 05:00:00,3.5389776777777855
2019-09-16 06:00:00,1.1030124138888895
2019-09-16 07:00:00,0.0
2019-09-16 08:00:00,0.13489784444444441
2019-09-16 09:00:00,0.2776753694444444
2019-09-16 10:00:00,0.0
2019-09-16 11:00:00,0.0
2019-09-16 12:00:00,0.0
2019-09-16 13:00:00,1.4471055221217148
2019-09-16 14:00:00,9.792216631122958
2019-09-16 15:00:00,37.30627245017463
2019-09-16 16:00:00,74.82101375810753
2019-09-16 17:00:00,70.09913591012773
2019-09-16 18:00:00,54.43677801252136
2019-09-16 19:00:00,42.70324165765268
2019-09-16 20:00:00,47.95417309420779
2019-09-16 21:00:00,24.9273813142255
2019-09-16 22:00:00,14.933218033740577
2019-09-16 23:00:00,11.78093135442833
2019-09-17 00:00:00,21.278361295321215
2019-09-17 01:00:00,23.74962196486755
2019-09-17 02:00:00,38.416441302387035
2019-09-17 03:00:00,21.51240710080135
2019-09-17 04:00:00,8.299393252777776
2019-09-17 05:00:00,0.38163129166666665
2019-09-17 06:00:00,0.0
2019-09-17 07:00:00,5.432034116666659
2019-09-17 08:00:00,6.31416454722224
2019-09-17 09:00:00,6.287626766666686
2019-09-17 10:00:00,6.329509322222262
2019-09-17 11:00:00,6.35126642777779
2019-09-17 12:00:00,6.3877726388888645
2019-09-17 13:00:00,8.895691686249618
2019-09-17 14:00:00,19.92359273399912
2019-09-17 15:00:00,43.16952402606747
2019-09-17 16:00:00,50.90200918830689
2019-09-17 17:00:00,45.587403621869704
2019-09-17 18:00:00,33.3366332572619
2019-09-17 19:00:00,33.2354723628295
2019-09-17 20:00:00,32.79604676819864
2019-09-17 21:00:00,23.754274313442334
2019-09-17 22:00:00,15.062073241021377
2019-09-17 23:00:00,25.392342117198115
2019-09-18 00:00:00,22.078271144264257
2019-09-18 01:00:00,10.35088003275282
2019-09-18 02:00:00,4.376361184457633
2019-09-18 03:00:00,3.0072249472222197
2019-09-18 04:00:00,7.5968007202777565
2019-09-18 05:00:00,7.374325543888877
2019-09-18 06:00:00,7.386433702499965
2019-09-18 07:00:00,7.401059540683063
2019-09-18 08:00:00,0.3938765895514093
2019-09-18 09:00:00,0.0
2019-09-18 10:00:00,0.0
2019-09-18 11:00:00,0.0
2019-09-18 12:00:00,0.0
2019-09-18 13:00:00,0.0
2019-09-18 14:00:00,5.374295279678031
2019-09-18 15:00:00,27.170888286618887
2019-09-18 16:00:00,45.0106876336543
2019-09-18 17:00:00,45.45697491354983
2019-09-18 18:00:00,31.4520859441957
2019-09-18 19:00:00,29.39904792728114
2019-09-18 20:00:00,16.370709130275493
2019-09-18 21:00:00,12.480970235573107
2019-09-18 22:00:00,9.473087303532573
2019-09-18 23:00:00,3.730574747648497
2019-09-19 00:00:00,3.8264166798224144
2019-09-19 01:00:00,20.511017090047254
2019-09-19 02:00:00,38.25584693464205
2019-09-19 03:00:00,10.72596515044528
2019-09-19 04:00:00,3.0720477083170428
2019-09-19 05:00:00,0.0003217030520251021
2019-09-19 06:00:00,0.0004952058216574444
2019-09-19 07:00:00,0.0001626588465296889
2019-09-19 08:00:00,0.0
2019-09-19 09:00:00,0.0
2019-09-19 10:00:00,0.0
2019-09-19 11:00:00,0.0
2019-09-19 12:00:00,1.3253225936788642
2019-09-19 13:00:00,9.648759500247705
2019-09-19 14:00:00,11.558519561198288
2019-09-19 15:00:00,30.444088542000024
2019-09-19 16:00:00,70.95667941799533
2019-09-19 17:00:00,62.22356699524338
2019-09-19 18:00:00,42.11917336793109
2019-09-19 19:00:00,31.404215167244697
2019-09-19 20:00:00,16.13138546094546
2019-09-19 21:00:00,7.126702566666669
2019-09-19 22:00:00,8.330150515037863
2019-09-19 23:00:00,11.185200571111105
2019-09-20 00:00:00,20.38904031111118
2019-09-20 01:00:00,29.56650368945019
2019-09-20 02:00:00,31.034254774337466
2019-09-20 03:00:00,9.340981105854123
2019-09-20 04:00:00,9.45992682944069
2019-09-20 05:00:00,3.250977636453236
2019-09-20 06:00:00,6.481371526246347
2019-09-20 07:00:00,6.460907783333318
2019-09-20 08:00:00,6.4590778472222095
2019-09-20 09:00:00,0.31157621944444436
2019-09-20 10:00:00,0.0
2019-09-20 11:00:00,0.0
2019-09-20 12:00:00,0.0
2019-09-20 13:00:00,1.8705513438679864
2019-09-20 14:00:00,12.663041103254008
2019-09-20 15:00:00,34.458431943720875
2019-09-20 16:00:00,65.26929839622763
2019-09-20 17:00:00,56.02617805530123
2019-09-20 18:00:00,50.83064444469781
2019-09-20 19:00:00,48.91560915069792
2019-09-20 20:00:00,31.830023079713122
2019-09-20 21:00:00,22.608820111271218
2019-09-20 22:00:00,10.934369522860253
2019-09-20 23:00:00,9.996214555275875
2019-09-21 00:00:00,16.395783217754662
2019-09-21 01:00:00,22.115909553888905
2019-09-21 02:00:00,20.262325549483624
2019-09-21 03:00:00,20.667356340856028
2019-09-21 04:00:00,9.323076001987424
2019-09-21 05:00:00,5.0273750305555485
2019-09-21 06:00:00,8.158975804325857
2019-09-21 07:00:00,16.515984633116197
2019-09-21 08:00:00,16.370188661111076
2019-09-21 09:00:00,7.843130861388878
2019-09-21 10:00:00,0.0
2019-09-21 11:00:00,0.0
2019-09-21 12:00:00,0.23068057777777776
2019-09-21 13:00:00,3.5597902049999908
2019-09-21 14:00:00,7.231228822777778
2019-09-21 15:00:00,7.221409232777753
2019-09-21 16:00:00,7.607647158641756
2019-09-21 17:00:00,26.12604309428759
2019-09-21 18:00:00,15.99352982476289
2019-09-21 19:00:00,4.998242983252071
2019-09-21 20:00:00,16.667531004444438
2019-09-21 21:00:00,17.872862747222243
2019-09-21 22:00:00,17.016426417502405
2019-09-21 23:00:00,19.793364708497535
2019-09-22 00:00:00,9.391998727777779
2019-09-22 01:00:00,0.7907266083333315
2019-09-22 02:00:00,5.647300128888891
2019-09-22 03:00:00,21.900207251666664
2019-09-22 04:00:00,12.342129119252322
2019-09-22 05:00:00,9.167906194430238
2019-09-22 06:00:00,16.347474297664313
2019-09-22 07:00:00,16.311686863507497
2019-09-22 08:00:00,15.262198364756973
2019-09-22 09:00:00,12.9803453361292
2019-09-22 10:00:00,7.228890483821155
2019-09-22 11:00:00,1.8563784251113136
2019-09-22 12:00:00,0.1856732659932401
2019-09-22 13:00:00,0.00043733333333333336
2019-09-22 14:00:00,1.441096025000001
2019-09-22 15:00:00,11.14701292977356
2019-09-22 16:00:00,7.40242558098994
2019-09-22 17:00:00,7.141853497222196
2019-09-22 18:00:00,20.27031881666668
2019-09-22 19:00:00,25.24955427885383
2019-09-22 20:00:00,24.76048307110909
2019-09-22 21:00:00,25.34038097142938
2019-09-22 22:00:00,28.32386212612924
2019-09-22 23:00:00,27.617543273142623
2019-09-23 00:00:00,11.219931784925414
2019-09-23 01:00:00,3.464593703323623
2019-09-23 02:00:00,0.3616642999999993
2019-09-23 03:00:00,0.0
2019-09-23 04:00:00,2.2245272249999997
2019-09-23 05:00:00,0.6249507638888895
2019-09-23 06:00:00,0.0
2019-09-23 07:00:00,0.0
2019-09-23 08:00:00,0.0
2019-09-23 09:00:00,0.0
2019-09-23 10:00:00,0.0
2019-09-23 11:00:00,0.0
2019-09-23 12:00:00,0.0
2019-09-23 13:00:00,4.040156576516095
2019-09-23 14:00:00,8.766943134566906
2019-09-23 15:00:00,30.238824914857553
2019-09-23 16:00:00,65.60223653607373
2019-09-23 17:00:00,68.32197092857615
2019-09-23 18:00:00,64.14924297755874
2019-09-23 19:00:00,64.21883052374959
2019-09-23 20:00:00,49.665848460210114
2019-09-23 21:00:00,33.035179810688945
2019-09-23 22:00:00,19.52138815989674
2019-09-23 23:00:00,5.95098358860292
2019-09-24 00:00:00,16.081838784476545
2019-09-24 01:00:00,37.3091100872417
2019-09-24 02:00:00,30.318025624291536
2019-09-24 03:00:00,9.959388563888893
2019-09-24 04:00:00,5.30583630638889
2019-09-24 05:00:00,3.950031519166661
2019-09-24 06:00:00,0.0
2019-09-24 07:00:00,0.0
2019-09-24 08:00:00,0.0
2019-09-24 09:00:00,0.0
2019-09-24 10:00:00,0.0
2019-09-24 11:00:00,0.0
2019-09-24 12:00:00,0.4987445552297783
2019-09-24 13:00:00,5.439882941239181
2019-09-24 14:00:00,13.292727623637216
2019-09-24 15:00:00,40.519138695163264
2019-09-24 16:00:00,46.79712353353468
2019-09-24 17:00:00,32.48095646120624
2019-09-24 18:00:00,31.530616794503892
2019-09-24 19:00:00,26.591905517687454
2019-09-24 20:00:00,21.12538706786194
2019-09-24 21:00:00,5.58335177833697
2019-09-24 22:00:00,4.838659121057334
2019-09-24 23:00:00,7.510751809112911
2019-09-25 00:00:00,12.239878157846942
2019-09-25 01:00:00,5.674610209475756
2019-09-25 02:00:00,17.9630365472222
2019-09-25 03:00:00,21.67760514166669
2019-09-25 04:00:00,12.268615199999978
2019-09-25 05:00:00,9.65362771944445
2019-09-25 06:00:00,1.682853872222225
2019-09-25 07:00:00,0.0
2019-09-25 08:00:00,0.0
2019-09-25 09:00:00,0.0
2019-09-25 10:00:00,0.0
2019-09-25 11:00:00,0.0
2019-09-25 12:00:00,0.0
2019-09-25 13:00:00,0.0
2019-09-25 14:00:00,13.703404175082168
2019-09-25 15:00:00,36.33260727445847
2019-09-25 16:00:00,58.8081718341449
2019-09-25 17:00:00,52.670367404209514
2019-09-25 18:00:00,47.516197522990744
2019-09-25 19:00:00,37.55113205346169
2019-09-25 20:00:00,35.38116690982403
2019-09-25 21:00:00,18.929076061368967
2019-09-25 22:00:00,10.330125109395034
2019-09-25 23:00:00,6.955523700681543
2019-09-26 00:00:00,10.72031445614928
2019-09-26 01:00:00,16.34104186929134
2019-09-26 02:00:00,12.591088690686867
2019-09-26 03:00:00,7.326476772222227
2019-09-26 04:00:00,11.349162341666656
2019-09-26 05:00:00,8.374528497222224
2019-09-26 06:00:00,7.418780191666644
2019-09-26 07:00:00,0.8813665916666658
2019-09-26 08:00:00,2.8415018485932966
2019-09-26 09:00:00,3.7218946627553104
2019-09-26 10:00:00,0.0
2019-09-26 11:00:00,0.0
2019-09-26 12:00:00,5.28983075
2019-09-26 13:00:00,16.447571199999995
2019-09-26 14:00:00,10.48688818438812
2019-09-26 15:00:00,41.05003028588648
2019-09-26 16:00:00,46.98098379780747
2019-09-26 17:00:00,41.749155231594784
2019-09-26 18:00:00,20.956949367853174
2019-09-26 19:00:00,10.38347032109813
2019-09-26 20:00:00,16.80242444290213
2019-09-26 21:00:00,32.66033043209244
2019-09-26 22:00:00,17.833767297181343
2019-09-26 23:00:00,14.928351601422845
2019-09-27 00:00:00,25.899137169783028
2019-09-27 01:00:00,28.90438660736612
2019-09-27 02:00:00,28.23480642849059
2019-09-27 03:00:00,21.250121198392588
2019-09-27 04:00:00,8.862621755555573
2019-09-27 05:00:00,0.8792027305555553
2019-09-27 06:00:00,0.0
2019-09-27 07:00:00,4.073171186111112
2019-09-27 08:00:00,6.255115472222248
2019-09-27 09:00:00,6.249228394444458
2019-09-27 10:00:00,6.251923858333363
2019-09-27 11:00:00,6.242809886111129
2019-09-27 12:00:00,3.7154195944444446
2019-09-27 13:00:00,3.1509502202858544
2019-09-27 14:00:00,14.897215447052695
2019-09-27 15:00:00,39.75886792649406
2019-09-27 16:00:00,43.828305109989586
2019-09-27 17:00:00,42.71156436621686
2019-09-27 18:00:00,37.54598910420405
2019-09-27 19:00:00,35.63520451791572
2019-09-27 20:00:00,40.968573689959555
2019-09-27 21:00:00,37.0540600841159
2019-09-27 22:00:00,20.080895023591143
2019-09-27 23:00:00,14.012798177769561
2019-09-28 00:00:00,13.969636889241887
2019-09-28 01:00:00,12.352515307725364
2019-09-28 02:00:00,5.097292794444446
2019-09-28 03:00:00,3.5460014111111056
2019-09-28 04:00:00,3.523534994444444
2019-09-28 05:00:00,3.8340929999671554
2019-09-28 06:00:00,0.0
2019-09-28 07:00:00,0.0
2019-09-28 08:00:00,0.0
2019-09-28 09:00:00,0.0
2019-09-28 10:00:00,0.0
2019-09-28 11:00:00,0.0
2019-09-28 12:00:00,0.0
2019-09-28 13:00:00,0.0
2019-09-28 14:00:00,2.17849219722222
2019-09-28 15:00:00,7.872373335655778
2019-09-28 16:00:00,11.26510540346609
2019-09-28 17:00:00,13.587825704199368
2019-09-28 18:00:00,23.312488731298828
2019-09-28 19:00:00,25.737953118742436
2019-09-28 20:00:00,35.63541033128807
2019-09-28 21:00:00,24.938195989211685
2019-09-28 22:00:00,33.078276425211754
2019-09-28 23:00:00,33.47310393276342
2019-09-29 00:00:00,41.15865884974834
2019-09-29 01:00:00,48.843684360459584
2019-09-29 02:00:00,36.06931859701288
2019-09-29 03:00:00,17.6221658650351
2019-09-29 04:00:00,9.36729082447135
2019-09-29 05:00:00,2.837652255892904
2019-09-29 06:00:00,0.6236448615185071
2019-09-29 07:00:00,0.0
2019-09-29 08:00:00,0.0
2019-09-29 09:00:00,0.0
2019-09-29 10:00:00,0.0
2019-09-29 11:00:00,0.0
2019-09-29 12:00:00,0.0
2019-09-29 13:00:00,0.0
2019-09-29 14:00:00,0.0
2019-09-29 15:00:00,0.7999664861111108
2019-09-29 16:00:00,8.747275172222222
2019-09-29 17:00:00,14.020560522222207
2019-09-29 18:00:00,20.436953047222243
2019-09-29 19:00:00,16.976918008055556
2019-09-29 20:00:00,9.34986332805554
2019-09-29 21:00:00,12.219048630555545
2019-09-29 22:00:00,42.587411788182855
2019-09-29 23:00:00,38.86279580486003
2019-09-30 00:00:00,17.361196397722253
2019-09-30 01:00:00,7.771988367500008
2019-09-30 02:00:00,10.578124841666689
2019-09-30 03:00:00,3.892215010833332
2019-09-30 04:00:00,0.0
2019-09-30 05:00:00,0.03656075555555556
2019-09-30 06:00:00,0.0
2019-09-30 07:00:00,0.0
2019-09-30 08:00:00,0.0
2019-09-30 09:00:00,0.0
2019-09-30 10:00:00,0.0
2019-09-30 11:00:00,0.0
2019-09-30 12:00:00,0.0
2019-09-30 13:00:00,3.5705171108932863
2019-09-30 14:00:00,9.858747117600025
2019-09-30 15:00:00,45.07974616551854
2019-09-30 16:00:00,65.50061430907635
2019-09-30 17:00:00,69.94486508238663
2019-09-30 18:00:00,72.67598600765639
2019-09-30 19:00:00,72.71147621869775
2019-09-30 20:00:00,67.36582424188948
2019-09-30 21:00:00,48.465733968253296
2019-09-30 22:00:00,20.96118624684885
2019-09-30 23:00:00,7.566519185106124
2019-10-01 00:00:00,3.1566611860919305
2019-10-01 01:00:00,18.75726886449561
2019-10-01 02:00:00,32.584666981260746
2019-10-01 03:00:00,35.459580785263405
2019-10-01 04:00:00,20.783162877734092
2019-10-01 05:00:00,23.11481063333338
2019-10-01 06:00:00,15.863900486111147
2019-10-01 07:00:00,6.316909794444458
2019-10-01 08:00:00,6.318556822222211
2019-10-01 09:00:00,6.383082347222232
2019-10-01 10:00:00,4.759428241666675
2019-10-01 11:00:00,0.0
2019-10-01 12:00:00,3.9246843611111073
2019-10-01 13:00:00,19.037489892939874
2019-10-01 14:00:00,10.30145307373562
2019-10-01 15:00:00,40.99708758554462
2019-10-01 16:00:00,62.997422901451856
2019-10-01 17:00:00,68.74550480356875
2019-10-01 18:00:00,42.96043138312885
2019-10-01 19:00:00,34.63176781653651
2019-10-01 20:00:00,23.54038426319363
2019-10-01 21:00:00,24.777053541585175
2019-10-01 22:00:00,20.49011478935861
2019-10-01 23:00:00,18.56995215198165
2019-10-02 00:00:00,11.998572986300857
2019-10-02 01:00:00,18.14868259306472
2019-10-02 02:00:00,42.804843833042305
2019-10-02 03:00:00,43.66498086972905
2019-10-02 04:00:00,25.45744691690542
2019-10-02 05:00:00,10.08081655555555
2019-10-02 06:00:00,6.800467725000006
2019-10-02 07:00:00,6.848070177777755
2019-10-02 08:00:00,6.934597999999985
2019-10-02 09:00:00,3.9317839027777786
2019-10-02 10:00:00,0.0
2019-10-02 11:00:00,0.0
2019-10-02 12:00:00,3.482837438888888
2019-10-02 13:00:00,14.942659077870081
2019-10-02 14:00:00,7.719339460099693
2019-10-02 15:00:00,27.285443163398206
2019-10-02 16:00:00,68.3292610408143
2019-10-02 17:00:00,66.08835561346687
2019-10-02 18:00:00,38.36383498554317
2019-10-02 19:00:00,19.4382032530194
2019-10-02 20:00:00,14.358288655579694
2019-10-02 21:00:00,6.115847371719883
2019-10-02 22:00:00,8.045255306014457
2019-10-02 23:00:00,0.34290439166666664
2019-10-03 00:00:00,0.364912172222222
2019-10-03 01:00:00,19.821908938612072
2019-10-03 02:00:00,22.127338778214412
2019-10-03 03:00:00,19.144218692546595
2019-10-03 04:00:00,12.569735812500001
2019-10-03 05:00:00,17.32244394444445
2019-10-03 06:00:00,8.517301791666686
2019-10-03 07:00:00,6.755550905555545
2019-10-03 08:00:00,6.372911402777757
2019-10-03 09:00:00,6.4098196083333105
2019-10-03 10:00:00,17.64212037777774
2019-10-03 11:00:00,9.362580375000007
2019-10-03 12:00:00,6.354176997222179
2019-10-03 13:00:00,6.4775967055554915
2019-10-03 14:00:00,7.607977842244092
2019-10-03 15:00:00,32.79300139126393
2019-10-03 16:00:00,38.592813739429175
2019-10-03 17:00:00,45.65870814235134
2019-10-03 18:00:00,30.552554504431747
2019-10-03 19:00:00,17.9915651427799
2019-10-03 20:00:00,16.931432970854768
2019-10-03 21:00:00,7.65691265444443
2019-10-03 22:00:00,0.5926724903850327
2019-10-03 23:00:00,0.28328659999999944
2019-10-04 00:00:00,1.3048733722222217
2019-10-04 01:00:00,23.64247435585811
2019-10-04 02:00:00,41.43474260038257
2019-10-04 03:00:00,33.67420204407991
2019-10-04 04:00:00,16.455312743697366
2019-10-04 05:00:00,0.0
2019-10-04 06:00:00,0.0
2019-10-04 07:00:00,0.0
2019-10-04 08:00:00,0.0
2019-10-04 09:00:00,0.0
2019-10-04 10:00:00,0.0
2019-10-04 11:00:00,0.0
2019-10-04 12:00:00,0.0
2019-10-04 13:00:00,3.3282168784614106
2019-10-04 14:00:00,12.460217799760416
2019-10-04 15:00:00,40.94944143846128
2019-10-04 16:00:00,60.553910543236725
2019-10-04 17:00:00,59.361923612704715
2019-10-04 18:00:00,54.16409800141352
2019-10-04 19:00:00,42.50518414793872
2019-10-04 20:00:00,31.497838833574725
2019-10-04 21:00:00,30.413480477758434
2019-10-04 22:00:00,15.357781281382103
2019-10-04 23:00:00,7.637816664871336
2019-10-05 00:00:00,5.069214459019678
2019-10-05 01:00:00,15.238639336699313
2019-10-05 02:00:00,31.597891567758264
2019-10-05 03:00:00,29.36772894346722
2019-10-05 04:00:00,19.182569627992343
2019-10-05 05:00:00,5.130121936111112
2019-10-05 06:00:00,0.4216956777777777
2019-10-05 07:00:00,0.0
2019-10-05 08:00:00,0.0
2019-10-05 09:00:00,0.0
2019-10-05 10:00:00,0.0
2019-10-05 11:00:00,0.0
2019-10-05 12:00:00,0.0
2019-10-05 13:00:00,0.0
2019-10-05 14:00:00,4.383685763930403
2019-10-05 15:00:00,9.702463466388885
2019-10-05 16:00:00,26.161275203552293
2019-10-05 17:00:00,20.959983367629206
2019-10-05 18:00:00,23.26145846782738
2019-10-05 19:00:00,22.617013024722272
2019-10-05 20:00:00,7.695704722222222
2019-10-05 21:00:00,13.770347513888897
2019-10-05 22:00:00,25.703843027777815
2019-10-05 23:00:00,19.983854738888887
2019-10-06 00:00:00,7.330534166666676
2019-10-06 01:00:00,11.507852569444456
2019-10-06 02:00:00,9.249466461111115
2019-10-06 03:00:00,20.311121886111096
2019-10-06 04:00:00,22.772244452777805
2019-10-06 05:00:00,18.50700224444448
2019-10-06 06:00:00,16.851800538888913
2019-10-06 07:00:00,6.405475863888861
2019-10-06 08:00:00,6.4521062611111075
2019-10-06 09:00:00,6.487055266666614
2019-10-06 10:00:00,6.43395610833333
2019-10-06 11:00:00,6.331009702777767
2019-10-06 12:00:00,3.0105676388888822
2019-10-06 13:00:00,12.176561203567891
2019-10-06 14:00:00,10.686220602777793
2019-10-06 15:00:00,10.77639383888892
2019-10-06 16:00:00,10.541797780197061
2019-10-06 17:00:00,6.506679178886589
2019-10-06 18:00:00,12.13630901241683
2019-10-06 19:00:00,13.49855093020274
2019-10-06 20:00:00,11.715492050303492
2019-10-06 21:00:00,7.131488263079899
2019-10-06 22:00:00,13.580256401066325
2019-10-06 23:00:00,13.286633822871908
2019-10-07 00:00:00,12.821763616295797
2019-10-07 01:00:00,10.114631045048922
2019-10-07 02:00:00,15.948879841377586
2019-10-07 03:00:00,15.896863522128822
2019-10-07 04:00:00,6.5839135259368105
2019-10-07 05:00:00,1.1390709250000002
2019-10-07 06:00:00,9.353550569444437
2019-10-07 07:00:00,7.81693867777776
2019-10-07 08:00:00,1.7766180611111106
2019-10-07 09:00:00,0.0
2019-10-07 10:00:00,0.1783007305555555
2019-10-07 11:00:00,0.23370211111111108
2019-10-07 12:00:00,1.11464165
2019-10-07 13:00:00,16.421957472596816
2019-10-07 14:00:00,8.44441738317491
2019-10-07 15:00:00,30.67034680698374
2019-10-07 16:00:00,53.95419154482845
2019-10-07 17:00:00,72.55684200484444
2019-10-07 18:00:00,74.77447034165849
2019-10-07 19:00:00,62.87470025441683
2019-10-07 20:00:00,55.68258070043859
2019-10-07 21:00:00,29.86876542797913
2019-10-07 22:00:00,19.034733336111103
2019-10-07 23:00:00,30.652704807388314
2019-10-08 00:00:00,31.316825185368234
2019-10-08 01:00:00,42.94292877853428
2019-10-08 02:00:00,39.699874143349206
2019-10-08 03:00:00,24.565903677777747
2019-10-08 04:00:00,24.52149467499999
2019-10-08 05:00:00,6.08182999999999
2019-10-08 06:00:00,13.866018473611103
2019-10-08 07:00:00,14.585331616666666
2019-10-08 08:00:00,6.854376313888887
2019-10-08 09:00:00,0.0
2019-10-08 10:00:00,0.0
2019-10-08 11:00:00,0.0
2019-10-08 12:00:00,0.0
2019-10-08 13:00:00,1.6045944695093648
2019-10-08 14:00:00,15.75903354042597
2019-10-08 15:00:00,48.11060756432787
2019-10-08 16:00:00,47.08846354085587
2019-10-08 17:00:00,52.76721202621635
2019-10-08 18:00:00,60.460978941343804
2019-10-08 19:00:00,32.63031601167041
2019-10-08 20:00:00,21.648869595584866
2019-10-08 21:00:00,14.50830489829219
2019-10-08 22:00:00,17.93996561656754
2019-10-08 23:00:00,12.794970114497222
2019-10-09 00:00:00,20.400005494102867
2019-10-09 01:00:00,42.40716567233395
2019-10-09 02:00:00,40.56874261927335
2019-10-09 03:00:00,24.105602549999983
2019-10-09 04:00:00,16.129229147222237
2019-10-09 05:00:00,6.327864888888863
2019-10-09 06:00:00,9.562183242557534
2019-10-09 07:00:00,8.589931508342586
2019-10-09 08:00:00,6.2809592583333425
2019-10-09 09:00:00,0.575088275
2019-10-09 10:00:00,0.0
2019-10-09 11:00:00,0.0
2019-10-09 12:00:00,0.0
2019-10-09 13:00:00,2.846815370913704
2019-10-09 14:00:00,14.866678796566518
2019-10-09 15:00:00,35.52219588444935
2019-10-09 16:00:00,65.3777899743826
2019-10-09 17:00:00,54.27403201276038
2019-10-09 18:00:00,31.175559828706263
2019-10-09 19:00:00,9.11262076107555
2019-10-09 20:00:00,20.060727723927766
2019-10-09 21:00:00,8.54270535237866
2019-10-09 22:00:00,13.189121447262764
2019-10-09 23:00:00,17.2642774459863
2019-10-10 00:00:00,12.73519603511696
2019-10-10 01:00:00,18.381143659075196
2019-10-10 02:00:00,23.889163682405485
2019-10-10 03:00:00,12.970134186120445
2019-10-10 04:00:00,11.569973083333338
2019-10-10 05:00:00,14.715792408065907
2019-10-10 06:00:00,8.36177350444444
2019-10-10 07:00:00,3.558082558333337
2019-10-10 08:00:00,3.615674249999994
2019-10-10 09:00:00,0.0
2019-10-10 10:00:00,0.0
2019-10-10 11:00:00,0.0
2019-10-10 12:00:00,0.0
2019-10-10 13:00:00,4.342585455112493
2019-10-10 14:00:00,10.58144593399445
2019-10-10 15:00:00,59.39647933000319
2019-10-10 16:00:00,74.30479893910099
2019-10-10 17:00:00,61.75113702639762
2019-10-10 18:00:00,35.10196028815489
2019-10-10 19:00:00,20.865388605131066
2019-10-10 20:00:00,21.296579800342037
2019-10-10 21:00:00,18.94814266177623
2019-10-10 22:00:00,14.80131607396806
2019-10-10 23:00:00,23.64002077826049
2019-10-11 00:00:00,21.89072586106411
2019-10-11 01:00:00,25.67103476588367
2019-10-11 02:00:00,29.128992090522598
2019-10-11 03:00:00,37.23351287628819
2019-10-11 04:00:00,36.733371700173905
2019-10-11 05:00:00,15.539285930555547
2019-10-11 06:00:00,7.56204846833333
2019-10-11 07:00:00,12.717536147222235
2019-10-11 08:00:00,13.164719938888869
2019-10-11 09:00:00,12.83703228055553
2019-10-11 10:00:00,17.32424375555555
2019-10-11 11:00:00,21.326651366666617
2019-10-11 12:00:00,13.354419591666613
2019-10-11 13:00:00,12.66535159305326
2019-10-11 14:00:00,3.949537625560084
2019-10-11 15:00:00,41.80572247132406
2019-10-11 16:00:00,61.12724990143265
2019-10-11 17:00:00,48.640836907311574
2019-10-11 18:00:00,35.28316871946736
2019-10-11 19:00:00,21.555594353684885
2019-10-11 20:00:00,12.696455116202312
2019-10-11 21:00:00,13.180300879298304
2019-10-11 22:00:00,13.659809681085022
2019-10-11 23:00:00,13.649673371914865
2019-10-12 00:00:00,12.319183514234332
2019-10-12 01:00:00,24.874845982789033
2019-10-12 02:00:00,19.99817844969789
2019-10-12 03:00:00,12.648575211111122
2019-10-12 04:00:00,16.949382523333387
2019-10-12 05:00:00,11.32576737277781
2019-10-12 06:00:00,2.4152049777777753
2019-10-12 07:00:00,1.812704132222222
2019-10-12 08:00:00,0.0
2019-10-12 09:00:00,1.2814496972222225
2019-10-12 10:00:00,0.0
2019-10-12 11:00:00,0.0
2019-10-12 12:00:00,0.0
2019-10-12 13:00:00,0.0
2019-10-12 14:00:00,0.8584424161111114
2019-10-12 15:00:00,0.5957507808333334
2019-10-12 16:00:00,7.085217403368816
2019-10-12 17:00:00,11.89449652231772
2019-10-12 18:00:00,25.854972430047518
2019-10-12 19:00:00,12.822621711711994
2019-10-12 20:00:00,3.703431498337416
2019-10-12 21:00:00,5.1989056235459445
2019-10-12 22:00:00,8.298691834399847
2019-10-12 23:00:00,4.102667161111106
2019-10-13 00:00:00,2.401211280555556
2019-10-13 01:00:00,4.511994752777784
2019-10-13 02:00:00,15.656623524444383
2019-10-13 03:00:00,13.04955153055555
2019-10-13 04:00:00,12.05432379444445
2019-10-13 05:00:00,15.873271994472205
2019-10-13 06:00:00,7.206825038333334
2019-10-13 07:00:00,6.412840066666658
2019-10-13 08:00:00,6.318764361111121
2019-10-13 09:00:00,6.403416066666651
2019-10-13 10:00:00,12.562912505555579
2019-10-13 11:00:00,6.3132788527777635
2019-10-13 12:00:00,6.405259202777803
2019-10-13 13:00:00,5.540152027777757
2019-10-13 14:00:00,0.5956492555555541
2019-10-13 15:00:00,0.0
2019-10-13 16:00:00,5.011128030766303
2019-10-13 17:00:00,10.975029888020648
2019-10-13 18:00:00,15.024466423135038
2019-10-13 19:00:00,28.88910094173505
2019-10-13 20:00:00,22.417867214864714
2019-10-13 21:00:00,33.384647108420666
2019-10-13 22:00:00,47.63638623550541
2019-10-13 23:00:00,40.655062796982385
2019-10-14 00:00:00,16.88141887445945
2019-10-14 01:00:00,13.507692138825423
2019-10-14 02:00:00,13.80942525599425
2019-10-14 03:00:00,7.123145733077765
2019-10-14 04:00:00,6.820555988888889
2019-10-14 05:00:00,6.753392827777785
2019-10-14 06:00:00,2.6773313499999976
2019-10-14 07:00:00,6.259380697222239
2019-10-14 08:00:00,6.262068899999996
2019-10-14 09:00:00,6.263141244444478
2019-10-14 10:00:00,6.260537694444461
2019-10-14 11:00:00,6.265942127777786
2019-10-14 12:00:00,5.201165802777783
2019-10-14 13:00:00,0.17331233055555526
2019-10-14 14:00:00,9.489383964327978
2019-10-14 15:00:00,26.3783663239998
2019-10-14 16:00:00,47.66040159781292
2019-10-14 17:00:00,62.50083653725192
2019-10-14 18:00:00,44.750300447950394
2019-10-14 19:00:00,38.49750491385169
2019-10-14 20:00:00,41.84247238096396
2019-10-14 21:00:00,45.18876739041759
2019-10-14 22:00:00,34.9333871176365
2019-10-14 23:00:00,32.7756235934509
2019-10-15 00:00:00,14.855495449614455
2019-10-15 01:00:00,26.376650368415632
2019-10-15 02:00:00,24.30659722856202
2019-10-15 03:00:00,18.85951601208594
2019-10-15 04:00:00,10.68661157777774
2019-10-15 05:00:00,5.726027527777779
2019-10-15 06:00:00,3.2852968805555602
2019-10-15 07:00:00,5.226719083324653
2019-10-15 08:00:00,0.0
2019-10-15 09:00:00,0.0
2019-10-15 10:00:00,0.0
2019-10-15 11:00:00,0.0
2019-10-15 12:00:00,0.0
2019-10-15 13:00:00,4.441345584881126
2019-10-15 14:00:00,10.835668589684055
2019-10-15 15:00:00,30.742333196733263
2019-10-15 16:00:00,51.12445664579468
2019-10-15 17:00:00,51.415860899141926
2019-10-15 18:00:00,38.86031561619999
2019-10-15 19:00:00,28.37873107572354
2019-10-15 20:00:00,25.304660480857127
2019-10-15 21:00:00,21.065824394007194
2019-10-15 22:00:00,13.298231865806162
2019-10-15 23:00:00,5.636418560679831
2019-10-16 00:00:00,7.84881954998666
2019-10-16 01:00:00,7.009512272191582
2019-10-16 02:00:00,15.531276108105125
2019-10-16 03:00:00,38.45134163157972
2019-10-16 04:00:00,25.750068007475726
2019-10-16 05:00:00,13.029848577697987
2019-10-16 06:00:00,24.720527305802648
2019-10-16 07:00:00,14.416946683333359
2019-10-16 08:00:00,5.0976530666666715
2019-10-16 09:00:00,3.457030352777786
2019-10-16 10:00:00,0.8994187166666675
2019-10-16 11:00:00,10.043757497222211
2019-10-16 12:00:00,0.0
2019-10-16 13:00:00,0.0
2019-10-16 14:00:00,2.912187455132125
2019-10-16 15:00:00,45.7801712959956
2019-10-16 16:00:00,68.09672090201867
2019-10-16 17:00:00,47.4510114732959
2019-10-16 18:00:00,39.04781445365613
2019-10-16 19:00:00,28.79027310805747
2019-10-16 20:00:00,40.871376854695875
2019-10-16 21:00:00,43.92896264178886
2019-10-16 22:00:00,21.440904104455825
2019-10-16 23:00:00,20.96612977886044
2019-10-17 00:00:00,34.88918987918015
2019-10-17 01:00:00,38.2394183939018
2019-10-17 02:00:00,39.65222374480013
2019-10-17 03:00:00,27.538019408333362
2019-10-17 04:00:00,21.18205726388894
2019-10-17 05:00:00,18.793978833333348
2019-10-17 06:00:00,16.9752525555555
2019-10-17 07:00:00,7.13517681991149
2019-10-17 08:00:00,1.8513215423051612
2019-10-17 09:00:00,0.0
2019-10-17 10:00:00,0.0
2019-10-17 11:00:00,0.0
2019-10-17 12:00:00,0.0
2019-10-17 13:00:00,3.4988134767015815
2019-10-17 14:00:00,10.528751520581624
2019-10-17 15:00:00,36.892126421820684
2019-10-17 16:00:00,54.26787723465253
2019-10-17 17:00:00,60.94746445035897
2019-10-17 18:00:00,42.23192739292667
2019-10-17 19:00:00,29.131971274370052
2019-10-17 20:00:00,16.59503989835996
2019-10-17 21:00:00,14.224482624207766
2019-10-17 22:00:00,15.085595368587844
2019-10-17 23:00:00,16.20513192500001
2019-10-18 00:00:00,37.238319890507604
2019-10-18 01:00:00,48.75722878212529
2019-10-18 02:00:00,58.6038215424808
2019-10-18 03:00:00,33.7287364994257
2019-10-18 04:00:00,23.400446763888898
2019-10-18 05:00:00,11.636593369444444
2019-10-18 06:00:00,8.057234861111121
2019-10-18 07:00:00,6.968951892364484
2019-10-18 08:00:00,6.679503027777806
2019-10-18 09:00:00,0.596859475
2019-10-18 10:00:00,0.0
2019-10-18 11:00:00,8.505614605555557
2019-10-18 12:00:00,0.0
2019-10-18 13:00:00,2.1684484587809782
2019-10-18 14:00:00,11.638854358752793
2019-10-18 15:00:00,35.86021411525948
2019-10-18 16:00:00,64.47039291469342
2019-10-18 17:00:00,64.334374101443
2019-10-18 18:00:00,41.64563427091296
2019-10-18 19:00:00,32.84188161338817
2019-10-18 20:00:00,19.63243010789887
2019-10-18 21:00:00,20.658648335284965
2019-10-18 22:00:00,8.575905208268072
2019-10-18 23:00:00,5.462979420475901
2019-10-19 00:00:00,26.205055064526622
2019-10-19 01:00:00,41.31031104655093
2019-10-19 02:00:00,28.462969941041518
2019-10-19 03:00:00,37.219564263971506
2019-10-19 04:00:00,39.67705089313929
2019-10-19 05:00:00,14.469703750000008
2019-10-19 06:00:00,11.458116380555563
2019-10-19 07:00:00,17.127153839166667
2019-10-19 08:00:00,8.619101045171647
2019-10-19 09:00:00,1.2630218388888887
2019-10-19 10:00:00,0.0016361333333333333
2019-10-19 11:00:00,0.40831895833333315
2019-10-19 12:00:00,12.876155366666657
2019-10-19 13:00:00,6.07012658799292
2019-10-19 14:00:00,8.487889434821053
2019-10-19 15:00:00,7.542128465277779
2019-10-19 16:00:00,10.461958280000015
2019-10-19 17:00:00,21.261737077985263
2019-10-19 18:00:00,18.85430862442454
2019-10-19 19:00:00,29.273616757765414
2019-10-19 20:00:00,27.127599538149727
2019-10-19 21:00:00,26.105517111040008
2019-10-19 22:00:00,23.187228445298466
2019-10-19 23:00:00,29.901022029811035
2019-10-20 00:00:00,35.30995753668574
2019-10-20 01:00:00,27.855593689443456
2019-10-20 02:00:00,36.73330529865778
2019-10-20 03:00:00,31.200729875071957
2019-10-20 04:00:00,26.39263354083413
2019-10-20 05:00:00,24.369738480462814
2019-10-20 06:00:00,24.251938092629082
2019-10-20 07:00:00,10.436953383342452
2019-10-20 08:00:00,6.303919726375276
2019-10-20 09:00:00,0.22541737565980402
2019-10-20 10:00:00,0.24323121750297452
2019-10-20 11:00:00,0.2331533723688509
2019-10-20 12:00:00,0.23800109703486483
2019-10-20 13:00:00,0.23550656224883304
2019-10-20 14:00:00,2.7528215811176056
2019-10-20 15:00:00,11.53570621220183
2019-10-20 16:00:00,10.089333197682551
2019-10-20 17:00:00,14.808763298333584
2019-10-20 18:00:00,34.25652684593037
2019-10-20 19:00:00,47.21529048573193
2019-10-20 20:00:00,42.21462595033651
2019-10-20 21:00:00,40.95133047577185
2019-10-20 22:00:00,30.21069823658774
2019-10-20 23:00:00,9.496314733336314
2019-10-21 00:00:00,14.603944821265342
2019-10-21 01:00:00,13.384169886111117
2019-10-21 02:00:00,15.511422832777793
2019-10-21 03:00:00,14.710930102371242
2019-10-21 04:00:00,8.107874438888874
2019-10-21 05:00:00,16.612001194444456
2019-10-21 06:00:00,7.42878951944442
2019-10-21 07:00:00,9.861458855555558
2019-10-21 08:00:00,9.80112718055554
2019-10-21 09:00:00,8.81264501666667
2019-10-21 10:00:00,6.665122066666641
2019-10-21 11:00:00,6.883672780555532
2019-10-21 12:00:00,6.956795677777787
2019-10-21 13:00:00,8.853624799928197
2019-10-21 14:00:00,7.650158346411674
2019-10-21 15:00:00,60.27772823110338
2019-10-21 16:00:00,69.9138119555666
2019-10-21 17:00:00,88.67640049302389
2019-10-21 18:00:00,75.71084857863605
2019-10-21 19:00:00,58.24943375836959
2019-10-21 20:00:00,28.027955972594977
2019-10-21 21:00:00,23.543053070923325
2019-10-21 22:00:00,14.246720033470456
2019-10-21 23:00:00,2.3055320216356883
2019-10-22 00:00:00,25.930501143887493
2019-10-22 01:00:00,36.87334853323646
2019-10-22 02:00:00,40.33826662494101
2019-10-22 03:00:00,16.26900882798841
2019-10-22 04:00:00,14.4748993316667
2019-10-22 05:00:00,10.285306683333319
2019-10-22 06:00:00,6.583739305555566
2019-10-22 07:00:00,6.442869372222233
2019-10-22 08:00:00,6.854740705555556
2019-10-22 09:00:00,6.603411341666657
2019-10-22 10:00:00,6.893586130555539
2019-10-22 11:00:00,4.359862602777782
2019-10-22 12:00:00,0.11230328228516681
2019-10-22 13:00:00,8.909051721949776
2019-10-22 14:00:00,16.573980584844943
2019-10-22 15:00:00,39.29528845845238
2019-10-22 16:00:00,69.78867418926076
2019-10-22 17:00:00,62.34422433978848
2019-10-22 18:00:00,40.09276625671469
2019-10-22 19:00:00,23.412792652516043
2019-10-22 20:00:00,19.699740092703852
2019-10-22 21:00:00,22.69844023888893
2019-10-22 22:00:00,15.257219031084997
2019-10-22 23:00:00,16.864423923407724
2019-10-23 00:00:00,25.711198359598832
2019-10-23 01:00:00,34.50988167918196
2019-10-23 02:00:00,42.26868470883274
2019-10-23 03:00:00,39.426574714414784
2019-10-23 04:00:00,26.217862554457874
2019-10-23 05:00:00,23.566682270891665
2019-10-23 06:00:00,10.49939496388889
2019-10-23 07:00:00,1.3554658555555523
2019-10-23 08:00:00,0.018854177777777776
2019-10-23 09:00:00,0.0
2019-10-23 10:00:00,0.0
2019-10-23 11:00:00,0.0
2019-10-23 12:00:00,0.0
2019-10-23 13:00:00,3.001189460192639
2019-10-23 14:00:00,6.779183351795888
2019-10-23 15:00:00,42.58414124313653
2019-10-23 16:00:00,69.18470246796161
2019-10-23 17:00:00,61.46113265432264
2019-10-23 18:00:00,28.547088150111264
2019-10-23 19:00:00,13.418149600600053
2019-10-23 20:00:00,17.978118320147694
2019-10-23 21:00:00,9.484617350165543
2019-10-23 22:00:00,14.717311138894367
2019-10-23 23:00:00,26.194343534852152
2019-10-24 00:00:00,15.771901541799977
2019-10-24 01:00:00,12.331683924682208
2019-10-24 02:00:00,13.837110910585633
2019-10-24 03:00:00,7.737119688055564
2019-10-24 04:00:00,5.742179008333333
2019-10-24 05:00:00,6.217075088888889
2019-10-24 06:00:00,9.463290302777791
2019-10-24 07:00:00,8.897262522222226
2019-10-24 08:00:00,6.31945149722223
2019-10-24 09:00:00,6.379848119444434
2019-10-24 10:00:00,15.330594205555547
2019-10-24 11:00:00,6.3877199222222165
2019-10-24 12:00:00,7.80592234569658
2019-10-24 13:00:00,6.907674743040833
2019-10-24 14:00:00,6.885161012273858
2019-10-24 15:00:00,60.96081189181971
2019-10-24 16:00:00,84.06310558764217
2019-10-24 17:00:00,74.61988787188633
2019-10-24 18:00:00,41.8970547657666
2019-10-24 19:00:00,23.05577362850429
2019-10-24 20:00:00,34.94431143827741
2019-10-24 21:00:00,16.194615864950485
2019-10-24 22:00:00,9.240753286241414
2019-10-24 23:00:00,8.71173274104369
2019-10-25 00:00:00,18.253801415142284
2019-10-25 01:00:00,32.727958542359
2019-10-25 02:00:00,38.53140033191673
2019-10-25 03:00:00,34.42868811231938
2019-10-25 04:00:00,33.301190911437295
2019-10-25 05:00:00,15.602083722214045
2019-10-25 06:00:00,18.833544997222248
2019-10-25 07:00:00,3.437169774999996
2019-10-25 08:00:00,0.0
2019-10-25 09:00:00,0.0
2019-10-25 10:00:00,0.0
2019-10-25 11:00:00,0.0
2019-10-25 12:00:00,0.0
2019-10-25 13:00:00,2.5457940626259026
2019-10-25 14:00:00,7.509514343433969
2019-10-25 15:00:00,34.70054049948567
2019-10-25 16:00:00,58.07635358277685
2019-10-25 17:00:00,75.48676781019668
2019-10-25 18:00:00,56.96368958466817
2019-10-25 19:00:00,21.290440531508295
2019-10-25 20:00:00,20.201156145077263
2019-10-25 21:00:00,17.497429752332163
2019-10-25 22:00:00,17.20465425053458
2019-10-25 23:00:00,15.613549195410558
2019-10-26 00:00:00,13.941744926058867
2019-10-26 01:00:00,9.033918619093969
2019-10-26 02:00:00,17.320789842798813
2019-10-26 03:00:00,6.143012807892418
2019-10-26 04:00:00,1.0132552555636136
2019-10-26 05:00:00,11.554859266354322
2019-10-26 06:00:00,19.94279089085096
2019-10-26 07:00:00,26.98156226777522
2019-10-26 08:00:00,25.87474600304119
2019-10-26 09:00:00,24.810512366666575
2019-10-26 10:00:00,30.016712630555503
2019-10-26 11:00:00,19.121010916666695
2019-10-26 12:00:00,19.314371372222205
2019-10-26 13:00:00,15.065327050000013
2019-10-26 14:00:00,8.64966488055557
2019-10-26 15:00:00,10.637232058333367
2019-10-26 16:00:00,13.495632248888947
2019-10-26 17:00:00,31.37841540222223
2019-10-26 18:00:00,29.41158100262052
2019-10-26 19:00:00,38.663282512736686
2019-10-26 20:00:00,34.171367907042445
2019-10-26 21:00:00,39.23107555556307
2019-10-26 22:00:00,37.75214040020251
2019-10-26 23:00:00,14.040857197806575
2019-10-27 00:00:00,4.619336210089921
2019-10-27 01:00:00,13.236303838888889
2019-10-27 02:00:00,18.032237658333308
2019-10-27 03:00:00,8.334208070555576
2019-10-27 04:00:00,2.267598824999998
2019-10-27 05:00:00,8.245229661111098
2019-10-27 06:00:00,15.969119391666688
2019-10-27 07:00:00,12.515826836800446
2019-10-27 08:00:00,6.586930012586063
2019-10-27 09:00:00,3.693337658788897
2019-10-27 10:00:00,0.40695503998044624
2019-10-27 11:00:00,0.23534097222222217
2019-10-27 12:00:00,0.23448210833333327
2019-10-27 13:00:00,0.23832111388888894
2019-10-27 14:00:00,0.2313564444444446
2019-10-27 15:00:00,7.283105299444435
2019-10-27 16:00:00,23.4978026341667
2019-10-27 17:00:00,41.67075823611112
2019-10-27 18:00:00,35.474767802222246
2019-10-27 19:00:00,38.07286733333337
2019-10-27 20:00:00,29.065616199444502
2019-10-27 21:00:00,18.586589963055616
2019-10-27 22:00:00,16.828026746504285
2019-10-27 23:00:00,23.049659780796265
2019-10-28 00:00:00,28.460549787843476
2019-10-28 01:00:00,30.503222000000065
2019-10-28 02:00:00,17.768961950000026
2019-10-28 03:00:00,13.64909104999998
2019-10-28 04:00:00,9.161871436111081
2019-10-28 05:00:00,10.182762050000012
2019-10-28 06:00:00,16.47860293611111
2019-10-28 07:00:00,16.280495969444484
2019-10-28 08:00:00,13.711226808333274
2019-10-28 09:00:00,2.236685894444443
2019-10-28 10:00:00,0.0
2019-10-28 11:00:00,0.0
2019-10-28 12:00:00,0.0
2019-10-28 13:00:00,8.361477939650491
2019-10-28 14:00:00,14.314949217822013
2019-10-28 15:00:00,46.966750749803836
2019-10-28 16:00:00,81.8141643887643
2019-10-28 17:00:00,72.98713160636603
2019-10-28 18:00:00,83.14188847025696
2019-10-28 19:00:00,81.38903068152506
2019-10-28 20:00:00,73.67266990975543
2019-10-28 21:00:00,55.35495943045846
2019-10-28 22:00:00,26.494511042484472
2019-10-28 23:00:00,26.571715216598022
2019-10-29 00:00:00,11.657430283126748
2019-10-29 01:00:00,30.85339836596316
2019-10-29 02:00:00,60.10207229484318
2019-10-29 03:00:00,26.742264757488606
2019-10-29 04:00:00,23.423192405579517
2019-10-29 05:00:00,4.296425632808294
2019-10-29 06:00:00,0.0
2019-10-29 07:00:00,2.374535019444445
2019-10-29 08:00:00,0.0
2019-10-29 09:00:00,0.0
2019-10-29 10:00:00,6.374255938888876
2019-10-29 11:00:00,0.0
2019-10-29 12:00:00,1.5256821461933987
2019-10-29 13:00:00,3.2256875855322082
2019-10-29 14:00:00,9.655929432740049
2019-10-29 15:00:00,44.77789116978697
2019-10-29 16:00:00,68.85903336735761
2019-10-29 17:00:00,55.930445203952715
2019-10-29 18:00:00,34.74379852836957
2019-10-29 19:00:00,44.09195999085904
2019-10-29 20:00:00,47.36491765847235
2019-10-29 21:00:00,20.299894337030203
2019-10-29 22:00:00,24.846885940948766
2019-10-29 23:00:00,29.55383933509725
2019-10-30 00:00:00,39.69452449924097
2019-10-30 01:00:00,60.19122868033265
2019-10-30 02:00:00,63.43568080460902
2019-10-30 03:00:00,41.30654226683811
2019-10-30 04:00:00,21.898858126090886
2019-10-30 05:00:00,15.63457613776302
2019-10-30 06:00:00,8.083509263263547
2019-10-30 07:00:00,6.6473774573204425
2019-10-30 08:00:00,6.582462555150947
2019-10-30 09:00:00,1.1568397049906831
2019-10-30 10:00:00,0.18307592049518745
2019-10-30 11:00:00,0.1832029977190387
2019-10-30 12:00:00,0.1831211035081151
2019-10-30 13:00:00,2.482152197241099
2019-10-30 14:00:00,9.116750133593015
2019-10-30 15:00:00,38.49489320690129
2019-10-30 16:00:00,65.76639618965046
2019-10-30 17:00:00,79.34646353260796
2019-10-30 18:00:00,74.08595916670734
2019-10-30 19:00:00,55.75741668698369
2019-10-30 20:00:00,34.366187411504455
2019-10-30 21:00:00,26.849006530872778
2019-10-30 22:00:00,15.967238699212363
2019-10-30 23:00:00,21.36902637323491
2019-10-31 00:00:00,21.360563015373533
2019-10-31 01:00:00,39.8551727384165
2019-10-31 02:00:00,48.79520597293829
2019-10-31 03:00:00,42.7723582631012
2019-10-31 04:00:00,20.956465636543953
2019-10-31 05:00:00,6.789925916666673
2019-10-31 06:00:00,6.762315991666686
2019-10-31 07:00:00,7.019285663888897
2019-10-31 08:00:00,6.970102591666655
2019-10-31 09:00:00,5.572128988888903
2019-10-31 10:00:00,0.0
2019-10-31 11:00:00,0.0
2019-10-31 12:00:00,1.4865861887696912
2019-10-31 13:00:00,2.737288132942303
2019-10-31 14:00:00,6.077274282610461
2019-10-31 15:00:00,52.35235477265561
2019-10-31 16:00:00,64.1182368735159
2019-10-31 17:00:00,74.33067648415918
2019-10-31 18:00:00,64.44309834988753
2019-10-31 19:00:00,59.1325869769931
2019-10-31 20:00:00,29.882172754463465
2019-10-31 21:00:00,6.402986309348778
2019-10-31 22:00:00,3.0221295605503053
2019-10-31 23:00:00,3.821772048614285
2019-11-01 00:00:00,16.78535084325739
2019-11-01 01:00:00,26.94011336350397
2019-11-01 02:00:00,33.06030437097631
2019-11-01 03:00:00,25.966691005168386
2019-11-01 04:00:00,23.781024903938572
2019-11-01 05:00:00,9.55027163055557
2019-11-01 06:00:00,5.909137847222204
2019-11-01 07:00:00,5.4378876972222265
2019-11-01 08:00:00,5.311189024999989
2019-11-01 09:00:00,0.4761550000000005
2019-11-01 10:00:00,0.23905179166666662
2019-11-01 11:00:00,0.24222937222222227
2019-11-01 12:00:00,0.24200464444444442
2019-11-01 13:00:00,2.4968649202968396
2019-11-01 14:00:00,7.069024143741103
2019-11-01 15:00:00,36.027972781735016
2019-11-01 16:00:00,60.29255209989696
2019-11-01 17:00:00,68.86301634945148
2019-11-01 18:00:00,73.33491895068006
2019-11-01 19:00:00,43.75035874302201
2019-11-01 20:00:00,25.272041964632603
2019-11-01 21:00:00,16.002967198768197
2019-11-01 22:00:00,14.913836701558195
2019-11-01 23:00:00,21.034563649273043
2019-11-02 00:00:00,30.55531762749286
2019-11-02 01:00:00,37.639643860456765
2019-11-02 02:00:00,44.710417575381676
2019-11-02 03:00:00,50.24207151218064
2019-11-02 04:00:00,33.58932310765193
2019-11-02 05:00:00,27.630311249102146
2019-11-02 06:00:00,4.5328966193653875
2019-11-02 07:00:00,0.0
2019-11-02 08:00:00,0.0
2019-11-02 09:00:00,0.0
2019-11-02 10:00:00,0.00018073205169991108
2019-11-02 11:00:00,0.0
2019-11-02 12:00:00,0.0
2019-11-02 13:00:00,0.31602545111111113
2019-11-02 14:00:00,3.0475015600000006
2019-11-02 15:00:00,19.67445962277775
2019-11-02 16:00:00,27.065290763333273
2019-11-02 17:00:00,28.784675855000014
2019-11-02 18:00:00,24.88184079638893
2019-11-02 19:00:00,29.795637603894985
2019-11-02 20:00:00,24.566306742693477
2019-11-02 21:00:00,27.981804234119295
2019-11-02 22:00:00,17.51281026532803
2019-11-02 23:00:00,30.402106673256753
2019-11-03 00:00:00,22.06082555593467
2019-11-03 01:00:00,13.509562759613123
2019-11-03 02:00:00,16.345671246926614
2019-11-03 03:00:00,23.263512497829318
2019-11-03 04:00:00,26.93156553529709
2019-11-03 05:00:00,35.257806070214585
2019-11-03 06:00:00,20.939693788585288
2019-11-03 07:00:00,12.584705306831047
2019-11-03 08:00:00,8.70929322472045
2019-11-03 09:00:00,10.551149938456387
2019-11-03 10:00:00,6.203898772671625
2019-11-03 11:00:00,6.309084826761157
2019-11-03 12:00:00,1.007331777995074
2019-11-03 13:00:00,0.16116599978272156
2019-11-03 14:00:00,0.0
2019-11-03 15:00:00,4.608175644272349
2019-11-03 16:00:00,5.952586990555536
2019-11-03 17:00:00,23.810643869571454
2019-11-03 18:00:00,33.63812184980242
2019-11-03 19:00:00,37.243716192824586
2019-11-03 20:00:00,24.717951847349863
2019-11-03 21:00:00,15.404463784430362
2019-11-03 22:00:00,18.637081496862457
2019-11-03 23:00:00,24.094414786771885
2019-11-04 00:00:00,28.49602886788164
2019-11-04 01:00:00,32.56597135769214
2019-11-04 02:00:00,32.75608318324455
2019-11-04 03:00:00,35.505199954312175
2019-11-04 04:00:00,27.322134207258543
2019-11-04 05:00:00,18.8770374489531
2019-11-04 06:00:00,12.576464611111108
2019-11-04 07:00:00,11.476835352020474
2019-11-04 08:00:00,0.8877124622571925
2019-11-04 09:00:00,0.0
2019-11-04 10:00:00,0.0
2019-11-04 11:00:00,0.0
2019-11-04 12:00:00,0.10951277940698194
2019-11-04 13:00:00,8.481933227777771
2019-11-04 14:00:00,13.01665396228159
2019-11-04 15:00:00,26.004824713392235
2019-11-04 16:00:00,64.62911953321108
2019-11-04 17:00:00,93.63054424668081
2019-11-04 18:00:00,90.17326911392624
2019-11-04 19:00:00,86.83576462364563
2019-11-04 20:00:00,72.22142181960132
2019-11-04 21:00:00,53.72970556434373
2019-11-04 22:00:00,32.318552377400465
2019-11-04 23:00:00,13.702922783323029
2019-11-05 00:00:00,8.988340181786738
2019-11-05 01:00:00,33.16338244165364
2019-11-05 02:00:00,49.66442127584663
2019-11-05 03:00:00,51.18106974085578
2019-11-05 04:00:00,22.39219024120118
2019-11-05 05:00:00,13.938902898517304
2019-11-05 06:00:00,7.598687800868353
2019-11-05 07:00:00,0.32336976388888883
2019-11-05 08:00:00,6.156258025000009
2019-11-05 09:00:00,4.08892929166667
2019-11-05 10:00:00,0.0
2019-11-05 11:00:00,0.0
2019-11-05 12:00:00,0.0
2019-11-05 13:00:00,0.0
2019-11-05 14:00:00,3.1508645161283706
2019-11-05 15:00:00,14.910497722075776
2019-11-05 16:00:00,40.81793892168285
2019-11-05 17:00:00,70.09183612056138
2019-11-05 18:00:00,72.22944578802287
2019-11-05 19:00:00,49.3725577747629
2019-11-05 20:00:00,53.05175089666716
2019-11-05 21:00:00,30.479972805676816
2019-11-05 22:00:00,26.242870957884726
2019-11-05 23:00:00,23.45820253923957
2019-11-06 00:00:00,16.09363385351603
2019-11-06 01:00:00,21.02119718040732
2019-11-06 02:00:00,31.86087942653945
2019-11-06 03:00:00,34.5994126617722
2019-11-06 04:00:00,29.82349051442892
2019-11-06 05:00:00,23.190262984996938
2019-11-06 06:00:00,15.473823139282352
2019-11-06 07:00:00,2.7625431111111123
2019-11-06 08:00:00,0.0
2019-11-06 09:00:00,0.0
2019-11-06 10:00:00,0.0
2019-11-06 11:00:00,0.0
2019-11-06 12:00:00,0.0
2019-11-06 13:00:00,0.0
2019-11-06 14:00:00,0.0
2019-11-06 15:00:00,4.941911826429816
2019-11-06 16:00:00,40.26060104518959
2019-11-06 17:00:00,75.20970077033444
2019-11-06 18:00:00,77.86858986451169
2019-11-06 19:00:00,54.90156678975039
2019-11-06 20:00:00,13.076151432981863
2019-11-06 21:00:00,15.596603209128945
2019-11-06 22:00:00,16.031310066628485
2019-11-06 23:00:00,13.871175914605596
2019-11-07 00:00:00,18.853523428907078
2019-11-07 01:00:00,22.089366097512954
2019-11-07 02:00:00,23.60780370072557
2019-11-07 03:00:00,37.161314722696964
2019-11-07 04:00:00,33.18289773501433
2019-11-07 05:00:00,9.788479690898948
2019-11-07 06:00:00,12.881487993333295
2019-11-07 07:00:00,13.50812990132554
2019-11-07 08:00:00,13.182251354444332
2019-11-07 09:00:00,6.491977233333285
2019-11-07 10:00:00,6.478908244444375
2019-11-07 11:00:00,6.456031047222162
2019-11-07 12:00:00,6.8786580370614345
2019-11-07 13:00:00,5.70150578497911
2019-11-07 14:00:00,0.0
2019-11-07 15:00:00,2.1122262823825144
2019-11-07 16:00:00,36.20648075460182
2019-11-07 17:00:00,72.4327118274814
2019-11-07 18:00:00,53.184734850881995
2019-11-07 19:00:00,33.834591552945845
2019-11-07 20:00:00,19.309961243730264
2019-11-07 21:00:00,7.465430306178639
2019-11-07 22:00:00,10.190894311486536
2019-11-07 23:00:00,17.64932469295847
2019-11-08 00:00:00,19.81853139077451
2019-11-08 01:00:00,21.190570497605115
2019-11-08 02:00:00,28.789461883842375
2019-11-08 03:00:00,21.67651422841806
2019-11-08 04:00:00,15.990263745833312
2019-11-08 05:00:00,8.725781473333354
2019-11-08 06:00:00,1.4009688000000002
2019-11-08 07:00:00,0.0
2019-11-08 08:00:00,6.366580080555542
2019-11-08 09:00:00,6.791310161111099
2019-11-08 10:00:00,6.705260483333344
2019-11-08 11:00:00,6.713736533333314
2019-11-08 12:00:00,6.973330794444453
2019-11-08 13:00:00,6.932492322222236
2019-11-08 14:00:00,9.302492965529453
2019-11-08 15:00:00,24.625322238523356
2019-11-08 16:00:00,55.70470630901352
2019-11-08 17:00:00,87.68819733723743
2019-11-08 18:00:00,103.73452377800514
2019-11-08 19:00:00,100.0635709937969
2019-11-08 20:00:00,71.33252606113219
2019-11-08 21:00:00,49.29586538015617
2019-11-08 22:00:00,41.7564397678983
2019-11-08 23:00:00,24.134066677404455
2019-11-09 00:00:00,11.59365216835636
2019-11-09 01:00:00,27.87034123549566
2019-11-09 02:00:00,19.954675412023807
2019-11-09 03:00:00,20.464439812406255
2019-11-09 04:00:00,24.968486144407585
2019-11-09 05:00:00,29.97304484570875
2019-11-09 06:00:00,18.97855897259118
2019-11-09 07:00:00,6.134394545171622
2019-11-09 08:00:00,0.3524971555555553
2019-11-09 09:00:00,0.366815088888889
2019-11-09 10:00:00,0.2404453666666666
2019-11-09 11:00:00,0.23507241111111093
2019-11-09 12:00:00,7.609942342222226
2019-11-09 13:00:00,0.23779845277777772
2019-11-09 14:00:00,0.2397362999999999
2019-11-09 15:00:00,3.2955164583333234
2019-11-09 16:00:00,12.469098134444408
2019-11-09 17:00:00,17.069843864835455
2019-11-09 18:00:00,34.084686756487095
2019-11-09 19:00:00,29.990620363335648
2019-11-09 20:00:00,41.17180744198558
2019-11-09 21:00:00,41.15523506475362
2019-11-09 22:00:00,41.33249372691246
2019-11-09 23:00:00,29.89868534017242
2019-11-10 00:00:00,33.79668339590041
2019-11-10 01:00:00,21.821671245833343
2019-11-10 02:00:00,13.15109586861113
2019-11-10 03:00:00,17.832233490023608
2019-11-10 04:00:00,25.6937290657255
2019-11-10 05:00:00,17.050118592222177
2019-11-10 06:00:00,9.323162746397276
2019-11-10 07:00:00,1.84178075593843
2019-11-10 08:00:00,16.890344011111065
2019-11-10 09:00:00,17.977274194444476
2019-11-10 10:00:00,17.94043842777785
2019-11-10 11:00:00,17.912157750000052
2019-11-10 12:00:00,17.938671322222305
2019-11-10 13:00:00,15.777739422222258
2019-11-10 14:00:00,6.484293458333365
2019-11-10 15:00:00,7.524937171721017
2019-11-10 16:00:00,10.017762686839458
2019-11-10 17:00:00,21.665469375128936
2019-11-10 18:00:00,45.25480499446526
2019-11-10 19:00:00,40.65735712606252
2019-11-10 20:00:00,41.71742811419703
2019-11-10 21:00:00,33.81374095655905
2019-11-10 22:00:00,46.71616821090879
2019-11-10 23:00:00,32.389730501202514
2019-11-11 00:00:00,9.915682480213444
2019-11-11 01:00:00,12.616476739117033
2019-11-11 02:00:00,20.87944709924166
2019-11-11 03:00:00,28.311704605249826
2019-11-11 04:00:00,37.47298684830281
2019-11-11 05:00:00,28.867638326111262
2019-11-11 06:00:00,17.265341857598614
2019-11-11 07:00:00,17.634946951111175
2019-11-11 08:00:00,11.12603279722222
2019-11-11 09:00:00,5.501658922222241
2019-11-11 10:00:00,0.0
2019-11-11 11:00:00,0.0
2019-11-11 12:00:00,0.0
2019-11-11 13:00:00,0.0
2019-11-11 14:00:00,8.852742679547816
2019-11-11 15:00:00,32.55694270695061
2019-11-11 16:00:00,71.74574429625075
2019-11-11 17:00:00,88.27790440367708
2019-11-11 18:00:00,80.51328390908994
2019-11-11 19:00:00,70.23688610477029
2019-11-11 20:00:00,69.34879780740457
2019-11-11 21:00:00,56.44160403366816
2019-11-11 22:00:00,30.982953224513434
2019-11-11 23:00:00,31.805741135063464
2019-11-12 00:00:00,39.64113557201155
2019-11-12 01:00:00,44.153035894448564
2019-11-12 02:00:00,63.04503534360495
2019-11-12 03:00:00,37.537177529245795
2019-11-12 04:00:00,20.108090671058342
2019-11-12 05:00:00,10.578010944883047
2019-11-12 06:00:00,4.038081772563699
2019-11-12 07:00:00,0.0
2019-11-12 08:00:00,0.0
2019-11-12 09:00:00,0.0
2019-11-12 10:00:00,0.0
2019-11-12 11:00:00,0.0
2019-11-12 12:00:00,0.0
2019-11-12 13:00:00,0.4887970631042723
2019-11-12 14:00:00,1.0214324926688836
2019-11-12 15:00:00,22.144388504716567
2019-11-12 16:00:00,75.29128190356901
2019-11-12 17:00:00,85.2744922503472
2019-11-12 18:00:00,88.63601573884243
2019-11-12 19:00:00,69.03332577807798
2019-11-12 20:00:00,39.19203800096918
2019-11-12 21:00:00,32.30325388217443
2019-11-12 22:00:00,21.004371408444555
2019-11-12 23:00:00,14.678644053869572
2019-11-13 00:00:00,20.757654622716256
2019-11-13 01:00:00,28.012850119148318
2019-11-13 02:00:00,36.236953386544215
2019-11-13 03:00:00,43.111071758784355
2019-11-13 04:00:00,26.976998723678307
2019-11-13 05:00:00,6.305022036111129
2019-11-13 06:00:00,1.3244478111111126
2019-11-13 07:00:00,0.0
2019-11-13 08:00:00,0.0
2019-11-13 09:00:00,0.0
2019-11-13 10:00:00,0.0
2019-11-13 11:00:00,0.0
2019-11-13 12:00:00,0.0
2019-11-13 13:00:00,0.0
2019-11-13 14:00:00,1.9768283136355178
2019-11-13 15:00:00,11.340337673795862
2019-11-13 16:00:00,41.67473811662126
2019-11-13 17:00:00,75.16590217307643
2019-11-13 18:00:00,75.96477141092893
2019-11-13 19:00:00,57.987886122042845
2019-11-13 20:00:00,36.88493158364553
2019-11-13 21:00:00,28.0630181908084
2019-11-13 22:00:00,23.928545411252067
2019-11-13 23:00:00,15.181007133379152
2019-11-14 00:00:00,6.396175764572796
2019-11-14 01:00:00,11.852069015315317
2019-11-14 02:00:00,20.946475890175552
2019-11-14 03:00:00,17.72163787332009
2019-11-14 04:00:00,26.97686783482461
2019-11-14 05:00:00,11.74198553432927
2019-11-14 06:00:00,5.204299869112859
2019-11-14 07:00:00,7.568067893221318
2019-11-14 08:00:00,6.015723916025876
2019-11-14 09:00:00,6.231077032624646
2019-11-14 10:00:00,6.216494130555541
2019-11-14 11:00:00,6.313650783333325
2019-11-14 12:00:00,6.3667814527778095
2019-11-14 13:00:00,6.52003826388888
2019-11-14 14:00:00,9.584640986607324
2019-11-14 15:00:00,7.769790940134197
2019-11-14 16:00:00,68.84020448916523
2019-11-14 17:00:00,96.07222178471633
2019-11-14 18:00:00,79.41078497952479
2019-11-14 19:00:00,66.86856845920124
2019-11-14 20:00:00,38.54648865161263
2019-11-14 21:00:00,14.593031807830602
2019-11-14 22:00:00,11.880322624899408
2019-11-14 23:00:00,19.936314796854937
2019-11-15 00:00:00,29.674885060441298
2019-11-15 01:00:00,39.45063924857705
2019-11-15 02:00:00,45.853186405232165
2019-11-15 03:00:00,45.596283100969615
2019-11-15 04:00:00,24.333711607777836
2019-11-15 05:00:00,11.73614052305558
2019-11-15 06:00:00,6.525159547222227
2019-11-15 07:00:00,6.076931455555571
2019-11-15 08:00:00,0.00042246666666666667
2019-11-15 09:00:00,0.0
2019-11-15 10:00:00,0.0
2019-11-15 11:00:00,0.0
2019-11-15 12:00:00,0.0
2019-11-15 13:00:00,0.0
2019-11-15 14:00:00,2.783505576383717
2019-11-15 15:00:00,10.65425909333853
2019-11-15 16:00:00,48.60510712728996
2019-11-15 17:00:00,78.83255576871434
2019-11-15 18:00:00,69.88173949286086
2019-11-15 19:00:00,46.4201837682652
2019-11-15 20:00:00,35.48267387922296
2019-11-15 21:00:00,23.871984598177768
2019-11-15 22:00:00,23.315451264907374
2019-11-15 23:00:00,18.96636229325121
2019-11-16 00:00:00,4.591781342038393
2019-11-16 01:00:00,17.21536491975067
2019-11-16 02:00:00,56.59590794249762
2019-11-16 03:00:00,36.87323818290439
2019-11-16 04:00:00,33.208371500917735
2019-11-16 05:00:00,24.983415252235776
2019-11-16 06:00:00,27.8056657258198
2019-11-16 07:00:00,24.45328687049921
2019-11-16 08:00:00,17.01528444039584
2019-11-16 09:00:00,12.263317421087438
2019-11-16 10:00:00,7.566840997024025
2019-11-16 11:00:00,11.141456927777796
2019-11-16 12:00:00,9.179212489889466
2019-11-16 13:00:00,6.589086297176104
2019-11-16 14:00:00,6.668047900000079
2019-11-16 15:00:00,9.110499237059702
2019-11-16 16:00:00,24.3573195689994
2019-11-16 17:00:00,29.922727222039025
2019-11-16 18:00:00,52.01809294628821
2019-11-16 19:00:00,52.07905891669584
2019-11-16 20:00:00,38.76838975065572
2019-11-16 21:00:00,29.323678799269945
2019-11-16 22:00:00,19.522004299122216
2019-11-16 23:00:00,15.543000821349391
2019-11-17 00:00:00,32.40692638128379
2019-11-17 01:00:00,36.836042562099436
2019-11-17 02:00:00,35.98891637122444
2019-11-17 03:00:00,24.216461421111124
2019-11-17 04:00:00,28.536166053055524
2019-11-17 05:00:00,19.28372695111114
2019-11-17 06:00:00,12.979016062774923
2019-11-17 07:00:00,4.776883332116361
2019-11-17 08:00:00,0.5803703790595022
2019-11-17 09:00:00,0.0005241229499297422
2019-11-17 10:00:00,0.0
2019-11-17 11:00:00,0.0
2019-11-17 12:00:00,0.0
2019-11-17 13:00:00,0.0
2019-11-17 14:00:00,0.0
2019-11-17 15:00:00,0.1410259111111111
2019-11-17 16:00:00,7.575926265833287
2019-11-17 17:00:00,17.597198645469806
2019-11-17 18:00:00,35.975346681974756
2019-11-17 19:00:00,38.782677789781744
2019-11-17 20:00:00,57.16334963231875
2019-11-17 21:00:00,60.787399280127936
2019-11-17 22:00:00,45.62084003810914
2019-11-17 23:00:00,24.245062471421143
2019-11-18 00:00:00,33.62170780165195
2019-11-18 01:00:00,46.84559837422182
2019-11-18 02:00:00,23.705790645396963
2019-11-18 03:00:00,6.691615779166659
2019-11-18 04:00:00,8.859222522222224
2019-11-18 05:00:00,8.544518669444464
2019-11-18 06:00:00,6.56177444444442
2019-11-18 07:00:00,2.2049250972222225
2019-11-18 08:00:00,0.0
2019-11-18 09:00:00,0.0
2019-11-18 10:00:00,0.0
2019-11-18 11:00:00,4.7905818888888865
2019-11-18 12:00:00,0.4815274305555562
2019-11-18 13:00:00,0.0
2019-11-18 14:00:00,3.4299767189063948
2019-11-18 15:00:00,10.777480301269415
2019-11-18 16:00:00,57.37393687783081
2019-11-18 17:00:00,83.03178086427015
2019-11-18 18:00:00,86.77901065759882
2019-11-18 19:00:00,77.80540426097366
2019-11-18 20:00:00,70.76774122704656
2019-11-18 21:00:00,62.05749273993965
2019-11-18 22:00:00,50.99627005018354
2019-11-18 23:00:00,33.561282967603326
2019-11-19 00:00:00,21.94167482312789
2019-11-19 01:00:00,29.244435860171336
2019-11-19 02:00:00,39.54862368078362
2019-11-19 03:00:00,29.294411346957883
2019-11-19 04:00:00,7.1949561449113615
2019-11-19 05:00:00,9.620532700000018
2019-11-19 06:00:00,12.50094145833334
2019-11-19 07:00:00,11.070175033333339
2019-11-19 08:00:00,6.809652819444463
2019-11-19 09:00:00,6.437067727777792
2019-11-19 10:00:00,6.463940633333338
2019-11-19 11:00:00,6.46446117500001
2019-11-19 12:00:00,6.369236827777783
2019-11-19 13:00:00,6.4973497416666826
2019-11-19 14:00:00,7.118273927524535
2019-11-19 15:00:00,8.086486357293285
2019-11-19 16:00:00,36.44493610023892
2019-11-19 17:00:00,63.30776058056218
2019-11-19 18:00:00,67.4339374048383
2019-11-19 19:00:00,56.88028840028309
2019-11-19 20:00:00,49.35989400842452
2019-11-19 21:00:00,46.926423421679324
2019-11-19 22:00:00,26.29517745348307
2019-11-19 23:00:00,3.419113392937356
2019-11-20 00:00:00,0.4053566375039152
2019-11-20 01:00:00,11.932625857535976
2019-11-20 02:00:00,23.902812847224872
2019-11-20 03:00:00,25.254097913548122
2019-11-20 04:00:00,34.55139796621376
2019-11-20 05:00:00,17.96914060882458
2019-11-20 06:00:00,8.107588572222234
2019-11-20 07:00:00,3.143388244444458
2019-11-20 08:00:00,6.213071752777783
2019-11-20 09:00:00,6.288574661111116
2019-11-20 10:00:00,6.309032205555568
2019-11-20 11:00:00,6.32645608333335
2019-11-20 12:00:00,6.241402100000029
2019-11-20 13:00:00,6.3052640861111175
2019-11-20 14:00:00,8.390343753306809
2019-11-20 15:00:00,13.717226776733156
2019-11-20 16:00:00,48.878758497454754
2019-11-20 17:00:00,56.59660013887449
2019-11-20 18:00:00,56.29372835651377
2019-11-20 19:00:00,39.18864406566331
2019-11-20 20:00:00,35.45510641143468
2019-11-20 21:00:00,34.164722692505215
2019-11-20 22:00:00,39.71523524185145
2019-11-20 23:00:00,22.191939577420584
2019-11-21 00:00:00,14.006999136291354
2019-11-21 01:00:00,17.034600903984952
2019-11-21 02:00:00,22.74399602207468
2019-11-21 03:00:00,47.03590172085631
2019-11-21 04:00:00,42.76922240587794
2019-11-21 05:00:00,27.39776635126312
2019-11-21 06:00:00,20.37743481855842
2019-11-21 07:00:00,11.216253327772343
2019-11-21 08:00:00,5.040446911111113
2019-11-21 09:00:00,0.0
2019-11-21 10:00:00,0.0
2019-11-21 11:00:00,0.2654274333333334
2019-11-21 12:00:00,0.22899454999999994
2019-11-21 13:00:00,0.23754963055555567
2019-11-21 14:00:00,0.6378819661125821
2019-11-21 15:00:00,12.69595884342173
2019-11-21 16:00:00,44.378621131529705
2019-11-21 17:00:00,68.26955343841398
2019-11-21 18:00:00,61.24685796650326
2019-11-21 19:00:00,42.83201718899699
2019-11-21 20:00:00,42.87921972069225
2019-11-21 21:00:00,32.90642422731079
2019-11-21 22:00:00,20.355106521111054
2019-11-21 23:00:00,16.023385167899193
2019-11-22 00:00:00,14.753966392165093
2019-11-22 01:00:00,28.21577245881311
2019-11-22 02:00:00,31.333557108521344
2019-11-22 03:00:00,42.630606512743164
2019-11-22 04:00:00,50.54251255399834
2019-11-22 05:00:00,40.836434250945274
2019-11-22 06:00:00,26.185562334916266
2019-11-22 07:00:00,24.916814963888946
2019-11-22 08:00:00,19.273257922222253
2019-11-22 09:00:00,12.292975972222212
2019-11-22 10:00:00,16.967209119444398
2019-11-22 11:00:00,17.584424311111153
2019-11-22 12:00:00,13.357940495
2019-11-22 13:00:00,6.5486479361110845
2019-11-22 14:00:00,7.83155228451158
2019-11-22 15:00:00,6.764352479634149
2019-11-22 16:00:00,36.82304297522783
2019-11-22 17:00:00,59.63605655180452
2019-11-22 18:00:00,59.45255268346252
2019-11-22 19:00:00,76.18388144600104
2019-11-22 20:00:00,50.693677004602016
2019-11-22 21:00:00,45.35592320871551
2019-11-22 22:00:00,48.783483233849594
2019-11-22 23:00:00,41.9739223395023
2019-11-23 00:00:00,31.1740884179919
2019-11-23 01:00:00,12.606530410834303
2019-11-23 02:00:00,13.598432471103086
2019-11-23 03:00:00,25.927234634703865
2019-11-23 04:00:00,13.037337675249702
2019-11-23 05:00:00,5.916807293871224
2019-11-23 06:00:00,9.325978101466513
2019-11-23 07:00:00,13.102839260281371
2019-11-23 08:00:00,16.33031782207536
2019-11-23 09:00:00,18.994673206377765
2019-11-23 10:00:00,13.047519515501314
2019-11-23 11:00:00,9.795010413589935
2019-11-23 12:00:00,6.953349733333331
2019-11-23 13:00:00,0.9202611250000007
2019-11-23 14:00:00,0.009658880555555555
2019-11-23 15:00:00,1.3388596994444457
2019-11-23 16:00:00,10.236275264496108
2019-11-23 17:00:00,26.72264728890147
2019-11-23 18:00:00,34.338422095686994
2019-11-23 19:00:00,48.16906848838715
2019-11-23 20:00:00,30.024523211568614
2019-11-23 21:00:00,20.647748406188054
2019-11-23 22:00:00,24.658449478236832
2019-11-23 23:00:00,22.66230959462583
2019-11-24 00:00:00,36.47319402481168
2019-11-24 01:00:00,28.911055172230885
2019-11-24 02:00:00,28.38431804614176
2019-11-24 03:00:00,7.216816536111102
2019-11-24 04:00:00,4.8049929314652555
2019-11-24 05:00:00,24.827643740187828
2019-11-24 06:00:00,17.252461154072893
2019-11-24 07:00:00,18.126348958888922
2019-11-24 08:00:00,6.858576080277799
2019-11-24 09:00:00,6.953552072222239
2019-11-24 10:00:00,6.837241638888916
2019-11-24 11:00:00,0.8462605971461925
2019-11-24 12:00:00,0.0
2019-11-24 13:00:00,0.0
2019-11-24 14:00:00,3.84861691111111
2019-11-24 15:00:00,2.7063237166666676
2019-11-24 16:00:00,9.764775392222214
2019-11-24 17:00:00,21.12843412277781
2019-11-24 18:00:00,28.910766616666663
2019-11-24 19:00:00,21.602347157798228
2019-11-24 20:00:00,29.617292077670854
2019-11-24 21:00:00,46.35157418789088
2019-11-24 22:00:00,37.66179005318081
2019-11-24 23:00:00,34.437405102426816
2019-11-25 00:00:00,29.447341542303633
2019-11-25 01:00:00,19.383195961443207
2019-11-25 02:00:00,28.710112681926034
2019-11-25 03:00:00,16.121166776590528
2019-11-25 04:00:00,8.141238606111079
2019-11-25 05:00:00,6.892443644444442
2019-11-25 06:00:00,8.151692854559878
2019-11-25 07:00:00,6.74513599166666
2019-11-25 08:00:00,6.752290924999987
2019-11-25 09:00:00,6.556625358333339
2019-11-25 10:00:00,8.701203133611086
2019-11-25 11:00:00,0.0
2019-11-25 12:00:00,0.0
2019-11-25 13:00:00,0.0
2019-11-25 14:00:00,0.0
2019-11-25 15:00:00,7.474731345248429
2019-11-25 16:00:00,39.56172222697981
2019-11-25 17:00:00,64.05908914626967
2019-11-25 18:00:00,77.61329783756821
2019-11-25 19:00:00,62.422972091410685
2019-11-25 20:00:00,51.853365681809635
2019-11-25 21:00:00,41.03456585384722
2019-11-25 22:00:00,26.062017452606
2019-11-25 23:00:00,20.884525748444265
2019-11-26 00:00:00,14.310083765870925
2019-11-26 01:00:00,34.67991795564238
2019-11-26 02:00:00,46.8977053102789
2019-11-26 03:00:00,49.90679848000501
2019-11-26 04:00:00,19.071306883453573
2019-11-26 05:00:00,19.999030164591343
2019-11-26 06:00:00,12.18526204943528
2019-11-26 07:00:00,3.881408771587045
2019-11-26 08:00:00,0.00023495166720971113
2019-11-26 09:00:00,0.0
2019-11-26 10:00:00,0.0
2019-11-26 11:00:00,5.0497871814787665
2019-11-26 12:00:00,0.0
2019-11-26 13:00:00,0.0
2019-11-26 14:00:00,0.0012109047463875553
2019-11-26 15:00:00,6.2575422838708805
2019-11-26 16:00:00,27.070817592708472
2019-11-26 17:00:00,65.3774675261109
2019-11-26 18:00:00,64.12579837298621
2019-11-26 19:00:00,47.71108380112034
2019-11-26 20:00:00,45.33698541258621
2019-11-26 21:00:00,41.42159843127571
2019-11-26 22:00:00,15.29286798685754
2019-11-26 23:00:00,3.4964727046783257
2019-11-27 00:00:00,3.620738036390648
2019-11-27 01:00:00,10.085856184658327
2019-11-27 02:00:00,28.39280724738076
2019-11-27 03:00:00,31.393557324326263
2019-11-27 04:00:00,24.458212577775917
2019-11-27 05:00:00,13.56657740311184
2019-11-27 06:00:00,2.4998252166666672
2019-11-27 07:00:00,0.0
2019-11-27 08:00:00,2.7527713361111124
2019-11-27 09:00:00,3.2670654000000017
2019-11-27 10:00:00,4.3047933841914965
2019-11-27 11:00:00,2.582898563888889
2019-11-27 12:00:00,0.0
2019-11-27 13:00:00,0.0
2019-11-27 14:00:00,1.606551737028922
2019-11-27 15:00:00,4.63902199130025
2019-11-27 16:00:00,20.137768456377696
2019-11-27 17:00:00,39.868247459728124
2019-11-27 18:00:00,25.109591757079045
2019-11-27 19:00:00,23.54415555091217
2019-11-27 20:00:00,21.968879804099686
2019-11-27 21:00:00,21.736790202807946
2019-11-27 22:00:00,9.20743035936723
2019-11-27 23:00:00,15.002280106040672
2019-11-28 00:00:00,22.751494657114684
2019-11-28 01:00:00,22.85594943666668
2019-11-28 02:00:00,37.149923986111126
2019-11-28 03:00:00,30.765200300277826
2019-11-28 04:00:00,21.152309126388946
2019-11-28 05:00:00,15.812320890833378
2019-11-28 06:00:00,7.341301990277829
2019-11-28 07:00:00,5.607637845555589
2019-11-28 08:00:00,0.0
2019-11-28 09:00:00,0.0
2019-11-28 10:00:00,0.0
2019-11-28 11:00:00,0.0
2019-11-28 12:00:00,0.0
2019-11-28 13:00:00,0.0
2019-11-28 14:00:00,0.0
2019-11-28 15:00:00,0.0
2019-11-28 16:00:00,0.0
2019-11-28 17:00:00,7.176488067777786
2019-11-28 18:00:00,4.047691721388885
2019-11-28 19:00:00,0.49945928888888924
2019-11-28 20:00:00,0.3185372750000001
2019-11-28 21:00:00,0.0
2019-11-28 22:00:00,1.004652996388889
2019-11-28 23:00:00,9.027358165555613
2019-11-29 00:00:00,13.43226542666672
2019-11-29 01:00:00,10.396566438888936
2019-11-29 02:00:00,15.18313498000002
2019-11-29 03:00:00,12.643111272222235
2019-11-29 04:00:00,9.887152283888886
2019-11-29 05:00:00,5.102092069444434
2019-11-29 06:00:00,0.0
2019-11-29 07:00:00,0.0
2019-11-29 08:00:00,0.0
2019-11-29 09:00:00,0.0
2019-11-29 10:00:00,0.0
2019-11-29 11:00:00,2.2616039472222202
2019-11-29 12:00:00,5.114989149999993
2019-11-29 13:00:00,0.0
2019-11-29 14:00:00,0.0
2019-11-29 15:00:00,5.19931981497957
2019-11-29 16:00:00,10.741101536504516
2019-11-29 17:00:00,17.08834638240409
2019-11-29 18:00:00,9.521240783387041
2019-11-29 19:00:00,5.353907794444433
2019-11-29 20:00:00,7.334448646388889
2019-11-29 21:00:00,20.75082609444445
2019-11-29 22:00:00,14.791409561111111
2019-11-29 23:00:00,7.172737695555542
2019-11-30 00:00:00,7.005901349999986
2019-11-30 01:00:00,10.403811766111119
2019-11-30 02:00:00,23.40334147222223
2019-11-30 03:00:00,24.9745533479774
2019-11-30 04:00:00,24.30584401697717
2019-11-30 05:00:00,24.804238329215142
2019-11-30 06:00:00,19.87079379443529
2019-11-30 07:00:00,12.32559978293681
2019-11-30 08:00:00,6.97566920550093
2019-11-30 09:00:00,6.718976568802111
2019-11-30 10:00:00,3.778510785271894
2019-11-30 11:00:00,0.05017844683396342
2019-11-30 12:00:00,0.0044279352666484004
2019-11-30 13:00:00,0.0575595438253762
2019-11-30 14:00:00,1.5964600684290389
2019-11-30 15:00:00,0.14385030484142372
2019-11-30 16:00:00,0.5784618485935172
2019-11-30 17:00:00,11.794279126602234
2019-11-30 18:00:00,27.61349436997682
2019-11-30 19:00:00,28.097431683024666
2019-11-30 20:00:00,16.177693379763213
2019-11-30 21:00:00,9.536178885711447
2019-11-30 22:00:00,17.453284482675556
2019-11-30 23:00:00,33.43805761168217
2019-12-01 00:00:00,38.46140247623571
2019-12-01 01:00:00,7.776783661482671
2019-12-01 02:00:00,10.362734051870117
2019-12-01 03:00:00,11.823063889437009
2019-12-01 04:00:00,7.232030038193775
2019-12-01 05:00:00,7.090410760076684
2019-12-01 06:00:00,14.044902391666671
2019-12-01 07:00:00,17.822881149999905
2019-12-01 08:00:00,15.287642783333338
2019-12-01 09:00:00,2.2813986916666686
2019-12-01 10:00:00,0.0
2019-12-01 11:00:00,0.0
2019-12-01 12:00:00,0.0
2019-12-01 13:00:00,0.0
2019-12-01 14:00:00,1.103906353611111
2019-12-01 15:00:00,9.894752221388897
2019-12-01 16:00:00,15.216362858055573
2019-12-01 17:00:00,28.68514143666659
2019-12-01 18:00:00,20.342376948611108
2019-12-01 19:00:00,13.18345484749998
2019-12-01 20:00:00,21.54945091019843
2019-12-01 21:00:00,25.75628754274547
2019-12-01 22:00:00,47.17420739135399
2019-12-01 23:00:00,47.408008333557234
2019-12-02 00:00:00,28.870842817065082
2019-12-02 01:00:00,19.80059993307388
2019-12-02 02:00:00,18.34054015290295
2019-12-02 03:00:00,29.970972930308484
2019-12-02 04:00:00,19.256957847705287
2019-12-02 05:00:00,5.07721030555556
2019-12-02 06:00:00,6.2690380527777805
2019-12-02 07:00:00,6.243511172222232
2019-12-02 08:00:00,6.236105385342682
2019-12-02 09:00:00,6.247099386111142
2019-12-02 10:00:00,6.050191044444449
2019-12-02 11:00:00,1.2499962611111162
2019-12-02 12:00:00,0.10642105833333325
2019-12-02 13:00:00,0.0
2019-12-02 14:00:00,0.0
2019-12-02 15:00:00,7.0913630950985915
2019-12-02 16:00:00,51.250002055665696
2019-12-02 17:00:00,56.811681867915134
2019-12-02 18:00:00,59.58701112214327
2019-12-02 19:00:00,48.39070931093095
2019-12-02 20:00:00,45.3833234553725
2019-12-02 21:00:00,41.60485736503814
2019-12-02 22:00:00,32.907604125015766
2019-12-02 23:00:00,21.586356847490094
2019-12-03 00:00:00,13.730881399938712
2019-12-03 01:00:00,32.4142710750285
2019-12-03 02:00:00,48.930794512732156
2019-12-03 03:00:00,32.98229148636031
2019-12-03 04:00:00,5.898145849792508
2019-12-03 05:00:00,7.822898847222212
2019-12-03 06:00:00,0.0
2019-12-03 07:00:00,0.0
2019-12-03 08:00:00,0.0
2019-12-03 09:00:00,0.0
2019-12-03 10:00:00,0.0
2019-12-03 11:00:00,0.0
2019-12-03 12:00:00,0.0
2019-12-03 13:00:00,0.0
2019-12-03 14:00:00,0.0
2019-12-03 15:00:00,16.474756268924477
2019-12-03 16:00:00,51.40302370070782
2019-12-03 17:00:00,62.27295606419991
2019-12-03 18:00:00,31.57750487119467
2019-12-03 19:00:00,23.894759349304042
2019-12-03 20:00:00,22.028083532853394
2019-12-03 21:00:00,30.366465873195263
2019-12-03 22:00:00,18.266864621647265
2019-12-03 23:00:00,13.677172768240744
2019-12-04 00:00:00,28.027294409734786
2019-12-04 01:00:00,34.90062455515356
2019-12-04 02:00:00,23.941111918055565
2019-12-04 03:00:00,16.843103006944453
2019-12-04 04:00:00,19.623370056111103
2019-12-04 05:00:00,13.931578886111128
2019-12-04 06:00:00,2.738574794444444
2019-12-04 07:00:00,0.0
2019-12-04 08:00:00,0.0
2019-12-04 09:00:00,0.0
2019-12-04 10:00:00,0.0
2019-12-04 11:00:00,0.0
2019-12-04 12:00:00,0.0
2019-12-04 13:00:00,0.0
2019-12-04 14:00:00,1.1504888555555537
2019-12-04 15:00:00,5.288700855139158
2019-12-04 16:00:00,57.02181947145374
2019-12-04 17:00:00,115.94517000242378
2019-12-04 18:00:00,85.98018872113671
2019-12-04 19:00:00,60.61752506707055
2019-12-04 20:00:00,35.382768594614284
2019-12-04 21:00:00,18.061188155902954
2019-12-04 22:00:00,27.618466367222172
2019-12-04 23:00:00,14.81505369682263
2019-12-05 00:00:00,9.906671977533334
2019-12-05 01:00:00,9.401090689511186
2019-12-05 02:00:00,17.0400229269444
2019-12-05 03:00:00,26.11315212833332
2019-12-05 04:00:00,18.777721774999982
2019-12-05 05:00:00,18.18766834722222
2019-12-05 06:00:00,4.479926938888892
2019-12-05 07:00:00,0.0
2019-12-05 08:00:00,0.0
2019-12-05 09:00:00,0.0
2019-12-05 10:00:00,0.0
2019-12-05 11:00:00,0.0
2019-12-05 12:00:00,0.0
2019-12-05 13:00:00,0.0
2019-12-05 14:00:00,0.0
2019-12-05 15:00:00,11.978580706024697
2019-12-05 16:00:00,38.12275532328215
2019-12-05 17:00:00,77.88151943188402
2019-12-05 18:00:00,67.88303560190054
2019-12-05 19:00:00,22.84901601075231
2019-12-05 20:00:00,17.36549686309312
2019-12-05 21:00:00,26.202145017610835
2019-12-05 22:00:00,22.51215422336777
2019-12-05 23:00:00,16.771441950385075
2019-12-06 00:00:00,10.383584135505478
2019-12-06 01:00:00,13.912280117874875
2019-12-06 02:00:00,17.184016791359227
2019-12-06 03:00:00,13.563026078054104
2019-12-06 04:00:00,14.894397152447539
2019-12-06 05:00:00,19.178047664501715
2019-12-06 06:00:00,15.569598588888907
2019-12-06 07:00:00,12.19412739722221
2019-12-06 08:00:00,10.935347244444465
2019-12-06 09:00:00,10.990478769444493
2019-12-06 10:00:00,18.585921640555558
2019-12-06 11:00:00,2.1886467888888927
2019-12-06 12:00:00,0.0
2019-12-06 13:00:00,0.0
2019-12-06 14:00:00,0.0
2019-12-06 15:00:00,9.421022468641631
2019-12-06 16:00:00,60.918435511254344
2019-12-06 17:00:00,95.4011586199762
2019-12-06 18:00:00,80.32358561280202
2019-12-06 19:00:00,41.03751926651627
2019-12-06 20:00:00,25.458957789114944
2019-12-06 21:00:00,21.22765419646213
2019-12-06 22:00:00,21.271623141102076
2019-12-06 23:00:00,18.300646145333225
2019-12-07 00:00:00,12.775072560536337
2019-12-07 01:00:00,13.004671341066558
2019-12-07 02:00:00,21.879869609047667
2019-12-07 03:00:00,38.12604376733702
2019-12-07 04:00:00,18.863224447222194
2019-12-07 05:00:00,14.306415087305867
2019-12-07 06:00:00,17.892638658107927
2019-12-07 07:00:00,12.224728916666631
2019-12-07 08:00:00,0.0
2019-12-07 09:00:00,0.0
2019-12-07 10:00:00,0.0
2019-12-07 11:00:00,0.0
2019-12-07 12:00:00,2.843330856955958
2019-12-07 13:00:00,3.2850219181021236
2019-12-07 14:00:00,0.1164239730639597
2019-12-07 15:00:00,0.0
2019-12-07 16:00:00,3.2523470132788503
2019-12-07 17:00:00,17.92828046699116
2019-12-07 18:00:00,16.852781981067142
2019-12-07 19:00:00,24.23680784293252
2019-12-07 20:00:00,23.165745203426965
2019-12-07 21:00:00,30.060680779559043
2019-12-07 22:00:00,18.45545881610587
2019-12-07 23:00:00,36.39222936064406
2019-12-08 00:00:00,45.77655559027516
2019-12-08 01:00:00,20.577623409317827
2019-12-08 02:00:00,24.50277632147717
2019-12-08 03:00:00,26.869019652777794
2019-12-08 04:00:00,20.028792136111072
2019-12-08 05:00:00,19.362997360833354
2019-12-08 06:00:00,17.24307102944446
2019-12-08 07:00:00,16.186810519938383
2019-12-08 08:00:00,6.767487905555562
2019-12-08 09:00:00,6.788659161111116
2019-12-08 10:00:00,6.793478891666688
2019-12-08 11:00:00,6.78612001944444
2019-12-08 12:00:00,2.558521669444443
2019-12-08 13:00:00,0.0
2019-12-08 14:00:00,0.2949191794444447
2019-12-08 15:00:00,4.582886361388899
2019-12-08 16:00:00,7.288634510277774
2019-12-08 17:00:00,10.620515172222238
2019-12-08 18:00:00,21.508969411666676
2019-12-08 19:00:00,26.484582260623284
2019-12-08 20:00:00,34.53288827118385
2019-12-08 21:00:00,22.433388069254725
2019-12-08 22:00:00,27.615144696397422
2019-12-08 23:00:00,39.595510125050026
2019-12-09 00:00:00,37.82615315319016
2019-12-09 01:00:00,16.82910545277781
2019-12-09 02:00:00,22.095552172777786
2019-12-09 03:00:00,22.08686287583332
2019-12-09 04:00:00,18.972968242838782
2019-12-09 05:00:00,14.457524897374368
2019-12-09 06:00:00,3.567447735611104
2019-12-09 07:00:00,0.9393873704790346
2019-12-09 08:00:00,0.0
2019-12-09 09:00:00,0.0
2019-12-09 10:00:00,8.834308897222215
2019-12-09 11:00:00,0.0
2019-12-09 12:00:00,0.0
2019-12-09 13:00:00,0.0
2019-12-09 14:00:00,2.2158532527777712
2019-12-09 15:00:00,10.981827573160901
2019-12-09 16:00:00,55.637091236360085
2019-12-09 17:00:00,82.93744670846459
2019-12-09 18:00:00,84.3371903422137
2019-12-09 19:00:00,71.80856709990444
2019-12-09 20:00:00,41.61481049720481
2019-12-09 21:00:00,23.47624257719009
2019-12-09 22:00:00,11.0783504353177
2019-12-09 23:00:00,8.351584811601308
2019-12-10 00:00:00,8.312832901180858
2019-12-10 01:00:00,19.457646182934898
2019-12-10 02:00:00,26.036584456229928
2019-12-10 03:00:00,14.354788644498267
2019-12-10 04:00:00,7.904109617634594
2019-12-10 05:00:00,12.367429951933946
2019-12-10 06:00:00,7.7773786382056365
2019-12-10 07:00:00,5.948343284628876
2019-12-10 08:00:00,0.5938855218855265
2019-12-10 09:00:00,4.354895857777786
2019-12-10 10:00:00,10.876967636111116
2019-12-10 11:00:00,2.2410573500000033
2019-12-10 12:00:00,0.2177796305555554
2019-12-10 13:00:00,0.2440527249999999
2019-12-10 14:00:00,1.5613153264729036
2019-12-10 15:00:00,15.980433746021557
2019-12-10 16:00:00,40.11748457294638
2019-12-10 17:00:00,68.71651344671295
2019-12-10 18:00:00,75.64338035368425
2019-12-10 19:00:00,53.83912458321393
2019-12-10 20:00:00,41.69957116216463
2019-12-10 21:00:00,27.881934406590904
2019-12-10 22:00:00,29.79622086710215
2019-12-10 23:00:00,26.84746118432002
2019-12-11 00:00:00,15.533018858526317
2019-12-11 01:00:00,14.17421392512738
2019-12-11 02:00:00,15.817304668676163
2019-12-11 03:00:00,10.11050356370416
2019-12-11 04:00:00,12.193200768055558
2019-12-11 05:00:00,16.200941296111072
2019-12-11 06:00:00,16.91923789249998
2019-12-11 07:00:00,13.728603080000013
2019-12-11 08:00:00,12.273538047777809
2019-12-11 09:00:00,10.798185444444453
2019-12-11 10:00:00,10.7369802527778
2019-12-11 11:00:00,7.491255397222228
2019-12-11 12:00:00,0.0
2019-12-11 13:00:00,0.0
2019-12-11 14:00:00,0.0
2019-12-11 15:00:00,5.142525865662243
2019-12-11 16:00:00,42.733358242266924
2019-12-11 17:00:00,94.95929382909834
2019-12-11 18:00:00,71.9531272733023
2019-12-11 19:00:00,57.24420516059068
2019-12-11 20:00:00,48.711389861010225
2019-12-11 21:00:00,52.31178863487043
2019-12-11 22:00:00,55.36634157487738
2019-12-11 23:00:00,34.90096617939103
2019-12-12 00:00:00,2.6361783320788263
2019-12-12 01:00:00,3.9453675187214126
2019-12-12 02:00:00,15.656940811218949
2019-12-12 03:00:00,4.920861639264188
2019-12-12 04:00:00,0.26292602500000006
2019-12-12 05:00:00,0.8179927694444445
2019-12-12 06:00:00,6.86824157222221
2019-12-12 07:00:00,6.439804352777782
2019-12-12 08:00:00,0.3749176361111112
2019-12-12 09:00:00,0.0
2019-12-12 10:00:00,0.0
2019-12-12 11:00:00,0.0
2019-12-12 12:00:00,0.0
2019-12-12 13:00:00,0.0
2019-12-12 14:00:00,0.0
2019-12-12 15:00:00,2.8847148319225684
2019-12-12 16:00:00,59.52050944487078
2019-12-12 17:00:00,85.1287995458895
2019-12-12 18:00:00,49.60871582656621
2019-12-12 19:00:00,47.91164171785691
2019-12-12 20:00:00,25.46784678302732
2019-12-12 21:00:00,13.947919360515504
2019-12-12 22:00:00,7.736418466146527
2019-12-12 23:00:00,3.451648465137235
2019-12-13 00:00:00,0.6221668706363231
2019-12-13 01:00:00,3.6461237175478014
2019-12-13 02:00:00,4.9136152708431196
2019-12-13 03:00:00,6.416091241997239
2019-12-13 04:00:00,11.467994235535292
2019-12-13 05:00:00,13.732640824722228
2019-12-13 06:00:00,18.335850017914943
2019-12-13 07:00:00,9.669748615482694
2019-12-13 08:00:00,6.7174764777777805
2019-12-13 09:00:00,6.912994319444407
2019-12-13 10:00:00,6.908143041666675
2019-12-13 11:00:00,4.221067661111105
2019-12-13 12:00:00,0.005438391666666666
2019-12-13 13:00:00,0.003481711111111111
2019-12-13 14:00:00,0.0
2019-12-13 15:00:00,10.03731733385166
2019-12-13 16:00:00,45.81571262155267
2019-12-13 17:00:00,61.630250257540595
2019-12-13 18:00:00,77.30796186419785
2019-12-13 19:00:00,60.54505430390156
2019-12-13 20:00:00,50.9787555730394
2019-12-13 21:00:00,22.687191579419913
2019-12-13 22:00:00,12.976274835622615
2019-12-13 23:00:00,15.918104397181082
2019-12-14 00:00:00,4.857831055871122
2019-12-14 01:00:00,3.782539122395387
2019-12-14 02:00:00,10.291070359277143
2019-12-14 03:00:00,6.887052091666686
2019-12-14 04:00:00,6.896870661111143
2019-12-14 05:00:00,6.886265855555598
2019-12-14 06:00:00,7.609035098727231
2019-12-14 07:00:00,5.157132440994981
2019-12-14 08:00:00,3.33415134475043
2019-12-14 09:00:00,3.320947835344808
2019-12-14 10:00:00,1.7154869468891836
2019-12-14 11:00:00,0.0
2019-12-14 12:00:00,0.0
2019-12-14 13:00:00,0.0
2019-12-14 14:00:00,0.0013136944444444446
2019-12-14 15:00:00,5.954662417777784
2019-12-14 16:00:00,14.030883135277783
2019-12-14 17:00:00,18.295910869722267
2019-12-14 18:00:00,24.656588336086475
2019-12-14 19:00:00,48.93156779690346
2019-12-14 20:00:00,59.26273098926747
2019-12-14 21:00:00,32.775253167885985
2019-12-14 22:00:00,24.304974261111095
2019-12-14 23:00:00,19.311262816666662
2019-12-15 00:00:00,19.49163647416666
2019-12-15 01:00:00,18.08201118277778
2019-12-15 02:00:00,15.534655011110225
2019-12-15 03:00:00,27.71909135254384
2019-12-15 04:00:00,14.889984058294607
2019-12-15 05:00:00,11.538081732000359
2019-12-15 06:00:00,9.578977536111115
2019-12-15 07:00:00,6.293092152777805
2019-12-15 08:00:00,3.408578163888894
2019-12-15 09:00:00,0.0
2019-12-15 10:00:00,0.0
2019-12-15 11:00:00,0.0
2019-12-15 12:00:00,0.0
2019-12-15 13:00:00,0.0
2019-12-15 14:00:00,0.0
2019-12-15 15:00:00,4.2264330355555755
2019-12-15 16:00:00,13.874088626388897
2019-12-15 17:00:00,24.04258585040364
2019-12-15 18:00:00,31.99552898735938
2019-12-15 19:00:00,51.964285186666615
2019-12-15 20:00:00,51.06629153472218
2019-12-15 21:00:00,50.65577683361112
2019-12-15 22:00:00,47.40406196583341
2019-12-15 23:00:00,32.43332788750005
2019-12-16 00:00:00,17.883016923333358
2019-12-16 01:00:00,38.04787152688312
2019-12-16 02:00:00,35.7368348572894
2019-12-16 03:00:00,31.40667669229107
2019-12-16 04:00:00,17.129227096247007
2019-12-16 05:00:00,24.50621104553648
2019-12-16 06:00:00,6.075817338888897
2019-12-16 07:00:00,0.0
2019-12-16 08:00:00,0.0
2019-12-16 09:00:00,0.0
2019-12-16 10:00:00,0.0
2019-12-16 11:00:00,0.0
2019-12-16 12:00:00,0.0
2019-12-16 13:00:00,1.2397387379163838
2019-12-16 14:00:00,3.336559469965309
2019-12-16 15:00:00,10.815718934306625
2019-12-16 16:00:00,66.08609513387562
2019-12-16 17:00:00,84.41907645962124
2019-12-16 18:00:00,97.76316503007453
2019-12-16 19:00:00,73.11519947372311
2019-12-16 20:00:00,52.49794033934767
2019-12-16 21:00:00,57.2278976940642
2019-12-16 22:00:00,41.34042139156646
2019-12-16 23:00:00,9.363843679025296
2019-12-17 00:00:00,0.2940847683555505
2019-12-17 01:00:00,23.102920299595546
2019-12-17 02:00:00,34.9669412672047
2019-12-17 03:00:00,28.87478511844699
2019-12-17 04:00:00,16.69004274510657
2019-12-17 05:00:00,12.704458496111123
2019-12-17 06:00:00,12.052119070598451
2019-12-17 07:00:00,7.123626080555586
2019-12-17 08:00:00,6.373270611111114
2019-12-17 09:00:00,6.491558594444461
2019-12-17 10:00:00,4.392993791666659
2019-12-17 11:00:00,0.06104101944444439
2019-12-17 12:00:00,0.0
2019-12-17 13:00:00,0.0
2019-12-17 14:00:00,0.0
2019-12-17 15:00:00,9.181975141961408
2019-12-17 16:00:00,42.63818937109225
2019-12-17 17:00:00,70.17080892426404
2019-12-17 18:00:00,55.284406087397066
2019-12-17 19:00:00,48.49283530642016
2019-12-17 20:00:00,41.237410161337
2019-12-17 21:00:00,45.55177500314981
2019-12-17 22:00:00,36.99466184784369
2019-12-17 23:00:00,17.891498264433263
2019-12-18 00:00:00,15.58267960363143
2019-12-18 01:00:00,17.859909615772597
2019-12-18 02:00:00,33.48564574249099
2019-12-18 03:00:00,39.39721159790403
2019-12-18 04:00:00,30.281566926666617
2019-12-18 05:00:00,28.92432653499999
2019-12-18 06:00:00,19.844754386111088
2019-12-18 07:00:00,11.344906966944453
2019-12-18 08:00:00,0.0
2019-12-18 09:00:00,0.0
2019-12-18 10:00:00,0.0
2019-12-18 11:00:00,0.0
2019-12-18 12:00:00,0.0
2019-12-18 13:00:00,0.0
2019-12-18 14:00:00,0.0
2019-12-18 15:00:00,11.558152581832642
2019-12-18 16:00:00,60.91573564685028
2019-12-18 17:00:00,100.46124231476811
2019-12-18 18:00:00,80.90853791135038
2019-12-18 19:00:00,37.17194460185722
2019-12-18 20:00:00,20.077734946418225
2019-12-18 21:00:00,25.807544007254304
2019-12-18 22:00:00,25.798340266349285
2019-12-18 23:00:00,12.36585624599227
2019-12-19 00:00:00,5.1828654038528335
2019-12-19 01:00:00,6.814993453886045
2019-12-19 02:00:00,10.026691537368473
2019-12-19 03:00:00,11.133061219444464
2019-12-19 04:00:00,7.2201223055555666
2019-12-19 05:00:00,6.329487072222212
2019-12-19 06:00:00,1.291689827777777
2019-12-19 07:00:00,1.7207175055555557
2019-12-19 08:00:00,0.7360690388888885
2019-12-19 09:00:00,0.0
2019-12-19 10:00:00,0.0
2019-12-19 11:00:00,0.0
2019-12-19 12:00:00,0.0
2019-12-19 13:00:00,0.0
2019-12-19 14:00:00,0.0
2019-12-19 15:00:00,6.585461206144796
2019-12-19 16:00:00,59.74573749092371
2019-12-19 17:00:00,80.76561051073055
2019-12-19 18:00:00,73.18204720965281
2019-12-19 19:00:00,45.20034724340577
2019-12-19 20:00:00,45.10661489741519
2019-12-19 21:00:00,50.955381697997936
2019-12-19 22:00:00,40.46230310513485
2019-12-19 23:00:00,26.48035028451976
2019-12-20 00:00:00,12.297477630307135
2019-12-20 01:00:00,2.831869208333332
2019-12-20 02:00:00,0.19768586333333338
2019-12-20 03:00:00,2.5562929874338
2019-12-20 04:00:00,17.19216999851092
2019-12-20 05:00:00,22.64931619488251
2019-12-20 06:00:00,17.396210650429673
2019-12-20 07:00:00,17.21017998922367
2019-12-20 08:00:00,11.036772085980763
2019-12-20 09:00:00,10.0864082549041
2019-12-20 10:00:00,0.012531960464879555
2019-12-20 11:00:00,0.0
2019-12-20 12:00:00,0.0018073205169976667
2019-12-20 13:00:00,0.0
2019-12-20 14:00:00,0.0
2019-12-20 15:00:00,6.740017535930786
2019-12-20 16:00:00,58.62724455160897
2019-12-20 17:00:00,86.30645228477331
2019-12-20 18:00:00,83.48298563427866
2019-12-20 19:00:00,67.80018156162846
2019-12-20 20:00:00,34.99580870389474
2019-12-20 21:00:00,28.20509253691643
2019-12-20 22:00:00,40.404605648764466
2019-12-20 23:00:00,26.278639974457427
2019-12-21 00:00:00,20.79865799390899
2019-12-21 01:00:00,24.410694966981872
2019-12-21 02:00:00,25.16453222678065
2019-12-21 03:00:00,12.594079232211891
2019-12-21 04:00:00,10.853803133333363
2019-12-21 05:00:00,0.0
2019-12-21 06:00:00,0.0
2019-12-21 07:00:00,0.0
2019-12-21 08:00:00,0.0
2019-12-21 09:00:00,0.0
2019-12-21 10:00:00,5.4595053719444415
2019-12-21 11:00:00,0.0
2019-12-21 12:00:00,0.0
2019-12-21 13:00:00,0.0
2019-12-21 14:00:00,0.0
2019-12-21 15:00:00,5.675243649444458
2019-12-21 16:00:00,13.100918181111155
2019-12-21 17:00:00,21.33233701361117
2019-12-21 18:00:00,26.471661095
2019-12-21 19:00:00,35.68585775000001
2019-12-21 20:00:00,12.62233841635533
2019-12-21 21:00:00,4.139312929206211
2019-12-21 22:00:00,14.108586701373497
2019-12-21 23:00:00,5.631738152777787
2019-12-22 00:00:00,5.225102745000012
2019-12-22 01:00:00,0.0
2019-12-22 02:00:00,0.0
2019-12-22 03:00:00,0.0
2019-12-22 04:00:00,0.0
2019-12-22 05:00:00,0.0
2019-12-22 06:00:00,0.0
2019-12-22 07:00:00,5.456943291666667
2019-12-22 08:00:00,5.670465133333326
2019-12-22 09:00:00,6.866737311111109
2019-12-22 10:00:00,6.487643891666721
2019-12-22 11:00:00,6.636729594444458
2019-12-22 12:00:00,6.842689500000023
2019-12-22 13:00:00,6.666951558333337
2019-12-22 14:00:00,6.952597688888858
2019-12-22 15:00:00,5.113132041666651
2019-12-22 16:00:00,11.147200970277776
2019-12-22 17:00:00,15.858013680555608
2019-12-22 18:00:00,30.083637271152956
2019-12-22 19:00:00,41.304222805056405
2019-12-22 20:00:00,21.663664817222184
2019-12-22 21:00:00,10.644372657777783
2019-12-22 22:00:00,14.264470481111122
2019-12-22 23:00:00,13.843759497777752
2019-12-23 00:00:00,14.315002634722294
2019-12-23 01:00:00,10.888066179722259
2019-12-23 02:00:00,4.201834044844972
2019-12-23 03:00:00,8.737047078633951
2019-12-23 04:00:00,10.588565574271966
2019-12-23 05:00:00,3.373866827640957
2019-12-23 06:00:00,0.0
2019-12-23 07:00:00,0.0
2019-12-23 08:00:00,0.0
2019-12-23 09:00:00,0.0
2019-12-23 10:00:00,0.0
2019-12-23 11:00:00,0.0
2019-12-23 12:00:00,0.0
2019-12-23 13:00:00,0.0
2019-12-23 14:00:00,0.0
2019-12-23 15:00:00,8.849096920609105
2019-12-23 16:00:00,56.85184542139986
2019-12-23 17:00:00,86.38706012256073
2019-12-23 18:00:00,71.81426844829717
2019-12-23 19:00:00,53.55857549018407
2019-12-23 20:00:00,31.42415066905851
2019-12-23 21:00:00,20.661336021216528
2019-12-23 22:00:00,22.328740287555387
2019-12-23 23:00:00,19.56034643412314
2019-12-24 00:00:00,8.898078733216295
2019-12-24 01:00:00,3.2470232976403484
2019-12-24 02:00:00,20.089921543113938
2019-12-24 03:00:00,30.367581096749973
2019-12-24 04:00:00,22.691866838951185
2019-12-24 05:00:00,15.227681685833382
2019-12-24 06:00:00,8.470565163888887
2019-12-24 07:00:00,0.0
2019-12-24 08:00:00,6.010266067123526
2019-12-24 09:00:00,1.160498577169735
2019-12-24 10:00:00,3.2117821888888898
2019-12-24 11:00:00,0.0
2019-12-24 12:00:00,0.0
2019-12-24 13:00:00,0.0
2019-12-24 14:00:00,0.0
2019-12-24 15:00:00,8.742719120818798
2019-12-24 16:00:00,56.71482558695416
2019-12-24 17:00:00,69.9233314680647
2019-12-24 18:00:00,47.45519555320175
2019-12-24 19:00:00,52.23241676128364
2019-12-24 20:00:00,36.66619456890132
2019-12-24 21:00:00,16.368700263460706
2019-12-24 22:00:00,16.172317623957312
2019-12-24 23:00:00,4.633924387034315
2019-12-25 00:00:00,0.09482287824472152
2019-12-25 01:00:00,0.0
2019-12-25 02:00:00,0.0
2019-12-25 03:00:00,0.0
2019-12-25 04:00:00,0.0
2019-12-25 05:00:00,0.0
2019-12-25 06:00:00,5.000616747777791
2019-12-25 07:00:00,6.468814077777774
2019-12-25 08:00:00,6.473182947222225
2019-12-25 09:00:00,6.525090688888928
2019-12-25 10:00:00,6.51160277777778
2019-12-25 11:00:00,2.668860291666665
2019-12-25 12:00:00,0.0
2019-12-25 13:00:00,0.0
2019-12-25 14:00:00,0.0
2019-12-25 15:00:00,8.808626127777792
2019-12-25 16:00:00,10.883890825000027
2019-12-25 17:00:00,6.9755080638888955
2019-12-25 18:00:00,17.95716746388886
2019-12-25 19:00:00,8.702051166666683
2019-12-25 20:00:00,0.5013685305555555
2019-12-25 21:00:00,24.195385058333265
2019-12-25 22:00:00,12.965723591666688
2019-12-25 23:00:00,8.178700819444469
2019-12-26 00:00:00,0.0
2019-12-26 01:00:00,1.8915705702182735
2019-12-26 02:00:00,3.3330279656761803
2019-12-26 03:00:00,3.337980023892646
2019-12-26 04:00:00,2.423678262190732
2019-12-26 05:00:00,0.0
2019-12-26 06:00:00,0.0
2019-12-26 07:00:00,0.45120841099161235
2019-12-26 08:00:00,1.075843684153363
2019-12-26 09:00:00,0.0
2019-12-26 10:00:00,0.0
2019-12-26 11:00:00,0.0
2019-12-26 12:00:00,0.0
2019-12-26 13:00:00,0.0
2019-12-26 14:00:00,0.0
2019-12-26 15:00:00,0.0
2019-12-26 16:00:00,0.0
2019-12-26 17:00:00,0.0
2019-12-26 18:00:00,0.0
2019-12-26 19:00:00,0.0
2019-12-26 20:00:00,0.0
2019-12-26 21:00:00,0.0
2019-12-26 22:00:00,0.0
2019-12-26 23:00:00,0.0
2019-12-27 00:00:00,4.132409556388892
2019-12-27 01:00:00,7.377483338055575
2019-12-27 02:00:00,12.894161934999998
2019-12-27 03:00:00,13.814813982222201
2019-12-27 04:00:00,7.643214364444454
2019-12-27 05:00:00,3.5161455291666774
2019-12-27 06:00:00,0.5759471499999995
2019-12-27 07:00:00,0.0
2019-12-27 08:00:00,0.0
2019-12-27 09:00:00,0.0
2019-12-27 10:00:00,0.0
2019-12-27 11:00:00,0.0
2019-12-27 12:00:00,0.0
2019-12-27 13:00:00,0.0
2019-12-27 14:00:00,0.0
2019-12-27 15:00:00,0.0
2019-12-27 16:00:00,5.325929230833333
2019-12-27 17:00:00,18.94824510388892
2019-12-27 18:00:00,18.42546062394418
2019-12-27 19:00:00,16.308069660221154
2019-12-27 20:00:00,21.17404619472222
2019-12-27 21:00:00,14.712852281111152
2019-12-27 22:00:00,7.043193553540957
2019-12-27 23:00:00,3.901702181226363
2019-12-28 00:00:00,8.316012702324365
2019-12-28 01:00:00,20.563383111826568
2019-12-28 02:00:00,17.338030340772573
2019-12-28 03:00:00,15.794063610833348
2019-12-28 04:00:00,26.793121000833395
2019-12-28 05:00:00,3.574882928333333
2019-12-28 06:00:00,0.0
2019-12-28 07:00:00,3.980159397222222
2019-12-28 08:00:00,0.0
2019-12-28 09:00:00,0.0
2019-12-28 10:00:00,0.0
2019-12-28 11:00:00,0.0
2019-12-28 12:00:00,0.0
2019-12-28 13:00:00,0.0
2019-12-28 14:00:00,0.0
2019-12-28 15:00:00,0.0
2019-12-28 16:00:00,0.0
2019-12-28 17:00:00,7.309776845530532
2019-12-28 18:00:00,15.269818868328
2019-12-28 19:00:00,7.897377627327008
2019-12-28 20:00:00,14.241412766951907
2019-12-28 21:00:00,7.220599010024143
2019-12-28 22:00:00,17.03420570727182
2019-12-28 23:00:00,11.954966984981624
2019-12-29 00:00:00,2.295565584601449
2019-12-29 01:00:00,9.444712330442751
2019-12-29 02:00:00,20.74165612289633
2019-12-29 03:00:00,24.51997479253034
2019-12-29 04:00:00,21.372640297142553
2019-12-29 05:00:00,25.99744445491325
2019-12-29 06:00:00,21.228019611111115
2019-12-29 07:00:00,9.218059507204226
2019-12-29 08:00:00,4.597319001808486
2019-12-29 09:00:00,7.577920122857381
2019-12-29 10:00:00,0.0
2019-12-29 11:00:00,0.0
2019-12-29 12:00:00,0.0
2019-12-29 13:00:00,0.0
2019-12-29 14:00:00,0.0
2019-12-29 15:00:00,0.0
2019-12-29 16:00:00,0.0
2019-12-29 17:00:00,5.4555313564037
2019-12-29 18:00:00,23.324330649257178
2019-12-29 19:00:00,20.02521571166665
2019-12-29 20:00:00,13.487586877777797
2019-12-29 21:00:00,11.424891736111109
2019-12-29 22:00:00,3.810875900000004
2019-12-29 23:00:00,0.0
2019-12-30 00:00:00,10.659843595833346
2019-12-30 01:00:00,12.034427111111114
2019-12-30 02:00:00,7.849290080555532
2019-12-30 03:00:00,8.127781911111127
2019-12-30 04:00:00,6.940078213888906
2019-12-30 05:00:00,4.848148874999999
2019-12-30 06:00:00,0.0
2019-12-30 07:00:00,0.30738545888988233
2019-12-30 08:00:00,3.2598712457873713
2019-12-30 09:00:00,2.214249575319359
2019-12-30 10:00:00,0.0
2019-12-30 11:00:00,0.0
2019-12-30 12:00:00,1.7097663416666664
2019-12-30 13:00:00,4.754418025833332
2019-12-30 14:00:00,0.0
2019-12-30 15:00:00,0.0
2019-12-30 16:00:00,0.0
2019-12-30 17:00:00,3.168820619444443
2019-12-30 18:00:00,7.313054752777786
2019-12-30 19:00:00,14.987177175000028
2019-12-30 20:00:00,15.56703827500002
2019-12-30 21:00:00,16.632405180555555
2019-12-30 22:00:00,2.6454643722222233
2019-12-30 23:00:00,12.120070546388893
2019-12-31 00:00:00,24.845245932500056
2019-12-31 01:00:00,23.989116575343274
2019-12-31 02:00:00,29.722607922324787
2019-12-31 03:00:00,35.97204277897244
2019-12-31 04:00:00,23.660007611111133
2019-12-31 05:00:00,19.678817557499997
2019-12-31 06:00:00,19.80657030833332
2019-12-31 07:00:00,13.871995609444486
2019-12-31 08:00:00,11.40465699
2019-12-31 09:00:00,6.550003563888872
2019-12-31 10:00:00,2.0701377972222197
2019-12-31 11:00:00,0.0
2019-12-31 12:00:00,0.0
2019-12-31 13:00:00,0.0
2019-12-31 14:00:00,0.0
2019-12-31 15:00:00,0.0
2019-12-31 16:00:00,2.984719722222219
2019-12-31 17:00:00,6.289413427777776
2019-12-31 18:00:00,9.886531044444453
2019-12-31 19:00:00,12.762208322222222
2019-12-31 20:00:00,9.871379363888893
2019-12-31 21:00:00,3.0687925888888903
2019-12-31 22:00:00,0.4068241999999999
2019-12-31 23:00:00,0.0
2020-01-01 00:00:00,0.0
2020-01-01 01:00:00,0.0
2020-01-01 02:00:00,10.389719101111092
2020-01-01 03:00:00,13.953878533333327
2020-01-01 04:00:00,11.610777208333324
2020-01-01 05:00:00,9.22303746166665
2020-01-01 06:00:00,12.280228827777764
2020-01-01 07:00:00,9.219707302777785
2020-01-01 08:00:00,2.5661049472222253
2020-01-01 09:00:00,2.0256697111111106
2020-01-01 10:00:00,6.825354186111133
2020-01-01 11:00:00,6.75340964444447
2020-01-01 12:00:00,6.5198106666666575
2020-01-01 13:00:00,6.85187353055556
2020-01-01 14:00:00,3.251743661111115
2020-01-01 15:00:00,0.0
2020-01-01 16:00:00,0.0
2020-01-01 17:00:00,10.46746183333332
2020-01-01 18:00:00,12.79188691944448
2020-01-01 19:00:00,13.496278251388901
2020-01-01 20:00:00,12.735931636111074
2020-01-01 21:00:00,10.135309958333334
2020-01-01 22:00:00,7.256529900000011
2020-01-01 23:00:00,0.10712008333333327
2020-01-02 00:00:00,3.058159817529541
2020-01-02 01:00:00,16.805490703282402
2020-01-02 02:00:00,21.33112451704774
2020-01-02 03:00:00,15.853521244486126
2020-01-02 04:00:00,12.30924483228005
2020-01-02 05:00:00,17.211832976388923
2020-01-02 06:00:00,4.425188233333321
2020-01-02 07:00:00,0.0
2020-01-02 08:00:00,0.0
2020-01-02 09:00:00,0.0
2020-01-02 10:00:00,0.0
2020-01-02 11:00:00,0.0
2020-01-02 12:00:00,0.0
2020-01-02 13:00:00,0.0
2020-01-02 14:00:00,0.0
2020-01-02 15:00:00,1.4784713196481152
2020-01-02 16:00:00,42.62241803912118
2020-01-02 17:00:00,60.28249796121102
2020-01-02 18:00:00,76.73477825210375
2020-01-02 19:00:00,79.82601526416666
2020-01-02 20:00:00,55.18052742774348
2020-01-02 21:00:00,44.54239076925644
2020-01-02 22:00:00,34.494140110436255
2020-01-02 23:00:00,27.45280997597019
2020-01-03 00:00:00,17.27007101694379
2020-01-03 01:00:00,9.939742335179192
2020-01-03 02:00:00,10.959274794982653
2020-01-03 03:00:00,14.344194895774375
2020-01-03 04:00:00,6.442507720506517
2020-01-03 05:00:00,0.0
2020-01-03 06:00:00,0.0
2020-01-03 07:00:00,0.0
2020-01-03 08:00:00,0.0
2020-01-03 09:00:00,0.0
2020-01-03 10:00:00,0.0
2020-01-03 11:00:00,0.0
2020-01-03 12:00:00,0.0
2020-01-03 13:00:00,0.0
2020-01-03 14:00:00,0.0826379233191799
2020-01-03 15:00:00,2.102545230277777
2020-01-03 16:00:00,31.248442431446637
2020-01-03 17:00:00,44.307636937231095
2020-01-03 18:00:00,43.57543415944024
2020-01-03 19:00:00,30.80844952635834
2020-01-03 20:00:00,7.173355978527322
2020-01-03 21:00:00,7.5985715609291145
2020-01-03 22:00:00,20.82321511809293
2020-01-03 23:00:00,14.239673962254152
2020-01-04 00:00:00,6.030772417000295
2020-01-04 01:00:00,3.4760591115237984
2020-01-04 02:00:00,14.38307887007683
2020-01-04 03:00:00,28.200092862462007
2020-01-04 04:00:00,20.6314828495916
2020-01-04 05:00:00,20.718898145636395
2020-01-04 06:00:00,17.588401027231612
2020-01-04 07:00:00,14.000006720353518
2020-01-04 08:00:00,0.5459915281846739
2020-01-04 09:00:00,0.0
2020-01-04 10:00:00,0.0
2020-01-04 11:00:00,0.0
2020-01-04 12:00:00,9.036602584995554e-05
2020-01-04 13:00:00,0.44356705984596756
2020-01-04 14:00:00,0.0
2020-01-04 15:00:00,0.0
2020-01-04 16:00:00,7.604699511508484
2020-01-04 17:00:00,16.16678500845544
2020-01-04 18:00:00,13.408846650625055
2020-01-04 19:00:00,8.813303566509095
2020-01-04 20:00:00,9.20958127700656
2020-01-04 21:00:00,7.15727522499994
2020-01-04 22:00:00,8.242627476516574
2020-01-04 23:00:00,7.190356164261189
2020-01-05 00:00:00,11.78088480083035
2020-01-05 01:00:00,9.712775833295359
2020-01-05 02:00:00,14.356919089166677
2020-01-05 03:00:00,23.682412421666665
2020-01-05 04:00:00,0.6676631555555557
2020-01-05 05:00:00,0.0
2020-01-05 06:00:00,0.0
2020-01-05 07:00:00,0.0
2020-01-05 08:00:00,0.0
2020-01-05 09:00:00,0.0
2020-01-05 10:00:00,0.0
2020-01-05 11:00:00,0.0
2020-01-05 12:00:00,0.0
2020-01-05 13:00:00,0.0
2020-01-05 14:00:00,0.0
2020-01-05 15:00:00,5.599814543055549
2020-01-05 16:00:00,1.6065459497222234
2020-01-05 17:00:00,10.811793070371255
2020-01-05 18:00:00,4.349796509772301
2020-01-05 19:00:00,1.2836455966666662
2020-01-05 20:00:00,22.2263144043583
2020-01-05 21:00:00,14.121799920322104
2020-01-05 22:00:00,8.751468831408165
2020-01-05 23:00:00,9.768378600000041
2020-01-06 00:00:00,9.141965907397763
2020-01-06 01:00:00,14.633098212962949
2020-01-06 02:00:00,12.87682244624272
2020-01-06 03:00:00,8.438215786388898
2020-01-06 04:00:00,3.692372491388882
2020-01-06 05:00:00,3.2683597194444567
2020-01-06 06:00:00,1.681178147222222
2020-01-06 07:00:00,0.0
2020-01-06 08:00:00,0.0
2020-01-06 09:00:00,0.0
2020-01-06 10:00:00,1.6245800000000032
2020-01-06 11:00:00,1.3668231666666641
2020-01-06 12:00:00,0.0
2020-01-06 13:00:00,0.0
2020-01-06 14:00:00,0.34036905832528097
2020-01-06 15:00:00,6.006374220560704
2020-01-06 16:00:00,51.675412192239634
2020-01-06 17:00:00,85.31026938431627
2020-01-06 18:00:00,81.56604998431756
2020-01-06 19:00:00,60.29432524859401
2020-01-06 20:00:00,35.015361061581224
2020-01-06 21:00:00,10.37097496835824
2020-01-06 22:00:00,3.8753421323204322
2020-01-06 23:00:00,1.7057190033615444
2020-01-07 00:00:00,6.716371719876104
2020-01-07 01:00:00,7.663067539507252
2020-01-07 02:00:00,11.164006794829138
2020-01-07 03:00:00,10.23210034310748
2020-01-07 04:00:00,2.115374684479263
2020-01-07 05:00:00,0.1968132384481797
2020-01-07 06:00:00,3.5057350050000102
2020-01-07 07:00:00,0.0
2020-01-07 08:00:00,0.0
2020-01-07 09:00:00,0.0
2020-01-07 10:00:00,0.0
2020-01-07 11:00:00,5.193729291666659
2020-01-07 12:00:00,2.558803544444444
2020-01-07 13:00:00,0.0
2020-01-07 14:00:00,0.0
2020-01-07 15:00:00,2.8715250570204507
2020-01-07 16:00:00,34.82770553777932
2020-01-07 17:00:00,61.9622429844553
2020-01-07 18:00:00,58.73043404494358
2020-01-07 19:00:00,38.87317571324805
2020-01-07 20:00:00,28.061914741791554
2020-01-07 21:00:00,31.278731190770348
2020-01-07 22:00:00,24.38019696176176
2020-01-07 23:00:00,18.98205002326546
2020-01-08 00:00:00,23.8555530074838
2020-01-08 01:00:00,21.58614781492885
2020-01-08 02:00:00,9.753195760483864
2020-01-08 03:00:00,33.803411644444495
2020-01-08 04:00:00,28.354124386666683
2020-01-08 05:00:00,21.00836739999999
2020-01-08 06:00:00,11.839180247222172
2020-01-08 07:00:00,0.9677302111111107
2020-01-08 08:00:00,0.0
2020-01-08 09:00:00,0.0
2020-01-08 10:00:00,0.0
2020-01-08 11:00:00,0.0
2020-01-08 12:00:00,10.772500284999984
2020-01-08 13:00:00,0.0
2020-01-08 14:00:00,0.0
2020-01-08 15:00:00,6.906324735527006
2020-01-08 16:00:00,43.04605429497725
2020-01-08 17:00:00,74.41456322574251
2020-01-08 18:00:00,71.55004785183205
2020-01-08 19:00:00,37.42938534064493
2020-01-08 20:00:00,13.601083293415964
2020-01-08 21:00:00,13.955187762642579
2020-01-08 22:00:00,8.900815645464185
2020-01-08 23:00:00,7.636439775267645
2020-01-09 00:00:00,10.401158065078182
2020-01-09 01:00:00,7.865899361159862
2020-01-09 02:00:00,13.261994790794668
2020-01-09 03:00:00,13.20320715245019
2020-01-09 04:00:00,12.072360358241948
2020-01-09 05:00:00,8.677768281275796
2020-01-09 06:00:00,6.778353807185496
2020-01-09 07:00:00,6.547477632237208
2020-01-09 08:00:00,4.205826419028635
2020-01-09 09:00:00,0.1990112914086741
2020-01-09 10:00:00,0.21152517866853707
2020-01-09 11:00:00,0.1997848245900986
2020-01-09 12:00:00,0.20443686760115914
2020-01-09 13:00:00,0.2046103703704999
2020-01-09 14:00:00,0.20375370044541607
2020-01-09 15:00:00,1.9540182644444433
2020-01-09 16:00:00,48.349735504747926
2020-01-09 17:00:00,81.32852596031493
2020-01-09 18:00:00,71.2735540115401
2020-01-09 19:00:00,48.57935339909302
2020-01-09 20:00:00,23.341927238791104
2020-01-09 21:00:00,25.13413453084341
2020-01-09 22:00:00,21.484954028898457
2020-01-09 23:00:00,14.213224318583311
2020-01-10 00:00:00,32.56151178315189
2020-01-10 01:00:00,39.59050265943296
2020-01-10 02:00:00,47.275005613888865
2020-01-10 03:00:00,41.34674783305549
2020-01-10 04:00:00,40.44191145508603
2020-01-10 05:00:00,39.70444295958603
2020-01-10 06:00:00,9.165334918333347
2020-01-10 07:00:00,0.1416250194444445
2020-01-10 08:00:00,0.12730205555555496
2020-01-10 09:00:00,0.06967039444444435
2020-01-10 10:00:00,0.0
2020-01-10 11:00:00,0.0
2020-01-10 12:00:00,4.0008051111111085
2020-01-10 13:00:00,3.2945457861111063
2020-01-10 14:00:00,0.0
2020-01-10 15:00:00,10.536595820573119
2020-01-10 16:00:00,48.24475784275013
2020-01-10 17:00:00,59.24399885073248
2020-01-10 18:00:00,78.8839620282475
2020-01-10 19:00:00,54.07195593889359
2020-01-10 20:00:00,36.35345780737342
2020-01-10 21:00:00,16.44788359210198
2020-01-10 22:00:00,13.967249992467549
2020-01-10 23:00:00,12.545152939338402
2020-01-11 00:00:00,4.494168764978679
2020-01-11 01:00:00,14.13597059666742
2020-01-11 02:00:00,6.21442090350148
2020-01-11 03:00:00,6.459132190723266
2020-01-11 04:00:00,0.0
2020-01-11 05:00:00,0.0
2020-01-11 06:00:00,0.0
2020-01-11 07:00:00,0.0
2020-01-11 08:00:00,0.0
2020-01-11 09:00:00,0.0
2020-01-11 10:00:00,4.594890359999999
2020-01-11 11:00:00,0.0
2020-01-11 12:00:00,0.0
2020-01-11 13:00:00,0.0
2020-01-11 14:00:00,0.0
2020-01-11 15:00:00,0.0
2020-01-11 16:00:00,0.0
2020-01-11 17:00:00,0.0
2020-01-11 18:00:00,0.0
2020-01-11 19:00:00,0.0
2020-01-11 20:00:00,4.295556286111104
2020-01-11 21:00:00,6.530835958333291
2020-01-11 22:00:00,3.9004150277777754
2020-01-11 23:00:00,0.0
2020-01-12 00:00:00,0.0
2020-01-12 01:00:00,3.4612626833333344
2020-01-12 02:00:00,6.538825194444417
2020-01-12 03:00:00,6.598460155555541
2020-01-12 04:00:00,1.5699505861111105
2020-01-12 05:00:00,0.0
2020-01-12 06:00:00,0.0
2020-01-12 07:00:00,0.0
2020-01-12 08:00:00,0.0
2020-01-12 09:00:00,0.0
2020-01-12 10:00:00,0.0
2020-01-12 11:00:00,0.0
2020-01-12 12:00:00,0.0
2020-01-12 13:00:00,0.0
2020-01-12 14:00:00,0.0
2020-01-12 15:00:00,0.0
2020-01-12 16:00:00,0.0
2020-01-12 17:00:00,7.994209777777789
2020-01-12 18:00:00,28.285337002777787
2020-01-12 19:00:00,22.79622892000002
2020-01-12 20:00:00,52.251192443541356
2020-01-12 21:00:00,36.148739816057585
2020-01-12 22:00:00,30.362775976125146
2020-01-12 23:00:00,14.645352307231128
2020-01-13 00:00:00,24.82509247939207
2020-01-13 01:00:00,33.04001455600471
2020-01-13 02:00:00,46.67833176028153
2020-01-13 03:00:00,32.45166538806129
2020-01-13 04:00:00,19.621779620090297
2020-01-13 05:00:00,12.885079312696817
2020-01-13 06:00:00,6.66431459444442
2020-01-13 07:00:00,6.872135019444429
2020-01-13 08:00:00,6.987031686111111
2020-01-13 09:00:00,4.5763063694444455
2020-01-13 10:00:00,0.0
2020-01-13 11:00:00,0.0
2020-01-13 12:00:00,0.0
2020-01-13 13:00:00,0.4989189166666667
2020-01-13 14:00:00,6.097484425000003
2020-01-13 15:00:00,13.339328670736911
2020-01-13 16:00:00,60.98018132936765
2020-01-13 17:00:00,110.44834138637546
2020-01-13 18:00:00,117.7631469843782
2020-01-13 19:00:00,93.97217507798635
2020-01-13 20:00:00,74.72159599773748
2020-01-13 21:00:00,58.89043097259361
2020-01-13 22:00:00,36.69965451184199
2020-01-13 23:00:00,31.585696493561933
2020-01-14 00:00:00,26.9525353796657
2020-01-14 01:00:00,13.92796829493125
2020-01-14 02:00:00,20.164630110322946
2020-01-14 03:00:00,37.199543031475244
2020-01-14 04:00:00,9.529777650177001
2020-01-14 05:00:00,5.939677570833364
2020-01-14 06:00:00,3.45040350972223
2020-01-14 07:00:00,0.0
2020-01-14 08:00:00,0.0
2020-01-14 09:00:00,0.0
2020-01-14 10:00:00,0.0
2020-01-14 11:00:00,0.0
2020-01-14 12:00:00,0.0
2020-01-14 13:00:00,0.0
2020-01-14 14:00:00,0.0
2020-01-14 15:00:00,10.435541915104935
2020-01-14 16:00:00,42.226287203146846
2020-01-14 17:00:00,75.11839186227027
2020-01-14 18:00:00,74.02071143392048
2020-01-14 19:00:00,52.93324729738241
2020-01-14 20:00:00,49.5679747644427
2020-01-14 21:00:00,36.13300573822348
2020-01-14 22:00:00,15.970260513475868
2020-01-14 23:00:00,5.4701818679237295
2020-01-15 00:00:00,11.812454572417352
2020-01-15 01:00:00,19.352113978274648
2020-01-15 02:00:00,17.339380306234922
2020-01-15 03:00:00,26.90702808546731
2020-01-15 04:00:00,17.54936298944444
2020-01-15 05:00:00,6.764669480555562
2020-01-15 06:00:00,5.584660983333336
2020-01-15 07:00:00,3.15336313055556
2020-01-15 08:00:00,0.0
2020-01-15 09:00:00,0.0
2020-01-15 10:00:00,0.0
2020-01-15 11:00:00,0.0
2020-01-15 12:00:00,4.629936411111109
2020-01-15 13:00:00,6.375441783333323
2020-01-15 14:00:00,1.9884475500000034
2020-01-15 15:00:00,6.735703450204964
2020-01-15 16:00:00,42.30476324781044
2020-01-15 17:00:00,84.4962878652459
2020-01-15 18:00:00,75.48244424497378
2020-01-15 19:00:00,61.32063107276427
2020-01-15 20:00:00,29.948185657673594
2020-01-15 21:00:00,39.940423514676546
2020-01-15 22:00:00,30.118640650828315
2020-01-15 23:00:00,26.945174827462427
2020-01-16 00:00:00,15.167242176024093
2020-01-16 01:00:00,19.31332596108723
2020-01-16 02:00:00,12.734952725120564
2020-01-16 03:00:00,15.182230834444436
2020-01-16 04:00:00,12.484094425277789
2020-01-16 05:00:00,15.369191046944461
2020-01-16 06:00:00,11.601972040000005
2020-01-16 07:00:00,7.366370805277761
2020-01-16 08:00:00,2.804376350833339
2020-01-16 09:00:00,0.0
2020-01-16 10:00:00,0.0
2020-01-16 11:00:00,0.0
2020-01-16 12:00:00,0.0
2020-01-16 13:00:00,0.0
2020-01-16 14:00:00,0.9474674805555567
2020-01-16 15:00:00,8.754555816598435
2020-01-16 16:00:00,47.16101452097642
2020-01-16 17:00:00,69.49051638877724
2020-01-16 18:00:00,68.18782065743731
2020-01-16 19:00:00,50.394622857149315
2020-01-16 20:00:00,35.19874472371227
2020-01-16 21:00:00,40.21423761945949
2020-01-16 22:00:00,31.870232030844882
2020-01-16 23:00:00,20.56238438753925
2020-01-17 00:00:00,12.244276082244337
2020-01-17 01:00:00,11.993431356408838
2020-01-17 02:00:00,23.356558394134783
2020-01-17 03:00:00,31.07946964722224
2020-01-17 04:00:00,25.214710175000004
2020-01-17 05:00:00,18.673804986666696
2020-01-17 06:00:00,11.398081363888874
2020-01-17 07:00:00,13.115235119444451
2020-01-17 08:00:00,7.606519480555554
2020-01-17 09:00:00,6.40925981111111
2020-01-17 10:00:00,6.8691311694444135
2020-01-17 11:00:00,6.5915392083333595
2020-01-17 12:00:00,6.864238916666656
2020-01-17 13:00:00,4.5645728472222205
2020-01-17 14:00:00,0.11625275277777776
2020-01-17 15:00:00,5.698224036417654
2020-01-17 16:00:00,63.37488430932888
2020-01-17 17:00:00,89.89183625053393
2020-01-17 18:00:00,73.04347610334335
2020-01-17 19:00:00,45.374626827320995
2020-01-17 20:00:00,29.902621499113323
2020-01-17 21:00:00,29.93362156027439
2020-01-17 22:00:00,16.02326333094117
2020-01-17 23:00:00,3.9686277553351754
2020-01-18 00:00:00,6.285421024217857
2020-01-18 01:00:00,3.9600995430459935
2020-01-18 02:00:00,16.30400986111108
2020-01-18 03:00:00,25.4904337138889
2020-01-18 04:00:00,29.73641768333338
2020-01-18 05:00:00,55.341811106944604
2020-01-18 06:00:00,42.33972563916674
2020-01-18 07:00:00,21.22456289194445
2020-01-18 08:00:00,17.748003883333336
2020-01-18 09:00:00,14.090159838888912
2020-01-18 10:00:00,1.9430693722222223
2020-01-18 11:00:00,0.014120272222222221
2020-01-18 12:00:00,0.0
2020-01-18 13:00:00,0.0
2020-01-18 14:00:00,0.03758107777777778
2020-01-18 15:00:00,0.0
2020-01-18 16:00:00,1.133445786111111
2020-01-18 17:00:00,10.673853583333404
2020-01-18 18:00:00,17.593694747222216
2020-01-18 19:00:00,20.61878954968507
2020-01-18 20:00:00,41.18889563690144
2020-01-18 21:00:00,25.52905075833334
2020-01-18 22:00:00,13.366701645339283
2020-01-18 23:00:00,16.38453759220419
2020-01-19 00:00:00,15.22137125907884
2020-01-19 01:00:00,9.459166904462949
2020-01-19 02:00:00,0.03545601390242312
2020-01-19 03:00:00,1.2360933461111128
2020-01-19 04:00:00,7.3447355386111255
2020-01-19 05:00:00,7.395081038888899
2020-01-19 06:00:00,7.419816858888929
2020-01-19 07:00:00,3.323935687777791
2020-01-19 08:00:00,0.0
2020-01-19 09:00:00,0.0
2020-01-19 10:00:00,3.4156590083333294
2020-01-19 11:00:00,4.891075700000002
2020-01-19 12:00:00,1.2458227222222222
2020-01-19 13:00:00,0.0
2020-01-19 14:00:00,0.0
2020-01-19 15:00:00,1.2421431327777788
2020-01-19 16:00:00,8.892662716111111
2020-01-19 17:00:00,14.242207678611134
2020-01-19 18:00:00,9.357573184444446
2020-01-19 19:00:00,27.05280694972223
2020-01-19 20:00:00,38.91709641083335
2020-01-19 21:00:00,33.7669384375
2020-01-19 22:00:00,24.68453084249998
2020-01-19 23:00:00,16.28142372815541
2020-01-20 00:00:00,11.914133922106249
2020-01-20 01:00:00,18.50457966611112
2020-01-20 02:00:00,20.313310543780776
2020-01-20 03:00:00,2.0611033158333325
2020-01-20 04:00:00,15.844041403888912
2020-01-20 05:00:00,7.22459534805552
2020-01-20 06:00:00,4.706571208888884
2020-01-20 07:00:00,0.0
2020-01-20 08:00:00,0.0
2020-01-20 09:00:00,1.4689575844445564
2020-01-20 10:00:00,3.225655053761178
2020-01-20 11:00:00,0.7923184707284344
2020-01-20 12:00:00,0.0
2020-01-20 13:00:00,0.0
2020-01-20 14:00:00,0.018119311111111116
2020-01-20 15:00:00,0.0
2020-01-20 16:00:00,0.0
2020-01-20 17:00:00,24.748883130555512
2020-01-20 18:00:00,27.317790828333333
2020-01-20 19:00:00,10.934969238888886
2020-01-20 20:00:00,10.09735913055556
2020-01-20 21:00:00,10.814805143253459
2020-01-20 22:00:00,17.247586445945327
2020-01-20 23:00:00,20.283509047526927
2020-01-21 00:00:00,12.863811633333292
2020-01-21 01:00:00,20.080516237978166
2020-01-21 02:00:00,21.89036966565299
2020-01-21 03:00:00,22.45867292335079
2020-01-21 04:00:00,15.662477586808873
2020-01-21 05:00:00,9.280480090379575
2020-01-21 06:00:00,5.0158966033333305
2020-01-21 07:00:00,0.0
2020-01-21 08:00:00,0.0
2020-01-21 09:00:00,0.0
2020-01-21 10:00:00,0.0
2020-01-21 11:00:00,0.0
2020-01-21 12:00:00,0.0
2020-01-21 13:00:00,0.0
2020-01-21 14:00:00,0.8119581638888886
2020-01-21 15:00:00,9.449725602444477
2020-01-21 16:00:00,41.3230573294895
2020-01-21 17:00:00,71.87036765985216
2020-01-21 18:00:00,90.19788810723296
2020-01-21 19:00:00,78.18927143597426
2020-01-21 20:00:00,56.748224264678825
2020-01-21 21:00:00,43.39127681019516
2020-01-21 22:00:00,30.939586829581742
2020-01-21 23:00:00,8.897541655526963
2020-01-22 00:00:00,10.072020934449014
2020-01-22 01:00:00,23.080193103419735
2020-01-22 02:00:00,32.52538635467328
2020-01-22 03:00:00,35.79841068202558
2020-01-22 04:00:00,38.83761214783481
2020-01-22 05:00:00,22.81924998222223
2020-01-22 06:00:00,7.81848618425654
2020-01-22 07:00:00,16.02072535277777
2020-01-22 08:00:00,9.71147864581291
2020-01-22 09:00:00,0.0
2020-01-22 10:00:00,0.0
2020-01-22 11:00:00,0.0
2020-01-22 12:00:00,0.0
2020-01-22 13:00:00,0.0
2020-01-22 14:00:00,0.0
2020-01-22 15:00:00,1.2467766744685562
2020-01-22 16:00:00,39.19700725996165
2020-01-22 17:00:00,53.83695425563164
2020-01-22 18:00:00,72.18272278486714
2020-01-22 19:00:00,70.90982504147665
2020-01-22 20:00:00,45.51541411045158
2020-01-22 21:00:00,26.410821697921953
2020-01-22 22:00:00,13.1886475418104
2020-01-22 23:00:00,8.529063230262192
2020-01-23 00:00:00,31.813576738457336
2020-01-23 01:00:00,25.13420056242556
2020-01-23 02:00:00,37.21922691612322
2020-01-23 03:00:00,23.094011081186295
2020-01-23 04:00:00,18.336780117140997
2020-01-23 05:00:00,20.88256373123712
2020-01-23 06:00:00,21.53602833971432
2020-01-23 07:00:00,21.533242954844077
2020-01-23 08:00:00,21.87140532406751
2020-01-23 09:00:00,3.204274161048655
2020-01-23 10:00:00,0.0
2020-01-23 11:00:00,0.0
2020-01-23 12:00:00,0.0
2020-01-23 13:00:00,0.18818224444444442
2020-01-23 14:00:00,0.1550717999999999
2020-01-23 15:00:00,6.594963252777771
2020-01-23 16:00:00,51.06659198063903
2020-01-23 17:00:00,71.68974711208828
2020-01-23 18:00:00,65.51190420298884
2020-01-23 19:00:00,62.6373015691348
2020-01-23 20:00:00,45.873393953665605
2020-01-23 21:00:00,35.23094288546441
2020-01-23 22:00:00,19.581927945743914
2020-01-23 23:00:00,17.569138434913263
2020-01-24 00:00:00,19.165028234433386
2020-01-24 01:00:00,12.248871065588176
2020-01-24 02:00:00,4.631446271394058
2020-01-24 03:00:00,24.126240662640743
2020-01-24 04:00:00,32.02027111690076
2020-01-24 05:00:00,24.89530251227617
2020-01-24 06:00:00,14.18979781426931
2020-01-24 07:00:00,9.363812648931074
2020-01-24 08:00:00,0.0
2020-01-24 09:00:00,0.0
2020-01-24 10:00:00,0.0
2020-01-24 11:00:00,0.0
2020-01-24 12:00:00,0.17310307842406422
2020-01-24 13:00:00,0.0
2020-01-24 14:00:00,0.0
2020-01-24 15:00:00,14.64476173305556
2020-01-24 16:00:00,59.31065560646379
2020-01-24 17:00:00,67.57439338428111
2020-01-24 18:00:00,58.63872045281363
2020-01-24 19:00:00,38.55215145516473
2020-01-24 20:00:00,30.562207357903137
2020-01-24 21:00:00,24.56538373707269
2020-01-24 22:00:00,17.142040705672038
2020-01-24 23:00:00,9.837994580177883
2020-01-25 00:00:00,10.51290304081794
2020-01-25 01:00:00,7.106432962585425
2020-01-25 02:00:00,2.0450673804197645
2020-01-25 03:00:00,1.1071753926348458
2020-01-25 04:00:00,4.8372599375180805
2020-01-25 05:00:00,7.406772732528888
2020-01-25 06:00:00,9.319122677777784
2020-01-25 07:00:00,10.25058503333335
2020-01-25 08:00:00,5.816470552777766
2020-01-25 09:00:00,0.0
2020-01-25 10:00:00,0.0
2020-01-25 11:00:00,0.0
2020-01-25 12:00:00,0.0
2020-01-25 13:00:00,0.0
2020-01-25 14:00:00,0.0
2020-01-25 15:00:00,0.0
2020-01-25 16:00:00,0.0
2020-01-25 17:00:00,0.0
2020-01-25 18:00:00,0.0
2020-01-25 19:00:00,0.7210890156429999
2020-01-25 20:00:00,27.050446703308076
2020-01-25 21:00:00,26.184161241795376
2020-01-25 22:00:00,31.65917916416671
2020-01-25 23:00:00,33.23233021498113
2020-01-26 00:00:00,10.943317699630361
2020-01-26 01:00:00,14.788398012379146
2020-01-26 02:00:00,0.23749584722222208
2020-01-26 03:00:00,6.121254568353083
2020-01-26 04:00:00,6.476810523199016
2020-01-26 05:00:00,6.466256648201824
2020-01-26 06:00:00,8.978923758010309
2020-01-26 07:00:00,12.959944807212274
2020-01-26 08:00:00,12.935473687411609
2020-01-26 09:00:00,10.598141970239752
2020-01-26 10:00:00,4.447027800586699
2020-01-26 11:00:00,0.0
2020-01-26 12:00:00,0.0
2020-01-26 13:00:00,0.0
2020-01-26 14:00:00,0.0
2020-01-26 15:00:00,0.0
2020-01-26 16:00:00,3.69393108361111
2020-01-26 17:00:00,17.425578767630775
2020-01-26 18:00:00,33.71666150129876
2020-01-26 19:00:00,29.396408734444414
2020-01-26 20:00:00,38.70664821623378
2020-01-26 21:00:00,19.29691272172533
2020-01-26 22:00:00,33.37731805640186
2020-01-26 23:00:00,14.8537533334178
2020-01-27 00:00:00,14.963612392500043
2020-01-27 01:00:00,21.230374393888855
2020-01-27 02:00:00,32.185398781329866
2020-01-27 03:00:00,17.853872550412795
2020-01-27 04:00:00,8.007880477777777
2020-01-27 05:00:00,1.9045021722222215
2020-01-27 06:00:00,0.0
2020-01-27 07:00:00,0.0
2020-01-27 08:00:00,0.0
2020-01-27 09:00:00,0.0
2020-01-27 10:00:00,0.0
2020-01-27 11:00:00,0.0
2020-01-27 12:00:00,0.34742140833333346
2020-01-27 13:00:00,0.0
2020-01-27 14:00:00,0.5885228630391426
2020-01-27 15:00:00,14.974212452045126
2020-01-27 16:00:00,79.88015658674368
2020-01-27 17:00:00,98.70190894633417
2020-01-27 18:00:00,87.42043884979014
2020-01-27 19:00:00,72.04028132052625
2020-01-27 20:00:00,26.792203633977298
2020-01-27 21:00:00,15.886472040854539
2020-01-27 22:00:00,0.0
2020-01-27 23:00:00,8.126494790714645
2020-01-28 00:00:00,20.33700393892309
2020-01-28 01:00:00,18.0657753694178
2020-01-28 02:00:00,17.75924380392763
2020-01-28 03:00:00,15.140737930975922
2020-01-28 04:00:00,14.22582264735965
2020-01-28 05:00:00,10.460522973895422
2020-01-28 06:00:00,2.9535025379167203
2020-01-28 07:00:00,3.537744773167065
2020-01-28 08:00:00,1.4036473374171003
2020-01-28 09:00:00,0.18458107961326572
2020-01-28 10:00:00,0.18638557619197618
2020-01-28 11:00:00,0.18681763875307683
2020-01-28 12:00:00,0.18703225806447166
2020-01-28 13:00:00,0.18535483870961572
2020-01-28 14:00:00,0.18521646573253034
2020-01-28 15:00:00,7.991982109818357
2020-01-28 16:00:00,50.48603683869854
2020-01-28 17:00:00,69.73018101617481
2020-01-28 18:00:00,61.02229227596669
2020-01-28 19:00:00,56.467876700589045
2020-01-28 20:00:00,47.1536809446868
2020-01-28 21:00:00,44.89415886154093
2020-01-28 22:00:00,28.978730343480034
2020-01-28 23:00:00,18.471972742712897
2020-01-29 00:00:00,16.71843318761205
2020-01-29 01:00:00,29.3763378762093
2020-01-29 02:00:00,41.01663099161762
2020-01-29 03:00:00,39.761096512919856
2020-01-29 04:00:00,23.455139298286667
2020-01-29 05:00:00,11.481425044793374
2020-01-29 06:00:00,10.332473147222197
2020-01-29 07:00:00,8.209417108333309
2020-01-29 08:00:00,0.0
2020-01-29 09:00:00,0.0
2020-01-29 10:00:00,0.0
2020-01-29 11:00:00,0.0
2020-01-29 12:00:00,0.0
2020-01-29 13:00:00,0.0
2020-01-29 14:00:00,0.07422826111111112
2020-01-29 15:00:00,6.878800313888886
2020-01-29 16:00:00,60.71136542300506
2020-01-29 17:00:00,87.16929926361361
2020-01-29 18:00:00,68.59722422416382
2020-01-29 19:00:00,38.99210654486191
2020-01-29 20:00:00,32.16426872066445
2020-01-29 21:00:00,17.26001145199627
2020-01-29 22:00:00,19.903485763759356
2020-01-29 23:00:00,9.193374825626034
2020-01-30 00:00:00,4.381594008932657
2020-01-30 01:00:00,1.226584599516511
2020-01-30 02:00:00,18.51449117751748
2020-01-30 03:00:00,16.737428921947807
2020-01-30 04:00:00,3.4023801630555512
2020-01-30 05:00:00,7.907451889444437
2020-01-30 06:00:00,23.015975126666675
2020-01-30 07:00:00,17.019018901388872
2020-01-30 08:00:00,2.197672340277778
2020-01-30 09:00:00,0.0
2020-01-30 10:00:00,0.0
2020-01-30 11:00:00,0.0
2020-01-30 12:00:00,0.0
2020-01-30 13:00:00,0.0
2020-01-30 14:00:00,0.030493111762780155
2020-01-30 15:00:00,12.675218506039812
2020-01-30 16:00:00,50.18280204663814
2020-01-30 17:00:00,87.74689494737963
2020-01-30 18:00:00,68.04622183903555
2020-01-30 19:00:00,48.30593331972707
2020-01-30 20:00:00,21.676540727533805
2020-01-30 21:00:00,0.0
2020-01-30 22:00:00,0.25228775807265513
2020-01-30 23:00:00,8.619194245949739
2020-01-31 00:00:00,20.343631145552163
2020-01-31 01:00:00,21.23149813521736
2020-01-31 02:00:00,33.27968896811625
2020-01-31 03:00:00,25.513267468848486
2020-01-31 04:00:00,22.91489980750004
2020-01-31 05:00:00,13.007318100277761
2020-01-31 06:00:00,5.176113699722215
2020-01-31 07:00:00,0.0
2020-01-31 08:00:00,0.0
2020-01-31 09:00:00,0.0
2020-01-31 10:00:00,0.0
2020-01-31 11:00:00,0.0
2020-01-31 12:00:00,0.335332475
2020-01-31 13:00:00,7.078651183333337
2020-01-31 14:00:00,5.414446372222212
2020-01-31 15:00:00,15.269416087416957
2020-01-31 16:00:00,55.813846547185534
2020-01-31 17:00:00,78.17363463016176
2020-01-31 18:00:00,68.05606722696488
2020-01-31 19:00:00,48.97792125530334
2020-01-31 20:00:00,31.62786847959158
2020-01-31 21:00:00,20.441741258642686
2020-01-31 22:00:00,6.698299617941067
2020-01-31 23:00:00,2.0707825340961854
2020-02-01 00:00:00,16.809933895948642
2020-02-01 01:00:00,27.30260163534528
2020-02-01 02:00:00,29.12707623512278
2020-02-01 03:00:00,29.75335795918251
2020-02-01 04:00:00,17.965733896944386
2020-02-01 05:00:00,17.723004309722157
2020-02-01 06:00:00,16.88470868166663
2020-02-01 07:00:00,10.590918530555527
2020-02-01 08:00:00,10.850364907353109
2020-02-01 09:00:00,7.73035655991368
2020-02-01 10:00:00,0.0
2020-02-01 11:00:00,0.0
2020-02-01 12:00:00,0.0
2020-02-01 13:00:00,0.0
2020-02-01 14:00:00,0.0
2020-02-01 15:00:00,0.0
2020-02-01 16:00:00,6.264270300277788
2020-02-01 17:00:00,18.699485746944443
2020-02-01 18:00:00,7.621909172222231
2020-02-01 19:00:00,4.913980150000006
2020-02-01 20:00:00,10.977154236111105
2020-02-01 21:00:00,20.55138555555557
2020-02-01 22:00:00,17.550689976944454
2020-02-01 23:00:00,18.2397718913889
2020-02-02 00:00:00,3.9547988950000006
2020-02-02 01:00:00,8.056976816900274
2020-02-02 02:00:00,4.631190540550472
2020-02-02 03:00:00,5.591361096404897
2020-02-02 04:00:00,7.083681489019181
2020-02-02 05:00:00,9.254988572368795
2020-02-02 06:00:00,8.796818447906457
2020-02-02 07:00:00,6.61990503333333
2020-02-02 08:00:00,6.700555833333315
2020-02-02 09:00:00,6.710781386111112
2020-02-02 10:00:00,6.792906680555565
2020-02-02 11:00:00,0.8784326722222218
2020-02-02 12:00:00,0.0
2020-02-02 13:00:00,0.0
2020-02-02 14:00:00,0.0
2020-02-02 15:00:00,0.0
2020-02-02 16:00:00,1.8179571555555558
2020-02-02 17:00:00,9.449088093888882
2020-02-02 18:00:00,13.787459900917192
2020-02-02 19:00:00,19.889549812645317
2020-02-02 20:00:00,24.637203815821273
2020-02-02 21:00:00,6.178349973617334
2020-02-02 22:00:00,3.0748690861111116
2020-02-02 23:00:00,20.232499963888877
2020-02-03 00:00:00,17.44760709444448
2020-02-03 01:00:00,3.400323763888888
2020-02-03 02:00:00,0.0
2020-02-03 03:00:00,0.0
2020-02-03 04:00:00,0.0
2020-02-03 05:00:00,0.0
2020-02-03 06:00:00,0.0
2020-02-03 07:00:00,0.0
2020-02-03 08:00:00,0.0
2020-02-03 09:00:00,0.0
2020-02-03 10:00:00,0.0
2020-02-03 11:00:00,0.0
2020-02-03 12:00:00,0.0
2020-02-03 13:00:00,0.0
2020-02-03 14:00:00,1.9629461027777708
2020-02-03 15:00:00,7.709933367777772
2020-02-03 16:00:00,49.54466096432991
2020-02-03 17:00:00,61.202008402135135
2020-02-03 18:00:00,44.69512616784505
2020-02-03 19:00:00,29.618385363727782
2020-02-03 20:00:00,11.782738447222226
2020-02-03 21:00:00,0.0
2020-02-03 22:00:00,2.6931575972222213
2020-02-03 23:00:00,0.424134825
2020-02-04 00:00:00,0.06126444444444445
2020-02-04 01:00:00,10.079474817222218
2020-02-04 02:00:00,16.103112158333243
2020-02-04 03:00:00,9.730394627777779
2020-02-04 04:00:00,0.0
2020-02-04 05:00:00,3.690725946944444
2020-02-04 06:00:00,5.59115868888889
2020-02-04 07:00:00,0.0
2020-02-04 08:00:00,0.0
2020-02-04 09:00:00,0.0
2020-02-04 10:00:00,0.0
2020-02-04 11:00:00,0.0
2020-02-04 12:00:00,0.15346133333333328
2020-02-04 13:00:00,0.0
2020-02-04 14:00:00,0.0
2020-02-04 15:00:00,1.0488279249999997
2020-02-04 16:00:00,34.355273094153844
2020-02-04 17:00:00,39.626453230494874
2020-02-04 18:00:00,39.227914006083886
2020-02-04 19:00:00,44.75786947408284
2020-02-04 20:00:00,37.7877457927778
2020-02-04 21:00:00,10.189370150602779
2020-02-04 22:00:00,10.700764583333338
2020-02-04 23:00:00,17.928356206365127
2020-02-05 00:00:00,11.171236143654323
2020-02-05 01:00:00,17.955565768888928
2020-02-05 02:00:00,21.441802812222384
2020-02-05 03:00:00,20.251208216111145
2020-02-05 04:00:00,3.8598650761111095
2020-02-05 05:00:00,0.0
2020-02-05 06:00:00,0.0
2020-02-05 07:00:00,0.0
2020-02-05 08:00:00,0.0
2020-02-05 09:00:00,0.0
2020-02-05 10:00:00,0.0
2020-02-05 11:00:00,0.0
2020-02-05 12:00:00,0.0
2020-02-05 13:00:00,0.0
2020-02-05 14:00:00,0.0
2020-02-05 15:00:00,2.40412666883814
2020-02-05 16:00:00,32.96140619808678
2020-02-05 17:00:00,42.44708938700941
2020-02-05 18:00:00,36.38245820077404
2020-02-05 19:00:00,27.699096275629714
2020-02-05 20:00:00,24.09403790027772
2020-02-05 21:00:00,7.641275892222215
2020-02-05 22:00:00,3.1881220861111133
2020-02-05 23:00:00,10.590261791272997
2020-02-06 00:00:00,4.934416016666666
2020-02-06 01:00:00,11.4502171507657
2020-02-06 02:00:00,22.04759318138885
2020-02-06 03:00:00,20.54588993888891
2020-02-06 04:00:00,10.5290509688889
2020-02-06 05:00:00,18.69844397111112
2020-02-06 06:00:00,24.663399389722212
2020-02-06 07:00:00,14.380318743888854
2020-02-06 08:00:00,1.3509094041666685
2020-02-06 09:00:00,6.230624430833363
2020-02-06 10:00:00,7.089526490555577
2020-02-06 11:00:00,1.9045630686111081
2020-02-06 12:00:00,0.0
2020-02-06 13:00:00,0.0
2020-02-06 14:00:00,2.825876933333333
2020-02-06 15:00:00,9.71637320892471
2020-02-06 16:00:00,19.02549119410899
2020-02-06 17:00:00,29.164789924822912
2020-02-06 18:00:00,23.139551162222258
2020-02-06 19:00:00,26.96966533055555
2020-02-06 20:00:00,16.82220664166667
2020-02-06 21:00:00,6.6885184619444615
2020-02-06 22:00:00,0.0015594222222222222
2020-02-06 23:00:00,5.551354811111122
2020-02-07 00:00:00,6.001607849999997
2020-02-07 01:00:00,12.692129863888896
2020-02-07 02:00:00,10.650581691666662
2020-02-07 03:00:00,7.099581766666681
2020-02-07 04:00:00,9.798318783333322
2020-02-07 05:00:00,13.99163696944443
2020-02-07 06:00:00,10.775675875000092
2020-02-07 07:00:00,10.794511338888924
2020-02-07 08:00:00,7.456755469444487
2020-02-07 09:00:00,0.0
2020-02-07 10:00:00,0.0
2020-02-07 11:00:00,0.0
2020-02-07 12:00:00,0.0
2020-02-07 13:00:00,0.0
2020-02-07 14:00:00,2.7281566361111076
2020-02-07 15:00:00,9.554188896388883
2020-02-07 16:00:00,39.62784987366824
2020-02-07 17:00:00,45.10457229832889
2020-02-07 18:00:00,53.77582950786225
2020-02-07 19:00:00,34.73690096541161
2020-02-07 20:00:00,27.09238063750003
2020-02-07 21:00:00,1.529251933333333
2020-02-07 22:00:00,0.0
2020-02-07 23:00:00,2.6355583391666686
2020-02-08 00:00:00,0.22797435555555554
2020-02-08 01:00:00,0.007569058325192001
2020-02-08 02:00:00,2.222832388333331
2020-02-08 03:00:00,7.372530407222209
2020-02-08 04:00:00,12.802876738888866
2020-02-08 05:00:00,1.1941549025000007
2020-02-08 06:00:00,5.144508200000004
2020-02-08 07:00:00,7.247315533055557
2020-02-08 08:00:00,10.813783397222263
2020-02-08 09:00:00,13.373179190833426
2020-02-08 10:00:00,5.557442997777777
2020-02-08 11:00:00,0.0
2020-02-08 12:00:00,0.0
2020-02-08 13:00:00,2.342275166666665
2020-02-08 14:00:00,2.4423415583333328
2020-02-08 15:00:00,0.13643530000000004
2020-02-08 16:00:00,0.1944783380555556
2020-02-08 17:00:00,17.105233442499994
2020-02-08 18:00:00,26.356459816388924
2020-02-08 19:00:00,30.544632903055593
2020-02-08 20:00:00,23.393568660555555
2020-02-08 21:00:00,22.83069828250001
2020-02-08 22:00:00,17.574526637777794
2020-02-08 23:00:00,13.833289353055536
2020-02-09 00:00:00,12.841183163888854
2020-02-09 01:00:00,3.174189136111112
2020-02-09 02:00:00,5.681530577777796
2020-02-09 03:00:00,14.213232898324627
2020-02-09 04:00:00,11.781131352633848
2020-02-09 05:00:00,10.840707519243436
2020-02-09 06:00:00,11.328411823778035
2020-02-09 07:00:00,7.792676386992432
2020-02-09 08:00:00,7.103969474311863
2020-02-09 09:00:00,6.007623600194889
2020-02-09 10:00:00,0.4896445351579723
2020-02-09 11:00:00,0.485979734533431
2020-02-09 12:00:00,0.4681564323071482
2020-02-09 13:00:00,0.4922640451231981
2020-02-09 14:00:00,0.2548434886498676
2020-02-09 15:00:00,0.1840897143477034
2020-02-09 16:00:00,0.18390051048107578
2020-02-09 17:00:00,20.6093909891264
2020-02-09 18:00:00,53.152936972572306
2020-02-09 19:00:00,24.190220725972047
2020-02-09 20:00:00,4.368738237769106
2020-02-09 21:00:00,0.6527075890925346
2020-02-09 22:00:00,0.0
2020-02-09 23:00:00,0.8341827381204561
2020-02-10 00:00:00,1.088924339324696
2020-02-10 01:00:00,0.0
2020-02-10 02:00:00,0.4507646427777778
2020-02-10 03:00:00,0.42990277694444456
2020-02-10 04:00:00,0.0
2020-02-10 05:00:00,0.0
2020-02-10 06:00:00,0.47643173333333333
2020-02-10 07:00:00,0.0
2020-02-10 08:00:00,0.0
2020-02-10 09:00:00,0.0
2020-02-10 10:00:00,0.0
2020-02-10 11:00:00,0.0
2020-02-10 12:00:00,0.0
2020-02-10 13:00:00,0.0
2020-02-10 14:00:00,0.0
2020-02-10 15:00:00,0.0
2020-02-10 16:00:00,2.2967929644029494
2020-02-10 17:00:00,0.0
2020-02-10 18:00:00,1.5951715980555556
2020-02-10 19:00:00,40.209270962828505
2020-02-10 20:00:00,27.027666090116533
2020-02-10 21:00:00,23.069918100031813
2020-02-10 22:00:00,31.28700779162358
2020-02-10 23:00:00,30.157984638610596
2020-02-11 00:00:00,21.962190742019477
2020-02-11 01:00:00,14.7889197525288
2020-02-11 02:00:00,17.697718925892303
2020-02-11 03:00:00,28.410962910379006
2020-02-11 04:00:00,16.257344487813512
2020-02-11 05:00:00,7.125042787500017
2020-02-11 06:00:00,7.0249475286111345
2020-02-11 07:00:00,7.038595383888907
2020-02-11 08:00:00,6.00115436888891
2020-02-11 09:00:00,0.0
2020-02-11 10:00:00,0.0
2020-02-11 11:00:00,0.0
2020-02-11 12:00:00,0.0
2020-02-11 13:00:00,0.0
2020-02-11 14:00:00,0.0
2020-02-11 15:00:00,12.719285777576719
2020-02-11 16:00:00,80.2172082035971
2020-02-11 17:00:00,104.4456903432178
2020-02-11 18:00:00,66.52043890859387
2020-02-11 19:00:00,53.67939618595017
2020-02-11 20:00:00,62.81205616947037
2020-02-11 21:00:00,48.304303876218135
2020-02-11 22:00:00,20.355988177727017
2020-02-11 23:00:00,29.027436664760877
2020-02-12 00:00:00,26.808102073967838
2020-02-12 01:00:00,17.596416463142155
2020-02-12 02:00:00,29.830570949186917
2020-02-12 03:00:00,22.978219441349975
2020-02-12 04:00:00,16.026418586944448
2020-02-12 05:00:00,13.207095478333281
2020-02-12 06:00:00,0.0
2020-02-12 07:00:00,0.0
2020-02-12 08:00:00,0.0
2020-02-12 09:00:00,0.0
2020-02-12 10:00:00,0.0
2020-02-12 11:00:00,0.0
2020-02-12 12:00:00,0.0
2020-02-12 13:00:00,0.0
2020-02-12 14:00:00,3.201930188888885
2020-02-12 15:00:00,8.164497920747287
2020-02-12 16:00:00,30.716444641861386
2020-02-12 17:00:00,82.23114759708926
2020-02-12 18:00:00,89.45898925736866
2020-02-12 19:00:00,56.51432550307528
2020-02-12 20:00:00,31.459323523665716
2020-02-12 21:00:00,31.252990275795597
2020-02-12 22:00:00,17.0909615476449
2020-02-12 23:00:00,11.691042193167748
2020-02-13 00:00:00,22.861472447262088
2020-02-13 01:00:00,20.690205051718074
2020-02-13 02:00:00,5.276381315586127
2020-02-13 03:00:00,11.478535410725474
2020-02-13 04:00:00,2.2724585303139513
2020-02-13 05:00:00,6.631143016388913
2020-02-13 06:00:00,7.072155127499986
2020-02-13 07:00:00,3.4081677486111057
2020-02-13 08:00:00,0.6657412011111113
2020-02-13 09:00:00,0.0
2020-02-13 10:00:00,0.0
2020-02-13 11:00:00,0.0
2020-02-13 12:00:00,0.0
2020-02-13 13:00:00,0.0
2020-02-13 14:00:00,0.0
2020-02-13 15:00:00,8.41937585905254
2020-02-13 16:00:00,44.372658213017985
2020-02-13 17:00:00,72.5905490434601
2020-02-13 18:00:00,60.74845151163491
2020-02-13 19:00:00,38.99814934041348
2020-02-13 20:00:00,33.70032702887197
2020-02-13 21:00:00,29.20521083374738
2020-02-13 22:00:00,31.36087286870857
2020-02-13 23:00:00,26.154249330053158
2020-02-14 00:00:00,9.808859483160866
2020-02-14 01:00:00,13.907938909444448
2020-02-14 02:00:00,9.636613120833342
2020-02-14 03:00:00,39.30946117506499
2020-02-14 04:00:00,32.20076981466777
2020-02-14 05:00:00,21.430960861909305
2020-02-14 06:00:00,11.065680518326797
2020-02-14 07:00:00,8.862394930833325
2020-02-14 08:00:00,10.615626861111123
2020-02-14 09:00:00,8.209465799999991
2020-02-14 10:00:00,0.0
2020-02-14 11:00:00,0.0
2020-02-14 12:00:00,0.0
2020-02-14 13:00:00,0.0
2020-02-14 14:00:00,2.380635555555553
2020-02-14 15:00:00,14.184731086111116
2020-02-14 16:00:00,60.420687855935086
2020-02-14 17:00:00,56.868816358772484
2020-02-14 18:00:00,44.254634429326316
2020-02-14 19:00:00,56.718460998808155
2020-02-14 20:00:00,30.08186125233167
2020-02-14 21:00:00,21.20030992487274
2020-02-14 22:00:00,25.29331765382127
2020-02-14 23:00:00,16.770778258886264
2020-02-15 00:00:00,9.326842156996653
2020-02-15 01:00:00,11.729138371340913
2020-02-15 02:00:00,18.622325591598795
2020-02-15 03:00:00,9.219065805555557
2020-02-15 04:00:00,0.0
2020-02-15 05:00:00,0.0
2020-02-15 06:00:00,2.6922570997222226
2020-02-15 07:00:00,0.0
2020-02-15 08:00:00,0.0
2020-02-15 09:00:00,0.0
2020-02-15 10:00:00,0.0
2020-02-15 11:00:00,0.0
2020-02-15 12:00:00,0.0
2020-02-15 13:00:00,0.0
2020-02-15 14:00:00,0.0
2020-02-15 15:00:00,1.5992431222222232
2020-02-15 16:00:00,7.702647443611118
2020-02-15 17:00:00,15.687477490833377
2020-02-15 18:00:00,27.967931668972422
2020-02-15 19:00:00,27.726010549827585
2020-02-15 20:00:00,18.068686150555585
2020-02-15 21:00:00,6.11728917677305
2020-02-15 22:00:00,3.4038119333333503
2020-02-15 23:00:00,9.93506598555555
2020-02-16 00:00:00,36.47041447361102
2020-02-16 01:00:00,23.84185284611112
2020-02-16 02:00:00,15.230977816666636
2020-02-16 03:00:00,6.274557861111107
2020-02-16 04:00:00,6.944059963888878
2020-02-16 05:00:00,16.819391836666668
2020-02-16 06:00:00,20.70889942055558
2020-02-16 07:00:00,27.39576817999999
2020-02-16 08:00:00,16.85741466972225
2020-02-16 09:00:00,8.404149469999995
2020-02-16 10:00:00,6.510622552777789
2020-02-16 11:00:00,0.7257529916666668
2020-02-16 12:00:00,0.2416291722222223
2020-02-16 13:00:00,0.24760194444444433
2020-02-16 14:00:00,0.2423630694444444
2020-02-16 15:00:00,0.24828753611111115
2020-02-16 16:00:00,13.758505168055496
2020-02-16 17:00:00,6.061677366666665
2020-02-16 18:00:00,26.822218966944508
2020-02-16 19:00:00,33.601225326666764
2020-02-16 20:00:00,15.310067972222209
2020-02-16 21:00:00,18.343746732777767
2020-02-16 22:00:00,20.76558374166666
2020-02-16 23:00:00,9.263586486111096
2020-02-17 00:00:00,6.381716287222223
2020-02-17 01:00:00,7.461579822777742
2020-02-17 02:00:00,12.720434494431816
2020-02-17 03:00:00,10.795846383421598
2020-02-17 04:00:00,7.256363916666663
2020-02-17 05:00:00,7.287848718055575
2020-02-17 06:00:00,1.220235030000001
2020-02-17 07:00:00,2.9982985972222096
2020-02-17 08:00:00,4.404793441666684
2020-02-17 09:00:00,3.0489634666666863
2020-02-17 10:00:00,1.274500049999998
2020-02-17 11:00:00,0.0
2020-02-17 12:00:00,0.0
2020-02-17 13:00:00,0.0
2020-02-17 14:00:00,0.0
2020-02-17 15:00:00,0.0
2020-02-17 16:00:00,2.0737550055555554
2020-02-17 17:00:00,7.70355300000001
2020-02-17 18:00:00,10.454834511111105
2020-02-17 19:00:00,12.941817016666654
2020-02-17 20:00:00,4.981389361111105
2020-02-17 21:00:00,10.779804110000017
2020-02-17 22:00:00,14.114364444463092
2020-02-17 23:00:00,14.795812380268758
2020-02-18 00:00:00,22.81544226018244
2020-02-18 01:00:00,24.993558618055552
2020-02-18 02:00:00,38.75498604638885
2020-02-18 03:00:00,13.64333380833336
2020-02-18 04:00:00,8.729223989932091
2020-02-18 05:00:00,16.643291912109554
2020-02-18 06:00:00,6.270524763014308
2020-02-18 07:00:00,0.0
2020-02-18 08:00:00,0.0
2020-02-18 09:00:00,0.0
2020-02-18 10:00:00,0.0
2020-02-18 11:00:00,0.0
2020-02-18 12:00:00,0.0
2020-02-18 13:00:00,1.2736066166666673
2020-02-18 14:00:00,6.812264247222231
2020-02-18 15:00:00,8.784456634837118
2020-02-18 16:00:00,49.43231971749438
2020-02-18 17:00:00,90.26041070151683
2020-02-18 18:00:00,84.11413693835735
2020-02-18 19:00:00,72.81289203271008
2020-02-18 20:00:00,68.09411596890236
2020-02-18 21:00:00,41.512506024906926
2020-02-18 22:00:00,31.4468478322666
2020-02-18 23:00:00,32.36406820093539
2020-02-19 00:00:00,20.656270529152707
2020-02-19 01:00:00,23.862604000058262
2020-02-19 02:00:00,16.239582521032332
2020-02-19 03:00:00,16.361687483333345
2020-02-19 04:00:00,17.57276071388891
2020-02-19 05:00:00,8.706247263888889
2020-02-19 06:00:00,1.380985666666668
2020-02-19 07:00:00,0.0
2020-02-19 08:00:00,0.0
2020-02-19 09:00:00,0.0
2020-02-19 10:00:00,0.0
2020-02-19 11:00:00,0.0
2020-02-19 12:00:00,0.0
2020-02-19 13:00:00,1.3887916611111106
2020-02-19 14:00:00,3.3882421598539048
2020-02-19 15:00:00,21.026174518131256
2020-02-19 16:00:00,45.85467781823755
2020-02-19 17:00:00,56.198509204078
2020-02-19 18:00:00,69.23108018229435
2020-02-19 19:00:00,60.784351976316245
2020-02-19 20:00:00,38.09537636277269
2020-02-19 21:00:00,32.31733571462399
2020-02-19 22:00:00,26.28792937704168
2020-02-19 23:00:00,16.155211326061302
2020-02-20 00:00:00,18.81100052250927
2020-02-20 01:00:00,15.28148070817078
2020-02-20 02:00:00,24.41748266989312
2020-02-20 03:00:00,26.819810594487926
2020-02-20 04:00:00,8.136714171111104
2020-02-20 05:00:00,10.575611912500028
2020-02-20 06:00:00,15.006057988333293
2020-02-20 07:00:00,6.328400041666656
2020-02-20 08:00:00,0.0
2020-02-20 09:00:00,0.0
2020-02-20 10:00:00,0.0
2020-02-20 11:00:00,0.0
2020-02-20 12:00:00,0.0
2020-02-20 13:00:00,0.0
2020-02-20 14:00:00,0.0
2020-02-20 15:00:00,6.778210786334839
2020-02-20 16:00:00,50.067088529866275
2020-02-20 17:00:00,60.02395476335288
2020-02-20 18:00:00,79.91414631399466
2020-02-20 19:00:00,54.52754945917935
2020-02-20 20:00:00,36.8722668093254
2020-02-20 21:00:00,55.851584882950746
2020-02-20 22:00:00,44.126915930427636
2020-02-20 23:00:00,25.621246339580974
2020-02-21 00:00:00,13.12486901841505
2020-02-21 01:00:00,7.225150125608162
2020-02-21 02:00:00,4.828360443505423
2020-02-21 03:00:00,10.809917755555569
2020-02-21 04:00:00,16.923717061111105
2020-02-21 05:00:00,10.56634776805555
2020-02-21 06:00:00,11.73483213916666
2020-02-21 07:00:00,13.163447172222257
2020-02-21 08:00:00,10.716299083333299
2020-02-21 09:00:00,10.687037761111089
2020-02-21 10:00:00,8.383786663888886
2020-02-21 11:00:00,0.0
2020-02-21 12:00:00,0.0
2020-02-21 13:00:00,0.8903641138888884
2020-02-21 14:00:00,6.8311312722222235
2020-02-21 15:00:00,18.991624414444438
2020-02-21 16:00:00,70.93286428042194
2020-02-21 17:00:00,78.41647926511389
2020-02-21 18:00:00,47.47763883050599
2020-02-21 19:00:00,37.61951803781568
2020-02-21 20:00:00,27.66318912577206
2020-02-21 21:00:00,43.089043039182506
2020-02-21 22:00:00,31.952561656037034
2020-02-21 23:00:00,15.006801270447436
2020-02-22 00:00:00,10.297215191803923
2020-02-22 01:00:00,17.248759647740737
2020-02-22 02:00:00,21.559237900000095
2020-02-22 03:00:00,22.31531684694452
2020-02-22 04:00:00,25.76426495527777
2020-02-22 05:00:00,19.050121084722228
2020-02-22 06:00:00,11.858374847222212
2020-02-22 07:00:00,1.4227144472222224
2020-02-22 08:00:00,14.88316826111114
2020-02-22 09:00:00,12.372052336111116
2020-02-22 10:00:00,6.561336602777776
2020-02-22 11:00:00,6.541743711111117
2020-02-22 12:00:00,6.488954119444444
2020-02-22 13:00:00,6.357096036111106
2020-02-22 14:00:00,6.551083736111115
2020-02-22 15:00:00,6.527725311111108
2020-02-22 16:00:00,13.791115505833318
2020-02-22 17:00:00,48.00272857416674
2020-02-22 18:00:00,59.933643281388896
2020-02-22 19:00:00,42.395817584166636
2020-02-22 20:00:00,20.379471360833342
2020-02-22 21:00:00,19.99671059694444
2020-02-22 22:00:00,17.816254929123165
2020-02-22 23:00:00,34.73391093656764
2020-02-23 00:00:00,40.85188081959521
2020-02-23 01:00:00,16.486920092853403
2020-02-23 02:00:00,9.290600183888882
2020-02-23 03:00:00,20.150166527928466
2020-02-23 04:00:00,13.964715296191807
2020-02-23 05:00:00,9.148528249166649
2020-02-23 06:00:00,1.8124353983333337
2020-02-23 07:00:00,0.0
2020-02-23 08:00:00,0.0
2020-02-23 09:00:00,1.2548722738888904
2020-02-23 10:00:00,2.207241955555559
2020-02-23 11:00:00,0.0
2020-02-23 12:00:00,0.0
2020-02-23 13:00:00,0.0
2020-02-23 14:00:00,0.06262787222222223
2020-02-23 15:00:00,0.3639166916666666
2020-02-23 16:00:00,9.4578404611111
2020-02-23 17:00:00,30.16259006888894
2020-02-23 18:00:00,45.51498397111111
2020-02-23 19:00:00,41.91094541083335
2020-02-23 20:00:00,42.94411917194447
2020-02-23 21:00:00,51.36464881972219
2020-02-23 22:00:00,14.093514526388901
2020-02-23 23:00:00,10.47242504416667
2020-02-24 00:00:00,13.344161430000003
2020-02-24 01:00:00,7.782081262777792
2020-02-24 02:00:00,18.229679286111097
2020-02-24 03:00:00,17.203442191666714
2020-02-24 04:00:00,14.161032830555527
2020-02-24 05:00:00,0.0
2020-02-24 06:00:00,0.0
2020-02-24 07:00:00,0.0
2020-02-24 08:00:00,0.0
2020-02-24 09:00:00,0.0
2020-02-24 10:00:00,0.0
2020-02-24 11:00:00,0.0
2020-02-24 12:00:00,0.0
2020-02-24 13:00:00,0.0
2020-02-24 14:00:00,1.2818943638888913
2020-02-24 15:00:00,12.206252498611118
2020-02-24 16:00:00,69.89919761987855
2020-02-24 17:00:00,90.47202199998966
2020-02-24 18:00:00,86.2512052224724
2020-02-24 19:00:00,81.22037409406232
2020-02-24 20:00:00,39.25603393993623
2020-02-24 21:00:00,13.99066311353049
2020-02-24 22:00:00,12.755541848479158
2020-02-24 23:00:00,14.105747366650103
2020-02-25 00:00:00,11.24988422922222
2020-02-25 01:00:00,21.11362860923419
2020-02-25 02:00:00,22.9925756165238
2020-02-25 03:00:00,28.13605006090701
2020-02-25 04:00:00,5.822924668832167
2020-02-25 05:00:00,0.0
2020-02-25 06:00:00,1.4168613027777783
2020-02-25 07:00:00,6.445702049999998
2020-02-25 08:00:00,6.609945052777799
2020-02-25 09:00:00,6.775543738888907
2020-02-25 10:00:00,6.774560930555576
2020-02-25 11:00:00,4.045624474999993
2020-02-25 12:00:00,0.0
2020-02-25 13:00:00,6.999344900000003
2020-02-25 14:00:00,19.09096160833336
2020-02-25 15:00:00,12.87931256583332
2020-02-25 16:00:00,68.14058772893544
2020-02-25 17:00:00,97.55928500083567
2020-02-25 18:00:00,83.51736310129733
2020-02-25 19:00:00,38.62408500416645
2020-02-25 20:00:00,23.335503542261563
2020-02-25 21:00:00,21.019905626324835
2020-02-25 22:00:00,8.446428094960039
2020-02-25 23:00:00,1.749897144015148
2020-02-26 00:00:00,4.542316536582809
2020-02-26 01:00:00,6.352828004300797
2020-02-26 02:00:00,7.56623007076457
2020-02-26 03:00:00,15.88431462055555
2020-02-26 04:00:00,11.418046385833332
2020-02-26 05:00:00,0.0
2020-02-26 06:00:00,0.0
2020-02-26 07:00:00,0.0
2020-02-26 08:00:00,0.0
2020-02-26 09:00:00,0.0
2020-02-26 10:00:00,0.0
2020-02-26 11:00:00,0.0
2020-02-26 12:00:00,0.0
2020-02-26 13:00:00,0.0
2020-02-26 14:00:00,0.0
2020-02-26 15:00:00,7.615864110277782
2020-02-26 16:00:00,54.05251917089632
2020-02-26 17:00:00,49.0636568668965
2020-02-26 18:00:00,65.65763968752454
2020-02-26 19:00:00,46.81161833953783
2020-02-26 20:00:00,34.276741154748855
2020-02-26 21:00:00,41.66873878366903
2020-02-26 22:00:00,30.249823995074735
2020-02-26 23:00:00,25.87976225188001
2020-02-27 00:00:00,26.00169789985258
2020-02-27 01:00:00,18.36577072488847
2020-02-27 02:00:00,10.349564150000013
2020-02-27 03:00:00,1.6761906277777785
2020-02-27 04:00:00,6.158834652777822
2020-02-27 05:00:00,17.94098110916664
2020-02-27 06:00:00,21.460970691388884
2020-02-27 07:00:00,13.488045756111129
2020-02-27 08:00:00,0.0
2020-02-27 09:00:00,0.0
2020-02-27 10:00:00,0.0
2020-02-27 11:00:00,0.0
2020-02-27 12:00:00,0.0
2020-02-27 13:00:00,0.0
2020-02-27 14:00:00,0.0
2020-02-27 15:00:00,5.346260662538992
2020-02-27 16:00:00,35.64194450608251
2020-02-27 17:00:00,45.54666606641216
2020-02-27 18:00:00,53.36657875354046
2020-02-27 19:00:00,43.53533358353945
2020-02-27 20:00:00,54.85959380486177
2020-02-27 21:00:00,64.76896704685211
2020-02-27 22:00:00,35.96918626136967
2020-02-27 23:00:00,9.060492259397801
2020-02-28 00:00:00,12.320593093410835
2020-02-28 01:00:00,15.469959083735194
2020-02-28 02:00:00,4.931764704166663
2020-02-28 03:00:00,22.05375758361109
2020-02-28 04:00:00,12.881890479722221
2020-02-28 05:00:00,10.682012391666683
2020-02-28 06:00:00,20.387823891666685
2020-02-28 07:00:00,21.190698861111066
2020-02-28 08:00:00,21.428172074999964
2020-02-28 09:00:00,17.505045797222223
2020-02-28 10:00:00,9.763834669444398
2020-02-28 11:00:00,0.0
2020-02-28 12:00:00,0.0
2020-02-28 13:00:00,0.0
2020-02-28 14:00:00,0.576303625
2020-02-28 15:00:00,18.932016058166113
2020-02-28 16:00:00,72.3846851453429
2020-02-28 17:00:00,95.45321946404702
2020-02-28 18:00:00,84.68899368565566
2020-02-28 19:00:00,51.991851364173286
2020-02-28 20:00:00,32.79411426733325
2020-02-28 21:00:00,27.921853058260297
2020-02-28 22:00:00,26.17036558553501
2020-02-28 23:00:00,27.333042921868294
2020-02-29 00:00:00,10.787676323500598
2020-02-29 01:00:00,5.654225312331843
2020-02-29 02:00:00,1.0930567486666725
2020-02-29 03:00:00,12.118735781831733
2020-02-29 04:00:00,19.681561441666666
2020-02-29 05:00:00,13.245382169999996
2020-02-29 06:00:00,1.458418436111113
2020-02-29 07:00:00,0.0
2020-02-29 08:00:00,0.0
2020-02-29 09:00:00,0.0
2020-02-29 10:00:00,0.0
2020-02-29 11:00:00,0.0
2020-02-29 12:00:00,0.0
2020-02-29 13:00:00,0.0
2020-02-29 14:00:00,0.0
2020-02-29 15:00:00,0.0
2020-02-29 16:00:00,9.642680188055557
2020-02-29 17:00:00,23.419653960833337
2020-02-29 18:00:00,53.54597878222222
2020-02-29 19:00:00,40.57334709527779
2020-02-29 20:00:00,58.57748480416666
2020-02-29 21:00:00,36.77568398972225
2020-02-29 22:00:00,10.608680997222216
2020-02-29 23:00:00,8.722484094444452
2020-03-01 00:00:00,15.931576522222205
2020-03-01 01:00:00,27.7705716527779
2020-03-01 02:00:00,28.739630555555713
2020-03-01 03:00:00,20.758170523055533
2020-03-01 04:00:00,23.382673513611103
2020-03-01 05:00:00,13.435553194444466
2020-03-01 06:00:00,10.956464541666673
2020-03-01 07:00:00,5.049489927777778
2020-03-01 08:00:00,0.0
2020-03-01 09:00:00,0.0
2020-03-01 10:00:00,0.0
2020-03-01 11:00:00,0.0
2020-03-01 12:00:00,0.0
2020-03-01 13:00:00,0.0
2020-03-01 14:00:00,0.0
2020-03-01 15:00:00,0.0
2020-03-01 16:00:00,3.9159604944444397
2020-03-01 17:00:00,14.706943283888881
2020-03-01 18:00:00,24.892573415277777
2020-03-01 19:00:00,15.005330935555572
2020-03-01 20:00:00,9.510729692777797
2020-03-01 21:00:00,31.324156176666634
2020-03-01 22:00:00,44.304208312499945
2020-03-01 23:00:00,51.59635437388886
2020-03-02 00:00:00,39.49614228761673
2020-03-02 01:00:00,21.668121117113493
2020-03-02 02:00:00,23.08721197021034
2020-03-02 03:00:00,11.355329036111126
2020-03-02 04:00:00,1.3854497638888892
2020-03-02 05:00:00,0.0
2020-03-02 06:00:00,0.0
2020-03-02 07:00:00,0.0
2020-03-02 08:00:00,0.0
2020-03-02 09:00:00,0.0
2020-03-02 10:00:00,0.0
2020-03-02 11:00:00,0.0
2020-03-02 12:00:00,0.0
2020-03-02 13:00:00,0.0
2020-03-02 14:00:00,0.0
2020-03-02 15:00:00,0.0
2020-03-02 16:00:00,0.27024888333333336
2020-03-02 17:00:00,3.2762812888888746
2020-03-02 18:00:00,3.2838503555555727
2020-03-02 19:00:00,50.45913267363335
2020-03-02 20:00:00,52.921738327406615
2020-03-02 21:00:00,41.149721581752225
2020-03-02 22:00:00,41.32322324250996
2020-03-02 23:00:00,41.49145138207377
2020-03-03 00:00:00,41.18495988369852
2020-03-03 01:00:00,39.291294472289636
2020-03-03 02:00:00,37.85124178821343
2020-03-03 03:00:00,12.877254314455461
2020-03-03 04:00:00,0.9239246111111107
2020-03-03 05:00:00,2.078424979166668
2020-03-03 06:00:00,5.4881588933333285
2020-03-03 07:00:00,0.20716594166666707
2020-03-03 08:00:00,0.0
2020-03-03 09:00:00,0.0
2020-03-03 10:00:00,0.0
2020-03-03 11:00:00,0.0
2020-03-03 12:00:00,0.0
2020-03-03 13:00:00,0.0
2020-03-03 14:00:00,2.7901973222222223
2020-03-03 15:00:00,13.899936350926646
2020-03-03 16:00:00,56.20026474191166
2020-03-03 17:00:00,84.19947851393763
2020-03-03 18:00:00,69.72593954065046
2020-03-03 19:00:00,42.45744557017373
2020-03-03 20:00:00,18.2547214824192
2020-03-03 21:00:00,24.277167250122577
2020-03-03 22:00:00,20.689049567913894
2020-03-03 23:00:00,16.577999434384317
2020-03-04 00:00:00,22.614182887076648
2020-03-04 01:00:00,13.721962203201533
2020-03-04 02:00:00,23.148212035915552
2020-03-04 03:00:00,20.519907632784808
2020-03-04 04:00:00,4.574624405433762
2020-03-04 05:00:00,0.0
2020-03-04 06:00:00,0.0
2020-03-04 07:00:00,0.8171754583333336
2020-03-04 08:00:00,0.0
2020-03-04 09:00:00,0.0
2020-03-04 10:00:00,0.0
2020-03-04 11:00:00,0.0
2020-03-04 12:00:00,0.0
2020-03-04 13:00:00,0.26385022777777767
2020-03-04 14:00:00,18.36111861765427
2020-03-04 15:00:00,44.33158202178273
2020-03-04 16:00:00,68.57750275424299
2020-03-04 17:00:00,72.34401286678568
2020-03-04 18:00:00,69.70926600904343
2020-03-04 19:00:00,50.94310568777445
2020-03-04 20:00:00,30.315963441321173
2020-03-04 21:00:00,32.013908943742436
2020-03-04 22:00:00,36.952689556018356
2020-03-04 23:00:00,17.402621444483593
2020-03-05 00:00:00,10.808206318738321
2020-03-05 01:00:00,23.899947430466018
2020-03-05 02:00:00,22.635976149612432
2020-03-05 03:00:00,11.713221762917037
2020-03-05 04:00:00,20.050255917846755
2020-03-05 05:00:00,21.053727998333343
2020-03-05 06:00:00,5.577952654166665
2020-03-05 07:00:00,0.3106038055555558
2020-03-05 08:00:00,0.0
2020-03-05 09:00:00,0.0
2020-03-05 10:00:00,0.0
2020-03-05 11:00:00,0.0
2020-03-05 12:00:00,0.0
2020-03-05 13:00:00,0.0
2020-03-05 14:00:00,1.2023243777777783
2020-03-05 15:00:00,12.501383714121847
2020-03-05 16:00:00,57.78238675226834
2020-03-05 17:00:00,67.57393389555861
2020-03-05 18:00:00,61.38864113216575
2020-03-05 19:00:00,66.30590680676731
2020-03-05 20:00:00,42.403122789426874
2020-03-05 21:00:00,24.60700165727223
2020-03-05 22:00:00,7.79405205479677
2020-03-05 23:00:00,19.02406367359874
2020-03-06 00:00:00,19.161698538071324
2020-03-06 01:00:00,25.127206483935876
2020-03-06 02:00:00,38.092069506661915
2020-03-06 03:00:00,54.186986810105125
2020-03-06 04:00:00,47.02341148429764
2020-03-06 05:00:00,16.129877396984142
2020-03-06 06:00:00,4.5948583417264155
2020-03-06 07:00:00,4.537989533333347
2020-03-06 08:00:00,0.1462597916666668
2020-03-06 09:00:00,9.373333333333335e-05
2020-03-06 10:00:00,0.0
2020-03-06 11:00:00,0.0
2020-03-06 12:00:00,0.0
2020-03-06 13:00:00,0.5096121388888888
2020-03-06 14:00:00,8.394382941666668
2020-03-06 15:00:00,23.618267118375492
2020-03-06 16:00:00,81.00923816402549
2020-03-06 17:00:00,92.23692309427958
2020-03-06 18:00:00,89.5286350525714
2020-03-06 19:00:00,34.30258905679134
2020-03-06 20:00:00,22.895216023774154
2020-03-06 21:00:00,12.204628819882991
2020-03-06 22:00:00,18.756564898138446
2020-03-06 23:00:00,21.314744202589637
2020-03-07 00:00:00,14.002144989583583
2020-03-07 01:00:00,28.46464138971316
2020-03-07 02:00:00,28.62687461249999
2020-03-07 03:00:00,42.525483234444394
2020-03-07 04:00:00,32.264036007500074
2020-03-07 05:00:00,26.194287984444436
2020-03-07 06:00:00,23.62595614444445
2020-03-07 07:00:00,13.486057655555543
2020-03-07 08:00:00,13.650452213888897
2020-03-07 09:00:00,8.344255086111106
2020-03-07 10:00:00,0.0
2020-03-07 11:00:00,0.0
2020-03-07 12:00:00,0.0
2020-03-07 13:00:00,0.0
2020-03-07 14:00:00,0.0
2020-03-07 15:00:00,1.5518162267835403
2020-03-07 16:00:00,18.161222613297262
2020-03-07 17:00:00,22.03718292250003
2020-03-07 18:00:00,34.41317311861108
2020-03-07 19:00:00,21.589180029722243
2020-03-07 20:00:00,26.097241299722196
2020-03-07 21:00:00,24.715088728760914
2020-03-07 22:00:00,15.691626012552055
2020-03-07 23:00:00,14.165181671378718
2020-03-08 00:00:00,8.513083924790994
2020-03-08 01:00:00,19.40869630346425
2020-03-08 02:00:00,23.92029630163737
2020-03-08 03:00:00,19.747518611881745
2020-03-08 04:00:00,11.6368377526375
2020-03-08 05:00:00,10.790907180555562
2020-03-08 06:00:00,10.756190133333332
2020-03-08 07:00:00,10.709367041666699
2020-03-08 08:00:00,2.255533505555555
2020-03-08 09:00:00,0.0
2020-03-08 10:00:00,0.0
2020-03-08 11:00:00,0.0
2020-03-08 12:00:00,0.0
2020-03-08 13:00:00,0.0
2020-03-08 14:00:00,0.0
2020-03-08 15:00:00,1.5311108180555568
2020-03-08 16:00:00,31.143203700555507
2020-03-08 17:00:00,37.830074222222315
2020-03-08 18:00:00,18.133098172777796
2020-03-08 19:00:00,23.968071680833386
2020-03-08 20:00:00,18.970298275277788
2020-03-08 21:00:00,25.106098754614475
2020-03-08 22:00:00,32.7745893058333
2020-03-08 23:00:00,25.910925299722216
2020-03-09 00:00:00,22.587874448888886
2020-03-09 01:00:00,36.06579538944437
2020-03-09 02:00:00,35.81883726722221
2020-03-09 03:00:00,29.32478165444441
2020-03-09 04:00:00,20.422756873888893
2020-03-09 05:00:00,1.9907838389359824
2020-03-09 06:00:00,0.0
2020-03-09 07:00:00,0.0
2020-03-09 08:00:00,0.0
2020-03-09 09:00:00,0.0
2020-03-09 10:00:00,0.0
2020-03-09 11:00:00,0.0
2020-03-09 12:00:00,0.0
2020-03-09 13:00:00,3.4441591249999997
2020-03-09 14:00:00,20.287585623888905
2020-03-09 15:00:00,68.83576683514777
2020-03-09 16:00:00,109.24496439852717
2020-03-09 17:00:00,112.20451953592529
2020-03-09 18:00:00,76.2437481511095
2020-03-09 19:00:00,36.6495580604838
2020-03-09 20:00:00,25.566351080913396
2020-03-09 21:00:00,22.170638767539216
2020-03-09 22:00:00,18.480996427467254
2020-03-09 23:00:00,14.525819571261666
2020-03-10 00:00:00,20.600354995546084
2020-03-10 01:00:00,21.63732670981134
2020-03-10 02:00:00,12.830777773926801
2020-03-10 03:00:00,2.9728913004286754
2020-03-10 04:00:00,5.07521833892413
2020-03-10 05:00:00,0.0
2020-03-10 06:00:00,0.0
2020-03-10 07:00:00,0.0
2020-03-10 08:00:00,0.0
2020-03-10 09:00:00,0.0
2020-03-10 10:00:00,0.0
2020-03-10 11:00:00,0.0
2020-03-10 12:00:00,0.0
2020-03-10 13:00:00,1.2422185722222214
2020-03-10 14:00:00,4.9628934166666605
2020-03-10 15:00:00,6.64263045833332
2020-03-10 16:00:00,6.474857144444444
2020-03-10 17:00:00,6.035638550000015
2020-03-10 18:00:00,5.780387466666687
2020-03-10 19:00:00,5.230050191666683
2020-03-10 20:00:00,4.19480367777778
2020-03-10 21:00:00,1.8957512722222243
2020-03-10 22:00:00,0.0
2020-03-10 23:00:00,0.0
2020-03-11 00:00:00,2.6115637110730767
2020-03-11 01:00:00,15.111834703480055
2020-03-11 02:00:00,7.0612904371578065
2020-03-11 03:00:00,4.976702344999995
2020-03-11 04:00:00,8.945099855555553
2020-03-11 05:00:00,15.997467897222226
2020-03-11 06:00:00,3.7373328499999947
2020-03-11 07:00:00,0.0
2020-03-11 08:00:00,0.0
2020-03-11 09:00:00,0.0
2020-03-11 10:00:00,0.0
2020-03-11 11:00:00,0.0
2020-03-11 12:00:00,0.0
2020-03-11 13:00:00,0.6043234805555556
2020-03-11 14:00:00,9.30376051368911
2020-03-11 15:00:00,50.303489273612385
2020-03-11 16:00:00,78.75255504893262
2020-03-11 17:00:00,47.563628968509114
2020-03-11 18:00:00,25.305811697746563
2020-03-11 19:00:00,24.114239528250106
2020-03-11 20:00:00,38.28298157189078
2020-03-11 21:00:00,29.268441579743534
2020-03-11 22:00:00,14.086663682473915
2020-03-11 23:00:00,16.15677937405853
2020-03-12 00:00:00,9.471767863178675
2020-03-12 01:00:00,20.249080857335255
2020-03-12 02:00:00,20.744279018023676
2020-03-12 03:00:00,19.552515058888932
2020-03-12 04:00:00,9.78025136388893
2020-03-12 05:00:00,12.233790283333363
2020-03-12 06:00:00,5.582038002499997
2020-03-12 07:00:00,0.0
2020-03-12 08:00:00,0.0
2020-03-12 09:00:00,0.0
2020-03-12 10:00:00,0.0
2020-03-12 11:00:00,0.0
2020-03-12 12:00:00,1.7439105138888853
2020-03-12 13:00:00,2.5764281416666646
2020-03-12 14:00:00,6.0374715527777845
2020-03-12 15:00:00,44.85195294473248
2020-03-12 16:00:00,47.53497673281793
2020-03-12 17:00:00,46.88646097430954
2020-03-12 18:00:00,36.403532492418435
2020-03-12 19:00:00,27.091503424969833
2020-03-12 20:00:00,11.107496356188518
2020-03-12 21:00:00,3.348358260100453
2020-03-12 22:00:00,1.6681449385549045
2020-03-12 23:00:00,1.3425871785433547
2020-03-13 00:00:00,7.84833995067608
2020-03-13 01:00:00,8.52236582020188
2020-03-13 02:00:00,8.538129127837514
2020-03-13 03:00:00,8.501514044856725
2020-03-13 04:00:00,10.05273530583333
2020-03-13 05:00:00,3.161385941666662
2020-03-13 06:00:00,0.0
2020-03-13 07:00:00,0.0
2020-03-13 08:00:00,0.0
2020-03-13 09:00:00,0.0
2020-03-13 10:00:00,0.0
2020-03-13 11:00:00,0.0
2020-03-13 12:00:00,1.993162361111113
2020-03-13 13:00:00,1.5871800666666684
2020-03-13 14:00:00,7.7700509499999955
2020-03-13 15:00:00,47.22299001519518
2020-03-13 16:00:00,72.99319257287898
2020-03-13 17:00:00,66.33416891690811
2020-03-13 18:00:00,43.09249808805462
2020-03-13 19:00:00,17.08374298688192
2020-03-13 20:00:00,10.744488818055583
2020-03-13 21:00:00,5.310260009722224
2020-03-13 22:00:00,5.343659638888896
2020-03-13 23:00:00,2.606629361111116
2020-03-14 00:00:00,0.0
2020-03-14 01:00:00,9.95111111111111e-05
2020-03-14 02:00:00,4.006046532777777
2020-03-14 03:00:00,12.550491256388897
2020-03-14 04:00:00,12.74686346388894
2020-03-14 05:00:00,8.18958979722228
2020-03-14 06:00:00,0.0
2020-03-14 07:00:00,0.0
2020-03-14 08:00:00,0.0
2020-03-14 09:00:00,0.0
2020-03-14 10:00:00,0.0
2020-03-14 11:00:00,0.0
2020-03-14 12:00:00,0.0
2020-03-14 13:00:00,0.0
2020-03-14 14:00:00,0.0
2020-03-14 15:00:00,1.3758342017101814
2020-03-14 16:00:00,16.993294025070476
2020-03-14 17:00:00,26.440224022519374
2020-03-14 18:00:00,30.508160582653133
2020-03-14 19:00:00,34.5130934189899
2020-03-14 20:00:00,38.10794104426598
2020-03-14 21:00:00,16.10090993537912
2020-03-14 22:00:00,35.133419430227875
2020-03-14 23:00:00,31.748108725126674
2020-03-15 00:00:00,14.252073022132041
2020-03-15 01:00:00,25.22116087416014
2020-03-15 02:00:00,24.326544674795166
2020-03-15 03:00:00,27.869712797561572
2020-03-15 04:00:00,22.871581330555617
2020-03-15 05:00:00,13.221282519444415
2020-03-15 06:00:00,6.87647410000003
2020-03-15 07:00:00,7.211931149444525
2020-03-15 08:00:00,7.4774858283334416
2020-03-15 09:00:00,6.99570315277777
2020-03-15 10:00:00,1.4141868638888884
2020-03-15 11:00:00,0.0
2020-03-15 12:00:00,0.0
2020-03-15 13:00:00,4.2171255266666705
2020-03-15 14:00:00,11.010183761111087
2020-03-15 15:00:00,9.700446416944475
2020-03-15 16:00:00,7.312372034444451
2020-03-15 17:00:00,7.185398955555565
2020-03-15 18:00:00,9.637752888888894
2020-03-15 19:00:00,19.761723697512128
2020-03-15 20:00:00,35.472717985240834
2020-03-15 21:00:00,39.8173500794118
2020-03-15 22:00:00,30.441756822102114
2020-03-15 23:00:00,31.878435808427593
2020-03-16 00:00:00,30.86470054189342
2020-03-16 01:00:00,19.635837593318747
2020-03-16 02:00:00,3.3865389527427907
2020-03-16 03:00:00,3.3179982882619763
2020-03-16 04:00:00,1.3918789790387036
2020-03-16 05:00:00,0.002512175518629111
2020-03-16 06:00:00,0.0
2020-03-16 07:00:00,0.0
2020-03-16 08:00:00,0.0
2020-03-16 09:00:00,0.0
2020-03-16 10:00:00,0.0
2020-03-16 11:00:00,0.0
2020-03-16 12:00:00,2.5400182777777713
2020-03-16 13:00:00,1.7550297583333325
2020-03-16 14:00:00,10.680142390555556
2020-03-16 15:00:00,41.715982914030036
2020-03-16 16:00:00,48.94541541300019
2020-03-16 17:00:00,32.69621068674002
2020-03-16 18:00:00,13.268081822016534
2020-03-16 19:00:00,3.341936777777777
2020-03-16 20:00:00,2.672253958333326
2020-03-16 21:00:00,5.514310830555564
2020-03-16 22:00:00,0.7836673472222231
2020-03-16 23:00:00,8.112791574151755
2020-03-17 00:00:00,1.2320795805555553
2020-03-17 01:00:00,0.0
2020-03-17 02:00:00,0.0
2020-03-17 03:00:00,0.0
2020-03-17 04:00:00,0.0
2020-03-17 05:00:00,0.0
2020-03-17 06:00:00,1.154378989898451
2020-03-17 07:00:00,3.2456151015483363
2020-03-17 08:00:00,1.0656612403613548
2020-03-17 09:00:00,0.0
2020-03-17 10:00:00,0.0
2020-03-17 11:00:00,0.0
2020-03-17 12:00:00,2.2809138749999973
2020-03-17 13:00:00,2.690091722222219
2020-03-17 14:00:00,6.973941016666683
2020-03-17 15:00:00,6.8273238305555415
2020-03-17 16:00:00,12.374963760097895
2020-03-17 17:00:00,17.8091888561061
2020-03-17 18:00:00,27.358284252370304
2020-03-17 19:00:00,15.977943992009028
2020-03-17 20:00:00,23.904329145940558
2020-03-17 21:00:00,13.07601140000001
2020-03-17 22:00:00,7.661754661666679
2020-03-17 23:00:00,4.5727893166666655
2020-03-18 00:00:00,0.0
2020-03-18 01:00:00,2.6587864638888914
2020-03-18 02:00:00,6.424844177777812
2020-03-18 03:00:00,0.7312601222222226
2020-03-18 04:00:00,0.0
2020-03-18 05:00:00,0.0
2020-03-18 06:00:00,0.0
2020-03-18 07:00:00,0.0
2020-03-18 08:00:00,0.0
2020-03-18 09:00:00,0.0
2020-03-18 10:00:00,0.0
2020-03-18 11:00:00,0.0
2020-03-18 12:00:00,1.102085258333333
2020-03-18 13:00:00,3.3391524194444457
2020-03-18 14:00:00,1.6406557694444437
2020-03-18 15:00:00,17.60497703209287
2020-03-18 16:00:00,18.3249660675341
2020-03-18 17:00:00,25.771412657187135
2020-03-18 18:00:00,11.917374506633587
2020-03-18 19:00:00,0.0
2020-03-18 20:00:00,0.08976556944444446
2020-03-18 21:00:00,14.455507694197376
2020-03-18 22:00:00,0.7632537247068794
2020-03-18 23:00:00,0.025739438888888893
2020-03-19 00:00:00,11.7477082086212
2020-03-19 01:00:00,15.748652911944466
2020-03-19 02:00:00,21.259849091388816
2020-03-19 03:00:00,22.16572357555549
2020-03-19 04:00:00,12.657068847222181
2020-03-19 05:00:00,15.233177235833304
2020-03-19 06:00:00,5.79270309333335
2020-03-19 07:00:00,0.0
2020-03-19 08:00:00,0.0
2020-03-19 09:00:00,0.0
2020-03-19 10:00:00,0.0
2020-03-19 11:00:00,0.0
2020-03-19 12:00:00,0.7858923138888892
2020-03-19 13:00:00,3.5460952972222293
2020-03-19 14:00:00,0.27218550277777787
2020-03-19 15:00:00,0.0
2020-03-19 16:00:00,0.0
2020-03-19 17:00:00,0.0
2020-03-19 18:00:00,1.7859763583333288
2020-03-19 19:00:00,15.075371958333307
2020-03-19 20:00:00,6.807659491666677
2020-03-19 21:00:00,20.119841131111066
2020-03-19 22:00:00,17.27840199944448
2020-03-19 23:00:00,13.43221557138886
2020-03-20 00:00:00,0.0
2020-03-20 01:00:00,8.108561461111123
2020-03-20 02:00:00,5.707758827777775
2020-03-20 03:00:00,17.400277980833387
2020-03-20 04:00:00,5.472305594444451
2020-03-20 05:00:00,7.0022550472222145
2020-03-20 06:00:00,8.415554544444435
2020-03-20 07:00:00,0.0
2020-03-20 08:00:00,0.0
2020-03-20 09:00:00,0.0
2020-03-20 10:00:00,0.0
2020-03-20 11:00:00,0.0
2020-03-20 12:00:00,0.7307269277777769
2020-03-20 13:00:00,3.333289183333334
2020-03-20 14:00:00,2.339463677777777
2020-03-20 15:00:00,0.0
2020-03-20 16:00:00,0.9751324361111138
2020-03-20 17:00:00,1.6995491916666692
2020-03-20 18:00:00,0.0
2020-03-20 19:00:00,0.0
2020-03-20 20:00:00,0.0
2020-03-20 21:00:00,4.578519661111117
2020-03-20 22:00:00,10.590158663888916
2020-03-20 23:00:00,1.3297425416666666
2020-03-21 00:00:00,10.764351700000029
2020-03-21 01:00:00,10.800214791666704
2020-03-21 02:00:00,7.901724855555559
2020-03-21 03:00:00,0.3468384249999999
2020-03-21 04:00:00,9.766054213333346
2020-03-21 05:00:00,0.37499451666666667
2020-03-21 06:00:00,0.0
2020-03-21 07:00:00,0.0
2020-03-21 08:00:00,0.0
2020-03-21 09:00:00,0.0
2020-03-21 10:00:00,0.0
2020-03-21 11:00:00,0.0
2020-03-21 12:00:00,0.0
2020-03-21 13:00:00,0.0
2020-03-21 14:00:00,0.0
2020-03-21 15:00:00,8.554098187829991
2020-03-21 16:00:00,14.856193241666627
2020-03-21 17:00:00,13.605708511111107
2020-03-21 18:00:00,9.048008238888883
2020-03-21 19:00:00,9.551478847222226
2020-03-21 20:00:00,5.872117549999998
2020-03-21 21:00:00,6.558084797222233
2020-03-21 22:00:00,9.368306250000018
2020-03-21 23:00:00,2.1286239916666685
2020-03-22 00:00:00,8.398413917777788
2020-03-22 01:00:00,0.10479291666666665
2020-03-22 02:00:00,0.0
2020-03-22 03:00:00,0.0
2020-03-22 04:00:00,0.0
2020-03-22 05:00:00,0.0
2020-03-22 06:00:00,0.0
2020-03-22 07:00:00,0.0
2020-03-22 08:00:00,0.0
2020-03-22 09:00:00,0.0
2020-03-22 10:00:00,0.0
2020-03-22 11:00:00,0.0
2020-03-22 12:00:00,0.0
2020-03-22 13:00:00,3.117610836111101
2020-03-22 14:00:00,6.770262561111128
2020-03-22 15:00:00,6.683983086111119
2020-03-22 16:00:00,6.663512602777762
2020-03-22 17:00:00,0.5040857749999997
2020-03-22 18:00:00,0.0
2020-03-22 19:00:00,6.776692067777802
2020-03-22 20:00:00,8.506648253888905
2020-03-22 21:00:00,14.755075330555517
2020-03-22 22:00:00,24.396206508055577
2020-03-22 23:00:00,8.685290184166657
2020-03-23 00:00:00,6.7161624288889
2020-03-23 01:00:00,7.9920749805555715
2020-03-23 02:00:00,0.1184585833333332
2020-03-23 03:00:00,0.0
2020-03-23 04:00:00,0.0
2020-03-23 05:00:00,0.0
2020-03-23 06:00:00,0.0
2020-03-23 07:00:00,0.0
2020-03-23 08:00:00,0.0
2020-03-23 09:00:00,0.0
2020-03-23 10:00:00,0.0
2020-03-23 11:00:00,0.0
2020-03-23 12:00:00,1.2044442944444433
2020-03-23 13:00:00,3.3347563527777844
2020-03-23 14:00:00,2.015769322222221
2020-03-23 15:00:00,0.0
2020-03-23 16:00:00,0.0
2020-03-23 17:00:00,0.0
2020-03-23 18:00:00,0.0
2020-03-23 19:00:00,0.0
2020-03-23 20:00:00,0.0
2020-03-23 21:00:00,8.113096533333382
2020-03-23 22:00:00,0.0
2020-03-23 23:00:00,0.0
2020-03-24 00:00:00,0.0
2020-03-24 01:00:00,0.0
2020-03-24 02:00:00,0.0
2020-03-24 03:00:00,1.9279926027777758
2020-03-24 04:00:00,6.08173789722223
2020-03-24 05:00:00,2.2548963777777797
2020-03-24 06:00:00,0.0
2020-03-24 07:00:00,0.0
2020-03-24 08:00:00,0.0
2020-03-24 09:00:00,0.0
2020-03-24 10:00:00,0.0
2020-03-24 11:00:00,0.0
2020-03-24 12:00:00,0.7172041583333336
2020-03-24 13:00:00,4.386336341666666
2020-03-24 14:00:00,5.376236852777773
2020-03-24 15:00:00,3.3530835277777804
2020-03-24 16:00:00,3.357027219444445
2020-03-24 17:00:00,4.495046280555558
2020-03-24 18:00:00,0.9720776666666668
2020-03-24 19:00:00,8.472529652777792
2020-03-24 20:00:00,10.586556975000033
2020-03-24 21:00:00,12.64782282666666
2020-03-24 22:00:00,5.621266261111116
2020-03-24 23:00:00,8.780996880555517
2020-03-25 00:00:00,13.434437937222201
2020-03-25 01:00:00,26.473247505555577
2020-03-25 02:00:00,15.984068975000032
2020-03-25 03:00:00,16.194295083333405
2020-03-25 04:00:00,7.103156972222242
2020-03-25 05:00:00,0.0
2020-03-25 06:00:00,0.0
2020-03-25 07:00:00,0.0
2020-03-25 08:00:00,0.0
2020-03-25 09:00:00,0.0
2020-03-25 10:00:00,0.0
2020-03-25 11:00:00,0.0
2020-03-25 12:00:00,0.6615137138888886
2020-03-25 13:00:00,4.419801272222217
2020-03-25 14:00:00,5.349682741666661
2020-03-25 15:00:00,3.301492988888894
2020-03-25 16:00:00,3.307664530555544
2020-03-25 17:00:00,3.301607713888878
2020-03-25 18:00:00,1.0359347666666663
2020-03-25 19:00:00,0.0
2020-03-25 20:00:00,0.0
2020-03-25 21:00:00,0.0
2020-03-25 22:00:00,0.0
2020-03-25 23:00:00,0.7988149777777772
2020-03-26 00:00:00,0.0
2020-03-26 01:00:00,0.0
2020-03-26 02:00:00,0.0
2020-03-26 03:00:00,0.30835418268728676
2020-03-26 04:00:00,3.3159632453600185
2020-03-26 05:00:00,3.3157174497696533
2020-03-26 06:00:00,3.3198381405482253
2020-03-26 07:00:00,3.042226479854671
2020-03-26 08:00:00,0.0
2020-03-26 09:00:00,0.004301422830443555
2020-03-26 10:00:00,0.0
2020-03-26 11:00:00,0.0
2020-03-26 12:00:00,0.7076523805555558
2020-03-26 13:00:00,4.439914769444448
2020-03-26 14:00:00,5.788227841666673
2020-03-26 15:00:00,3.312686766666672
2020-03-26 16:00:00,3.2968922749999976
2020-03-26 17:00:00,3.2661160333333203
2020-03-26 18:00:00,0.6158598055555551
2020-03-26 19:00:00,5.728212687777777
2020-03-26 20:00:00,18.954960494444386
2020-03-26 21:00:00,27.663609124597514
2020-03-26 22:00:00,21.067016354907718
2020-03-26 23:00:00,8.147696961717024
2020-03-27 00:00:00,0.26746897795158636
2020-03-27 01:00:00,4.0832489805555525
2020-03-27 02:00:00,10.853922286974633
2020-03-27 03:00:00,0.9250294249999995
2020-03-27 04:00:00,15.074709278888914
2020-03-27 05:00:00,8.529937491111138
2020-03-27 06:00:00,4.251604411111106
2020-03-27 07:00:00,0.1995978366666668
2020-03-27 08:00:00,0.03302943333333333
2020-03-27 09:00:00,0.23255627972222218
2020-03-27 10:00:00,0.238915618611111
2020-03-27 11:00:00,0.0
2020-03-27 12:00:00,0.945312941666666
2020-03-27 13:00:00,4.458482944444446
2020-03-27 14:00:00,5.946173961111121
2020-03-27 15:00:00,4.8516839277777875
2020-03-27 16:00:00,6.877911536111147
2020-03-27 17:00:00,4.836211916666658
2020-03-27 18:00:00,0.3529032250000001
2020-03-27 19:00:00,0.0
2020-03-27 20:00:00,0.0
2020-03-27 21:00:00,0.0
2020-03-27 22:00:00,0.0
2020-03-27 23:00:00,0.0
2020-03-28 00:00:00,0.0
2020-03-28 01:00:00,0.0
2020-03-28 02:00:00,0.11768203055555562
2020-03-28 03:00:00,1.2791551777777836
2020-03-28 04:00:00,6.000536782500022
2020-03-28 05:00:00,6.303056686388893
2020-03-28 06:00:00,0.7237664124999981
2020-03-28 07:00:00,0.0
2020-03-28 08:00:00,0.0
2020-03-28 09:00:00,0.0
2020-03-28 10:00:00,0.0
2020-03-28 11:00:00,0.0
2020-03-28 12:00:00,0.0
2020-03-28 13:00:00,0.0
2020-03-28 14:00:00,0.0
2020-03-28 15:00:00,0.0
2020-03-28 16:00:00,0.06541493888888888
2020-03-28 17:00:00,5.9909972650000025
2020-03-28 18:00:00,0.0
2020-03-28 19:00:00,0.0
2020-03-28 20:00:00,2.842102893611117
2020-03-28 21:00:00,17.393445968611125
2020-03-28 22:00:00,15.45511218916672
2020-03-28 23:00:00,16.15460389361112
2020-03-29 00:00:00,7.26558224555556
2020-03-29 01:00:00,6.159541570000006
2020-03-29 02:00:00,9.010351908333275
2020-03-29 03:00:00,6.321817252777781
2020-03-29 04:00:00,3.803410438333337
2020-03-29 05:00:00,1.778063391388887
2020-03-29 06:00:00,0.0
2020-03-29 07:00:00,0.0
2020-03-29 08:00:00,0.0
2020-03-29 09:00:00,0.0
2020-03-29 10:00:00,0.0
2020-03-29 11:00:00,0.0
2020-03-29 12:00:00,0.0
2020-03-29 13:00:00,1.0516375416666675
2020-03-29 14:00:00,2.0433497727963976
2020-03-29 15:00:00,0.0
2020-03-29 16:00:00,0.0
2020-03-29 17:00:00,0.0
2020-03-29 18:00:00,0.0
2020-03-29 19:00:00,4.149910734166665
2020-03-29 20:00:00,4.470975922222216
2020-03-29 21:00:00,7.857319844166688
2020-03-29 22:00:00,2.5275254763888846
2020-03-29 23:00:00,5.1708648322222075
2020-03-30 00:00:00,13.884899494722223
2020-03-30 01:00:00,14.056699094999974
2020-03-30 02:00:00,6.234011573055559
2020-03-30 03:00:00,3.7575986983333243
2020-03-30 04:00:00,0.0
2020-03-30 05:00:00,0.0
2020-03-30 06:00:00,0.0
2020-03-30 07:00:00,0.0
2020-03-30 08:00:00,0.0
2020-03-30 09:00:00,0.0
2020-03-30 10:00:00,0.0
2020-03-30 11:00:00,0.0
2020-03-30 12:00:00,0.0
2020-03-30 13:00:00,0.0
2020-03-30 14:00:00,1.269204255555556
2020-03-30 15:00:00,0.17254116666666705
2020-03-30 16:00:00,0.0
2020-03-30 17:00:00,0.0
2020-03-30 18:00:00,0.0
2020-03-30 19:00:00,0.0
2020-03-30 20:00:00,0.0
2020-03-30 21:00:00,0.0
2020-03-30 22:00:00,1.2628163572222222
2020-03-30 23:00:00,10.85322336111113
2020-03-31 00:00:00,14.727135977777767
2020-03-31 01:00:00,17.097542323888888
2020-03-31 02:00:00,16.0789490888889
2020-03-31 03:00:00,11.947259927777782
2020-03-31 04:00:00,2.125641207777778
2020-03-31 05:00:00,7.297107790277765
2020-03-31 06:00:00,4.3084178369444635
2020-03-31 07:00:00,0.0
2020-03-31 08:00:00,0.0
2020-03-31 09:00:00,0.0
2020-03-31 10:00:00,0.0
2020-03-31 11:00:00,0.15026667222222223
2020-03-31 12:00:00,1.4190579750000003
2020-03-31 13:00:00,0.0
2020-03-31 14:00:00,3.2469777555555575
2020-03-31 15:00:00,3.4225016611110948
2020-03-31 16:00:00,1.661004869444441
2020-03-31 17:00:00,4.06411343333332
2020-03-31 18:00:00,5.418497689999978
2020-03-31 19:00:00,4.235378282222225
2020-03-31 20:00:00,10.842913550000029
2020-03-31 21:00:00,11.633958275000005
2020-03-31 22:00:00,16.013016816666678
2020-03-31 23:00:00,11.934451134136332
2020-04-01 00:00:00,7.142717706492444
2020-04-01 01:00:00,0.0
2020-04-01 02:00:00,4.690424413888874
2020-04-01 03:00:00,10.247218841666628
2020-04-01 04:00:00,17.837966709722195
2020-04-01 05:00:00,13.102872232777775
2020-04-01 06:00:00,7.9740654861110984
2020-04-01 07:00:00,0.0
2020-04-01 08:00:00,0.0
2020-04-01 09:00:00,0.0
2020-04-01 10:00:00,0.0
2020-04-01 11:00:00,0.0
2020-04-01 12:00:00,0.0
2020-04-01 13:00:00,0.8967924749999996
2020-04-01 14:00:00,3.355033613888899
2020-04-01 15:00:00,3.377274605555556
2020-04-01 16:00:00,3.384860636111117
2020-04-01 17:00:00,1.532823905555558
2020-04-01 18:00:00,0.0
2020-04-01 19:00:00,0.0
2020-04-01 20:00:00,0.0
2020-04-01 21:00:00,0.0
2020-04-01 22:00:00,0.0
2020-04-01 23:00:00,0.0
2020-04-02 00:00:00,0.0
2020-04-02 01:00:00,0.0
2020-04-02 02:00:00,0.0
2020-04-02 03:00:00,0.0
2020-04-02 04:00:00,0.0
2020-04-02 05:00:00,0.0
2020-04-02 06:00:00,0.0
2020-04-02 07:00:00,0.0
2020-04-02 08:00:00,0.0
2020-04-02 09:00:00,0.0
2020-04-02 10:00:00,0.0
2020-04-02 11:00:00,0.0
2020-04-02 12:00:00,0.0
2020-04-02 13:00:00,0.0
2020-04-02 14:00:00,0.0
2020-04-02 15:00:00,0.0
2020-04-02 16:00:00,0.0
2020-04-02 17:00:00,0.0
2020-04-02 18:00:00,0.0
2020-04-02 19:00:00,0.0
2020-04-02 20:00:00,0.0
2020-04-02 21:00:00,0.0
2020-04-02 22:00:00,0.0
2020-04-02 23:00:00,0.0
2020-04-03 00:00:00,0.0
2020-04-03 01:00:00,0.0
2020-04-03 02:00:00,0.0
2020-04-03 03:00:00,0.0
2020-04-03 04:00:00,0.0
2020-04-03 05:00:00,0.0
2020-04-03 06:00:00,0.0
2020-04-03 07:00:00,0.0
2020-04-03 08:00:00,0.0
2020-04-03 09:00:00,0.0
2020-04-03 10:00:00,0.0
2020-04-03 11:00:00,0.0
2020-04-03 12:00:00,0.0
2020-04-03 13:00:00,0.0
2020-04-03 14:00:00,0.0
2020-04-03 15:00:00,0.0
2020-04-03 16:00:00,0.0
2020-04-03 17:00:00,0.0
2020-04-03 18:00:00,0.0
2020-04-03 19:00:00,0.0
2020-04-03 20:00:00,0.0
2020-04-03 21:00:00,0.0
2020-04-03 22:00:00,0.0
2020-04-03 23:00:00,0.0
2020-04-04 00:00:00,0.0
2020-04-04 01:00:00,0.0
2020-04-04 02:00:00,0.0
2020-04-04 03:00:00,0.0
2020-04-04 04:00:00,0.0
2020-04-04 05:00:00,0.0
2020-04-04 06:00:00,0.0
2020-04-04 07:00:00,0.0
2020-04-04 08:00:00,0.0
2020-04-04 09:00:00,0.0
2020-04-04 10:00:00,0.0
2020-04-04 11:00:00,0.0
2020-04-04 12:00:00,0.0
2020-04-04 13:00:00,0.0
2020-04-04 14:00:00,0.0
2020-04-04 15:00:00,0.0
2020-04-04 16:00:00,0.0
2020-04-04 17:00:00,0.0
2020-04-04 18:00:00,0.0
2020-04-04 19:00:00,0.0
2020-04-04 20:00:00,0.0
2020-04-04 21:00:00,8.510022345981076
2020-04-04 22:00:00,5.842604557401833
2020-04-04 23:00:00,5.863721290322888
2020-04-05 00:00:00,12.295179007441652
2020-04-05 01:00:00,8.38819594786384
2020-04-05 02:00:00,3.0621323080261553
2020-04-05 03:00:00,5.167686237294927
2020-04-05 04:00:00,11.067624836841317
2020-04-05 05:00:00,12.749897518016363
2020-04-05 06:00:00,12.239609371152802
2020-04-05 07:00:00,6.333961739342393
2020-04-05 08:00:00,0.21141014166666666
2020-04-05 09:00:00,0.0
2020-04-05 10:00:00,0.0
2020-04-05 11:00:00,3.4034112322222256
2020-04-05 12:00:00,0.0
2020-04-05 13:00:00,0.0
2020-04-05 14:00:00,0.0
2020-04-05 15:00:00,0.0
2020-04-05 16:00:00,1.3164165694444447
2020-04-05 17:00:00,6.3093040722222185
2020-04-05 18:00:00,5.539420888888885
2020-04-05 19:00:00,4.345490272222214
2020-04-05 20:00:00,2.682652993888884
2020-04-05 21:00:00,7.045158519166663
2020-04-05 22:00:00,15.606640876388894
2020-04-05 23:00:00,6.458634288055519
2020-04-06 00:00:00,0.5128152749999991
2020-04-06 01:00:00,7.093751380277775
2020-04-06 02:00:00,6.675411726944424
2020-04-06 03:00:00,0.0
2020-04-06 04:00:00,0.0
2020-04-06 05:00:00,0.0
2020-04-06 06:00:00,0.0
2020-04-06 07:00:00,0.0
2020-04-06 08:00:00,0.0
2020-04-06 09:00:00,0.0
2020-04-06 10:00:00,0.0
2020-04-06 11:00:00,0.0
2020-04-06 12:00:00,0.0
2020-04-06 13:00:00,0.0
2020-04-06 14:00:00,0.0
2020-04-06 15:00:00,0.0
2020-04-06 16:00:00,0.0
2020-04-06 17:00:00,0.0
2020-04-06 18:00:00,0.0
2020-04-06 19:00:00,0.0
2020-04-06 20:00:00,0.0
2020-04-06 21:00:00,9.659301058055501
2020-04-06 22:00:00,7.241854127777805
2020-04-06 23:00:00,0.042236905555555544
2020-04-07 00:00:00,2.300486280555566
2020-04-07 01:00:00,0.3565934749999994
2020-04-07 02:00:00,0.0
2020-04-07 03:00:00,0.0
2020-04-07 04:00:00,0.0
2020-04-07 05:00:00,0.0
2020-04-07 06:00:00,0.0
2020-04-07 07:00:00,0.0
2020-04-07 08:00:00,0.0
2020-04-07 09:00:00,0.0
2020-04-07 10:00:00,0.0
2020-04-07 11:00:00,0.0
2020-04-07 12:00:00,0.0
2020-04-07 13:00:00,0.0
2020-04-07 14:00:00,0.0
2020-04-07 15:00:00,0.0
2020-04-07 16:00:00,0.0
2020-04-07 17:00:00,1.8782148166666668
2020-04-07 18:00:00,3.190213149999997
2020-04-07 19:00:00,0.3762440277777778
2020-04-07 20:00:00,11.015518519444454
2020-04-07 21:00:00,11.194627743611113
2020-04-07 22:00:00,6.68109723055556
2020-04-07 23:00:00,0.5784285216926922
2020-04-08 00:00:00,1.4889754664929638
2020-04-08 01:00:00,8.565702361882627
2020-04-08 02:00:00,11.039619999999987
2020-04-08 03:00:00,8.25899531000005
2020-04-08 04:00:00,0.0
2020-04-08 05:00:00,0.0
2020-04-08 06:00:00,0.0
2020-04-08 07:00:00,0.0
2020-04-08 08:00:00,0.0
2020-04-08 09:00:00,0.0
2020-04-08 10:00:00,1.2280000305555552
2020-04-08 11:00:00,0.0
2020-04-08 12:00:00,0.0
2020-04-08 13:00:00,0.0
2020-04-08 14:00:00,0.0
2020-04-08 15:00:00,0.0
2020-04-08 16:00:00,0.0
2020-04-08 17:00:00,0.0
2020-04-08 18:00:00,6.0296445111110835
2020-04-08 19:00:00,0.19921732594773647
2020-04-08 20:00:00,5.618287164114529
2020-04-08 21:00:00,5.511358853045818
2020-04-08 22:00:00,3.211583256217915
2020-04-08 23:00:00,0.2884808862821127
2020-04-09 00:00:00,0.17089671111111113
2020-04-09 01:00:00,0.0
2020-04-09 02:00:00,0.0
2020-04-09 03:00:00,0.2295209033333334
2020-04-09 04:00:00,0.774320236111111
2020-04-09 05:00:00,0.0
2020-04-09 06:00:00,0.0
2020-04-09 07:00:00,0.0
2020-04-09 08:00:00,0.0
2020-04-09 09:00:00,0.0
2020-04-09 10:00:00,0.0
2020-04-09 11:00:00,2.3437602055555553
2020-04-09 12:00:00,0.0
2020-04-09 13:00:00,0.0
2020-04-09 14:00:00,0.0
2020-04-09 15:00:00,0.0
2020-04-09 16:00:00,0.0
2020-04-09 17:00:00,0.0
2020-04-09 18:00:00,1.8214860583333323
2020-04-09 19:00:00,4.612584367179988
2020-04-09 20:00:00,0.0
2020-04-09 21:00:00,0.0
2020-04-09 22:00:00,0.0
2020-04-09 23:00:00,0.0
2020-04-10 00:00:00,0.0
2020-04-10 01:00:00,0.0
2020-04-10 02:00:00,6.170076578888884
2020-04-10 03:00:00,10.878442766666595
2020-04-10 04:00:00,6.606920088888896
2020-04-10 05:00:00,0.0
2020-04-10 06:00:00,0.0
2020-04-10 07:00:00,0.0
2020-04-10 08:00:00,0.0
2020-04-10 09:00:00,0.0
2020-04-10 10:00:00,0.0
2020-04-10 11:00:00,0.0
2020-04-10 12:00:00,0.7776515194444443
2020-04-10 13:00:00,3.3273603638889013
2020-04-10 14:00:00,2.7149210250000078
2020-04-10 15:00:00,0.0
2020-04-10 16:00:00,11.004895351652863
2020-04-10 17:00:00,9.22840078935137
2020-04-10 18:00:00,15.946459802054909
2020-04-10 19:00:00,8.542018079942892
2020-04-10 20:00:00,1.7075588235165888
2020-04-10 21:00:00,10.607786388888877
2020-04-10 22:00:00,2.1372270111110976
2020-04-10 23:00:00,6.061725274166663
2020-04-11 00:00:00,10.774463488888877
2020-04-11 01:00:00,10.455540141666656
2020-04-11 02:00:00,0.0
2020-04-11 03:00:00,0.0
2020-04-11 04:00:00,0.0
2020-04-11 05:00:00,0.0
2020-04-11 06:00:00,0.0
2020-04-11 07:00:00,0.0
2020-04-11 08:00:00,0.0
2020-04-11 09:00:00,0.0
2020-04-11 10:00:00,0.0
2020-04-11 11:00:00,0.0
2020-04-11 12:00:00,0.0
2020-04-11 13:00:00,0.0
2020-04-11 14:00:00,6.678888536111123
2020-04-11 15:00:00,6.806104819444453
2020-04-11 16:00:00,6.934530922222217
2020-04-11 17:00:00,6.883789200000016
2020-04-11 18:00:00,9.28419512222223
2020-04-11 19:00:00,10.973478155555561
2020-04-11 20:00:00,14.573874908333348
2020-04-11 21:00:00,17.73270788388891
2020-04-11 22:00:00,18.442021845833366
2020-04-11 23:00:00,14.187069671944469
2020-04-12 00:00:00,18.411952486111215
2020-04-12 01:00:00,13.998152468888932
2020-04-12 02:00:00,13.342684050000003
2020-04-12 03:00:00,9.94976942333331
2020-04-12 04:00:00,4.558303106666658
2020-04-12 05:00:00,6.57981097055554
2020-04-12 06:00:00,0.37577901666666624
2020-04-12 07:00:00,0.0
2020-04-12 08:00:00,0.0
2020-04-12 09:00:00,0.0
2020-04-12 10:00:00,0.0
2020-04-12 11:00:00,0.0
2020-04-12 12:00:00,0.0
2020-04-12 13:00:00,0.0
2020-04-12 14:00:00,0.0
2020-04-12 15:00:00,0.0
2020-04-12 16:00:00,0.0
2020-04-12 17:00:00,0.0
2020-04-12 18:00:00,1.1709600555555577
2020-04-12 19:00:00,6.944963088888885
2020-04-12 20:00:00,8.713409269999998
2020-04-12 21:00:00,17.556654425277834
2020-04-12 22:00:00,5.008911521388905
2020-04-12 23:00:00,0.0
2020-04-13 00:00:00,0.0
2020-04-13 01:00:00,0.0
2020-04-13 02:00:00,0.0
2020-04-13 03:00:00,0.0
2020-04-13 04:00:00,0.0
2020-04-13 05:00:00,0.0
2020-04-13 06:00:00,0.0
2020-04-13 07:00:00,0.0
2020-04-13 08:00:00,0.0
2020-04-13 09:00:00,0.0
2020-04-13 10:00:00,0.0
2020-04-13 11:00:00,0.0
2020-04-13 12:00:00,0.0
2020-04-13 13:00:00,0.0
2020-04-13 14:00:00,0.0
2020-04-13 15:00:00,0.0
2020-04-13 16:00:00,0.0
2020-04-13 17:00:00,0.0
2020-04-13 18:00:00,1.7572311972222223
2020-04-13 19:00:00,6.966490597222206
2020-04-13 20:00:00,11.61350872500004
2020-04-13 21:00:00,10.93766402500001
2020-04-13 22:00:00,9.590947416666666
2020-04-13 23:00:00,14.594640985
2020-04-14 00:00:00,6.4995571805555565
2020-04-14 01:00:00,4.229402899999992
2020-04-14 02:00:00,0.0
2020-04-14 03:00:00,0.0
2020-04-14 04:00:00,0.0
2020-04-14 05:00:00,14.914254614722235
2020-04-14 06:00:00,2.865606713888889
2020-04-14 07:00:00,0.0
2020-04-14 08:00:00,0.0
2020-04-14 09:00:00,0.0
2020-04-14 10:00:00,0.0
2020-04-14 11:00:00,0.0
2020-04-14 12:00:00,0.0
2020-04-14 13:00:00,0.0
2020-04-14 14:00:00,0.0
2020-04-14 15:00:00,0.16520364999999998
2020-04-14 16:00:00,6.467013266666655
2020-04-14 17:00:00,4.65548241388889
2020-04-14 18:00:00,1.429796119444443
2020-04-14 19:00:00,0.0
2020-04-14 20:00:00,10.807450321944431
2020-04-14 21:00:00,14.953878646666713
2020-04-14 22:00:00,9.883435241666676
2020-04-14 23:00:00,3.381928298888889
2020-04-15 00:00:00,0.0
2020-04-15 01:00:00,0.0
2020-04-15 02:00:00,0.0
2020-04-15 03:00:00,0.0
2020-04-15 04:00:00,0.0
2020-04-15 05:00:00,0.0
2020-04-15 06:00:00,0.0
2020-04-15 07:00:00,0.0
2020-04-15 08:00:00,0.0
2020-04-15 09:00:00,0.0
2020-04-15 10:00:00,0.0
2020-04-15 11:00:00,0.0
2020-04-15 12:00:00,10.923302591666692
2020-04-15 13:00:00,0.0
2020-04-15 14:00:00,0.0
2020-04-15 15:00:00,0.0
2020-04-15 16:00:00,0.0
2020-04-15 17:00:00,0.0
2020-04-15 18:00:00,3.931973663611115
2020-04-15 19:00:00,10.804797283333361
2020-04-15 20:00:00,8.13352909944447
2020-04-15 21:00:00,7.770396586666702
2020-04-15 22:00:00,7.302828628888913
2020-04-15 23:00:00,3.6813991750000037
2020-04-16 00:00:00,3.3950417902777743
2020-04-16 01:00:00,3.991082190833329
2020-04-16 02:00:00,7.365003974722222
2020-04-16 03:00:00,7.362315349166666
2020-04-16 04:00:00,7.360087165555608
2020-04-16 05:00:00,1.2748215055555565
2020-04-16 06:00:00,6.997000387500025
2020-04-16 07:00:00,0.00024780833333333334
2020-04-16 08:00:00,0.002203161111111111
2020-04-16 09:00:00,0.0
2020-04-16 10:00:00,0.0
2020-04-16 11:00:00,0.0
2020-04-16 12:00:00,0.0
2020-04-16 13:00:00,0.0
2020-04-16 14:00:00,2.719601616666672
2020-04-16 15:00:00,3.450160277777776
2020-04-16 16:00:00,1.6273486944444442
2020-04-16 17:00:00,2.4376163180167594
2020-04-16 18:00:00,2.986007967848382
2020-04-16 19:00:00,0.10764039535130429
2020-04-16 20:00:00,3.113069289999999
2020-04-16 21:00:00,0.0
2020-04-16 22:00:00,0.0
2020-04-16 23:00:00,0.0
2020-04-17 00:00:00,0.0
2020-04-17 01:00:00,4.760119252777775
2020-04-17 02:00:00,10.79393521666668
2020-04-17 03:00:00,11.362366024999984
2020-04-17 04:00:00,8.31636126916668
2020-04-17 05:00:00,6.346385291666671
2020-04-17 06:00:00,9.482982786111124
2020-04-17 07:00:00,3.118153638888887
2020-04-17 08:00:00,0.0
2020-04-17 09:00:00,0.0
2020-04-17 10:00:00,0.0
2020-04-17 11:00:00,0.0
2020-04-17 12:00:00,0.0
2020-04-17 13:00:00,0.0
2020-04-17 14:00:00,0.0
2020-04-17 15:00:00,0.0
2020-04-17 16:00:00,5.342584033888519
2020-04-17 17:00:00,7.94317564019582
2020-04-17 18:00:00,16.081591085818317
2020-04-17 19:00:00,8.821266671088704
2020-04-17 20:00:00,3.234438631473709
2020-04-17 21:00:00,0.6000412555662565
2020-04-17 22:00:00,7.109732105555575
2020-04-17 23:00:00,0.2932784194444445
2020-04-18 00:00:00,0.0
2020-04-18 01:00:00,0.0
2020-04-18 02:00:00,0.0
2020-04-18 03:00:00,0.0
2020-04-18 04:00:00,0.0
2020-04-18 05:00:00,5.524599675000008
2020-04-18 06:00:00,9.449647208333294
2020-04-18 07:00:00,0.0
2020-04-18 08:00:00,0.0
2020-04-18 09:00:00,0.0
2020-04-18 10:00:00,0.0
2020-04-18 11:00:00,0.0
2020-04-18 12:00:00,0.0
2020-04-18 13:00:00,0.0
2020-04-18 14:00:00,0.011587719444444445
2020-04-18 15:00:00,0.27683081388888897
2020-04-18 16:00:00,0.0
2020-04-18 17:00:00,0.0
2020-04-18 18:00:00,0.6981030555555555
2020-04-18 19:00:00,10.949431949999976
2020-04-18 20:00:00,19.466544647222122
2020-04-18 21:00:00,21.445432336944513
2020-04-18 22:00:00,17.92356099027781
2020-04-18 23:00:00,20.035727627777774
2020-04-19 00:00:00,10.14077999722224
2020-04-19 01:00:00,0.2360399405555555
2020-04-19 02:00:00,0.7305887333333336
2020-04-19 03:00:00,0.26000359722222216
2020-04-19 04:00:00,0.0
2020-04-19 05:00:00,0.0
2020-04-19 06:00:00,0.0
2020-04-19 07:00:00,0.0
2020-04-19 08:00:00,0.0
2020-04-19 09:00:00,0.0
2020-04-19 10:00:00,0.0
2020-04-19 11:00:00,0.0
2020-04-19 12:00:00,0.0
2020-04-19 13:00:00,1.398790172695145
2020-04-19 14:00:00,0.0
2020-04-19 15:00:00,0.0
2020-04-19 16:00:00,10.092384922777768
2020-04-19 17:00:00,10.97699159416667
2020-04-19 18:00:00,7.790670595833342
2020-04-19 19:00:00,10.773721478333329
2020-04-19 20:00:00,15.632085646872119
2020-04-19 21:00:00,24.14789229329407
2020-04-19 22:00:00,33.75561253918088
2020-04-19 23:00:00,30.022129020000026
2020-04-20 00:00:00,17.322198642500013
2020-04-20 01:00:00,7.7994000347222245
2020-04-20 02:00:00,0.13641479999999997
2020-04-20 03:00:00,0.0
2020-04-20 04:00:00,0.0
2020-04-20 05:00:00,0.0
2020-04-20 06:00:00,0.0
2020-04-20 07:00:00,0.0
2020-04-20 08:00:00,0.0
2020-04-20 09:00:00,0.0
2020-04-20 10:00:00,0.0
2020-04-20 11:00:00,0.0
2020-04-20 12:00:00,1.8066757111111127
2020-04-20 13:00:00,0.0
2020-04-20 14:00:00,0.0
2020-04-20 15:00:00,0.0
2020-04-20 16:00:00,0.0
2020-04-20 17:00:00,0.0
2020-04-20 18:00:00,0.0
2020-04-20 19:00:00,9.087275960291603
2020-04-20 20:00:00,9.77462285549086
2020-04-20 21:00:00,9.13284308166664
2020-04-20 22:00:00,2.138291488888894
2020-04-20 23:00:00,0.0
2020-04-21 00:00:00,0.0
2020-04-21 01:00:00,0.0
2020-04-21 02:00:00,0.0
2020-04-21 03:00:00,0.0
2020-04-21 04:00:00,0.0
2020-04-21 05:00:00,0.0
2020-04-21 06:00:00,0.0
2020-04-21 07:00:00,0.0
2020-04-21 08:00:00,0.0
2020-04-21 09:00:00,0.0
2020-04-21 10:00:00,0.0
2020-04-21 11:00:00,0.0
2020-04-21 12:00:00,0.0
2020-04-21 13:00:00,0.0
2020-04-21 14:00:00,0.0
2020-04-21 15:00:00,0.0
2020-04-21 16:00:00,0.0
2020-04-21 17:00:00,1.2656810166159043
2020-04-21 18:00:00,5.415711762632068
2020-04-21 19:00:00,4.494171288657492
2020-04-21 20:00:00,11.24949461833334
2020-04-21 21:00:00,12.203108555555575
2020-04-21 22:00:00,9.381666411111128
2020-04-21 23:00:00,0.0
2020-04-22 00:00:00,0.0
2020-04-22 01:00:00,0.0
2020-04-22 02:00:00,4.128621301183626
2020-04-22 03:00:00,5.93085240360583
2020-04-22 04:00:00,10.030430308802059
2020-04-22 05:00:00,0.0
2020-04-22 06:00:00,1.8073205169991112e-05
2020-04-22 07:00:00,0.014509169110447556
2020-04-22 08:00:00,0.0
2020-04-22 09:00:00,0.0
2020-04-22 10:00:00,0.0
2020-04-22 11:00:00,0.0
2020-04-22 12:00:00,0.0
2020-04-22 13:00:00,2.6671550999999964
2020-04-22 14:00:00,10.107999689444476
2020-04-22 15:00:00,11.458968452012698
2020-04-22 16:00:00,15.933686690002972
2020-04-22 17:00:00,16.28290136078484
2020-04-22 18:00:00,8.278500797752713
2020-04-22 19:00:00,5.958367274722223
2020-04-22 20:00:00,4.604882713888889
2020-04-22 21:00:00,0.0
2020-04-22 22:00:00,0.0
2020-04-22 23:00:00,0.0
2020-04-23 00:00:00,6.791006769722185
2020-04-23 01:00:00,7.264117834722245
2020-04-23 02:00:00,3.426513762499989
2020-04-23 03:00:00,0.0
2020-04-23 04:00:00,0.0
2020-04-23 05:00:00,15.226321496111133
2020-04-23 06:00:00,10.173290675277778
2020-04-23 07:00:00,6.373631722222203
2020-04-23 08:00:00,0.0
2020-04-23 09:00:00,0.0
2020-04-23 10:00:00,0.0
2020-04-23 11:00:00,0.0
2020-04-23 12:00:00,0.0
2020-04-23 13:00:00,0.0
2020-04-23 14:00:00,0.0
2020-04-23 15:00:00,0.0
2020-04-23 16:00:00,1.3955697105919116
2020-04-23 17:00:00,6.627949081739024
2020-04-23 18:00:00,9.290318814029202
2020-04-23 19:00:00,5.94959609944444
2020-04-23 20:00:00,11.279887088333357
2020-04-23 21:00:00,15.991844912777736
2020-04-23 22:00:00,24.868773355555625
2020-04-23 23:00:00,24.511607847777764
2020-04-24 00:00:00,29.10146819138891
2020-04-24 01:00:00,9.19858759583329
2020-04-24 02:00:00,19.91655729861119
2020-04-24 03:00:00,25.201492681111226
2020-04-24 04:00:00,25.696701857168193
2020-04-24 05:00:00,21.430979133483426
2020-04-24 06:00:00,12.477872094444463
2020-04-24 07:00:00,9.111401236111082
2020-04-24 08:00:00,0.0
2020-04-24 09:00:00,0.0
2020-04-24 10:00:00,0.0
2020-04-24 11:00:00,0.0
2020-04-24 12:00:00,0.0
2020-04-24 13:00:00,0.0
2020-04-24 14:00:00,0.0
2020-04-24 15:00:00,2.2769278138888898
2020-04-24 16:00:00,8.419626501944464
2020-04-24 17:00:00,3.8793139574999986
2020-04-24 18:00:00,0.1937241166666665
2020-04-24 19:00:00,0.7402314934288263
2020-04-24 20:00:00,9.422441359375062
2020-04-24 21:00:00,6.635188600445289
2020-04-24 22:00:00,3.970310867817644
2020-04-24 23:00:00,0.14299158466385165
2020-04-25 00:00:00,0.0
2020-04-25 01:00:00,0.0
2020-04-25 02:00:00,0.0
2020-04-25 03:00:00,0.0
2020-04-25 04:00:00,0.0
2020-04-25 05:00:00,0.0
2020-04-25 06:00:00,4.030884977222226
2020-04-25 07:00:00,10.681643403333346
2020-04-25 08:00:00,3.241735647222223
2020-04-25 09:00:00,0.0
2020-04-25 10:00:00,0.0
2020-04-25 11:00:00,0.0
2020-04-25 12:00:00,0.0
2020-04-25 13:00:00,0.0
2020-04-25 14:00:00,0.0
2020-04-25 15:00:00,0.0
2020-04-25 16:00:00,0.0
2020-04-25 17:00:00,0.0
2020-04-25 18:00:00,0.0
2020-04-25 19:00:00,2.8481014516666683
2020-04-25 20:00:00,7.106990018055548
2020-04-25 21:00:00,2.2976951330555555
2020-04-25 22:00:00,0.9117582927777782
2020-04-25 23:00:00,7.932318719166668
2020-04-26 00:00:00,0.771944213888889
2020-04-26 01:00:00,0.0
2020-04-26 02:00:00,4.460745832222208
2020-04-26 03:00:00,10.678497333333329
2020-04-26 04:00:00,10.74682107499999
2020-04-26 05:00:00,10.103565602777747
2020-04-26 06:00:00,6.898534358333321
2020-04-26 07:00:00,0.0
2020-04-26 08:00:00,0.0
2020-04-26 09:00:00,0.0
2020-04-26 10:00:00,0.0
2020-04-26 11:00:00,0.0
2020-04-26 12:00:00,0.0
2020-04-26 13:00:00,0.0
2020-04-26 14:00:00,0.0
2020-04-26 15:00:00,0.0
2020-04-26 16:00:00,0.0
2020-04-26 17:00:00,8.42567209638887
2020-04-26 18:00:00,11.939499111944437
2020-04-26 19:00:00,18.346347850277798
2020-04-26 20:00:00,18.898414603055578
2020-04-26 21:00:00,23.30352718416666
2020-04-26 22:00:00,22.49873634388881
2020-04-26 23:00:00,13.252876753055537
2020-04-27 00:00:00,2.4642279044444453
2020-04-27 01:00:00,0.5376902722222218
2020-04-27 02:00:00,6.7528708247222164
2020-04-27 03:00:00,10.698670063888873
2020-04-27 04:00:00,14.059796327777772
2020-04-27 05:00:00,16.978658991666652
2020-04-27 06:00:00,17.48637869166665
2020-04-27 07:00:00,8.422089527777763
2020-04-27 08:00:00,2.4315243916666684
2020-04-27 09:00:00,0.0
2020-04-27 10:00:00,0.0
2020-04-27 11:00:00,0.0
2020-04-27 12:00:00,0.0
2020-04-27 13:00:00,1.9487235027777787
2020-04-27 14:00:00,3.852609991666664
2020-04-27 15:00:00,2.259054647222226
2020-04-27 16:00:00,2.95137609210119
2020-04-27 17:00:00,3.3374884327110665
2020-04-27 18:00:00,3.338261965892372
2020-04-27 19:00:00,10.392985368132209
2020-04-27 20:00:00,8.52439218568005
2020-04-27 21:00:00,8.299715569166658
2020-04-27 22:00:00,6.872759623065587
2020-04-27 23:00:00,7.171798929722195
2020-04-28 00:00:00,0.4883374083333333
2020-04-28 01:00:00,4.172680926944444
2020-04-28 02:00:00,10.19135389388888
2020-04-28 03:00:00,10.901454249999984
2020-04-28 04:00:00,3.90751665
2020-04-28 05:00:00,0.0
2020-04-28 06:00:00,1.0517333683333334
2020-04-28 07:00:00,10.59886599999995
2020-04-28 08:00:00,9.56119594444446
2020-04-28 09:00:00,0.0
2020-04-28 10:00:00,0.0
2020-04-28 11:00:00,0.0
2020-04-28 12:00:00,0.0
2020-04-28 13:00:00,0.0
2020-04-28 14:00:00,0.0
2020-04-28 15:00:00,0.0
2020-04-28 16:00:00,2.6035861757351135
2020-04-28 17:00:00,6.565489388504305
2020-04-28 18:00:00,4.02681043567107
2020-04-28 19:00:00,6.643877367778584
2020-04-28 20:00:00,14.073013750555566
2020-04-28 21:00:00,7.494688315417256
2020-04-28 22:00:00,11.745114823858225
2020-04-28 23:00:00,3.1439044011111084
2020-04-29 00:00:00,0.5516431416666667
2020-04-29 01:00:00,10.841514825000072
2020-04-29 02:00:00,10.895802930555655
2020-04-29 03:00:00,4.363664408333349
2020-04-29 04:00:00,0.0
2020-04-29 05:00:00,4.170022138888888
2020-04-29 06:00:00,5.175010783333331
2020-04-29 07:00:00,0.0
2020-04-29 08:00:00,0.0
2020-04-29 09:00:00,0.0
2020-04-29 10:00:00,0.0
2020-04-29 11:00:00,0.0
2020-04-29 12:00:00,0.8607998888888887
2020-04-29 13:00:00,0.0
2020-04-29 14:00:00,3.596148886111113
2020-04-29 15:00:00,3.6258652915663196
2020-04-29 16:00:00,4.049788562058032
2020-04-29 17:00:00,6.399306904425838
2020-04-29 18:00:00,4.30728806206934
2020-04-29 19:00:00,10.523769433668374
2020-04-29 20:00:00,5.142827364917996
2020-04-29 21:00:00,4.523869046795909
2020-04-29 22:00:00,0.2065830952617576
2020-04-29 23:00:00,0.03774715277777778
2020-04-30 00:00:00,0.0
2020-04-30 01:00:00,0.0
2020-04-30 02:00:00,4.686368928888882
2020-04-30 03:00:00,7.216072678333325
2020-04-30 04:00:00,7.158058604999983
2020-04-30 05:00:00,7.182469170555516
2020-04-30 06:00:00,0.6187648847222219
2020-04-30 07:00:00,0.0
2020-04-30 08:00:00,0.0
2020-04-30 09:00:00,0.0
2020-04-30 10:00:00,0.0
2020-04-30 11:00:00,0.0
2020-04-30 12:00:00,0.0
2020-04-30 13:00:00,0.0
2020-04-30 14:00:00,0.0
2020-04-30 15:00:00,0.0
2020-04-30 16:00:00,3.6624627348756422
2020-04-30 17:00:00,8.652030081458394
2020-04-30 18:00:00,5.677888980123184
2020-04-30 19:00:00,0.15149683501682018
2020-04-30 20:00:00,0.7361360894444446
2020-04-30 21:00:00,12.639834930555558
2020-04-30 22:00:00,11.398603367777808
2020-04-30 23:00:00,3.1611531499999956
2020-05-01 00:00:00,0.0
2020-05-01 01:00:00,2.673030659281144
2020-05-01 02:00:00,13.175234200551863
2020-05-01 03:00:00,6.069767957154704
2020-05-01 04:00:00,0.1199595279488433
2020-05-01 05:00:00,5.718252148397679
2020-05-01 06:00:00,0.4028325824464535
2020-05-01 07:00:00,0.0003470055392638178
2020-05-01 08:00:00,0.0
2020-05-01 09:00:00,0.0001084392310198889
2020-05-01 10:00:00,8.675138481591112e-05
2020-05-01 11:00:00,0.00010843923101994666
2020-05-01 12:00:00,9.036602584995555e-05
2020-05-01 13:00:00,0.3232574418377322
2020-05-01 14:00:00,10.033561432115569
2020-05-01 15:00:00,10.630909348888897
2020-05-01 16:00:00,11.245313088888915
2020-05-01 17:00:00,8.89974557833335
2020-05-01 18:00:00,0.0
2020-05-01 19:00:00,2.818664546540503
2020-05-01 20:00:00,6.505059467542329
2020-05-01 21:00:00,4.183275282222207
2020-05-01 22:00:00,13.202058644444428
2020-05-01 23:00:00,2.345592569444448
2020-05-02 00:00:00,5.625224024999997
2020-05-02 01:00:00,10.620666013888886
2020-05-02 02:00:00,4.093525347222218
2020-05-02 03:00:00,6.70791647222221
2020-05-02 04:00:00,10.82482140833336
2020-05-02 05:00:00,4.831112822222216
2020-05-02 06:00:00,0.0
2020-05-02 07:00:00,0.0
2020-05-02 08:00:00,0.0
2020-05-02 09:00:00,0.0
2020-05-02 10:00:00,0.0
2020-05-02 11:00:00,0.0
2020-05-02 12:00:00,0.0
2020-05-02 13:00:00,0.0
2020-05-02 14:00:00,0.0
2020-05-02 15:00:00,0.0
2020-05-02 16:00:00,5.191374191111119
2020-05-02 17:00:00,16.80448280277778
2020-05-02 18:00:00,14.293152386111121
2020-05-02 19:00:00,10.935201319444438
2020-05-02 20:00:00,5.70283360694445
2020-05-02 21:00:00,12.457686532636881
2020-05-02 22:00:00,14.07490828171541
2020-05-02 23:00:00,26.46003746944447
2020-05-03 00:00:00,34.33485127833332
2020-05-03 01:00:00,16.10918018277774
2020-05-03 02:00:00,6.823943175000007
2020-05-03 03:00:00,6.797755688888894
2020-05-03 04:00:00,6.734832291666697
2020-05-03 05:00:00,6.632571175000019
2020-05-03 06:00:00,6.756331352777775
2020-05-03 07:00:00,6.7715526305555525
2020-05-03 08:00:00,4.623884402777767
2020-05-03 09:00:00,0.2384428333333335
2020-05-03 10:00:00,0.25321795277777776
2020-05-03 11:00:00,0.0
2020-05-03 12:00:00,0.23133153055555553
2020-05-03 13:00:00,0.24818131944444433
2020-05-03 14:00:00,0.2384700333333334
2020-05-03 15:00:00,1.624021299864741
2020-05-03 16:00:00,22.050519209805817
2020-05-03 17:00:00,21.68768001944443
2020-05-03 18:00:00,11.519167061111089
2020-05-03 19:00:00,12.970084939444448
2020-05-03 20:00:00,15.016601158333357
2020-05-03 21:00:00,9.775562719444437
2020-05-03 22:00:00,1.928784759999998
2020-05-03 23:00:00,8.401631110555547
2020-05-04 00:00:00,29.82659654388882
2020-05-04 01:00:00,29.80099537222221
2020-05-04 02:00:00,23.63927282861112
2020-05-04 03:00:00,15.892656713055525
2020-05-04 04:00:00,2.842523202777777
2020-05-04 05:00:00,0.0
2020-05-04 06:00:00,0.0
2020-05-04 07:00:00,0.0
2020-05-04 08:00:00,0.0
2020-05-04 09:00:00,0.0
2020-05-04 10:00:00,0.0
2020-05-04 11:00:00,0.8321506805555557
2020-05-04 12:00:00,5.590688524999993
2020-05-04 13:00:00,1.897404166666667
2020-05-04 14:00:00,10.81258270277777
2020-05-04 15:00:00,15.229245311666652
2020-05-04 16:00:00,19.35333118749997
2020-05-04 17:00:00,17.337715361944426
2020-05-04 18:00:00,10.82204090833334
2020-05-04 19:00:00,7.16612987722221
2020-05-04 20:00:00,6.587875358888882
2020-05-04 21:00:00,0.20716244166666664
2020-05-04 22:00:00,0.42198088055555544
2020-05-04 23:00:00,0.0
2020-05-05 00:00:00,0.0
2020-05-05 01:00:00,0.0
2020-05-05 02:00:00,1.2933651444444452
2020-05-05 03:00:00,0.0
2020-05-05 04:00:00,0.0
2020-05-05 05:00:00,0.0
2020-05-05 06:00:00,0.0
2020-05-05 07:00:00,0.0
2020-05-05 08:00:00,0.0
2020-05-05 09:00:00,0.0
2020-05-05 10:00:00,0.0
2020-05-05 11:00:00,0.0
2020-05-05 12:00:00,0.0
2020-05-05 13:00:00,0.0
2020-05-05 14:00:00,2.8477151138888743
2020-05-05 15:00:00,3.4369534861110993
2020-05-05 16:00:00,3.564732534264503
2020-05-05 17:00:00,6.658833826392762
2020-05-05 18:00:00,4.11199678588748
2020-05-05 19:00:00,3.144988955277769
2020-05-05 20:00:00,17.2400711069444
2020-05-05 21:00:00,17.486903983333285
2020-05-05 22:00:00,13.15829754638631
2020-05-05 23:00:00,10.640032133333312
2020-05-06 00:00:00,4.645041597222216
2020-05-06 01:00:00,0.06471531944444445
2020-05-06 02:00:00,6.291635091666671
2020-05-06 03:00:00,6.521163852777748
2020-05-06 04:00:00,10.947647280555586
2020-05-06 05:00:00,11.369989439444446
2020-05-06 06:00:00,15.19101846277778
2020-05-06 07:00:00,3.1310818055555583
2020-05-06 08:00:00,0.0
2020-05-06 09:00:00,0.0
2020-05-06 10:00:00,0.0
2020-05-06 11:00:00,0.0
2020-05-06 12:00:00,0.0
2020-05-06 13:00:00,0.0
2020-05-06 14:00:00,3.3811712916666683
2020-05-06 15:00:00,3.4416649277777642
2020-05-06 16:00:00,3.4583021166666668
2020-05-06 17:00:00,7.635031126111112
2020-05-06 18:00:00,13.053864417499955
2020-05-06 19:00:00,1.163360200000001
2020-05-06 20:00:00,3.811244124999987
2020-05-06 21:00:00,7.921886627028366
2020-05-06 22:00:00,7.018983418901001
2020-05-06 23:00:00,14.721452020833345
2020-05-07 00:00:00,10.880384911111083
2020-05-07 01:00:00,11.307755558333351
2020-05-07 02:00:00,2.0451071805555543
2020-05-07 03:00:00,1.8474812138888903
2020-05-07 04:00:00,0.9449885638888895
2020-05-07 05:00:00,0.0
2020-05-07 06:00:00,0.0
2020-05-07 07:00:00,0.0
2020-05-07 08:00:00,0.0
2020-05-07 09:00:00,0.0
2020-05-07 10:00:00,0.0
2020-05-07 11:00:00,0.0
2020-05-07 12:00:00,0.0
2020-05-07 13:00:00,0.0
2020-05-07 14:00:00,0.0
2020-05-07 15:00:00,0.8181595394805963
2020-05-07 16:00:00,5.639736444009461
2020-05-07 17:00:00,5.688801581405376
2020-05-07 18:00:00,3.904625610948407
2020-05-07 19:00:00,7.46346791979741
2020-05-07 20:00:00,10.770745566666658
2020-05-07 21:00:00,14.636214523611102
2020-05-07 22:00:00,12.79967906861113
2020-05-07 23:00:00,0.0
2020-05-08 00:00:00,1.8548928076464102
2020-05-08 01:00:00,0.0
2020-05-08 02:00:00,0.0
2020-05-08 03:00:00,0.0
2020-05-08 04:00:00,0.0
2020-05-08 05:00:00,0.0
2020-05-08 06:00:00,0.0
2020-05-08 07:00:00,0.0
2020-05-08 08:00:00,0.0
2020-05-08 09:00:00,0.0
2020-05-08 10:00:00,0.0
2020-05-08 11:00:00,0.0
2020-05-08 12:00:00,0.0
2020-05-08 13:00:00,0.0
2020-05-08 14:00:00,2.6004597638888893
2020-05-08 15:00:00,3.086911761111117
2020-05-08 16:00:00,0.0
2020-05-08 17:00:00,0.0
2020-05-08 18:00:00,0.0
2020-05-08 19:00:00,2.2099080777777806
2020-05-08 20:00:00,9.404766334444474
2020-05-08 21:00:00,17.02934294722221
2020-05-08 22:00:00,0.0
2020-05-08 23:00:00,3.3387759038888816
2020-05-09 00:00:00,7.169063612777791
2020-05-09 01:00:00,0.8301913277777778
2020-05-09 02:00:00,0.0
2020-05-09 03:00:00,0.0
2020-05-09 04:00:00,0.0
2020-05-09 05:00:00,0.0
2020-05-09 06:00:00,0.0
2020-05-09 07:00:00,0.0
2020-05-09 08:00:00,0.0
2020-05-09 09:00:00,0.0
2020-05-09 10:00:00,0.0
2020-05-09 11:00:00,0.0
2020-05-09 12:00:00,0.0
2020-05-09 13:00:00,0.0
2020-05-09 14:00:00,0.0
2020-05-09 15:00:00,0.0
2020-05-09 16:00:00,1.4465112361111114
2020-05-09 17:00:00,10.466416367777754
2020-05-09 18:00:00,6.115681691944437
2020-05-09 19:00:00,4.309189213888888
2020-05-09 20:00:00,3.46055475833333
2020-05-09 21:00:00,8.423491145555563
2020-05-09 22:00:00,16.486221963888916
2020-05-09 23:00:00,10.593650938888915
2020-05-10 00:00:00,23.06484684444449
2020-05-10 01:00:00,21.473325528055557
2020-05-10 02:00:00,35.655277616666766
2020-05-10 03:00:00,32.006289696666684
2020-05-10 04:00:00,16.51563163333331
2020-05-10 05:00:00,10.851028338888867
2020-05-10 06:00:00,8.773420147222211
2020-05-10 07:00:00,0.0
2020-05-10 08:00:00,0.0
2020-05-10 09:00:00,0.0
2020-05-10 10:00:00,0.0
2020-05-10 11:00:00,0.0
2020-05-10 12:00:00,0.0
2020-05-10 13:00:00,0.0
2020-05-10 14:00:00,0.0
2020-05-10 15:00:00,8.099169652777755
2020-05-10 16:00:00,14.01253604666666
2020-05-10 17:00:00,9.99634139166668
2020-05-10 18:00:00,17.06023461888892
2020-05-10 19:00:00,19.303403777499998
2020-05-10 20:00:00,0.5153662983333335
2020-05-10 21:00:00,0.0
2020-05-10 22:00:00,0.0
2020-05-10 23:00:00,0.0
2020-05-11 00:00:00,0.2652842638888889
2020-05-11 01:00:00,2.6597623055555557
2020-05-11 02:00:00,6.356201155555551
2020-05-11 03:00:00,6.637021688888892
2020-05-11 04:00:00,6.650793358333334
2020-05-11 05:00:00,6.782433424999914
2020-05-11 06:00:00,6.078598444444443
2020-05-11 07:00:00,0.2342466305555557
2020-05-11 08:00:00,0.0
2020-05-11 09:00:00,0.0
2020-05-11 10:00:00,0.0
2020-05-11 11:00:00,0.0
2020-05-11 12:00:00,0.0
2020-05-11 13:00:00,0.0
2020-05-11 14:00:00,0.0
2020-05-11 15:00:00,0.0
2020-05-11 16:00:00,0.0
2020-05-11 17:00:00,2.3256689686111143
2020-05-11 18:00:00,4.7212452719444595
2020-05-11 19:00:00,7.31070111777782
2020-05-11 20:00:00,5.074105304166677
2020-05-11 21:00:00,0.8681285388888891
2020-05-11 22:00:00,10.837513647777781
2020-05-11 23:00:00,17.403803144444456
2020-05-12 00:00:00,10.82663917222221
2020-05-12 01:00:00,7.797683783333318
2020-05-12 02:00:00,6.448371794444446
2020-05-12 03:00:00,0.6515269138888885
2020-05-12 04:00:00,0.0
2020-05-12 05:00:00,0.0
2020-05-12 06:00:00,0.0
2020-05-12 07:00:00,0.0
2020-05-12 08:00:00,0.0
2020-05-12 09:00:00,0.0
2020-05-12 10:00:00,0.0
2020-05-12 11:00:00,8.202059422222213
2020-05-12 12:00:00,0.0
2020-05-12 13:00:00,1.2887063805555563
2020-05-12 14:00:00,3.3649340611110925
2020-05-12 15:00:00,3.3864558250000014
2020-05-12 16:00:00,0.4793163249999998
2020-05-12 17:00:00,1.4693504888888895
2020-05-12 18:00:00,6.065846206111109
2020-05-12 19:00:00,11.954996429722305
2020-05-12 20:00:00,13.230285906388886
2020-05-12 21:00:00,7.311203976111123
2020-05-12 22:00:00,2.743520219722222
2020-05-12 23:00:00,0.16090385555555556
2020-05-13 00:00:00,10.907719841666719
2020-05-13 01:00:00,8.988747327777775
2020-05-13 02:00:00,6.292837208333351
2020-05-13 03:00:00,12.179140615555522
2020-05-13 04:00:00,15.794296461111134
2020-05-13 05:00:00,18.100233105555585
2020-05-13 06:00:00,7.719218595555556
2020-05-13 07:00:00,5.334174497222213
2020-05-13 08:00:00,0.0
2020-05-13 09:00:00,0.0
2020-05-13 10:00:00,0.0
2020-05-13 11:00:00,0.0
2020-05-13 12:00:00,0.03019315
2020-05-13 13:00:00,1.0829387027777775
2020-05-13 14:00:00,3.3610289722222197
2020-05-13 15:00:00,3.3661157388888885
2020-05-13 16:00:00,3.2683303131399835
2020-05-13 17:00:00,13.647425489434646
2020-05-13 18:00:00,14.99832826459518
2020-05-13 19:00:00,4.615018662623726
2020-05-13 20:00:00,0.00760520473552239
2020-05-13 21:00:00,4.987664155555563
2020-05-13 22:00:00,3.6006510388888824
2020-05-13 23:00:00,0.26954037305555556
2020-05-14 00:00:00,10.916612908333367
2020-05-14 01:00:00,10.997814488888894
2020-05-14 02:00:00,9.009648876111083
2020-05-14 03:00:00,7.404715716111105
2020-05-14 04:00:00,7.2961557069444325
2020-05-14 05:00:00,2.375408553888888
2020-05-14 06:00:00,0.6600768555555571
2020-05-14 07:00:00,0.0
2020-05-14 08:00:00,0.0
2020-05-14 09:00:00,0.0
2020-05-14 10:00:00,0.0
2020-05-14 11:00:00,0.0
2020-05-14 12:00:00,0.0
2020-05-14 13:00:00,3.964301426666668
2020-05-14 14:00:00,6.160159869444443
2020-05-14 15:00:00,3.3936301083333285
2020-05-14 16:00:00,0.7685639333333337
2020-05-14 17:00:00,1.037804725
2020-05-14 18:00:00,4.346108150000015
2020-05-14 19:00:00,0.0
2020-05-14 20:00:00,3.181566348333328
2020-05-14 21:00:00,8.386221308611105
2020-05-14 22:00:00,0.22816474444444457
2020-05-14 23:00:00,1.1868493103058109
2020-05-15 00:00:00,3.2310950885178005
2020-05-15 01:00:00,1.1523078005857446
2020-05-15 02:00:00,0.0
2020-05-15 03:00:00,5.768191844444458
2020-05-15 04:00:00,10.867931091666657
2020-05-15 05:00:00,11.015405780555545
2020-05-15 06:00:00,14.125626271111091
2020-05-15 07:00:00,9.20075057499999
2020-05-15 08:00:00,0.0020064
2020-05-15 09:00:00,0.0
2020-05-15 10:00:00,12.445766255555563
2020-05-15 11:00:00,0.0
2020-05-15 12:00:00,0.0
2020-05-15 13:00:00,1.3659880944444447
2020-05-15 14:00:00,3.449170436111114
2020-05-15 15:00:00,3.466771508333334
2020-05-15 16:00:00,4.450789013825728
2020-05-15 17:00:00,4.282070042358528
2020-05-15 18:00:00,5.022037666991623
2020-05-15 19:00:00,10.025101306846949
2020-05-15 20:00:00,11.37483856194207
2020-05-15 21:00:00,14.054358692222207
2020-05-15 22:00:00,3.3106183611111124
2020-05-15 23:00:00,8.525133277777792
2020-05-16 00:00:00,0.0
2020-05-16 01:00:00,0.0
2020-05-16 02:00:00,0.0
2020-05-16 03:00:00,0.0
2020-05-16 04:00:00,0.0
2020-05-16 05:00:00,0.0
2020-05-16 06:00:00,0.0
2020-05-16 07:00:00,0.0
2020-05-16 08:00:00,0.0
2020-05-16 09:00:00,0.0
2020-05-16 10:00:00,0.0
2020-05-16 11:00:00,0.0
2020-05-16 12:00:00,0.0
2020-05-16 13:00:00,0.0
2020-05-16 14:00:00,0.0
2020-05-16 15:00:00,0.0
2020-05-16 16:00:00,0.0
2020-05-16 17:00:00,5.819896783333341
2020-05-16 18:00:00,6.292041316666664
2020-05-16 19:00:00,6.653745649999984
2020-05-16 20:00:00,10.167691002777753
2020-05-16 21:00:00,6.92877284444444
2020-05-16 22:00:00,6.682172177777764
2020-05-16 23:00:00,6.744799538888886
2020-05-17 00:00:00,4.599726674999997
2020-05-17 01:00:00,10.647559050000043
2020-05-17 02:00:00,10.70477831944448
2020-05-17 03:00:00,7.81428564166665
2020-05-17 04:00:00,1.975629666666668
2020-05-17 05:00:00,3.6815801138888884
2020-05-17 06:00:00,0.23559548055555565
2020-05-17 07:00:00,0.24410849444444452
2020-05-17 08:00:00,0.24250046388888888
2020-05-17 09:00:00,0.23584704444444438
2020-05-17 10:00:00,0.24580721388888885
2020-05-17 11:00:00,0.14485093888888884
2020-05-17 12:00:00,0.09515240833333335
2020-05-17 13:00:00,0.2426077194444444
2020-05-17 14:00:00,0.23336859722222228
2020-05-17 15:00:00,0.23920523888888892
2020-05-17 16:00:00,0.2440562777777778
2020-05-17 17:00:00,0.2383175611111111
2020-05-17 18:00:00,0.23630959722222225
2020-05-17 19:00:00,0.2435370944444445
2020-05-17 20:00:00,0.2366965722222222
2020-05-17 21:00:00,0.23303159444444446
2020-05-17 22:00:00,0.2398253805555556
2020-05-17 23:00:00,0.2391379944444444
2020-05-18 00:00:00,0.2467736694444444
2020-05-18 01:00:00,0.2384806777777777
2020-05-18 02:00:00,0.17205619166666666
2020-05-18 03:00:00,0.05707760833333333
2020-05-18 04:00:00,0.24086376944444443
2020-05-18 05:00:00,0.23603678333333333
2020-05-18 06:00:00,0.24110038888888885
2020-05-18 07:00:00,0.24134638888888887
2020-05-18 08:00:00,0.15501371666666666
2020-05-18 09:00:00,0.07959397777777778
2020-05-18 10:00:00,0.24445877500000013
2020-05-18 11:00:00,0.2333336888888888
2020-05-18 12:00:00,0.2421730305555556
2020-05-18 13:00:00,0.23834346666666664
2020-05-18 14:00:00,0.2389809972222222
2020-05-18 15:00:00,0.01743202222222222
2020-05-18 16:00:00,0.2227190138888888
2020-05-18 17:00:00,0.23259657777777784
2020-05-18 18:00:00,0.2503987555555555
2020-05-18 19:00:00,1.449837325000001
2020-05-18 20:00:00,4.086912738888882
2020-05-18 21:00:00,1.7900220527777797
2020-05-18 22:00:00,0.0
2020-05-18 23:00:00,0.0
2020-05-19 00:00:00,0.0
2020-05-19 01:00:00,0.0
2020-05-19 02:00:00,0.0
2020-05-19 03:00:00,0.0
2020-05-19 04:00:00,0.0
2020-05-19 05:00:00,0.0
2020-05-19 06:00:00,0.0
2020-05-19 07:00:00,0.0
2020-05-19 08:00:00,0.0
2020-05-19 09:00:00,0.0
2020-05-19 10:00:00,0.0
2020-05-19 11:00:00,0.0
2020-05-19 12:00:00,0.0
2020-05-19 13:00:00,0.0
2020-05-19 14:00:00,0.0
2020-05-19 15:00:00,0.0
2020-05-19 16:00:00,3.26554894166667
2020-05-19 17:00:00,3.498743755555557
2020-05-19 18:00:00,0.10904688611111114
2020-05-19 19:00:00,0.0
2020-05-19 20:00:00,0.0
2020-05-19 21:00:00,0.0
2020-05-19 22:00:00,0.0
2020-05-19 23:00:00,0.0
2020-05-20 00:00:00,0.0
2020-05-20 01:00:00,3.9462844888888897
2020-05-20 02:00:00,6.180032202777784
2020-05-20 03:00:00,0.43482488055555574
2020-05-20 04:00:00,0.0
2020-05-20 05:00:00,0.0
2020-05-20 06:00:00,0.0
2020-05-20 07:00:00,0.0
2020-05-20 08:00:00,0.0
2020-05-20 09:00:00,0.0
2020-05-20 10:00:00,0.0
2020-05-20 11:00:00,0.0
2020-05-20 12:00:00,0.0
2020-05-20 13:00:00,0.0
2020-05-20 14:00:00,0.0
2020-05-20 15:00:00,0.0
2020-05-20 16:00:00,0.0
2020-05-20 17:00:00,0.0
2020-05-20 18:00:00,0.0
2020-05-20 19:00:00,0.0
2020-05-20 20:00:00,0.0
2020-05-20 21:00:00,0.0
2020-05-20 22:00:00,0.36107115833333325
2020-05-20 23:00:00,2.2412966777777825
2020-05-21 00:00:00,0.16115231388888934
2020-05-21 01:00:00,0.0
2020-05-21 02:00:00,0.0
2020-05-21 03:00:00,0.0
2020-05-21 04:00:00,0.0
2020-05-21 05:00:00,0.0
2020-05-21 06:00:00,0.0
2020-05-21 07:00:00,0.0
2020-05-21 08:00:00,0.0
2020-05-21 09:00:00,0.0
2020-05-21 10:00:00,0.0
2020-05-21 11:00:00,0.0
2020-05-21 12:00:00,0.0
2020-05-21 13:00:00,0.0
2020-05-21 14:00:00,0.0
2020-05-21 15:00:00,0.0
2020-05-21 16:00:00,0.0
2020-05-21 17:00:00,0.0
2020-05-21 18:00:00,0.0
2020-05-21 19:00:00,0.0006534
2020-05-21 20:00:00,3.8776949388888755
2020-05-21 21:00:00,2.9357750944444474
2020-05-21 22:00:00,0.0
2020-05-21 23:00:00,0.0
2020-05-22 00:00:00,0.0
2020-05-22 01:00:00,0.0
2020-05-22 02:00:00,0.0
2020-05-22 03:00:00,0.0
2020-05-22 04:00:00,0.0
2020-05-22 05:00:00,0.0
2020-05-22 06:00:00,0.0
2020-05-22 07:00:00,0.0
2020-05-22 08:00:00,0.0
2020-05-22 09:00:00,0.0
2020-05-22 10:00:00,0.0
2020-05-22 11:00:00,0.0
2020-05-22 12:00:00,0.0
2020-05-22 13:00:00,0.0
2020-05-22 14:00:00,0.0
2020-05-22 15:00:00,0.0
2020-05-22 16:00:00,0.0
2020-05-22 17:00:00,0.0
2020-05-22 18:00:00,0.0
2020-05-22 19:00:00,1.830211630555556
2020-05-22 20:00:00,3.8947057750000162
2020-05-22 21:00:00,1.128660972222222
2020-05-22 22:00:00,0.0
2020-05-22 23:00:00,0.0
2020-05-23 00:00:00,0.0
2020-05-23 01:00:00,0.0
2020-05-23 02:00:00,0.0
2020-05-23 03:00:00,0.0
2020-05-23 04:00:00,0.0
2020-05-23 05:00:00,0.0
2020-05-23 06:00:00,0.0
2020-05-23 07:00:00,0.0
2020-05-23 08:00:00,0.0
2020-05-23 09:00:00,0.0
2020-05-23 10:00:00,0.0
2020-05-23 11:00:00,0.0
2020-05-23 12:00:00,0.0
2020-05-23 13:00:00,0.0
2020-05-23 14:00:00,0.0
2020-05-23 15:00:00,0.0
2020-05-23 16:00:00,2.7980296083333336
2020-05-23 17:00:00,13.363693174999984
2020-05-23 18:00:00,9.95782273333333
2020-05-23 19:00:00,11.330860584722227
2020-05-23 20:00:00,13.955399471111118
2020-05-23 21:00:00,14.031290199999965
2020-05-23 22:00:00,18.688713534722226
2020-05-23 23:00:00,16.27268452555554
2020-05-24 00:00:00,6.602946215833326
2020-05-24 01:00:00,1.0424678555555564
2020-05-24 02:00:00,10.513515984444453
2020-05-24 03:00:00,0.14912762777777772
2020-05-24 04:00:00,2.3474394611111107
2020-05-24 05:00:00,6.980532361111109
2020-05-24 06:00:00,10.6581096472222
2020-05-24 07:00:00,4.8148732333333335
2020-05-24 08:00:00,0.0
2020-05-24 09:00:00,0.09529210555555555
2020-05-24 10:00:00,0.18495689166666662
2020-05-24 11:00:00,0.24071560000000006
2020-05-24 12:00:00,0.24370404722222244
2020-05-24 13:00:00,6.1057826977778
2020-05-24 14:00:00,10.737165058333305
2020-05-24 15:00:00,10.828990883333335
2020-05-24 16:00:00,10.762584675000003
2020-05-24 17:00:00,10.46515210388889
2020-05-24 18:00:00,6.296177902777794
2020-05-24 19:00:00,8.751198892777774
2020-05-24 20:00:00,21.58597761833333
2020-05-24 21:00:00,46.808861972222296
2020-05-24 22:00:00,32.922948826111146
2020-05-24 23:00:00,12.301357527222226
2020-05-25 00:00:00,6.997002783333374
2020-05-25 01:00:00,7.715328694444501
2020-05-25 02:00:00,16.71540693611115
2020-05-25 03:00:00,29.374803455555504
2020-05-25 04:00:00,10.899826455555539
2020-05-25 05:00:00,9.240679100000005
2020-05-25 06:00:00,14.653200347222292
2020-05-25 07:00:00,6.803525980555552
2020-05-25 08:00:00,6.844281791666678
2020-05-25 09:00:00,0.7695051194444443
2020-05-25 10:00:00,0.0
2020-05-25 11:00:00,0.0
2020-05-25 12:00:00,0.0
2020-05-25 13:00:00,0.5205756258333332
2020-05-25 14:00:00,7.153681651111106
2020-05-25 15:00:00,10.540340333888901
2020-05-25 16:00:00,7.421359618888855
2020-05-25 17:00:00,12.440851265277765
2020-05-25 18:00:00,8.798450650555562
2020-05-25 19:00:00,8.461468773055591
2020-05-25 20:00:00,7.383865389166689
2020-05-25 21:00:00,11.664026829722207
2020-05-25 22:00:00,8.39880752666664
2020-05-25 23:00:00,4.4565095547222215
2020-05-26 00:00:00,8.817840198333334
2020-05-26 01:00:00,2.025676263888892
2020-05-26 02:00:00,0.0
2020-05-26 03:00:00,0.0
2020-05-26 04:00:00,0.0
2020-05-26 05:00:00,0.0
2020-05-26 06:00:00,0.0
2020-05-26 07:00:00,0.0
2020-05-26 08:00:00,0.0
2020-05-26 09:00:00,0.0
2020-05-26 10:00:00,0.0
2020-05-26 11:00:00,0.0
2020-05-26 12:00:00,0.0
2020-05-26 13:00:00,0.0
2020-05-26 14:00:00,0.0
2020-05-26 15:00:00,3.9791049073986824
2020-05-26 16:00:00,12.012919970614764
2020-05-26 17:00:00,11.685462272671957
2020-05-26 18:00:00,8.086588629078653
2020-05-26 19:00:00,4.160056150749395
2020-05-26 20:00:00,12.32156804638889
2020-05-26 21:00:00,28.0079311827778
2020-05-26 22:00:00,5.696159883333322
2020-05-26 23:00:00,0.4881659944444442
2020-05-27 00:00:00,0.0
2020-05-27 01:00:00,0.0019964694444444446
2020-05-27 02:00:00,0.0
2020-05-27 03:00:00,0.0
2020-05-27 04:00:00,4.649687112222221
2020-05-27 05:00:00,0.0
2020-05-27 06:00:00,0.0
2020-05-27 07:00:00,0.0
2020-05-27 08:00:00,0.0
2020-05-27 09:00:00,0.0
2020-05-27 10:00:00,0.0
2020-05-27 11:00:00,0.0
2020-05-27 12:00:00,0.0
2020-05-27 13:00:00,0.0
2020-05-27 14:00:00,0.0
2020-05-27 15:00:00,0.0
2020-05-27 16:00:00,0.0
2020-05-27 17:00:00,5.799222730555559
2020-05-27 18:00:00,6.891936622222214
2020-05-27 19:00:00,6.849421222222237
2020-05-27 20:00:00,16.299860425
2020-05-27 21:00:00,18.93594619500001
2020-05-27 22:00:00,10.975165033611109
2020-05-27 23:00:00,10.6316606944444
2020-05-28 00:00:00,2.85433184277778
2020-05-28 01:00:00,0.0
2020-05-28 02:00:00,0.19216874999999997
2020-05-28 03:00:00,0.02498787222222222
2020-05-28 04:00:00,0.0
2020-05-28 05:00:00,0.0
2020-05-28 06:00:00,0.0
2020-05-28 07:00:00,0.0
2020-05-28 08:00:00,0.0
2020-05-28 09:00:00,0.0
2020-05-28 10:00:00,0.0
2020-05-28 11:00:00,0.0
2020-05-28 12:00:00,0.0
2020-05-28 13:00:00,0.0
2020-05-28 14:00:00,0.0
2020-05-28 15:00:00,0.0
2020-05-28 16:00:00,0.0
2020-05-28 17:00:00,1.6821169611111109
2020-05-28 18:00:00,3.446393424999987
2020-05-28 19:00:00,3.770303324999997
2020-05-28 20:00:00,8.255586065555528
2020-05-28 21:00:00,13.979243459444458
2020-05-28 22:00:00,5.625552300000015
2020-05-28 23:00:00,0.1308881527777778
2020-05-29 00:00:00,0.13250591944444443
2020-05-29 01:00:00,0.23471374055555555
2020-05-29 02:00:00,0.22959823944444438
2020-05-29 03:00:00,0.24254336361111112
2020-05-29 04:00:00,0.19023941166666677
2020-05-29 05:00:00,0.042336433333333326
2020-05-29 06:00:00,0.23551968305555554
2020-05-29 07:00:00,0.19746818000000013
2020-05-29 08:00:00,0.2512381255555557
2020-05-29 09:00:00,0.0
2020-05-29 10:00:00,0.24495264305555559
2020-05-29 11:00:00,0.23428349972222232
2020-05-29 12:00:00,0.22532896499999996
2020-05-29 13:00:00,0.0
2020-05-29 14:00:00,0.0
2020-05-29 15:00:00,0.9003435611111111
2020-05-29 16:00:00,6.860931016666665
2020-05-29 17:00:00,6.829357611111118
2020-05-29 18:00:00,11.073220069444432
2020-05-29 19:00:00,13.533891333333301
2020-05-29 20:00:00,13.597007324999995
2020-05-29 21:00:00,8.524870063888882
2020-05-29 22:00:00,11.756004055555545
2020-05-29 23:00:00,8.557838169444455
2020-05-30 00:00:00,6.131810361111111
2020-05-30 01:00:00,2.92058213333333
2020-05-30 02:00:00,0.3987680694444444
2020-05-30 03:00:00,0.0
2020-05-30 04:00:00,0.0
2020-05-30 05:00:00,0.0
2020-05-30 06:00:00,0.0
2020-05-30 07:00:00,0.0
2020-05-30 08:00:00,0.0
2020-05-30 09:00:00,0.0
2020-05-30 10:00:00,0.0
2020-05-30 11:00:00,0.0
2020-05-30 12:00:00,0.0
2020-05-30 13:00:00,0.0
2020-05-30 14:00:00,0.0
2020-05-30 15:00:00,0.0
2020-05-30 16:00:00,0.0
2020-05-30 17:00:00,2.407324023888888
2020-05-30 18:00:00,0.0
2020-05-30 19:00:00,0.0
2020-05-30 20:00:00,0.0
2020-05-30 21:00:00,0.0
2020-05-30 22:00:00,1.0163178583333325
2020-05-30 23:00:00,1.1201405388888908
2020-05-31 00:00:00,0.44131422500000056
2020-05-31 01:00:00,5.136318158333329
2020-05-31 02:00:00,1.8871637361111098
2020-05-31 03:00:00,0.0
2020-05-31 04:00:00,0.0
2020-05-31 05:00:00,0.0
2020-05-31 06:00:00,0.0
2020-05-31 07:00:00,0.0
2020-05-31 08:00:00,0.0
2020-05-31 09:00:00,0.0
2020-05-31 10:00:00,0.0
2020-05-31 11:00:00,0.0
2020-05-31 12:00:00,0.0
2020-05-31 13:00:00,0.0
2020-05-31 14:00:00,0.0
2020-05-31 15:00:00,0.0
2020-05-31 16:00:00,5.330034947222234
2020-05-31 17:00:00,7.680899708333316
2020-05-31 18:00:00,6.711809613888884
2020-05-31 19:00:00,7.226186641666676
2020-05-31 20:00:00,7.946228463888859
2020-05-31 21:00:00,3.3949861972222166
2020-05-31 22:00:00,0.07378199999999996
2020-05-31 23:00:00,6.691538902777763
2020-06-01 00:00:00,11.010505780555555
2020-06-01 01:00:00,17.469324338888917
2020-06-01 02:00:00,23.64349295833331
2020-06-01 03:00:00,13.492543455555637
2020-06-01 04:00:00,13.322331600000012
2020-06-01 05:00:00,9.27758587222225
2020-06-01 06:00:00,6.879397708333317
2020-06-01 07:00:00,4.757629130555562
2020-06-01 08:00:00,0.0
2020-06-01 09:00:00,0.0
2020-06-01 10:00:00,0.0
2020-06-01 11:00:00,0.0
2020-06-01 12:00:00,0.0
2020-06-01 13:00:00,0.0
2020-06-01 14:00:00,0.2950813444444445
2020-06-01 15:00:00,1.5122535222222233
2020-06-01 16:00:00,0.0
2020-06-01 17:00:00,0.0
2020-06-01 18:00:00,0.0
2020-06-01 19:00:00,0.0
2020-06-01 20:00:00,0.0
2020-06-01 21:00:00,0.0
2020-06-01 22:00:00,0.0
2020-06-01 23:00:00,0.0
2020-06-02 00:00:00,0.0
2020-06-02 01:00:00,0.0
2020-06-02 02:00:00,0.0
2020-06-02 03:00:00,0.0
2020-06-02 04:00:00,0.0
2020-06-02 05:00:00,0.0
2020-06-02 06:00:00,0.0
2020-06-02 07:00:00,0.0
2020-06-02 08:00:00,0.0
2020-06-02 09:00:00,0.0
2020-06-02 10:00:00,0.0
2020-06-02 11:00:00,0.0
2020-06-02 12:00:00,0.0
2020-06-02 13:00:00,0.0
2020-06-02 14:00:00,0.0
2020-06-02 15:00:00,0.0
2020-06-02 16:00:00,0.0
2020-06-02 17:00:00,4.250296583333326
2020-06-02 18:00:00,3.6031885833333286
2020-06-02 19:00:00,0.0
2020-06-02 20:00:00,0.0
2020-06-02 21:00:00,0.0
2020-06-02 22:00:00,0.0
2020-06-02 23:00:00,0.0
2020-06-03 00:00:00,0.0
2020-06-03 01:00:00,0.0
2020-06-03 02:00:00,0.0
2020-06-03 03:00:00,0.0
2020-06-03 04:00:00,0.0
2020-06-03 05:00:00,0.0
2020-06-03 06:00:00,0.0
2020-06-03 07:00:00,0.0
2020-06-03 08:00:00,0.0
2020-06-03 09:00:00,0.0
2020-06-03 10:00:00,0.0
2020-06-03 11:00:00,0.0
2020-06-03 12:00:00,0.0
2020-06-03 13:00:00,0.0
2020-06-03 14:00:00,0.0
2020-06-03 15:00:00,0.0
2020-06-03 16:00:00,0.0
2020-06-03 17:00:00,0.0
2020-06-03 18:00:00,0.0
2020-06-03 19:00:00,0.0
2020-06-03 20:00:00,0.0
2020-06-03 21:00:00,0.0
2020-06-03 22:00:00,0.0
2020-06-03 23:00:00,0.0
2020-06-04 00:00:00,0.0
2020-06-04 01:00:00,0.0
2020-06-04 02:00:00,0.0
2020-06-04 03:00:00,0.0
2020-06-04 04:00:00,0.0
2020-06-04 05:00:00,0.0
2020-06-04 06:00:00,0.0
2020-06-04 07:00:00,0.0
2020-06-04 08:00:00,0.0
2020-06-04 09:00:00,0.0
2020-06-04 10:00:00,0.0
2020-06-04 11:00:00,0.0
2020-06-04 12:00:00,0.0
2020-06-04 13:00:00,0.0
2020-06-04 14:00:00,0.0
2020-06-04 15:00:00,5.039542894444441
2020-06-04 16:00:00,1.8771582027777787
2020-06-04 17:00:00,0.6399332333333334
2020-06-04 18:00:00,2.7948245750000056
2020-06-04 19:00:00,2.4667063222222203
2020-06-04 20:00:00,3.4101357277777744
2020-06-04 21:00:00,3.5171600611111096
2020-06-04 22:00:00,6.533403855555565
2020-06-04 23:00:00,10.030869058333344
2020-06-05 00:00:00,10.221669016666677
2020-06-05 01:00:00,10.24114177222225
2020-06-05 02:00:00,6.178926438888898
2020-06-05 03:00:00,5.948981638888892
2020-06-05 04:00:00,4.448984691944456
2020-06-05 05:00:00,0.0
2020-06-05 06:00:00,0.0
2020-06-05 07:00:00,0.0
2020-06-05 08:00:00,0.0
2020-06-05 09:00:00,0.0
2020-06-05 10:00:00,0.0
2020-06-05 11:00:00,0.0
2020-06-05 12:00:00,0.8732686527777771
2020-06-05 13:00:00,3.4262715166666706
2020-06-05 14:00:00,1.5646954388888883
2020-06-05 15:00:00,0.0
2020-06-05 16:00:00,0.0
2020-06-05 17:00:00,3.7327711249999886
2020-06-05 18:00:00,10.268114361111106
2020-06-05 19:00:00,10.646795143333328
2020-06-05 20:00:00,21.958973094399873
2020-06-05 21:00:00,24.656557733229317
2020-06-05 22:00:00,19.923452577548215
2020-06-05 23:00:00,19.540988336645416
2020-06-06 00:00:00,11.568508050478716
2020-06-06 01:00:00,6.726976716666681
2020-06-06 02:00:00,13.746387372222246
2020-06-06 03:00:00,9.816587466666713
2020-06-06 04:00:00,0.0
2020-06-06 05:00:00,0.0
2020-06-06 06:00:00,0.0
2020-06-06 07:00:00,2.333501499999999
2020-06-06 08:00:00,4.819676541666661
2020-06-06 09:00:00,10.187215644444425
2020-06-06 10:00:00,10.10470147222224
2020-06-06 11:00:00,10.150582780555549
2020-06-06 12:00:00,10.202021725000002
2020-06-06 13:00:00,4.782883347222221
2020-06-06 14:00:00,0.0
2020-06-06 15:00:00,0.0
2020-06-06 16:00:00,0.0
2020-06-06 17:00:00,6.115070930555553
2020-06-06 18:00:00,14.118307644444464
2020-06-06 19:00:00,35.129709143133226
2020-06-06 20:00:00,20.47085035499365
2020-06-06 21:00:00,23.51203895899051
2020-06-06 22:00:00,41.913142066439214
2020-06-06 23:00:00,31.129388883617363
2020-06-07 00:00:00,17.612389158611137
2020-06-07 01:00:00,16.23751668666664
2020-06-07 02:00:00,12.180793049444441
2020-06-07 03:00:00,18.338166261944423
2020-06-07 04:00:00,14.545722737500014
2020-06-07 05:00:00,10.134508683333348
2020-06-07 06:00:00,6.934800890555572
2020-06-07 07:00:00,9.886650908055545
2020-06-07 08:00:00,21.399709632777753
2020-06-07 09:00:00,10.057813990833353
2020-06-07 10:00:00,10.200929060277769
2020-06-07 11:00:00,10.079701480000006
2020-06-07 12:00:00,10.121972036388886
2020-06-07 13:00:00,8.488092458333321
2020-06-07 14:00:00,0.0
2020-06-07 15:00:00,3.4910384522222184
2020-06-07 16:00:00,6.9361827063888875
2020-06-07 17:00:00,19.23925368055553
2020-06-07 18:00:00,10.910322607222227
2020-06-07 19:00:00,0.09104718888888888
2020-06-07 20:00:00,18.578817499999992
2020-06-07 21:00:00,26.27840061499999
2020-06-07 22:00:00,21.5380694216666
2020-06-07 23:00:00,47.227538052777774
2020-06-08 00:00:00,52.12166270611111
2020-06-08 01:00:00,42.572667518611084
2020-06-08 02:00:00,15.099226655277793
2020-06-08 03:00:00,14.017177122222272
2020-06-08 04:00:00,12.114765551388889
2020-06-08 05:00:00,0.8065737244444446
2020-06-08 06:00:00,0.0
2020-06-08 07:00:00,5.250434201111098
2020-06-08 08:00:00,7.29744084916667
2020-06-08 09:00:00,6.537131333333342
2020-06-08 10:00:00,0.0
2020-06-08 11:00:00,0.0
2020-06-08 12:00:00,0.0
2020-06-08 13:00:00,0.0
2020-06-08 14:00:00,0.0
2020-06-08 15:00:00,0.0
2020-06-08 16:00:00,6.320191855555564
2020-06-08 17:00:00,12.271457496944468
2020-06-08 18:00:00,10.265190055555578
2020-06-08 19:00:00,10.268961183333357
2020-06-08 20:00:00,7.696200663888881
2020-06-08 21:00:00,4.694636352777768
2020-06-08 22:00:00,7.516993917777789
2020-06-08 23:00:00,31.69666884277767
2020-06-09 00:00:00,18.664082758333294
2020-06-09 01:00:00,8.29724377499998
2020-06-09 02:00:00,2.7093734555555673
2020-06-09 03:00:00,0.0
2020-06-09 04:00:00,2.1115959722222195
2020-06-09 05:00:00,0.7180442222222223
2020-06-09 06:00:00,0.0
2020-06-09 07:00:00,0.0
2020-06-09 08:00:00,0.0
2020-06-09 09:00:00,0.0
2020-06-09 10:00:00,0.0
2020-06-09 11:00:00,0.0
2020-06-09 12:00:00,0.0
2020-06-09 13:00:00,3.339271891666667
2020-06-09 14:00:00,9.327010916666666
2020-06-09 15:00:00,6.704831322222231
2020-06-09 16:00:00,8.736204219444458
2020-06-09 17:00:00,15.57714041916666
2020-06-09 18:00:00,11.369272437499998
2020-06-09 19:00:00,9.657101872777794
2020-06-09 20:00:00,16.345289354722283
2020-06-09 21:00:00,14.133602940555575
2020-06-09 22:00:00,13.768597454575152
2020-06-09 23:00:00,17.621645724777295
2020-06-10 00:00:00,9.250936956967019
2020-06-10 01:00:00,0.0
2020-06-10 02:00:00,4.698151511111106
2020-06-10 03:00:00,9.220906563888882
2020-06-10 04:00:00,2.796833394444439
2020-06-10 05:00:00,0.0
2020-06-10 06:00:00,0.0
2020-06-10 07:00:00,0.0
2020-06-10 08:00:00,0.0
2020-06-10 09:00:00,0.0
2020-06-10 10:00:00,0.0
2020-06-10 11:00:00,0.0
2020-06-10 12:00:00,0.0
2020-06-10 13:00:00,1.7978920166666654
2020-06-10 14:00:00,3.0438761083333525
2020-06-10 15:00:00,0.07465636666666665
2020-06-10 16:00:00,2.3784663321380015
2020-06-10 17:00:00,12.447956812556026
2020-06-10 18:00:00,14.304714342043734
2020-06-10 19:00:00,11.792450739907007
2020-06-10 20:00:00,3.279243310434499
2020-06-10 21:00:00,0.44404009790919197
2020-06-10 22:00:00,0.0
2020-06-10 23:00:00,0.0
2020-06-11 00:00:00,0.0
2020-06-11 01:00:00,17.365286136111077
2020-06-11 02:00:00,9.343872708333315
2020-06-11 03:00:00,0.0
2020-06-11 04:00:00,0.0
2020-06-11 05:00:00,0.0
2020-06-11 06:00:00,0.0
2020-06-11 07:00:00,0.0
2020-06-11 08:00:00,0.0
2020-06-11 09:00:00,0.0
2020-06-11 10:00:00,0.0
2020-06-11 11:00:00,0.0
2020-06-11 12:00:00,0.0
2020-06-11 13:00:00,6.35844009166665
2020-06-11 14:00:00,17.341718127777767
2020-06-11 15:00:00,14.910346288888853
2020-06-11 16:00:00,9.223198297222227
2020-06-11 17:00:00,8.564789243173456
2020-06-11 18:00:00,11.921296656562252
2020-06-11 19:00:00,6.512415100000005
2020-06-11 20:00:00,0.0025009888888888887
2020-06-11 21:00:00,0.0
2020-06-11 22:00:00,4.717940827777773
2020-06-11 23:00:00,7.178472733333329
2020-06-12 00:00:00,6.731037238888879
2020-06-12 01:00:00,14.858906916666646
2020-06-12 02:00:00,11.795549144444418
2020-06-12 03:00:00,2.9756254611111146
2020-06-12 04:00:00,7.063855817777814
2020-06-12 05:00:00,7.317377807222269
2020-06-12 06:00:00,7.334402051666671
2020-06-12 07:00:00,6.6113665675000055
2020-06-12 08:00:00,3.769602395555555
2020-06-12 09:00:00,7.1321096755555615
2020-06-12 10:00:00,3.8361005061111206
2020-06-12 11:00:00,0.0
2020-06-12 12:00:00,0.0
2020-06-12 13:00:00,1.7397843083333302
2020-06-12 14:00:00,13.411606155555525
2020-06-12 15:00:00,10.699912980555576
2020-06-12 16:00:00,8.300996036111105
2020-06-12 17:00:00,0.0
2020-06-12 18:00:00,0.0
2020-06-12 19:00:00,23.100885661111224
2020-06-12 20:00:00,27.320249255555556
2020-06-12 21:00:00,13.951275302777784
2020-06-12 22:00:00,16.029851680555602
2020-06-12 23:00:00,23.460345274444474
2020-06-13 00:00:00,17.34450145444447
2020-06-13 01:00:00,19.457093394444495
2020-06-13 02:00:00,8.619521202777745
2020-06-13 03:00:00,6.2259225972222225
2020-06-13 04:00:00,10.842452219444441
2020-06-13 05:00:00,10.555877012222226
2020-06-13 06:00:00,11.008281205555596
2020-06-13 07:00:00,5.601414922222213
2020-06-13 08:00:00,0.0
2020-06-13 09:00:00,0.0
2020-06-13 10:00:00,9.952331641666643
2020-06-13 11:00:00,0.0
2020-06-13 12:00:00,0.0
2020-06-13 13:00:00,0.0
2020-06-13 14:00:00,0.0
2020-06-13 15:00:00,0.0
2020-06-13 16:00:00,0.0
2020-06-13 17:00:00,0.0
2020-06-13 18:00:00,0.0
2020-06-13 19:00:00,4.789438688888889
2020-06-13 20:00:00,13.666728073888933
2020-06-13 21:00:00,12.542940327777819
2020-06-13 22:00:00,21.876012766944488
2020-06-13 23:00:00,20.23348096888884
2020-06-14 00:00:00,42.46718681972221
2020-06-14 01:00:00,24.59008601027779
2020-06-14 02:00:00,23.338664241439037
2020-06-14 03:00:00,26.0771768229098
2020-06-14 04:00:00,14.407184109187241
2020-06-14 05:00:00,21.63802752179024
2020-06-14 06:00:00,21.821637220694022
2020-06-14 07:00:00,0.4407818548766948
2020-06-14 08:00:00,0.38649187791889694
2020-06-14 09:00:00,0.38253746062766475
2020-06-14 10:00:00,0.40486509829462375
2020-06-14 11:00:00,0.387001542304614
2020-06-14 12:00:00,0.39360910611477995
2020-06-14 13:00:00,7.62132071441181
2020-06-14 14:00:00,11.302234257993886
2020-06-14 15:00:00,11.464813977859368
2020-06-14 16:00:00,5.217864840404019
2020-06-14 17:00:00,5.297038625264147
2020-06-14 18:00:00,13.467470070100177
2020-06-14 19:00:00,10.61162511368627
2020-06-14 20:00:00,19.0627037051411
2020-06-14 21:00:00,39.88039863243482
2020-06-14 22:00:00,36.270635853284126
2020-06-14 23:00:00,28.379348700309365
2020-06-15 00:00:00,36.24668754861119
2020-06-15 01:00:00,20.17916691722218
2020-06-15 02:00:00,21.565111258888884
2020-06-15 03:00:00,36.30923805768138
2020-06-15 04:00:00,20.096018601491185
2020-06-15 05:00:00,14.592094850625
2020-06-15 06:00:00,5.809085991094282
2020-06-15 07:00:00,1.8102158444662486
2020-06-15 08:00:00,0.0
2020-06-15 09:00:00,0.0
2020-06-15 10:00:00,0.0
2020-06-15 11:00:00,0.0
2020-06-15 12:00:00,0.0
2020-06-15 13:00:00,1.1077165333333308
2020-06-15 14:00:00,3.611783649999988
2020-06-15 15:00:00,3.091962888888889
2020-06-15 16:00:00,4.3723451653360526
2020-06-15 17:00:00,8.891628287313033
2020-06-15 18:00:00,11.14627129182577
2020-06-15 19:00:00,10.801746266666676
2020-06-15 20:00:00,5.30728267222222
2020-06-15 21:00:00,9.832321285000006
2020-06-15 22:00:00,16.690310515000014
2020-06-15 23:00:00,0.8786344586111112
2020-06-16 00:00:00,0.0
2020-06-16 01:00:00,3.617976338888889
2020-06-16 02:00:00,5.907754947222224
2020-06-16 03:00:00,4.585036141666665
2020-06-16 04:00:00,4.970947516388877
2020-06-16 05:00:00,13.60996851666664
2020-06-16 06:00:00,17.767654922222253
2020-06-16 07:00:00,11.086402861111148
2020-06-16 08:00:00,10.980991941666703
2020-06-16 09:00:00,10.486608450000045
2020-06-16 10:00:00,0.0
2020-06-16 11:00:00,0.7595698694444449
2020-06-16 12:00:00,0.0
2020-06-16 13:00:00,0.370336855
2020-06-16 14:00:00,3.5592117661111127
2020-06-16 15:00:00,2.912461047222222
2020-06-16 16:00:00,7.588194375000004
2020-06-16 17:00:00,18.804301166666658
2020-06-16 18:00:00,13.085006994444438
2020-06-16 19:00:00,12.996717724250566
2020-06-16 20:00:00,13.283629299999998
2020-06-16 21:00:00,16.755476147222225
2020-06-16 22:00:00,16.207811673611094
2020-06-16 23:00:00,11.470771220000014
2020-06-17 00:00:00,2.9837596861111115
2020-06-17 01:00:00,0.03243599999999999
2020-06-17 02:00:00,0.24926350277777776
2020-06-17 03:00:00,0.8264017861111109
2020-06-17 04:00:00,0.0
2020-06-17 05:00:00,0.0
2020-06-17 06:00:00,0.0
2020-06-17 07:00:00,0.0
2020-06-17 08:00:00,0.0
2020-06-17 09:00:00,0.0
2020-06-17 10:00:00,0.0
2020-06-17 11:00:00,0.0
2020-06-17 12:00:00,0.9773048999999999
2020-06-17 13:00:00,2.7719599444444456
2020-06-17 14:00:00,3.016050205555555
2020-06-17 15:00:00,3.391581788888883
2020-06-17 16:00:00,3.416800705555554
2020-06-17 17:00:00,16.779698150833354
2020-06-17 18:00:00,18.73765906111116
2020-06-17 19:00:00,12.070794481944466
2020-06-17 20:00:00,13.944950228333362
2020-06-17 21:00:00,11.402474508055558
2020-06-17 22:00:00,3.6344344277777827
2020-06-17 23:00:00,5.83454297000001
2020-06-18 00:00:00,8.618257390277783
2020-06-18 01:00:00,9.018216383333321
2020-06-18 02:00:00,17.725366924999996
2020-06-18 03:00:00,17.120251056666667
2020-06-18 04:00:00,9.19059712222223
2020-06-18 05:00:00,6.206235905555559
2020-06-18 06:00:00,6.385995802777788
2020-06-18 07:00:00,6.753333608333338
2020-06-18 08:00:00,6.806048502777802
2020-06-18 09:00:00,3.420180491666648
2020-06-18 10:00:00,0.009117608333333334
2020-06-18 11:00:00,0.0
2020-06-18 12:00:00,0.9312471055555567
2020-06-18 13:00:00,5.257025236111116
2020-06-18 14:00:00,4.66992129444443
2020-06-18 15:00:00,3.33835011666667
2020-06-18 16:00:00,11.20619219722224
2020-06-18 17:00:00,16.878425383333322
2020-06-18 18:00:00,24.80720904194447
2020-06-18 19:00:00,23.744496430277785
2020-06-18 20:00:00,14.44557147361114
2020-06-18 21:00:00,23.50280536916666
2020-06-18 22:00:00,9.633184166666672
2020-06-18 23:00:00,7.743783116666661
2020-06-19 00:00:00,7.0969967388888975
2020-06-19 01:00:00,6.656556072222236
2020-06-19 02:00:00,6.596739908333335
2020-06-19 03:00:00,9.913213577777775
2020-06-19 04:00:00,8.46058267500001
2020-06-19 05:00:00,9.664070847222245
2020-06-19 06:00:00,7.003086063888892
2020-06-19 07:00:00,6.842476586111119
2020-06-19 08:00:00,6.747218922222225
2020-06-19 09:00:00,6.763468916666675
2020-06-19 10:00:00,4.239683163888879
2020-06-19 11:00:00,0.0
2020-06-19 12:00:00,0.9840972305555563
2020-06-19 13:00:00,6.648944444722217
2020-06-19 14:00:00,23.9032554691667
2020-06-19 15:00:00,21.54443583138888
2020-06-19 16:00:00,14.680819706388885
2020-06-19 17:00:00,11.921312968055576
2020-06-19 18:00:00,9.178971643675109
2020-06-19 19:00:00,36.953805765068594
2020-06-19 20:00:00,36.052921055555615
2020-06-19 21:00:00,30.47501552222226
2020-06-19 22:00:00,8.53851208055557
2020-06-19 23:00:00,12.053278534444448
2020-06-20 00:00:00,8.718562897222224
2020-06-20 01:00:00,7.013732080555575
2020-06-20 02:00:00,6.694690850000011
2020-06-20 03:00:00,11.052479141666659
2020-06-20 04:00:00,11.250492283333323
2020-06-20 05:00:00,6.76290496944444
2020-06-20 06:00:00,6.769921222222214
2020-06-20 07:00:00,2.32905684444444
2020-06-20 08:00:00,0.0
2020-06-20 09:00:00,0.0
2020-06-20 10:00:00,0.0
2020-06-20 11:00:00,0.0
2020-06-20 12:00:00,3.1214683750000063
2020-06-20 13:00:00,6.2256308555555515
2020-06-20 14:00:00,5.284306497222252
2020-06-20 15:00:00,0.7254724361111086
2020-06-20 16:00:00,0.0
2020-06-20 17:00:00,0.0
2020-06-20 18:00:00,0.0
2020-06-20 19:00:00,0.0
2020-06-20 20:00:00,1.9692879111111121
2020-06-20 21:00:00,7.899438691666695
2020-06-20 22:00:00,13.544413374999984
2020-06-20 23:00:00,10.982808144444459
2020-06-21 00:00:00,14.44934960277779
2020-06-21 01:00:00,21.227588511111076
2020-06-21 02:00:00,16.6497614833333
2020-06-21 03:00:00,12.353950986111105
2020-06-21 04:00:00,28.222221399983752
2020-06-21 05:00:00,19.117869619444456
2020-06-21 06:00:00,16.779483427777805
2020-06-21 07:00:00,1.6903853416666665
2020-06-21 08:00:00,0.0
2020-06-21 09:00:00,0.0
2020-06-21 10:00:00,0.0
2020-06-21 11:00:00,0.0
2020-06-21 12:00:00,0.0
2020-06-21 13:00:00,0.0
2020-06-21 14:00:00,0.0
2020-06-21 15:00:00,0.0
2020-06-21 16:00:00,2.719586602777768
2020-06-21 17:00:00,7.304863280833336
2020-06-21 18:00:00,7.485229185833342
2020-06-21 19:00:00,7.3159985941666665
2020-06-21 20:00:00,18.280086565277788
2020-06-21 21:00:00,21.709621222777766
2020-06-21 22:00:00,33.10841171609718
2020-06-21 23:00:00,21.413634035709304
2020-06-22 00:00:00,22.74802139431385
2020-06-22 01:00:00,24.9895785826916
2020-06-22 02:00:00,28.216696551635152
2020-06-22 03:00:00,33.401450356111134
2020-06-22 04:00:00,24.87135092222219
2020-06-22 05:00:00,16.647677511111134
2020-06-22 06:00:00,5.249718241666658
2020-06-22 07:00:00,10.035900883333344
2020-06-22 08:00:00,10.005193225000012
2020-06-22 09:00:00,9.939589916666662
2020-06-22 10:00:00,3.643711750000005
2020-06-22 11:00:00,0.20477372777777778
2020-06-22 12:00:00,1.0210278722222215
2020-06-22 13:00:00,5.032769152777797
2020-06-22 14:00:00,7.080792511111105
2020-06-22 15:00:00,1.9095352555555558
2020-06-22 16:00:00,5.522448399832614
2020-06-22 17:00:00,13.988372922797646
2020-06-22 18:00:00,11.79188292199617
2020-06-22 19:00:00,14.770297419444443
2020-06-22 20:00:00,17.774173343333345
2020-06-22 21:00:00,24.125961068888888
2020-06-22 22:00:00,26.95833071833334
2020-06-22 23:00:00,13.909419603888942
2020-06-23 00:00:00,14.03811952222226
2020-06-23 01:00:00,9.122082878055581
2020-06-23 02:00:00,6.410222849999979
2020-06-23 03:00:00,0.0
2020-06-23 04:00:00,0.0
2020-06-23 05:00:00,10.471272611111134
2020-06-23 06:00:00,15.561483961666665
2020-06-23 07:00:00,17.75474758777781
2020-06-23 08:00:00,16.91569495611112
2020-06-23 09:00:00,4.784198702777776
2020-06-23 10:00:00,0.0
2020-06-23 11:00:00,0.0
2020-06-23 12:00:00,1.0502647000000005
2020-06-23 13:00:00,4.639308422222257
2020-06-23 14:00:00,6.687357508333339
2020-06-23 15:00:00,5.085579038888893
2020-06-23 16:00:00,4.076497372023992
2020-06-23 17:00:00,18.596544200636018
2020-06-23 18:00:00,10.23034970893179
2020-06-23 19:00:00,18.157375185000014
2020-06-23 20:00:00,10.422637226581386
2020-06-23 21:00:00,11.272447288226626
2020-06-23 22:00:00,10.0818982358333
2020-06-23 23:00:00,13.967961034166654
2020-06-24 00:00:00,11.346017652499988
2020-06-24 01:00:00,6.041179891944445
2020-06-24 02:00:00,2.5684534055555557
2020-06-24 03:00:00,0.8141598194444448
2020-06-24 04:00:00,1.5801008361111093
2020-06-24 05:00:00,0.0
2020-06-24 06:00:00,0.0
2020-06-24 07:00:00,0.0
2020-06-24 08:00:00,0.0
2020-06-24 09:00:00,0.0
2020-06-24 10:00:00,0.0
2020-06-24 11:00:00,0.0
2020-06-24 12:00:00,0.0
2020-06-24 13:00:00,0.0
2020-06-24 14:00:00,2.560745688888884
2020-06-24 15:00:00,3.3433293861111077
2020-06-24 16:00:00,3.369840113888895
2020-06-24 17:00:00,3.364590294444433
2020-06-24 18:00:00,1.2063143480555554
2020-06-24 19:00:00,5.895656746944445
2020-06-24 20:00:00,13.200336369444408
2020-06-24 21:00:00,20.039802741666662
2020-06-24 22:00:00,13.37764928055556
2020-06-24 23:00:00,9.489731399999998
2020-06-25 00:00:00,3.2976451944444465
2020-06-25 01:00:00,7.081135294444448
2020-06-25 02:00:00,19.36201606000001
2020-06-25 03:00:00,10.800743193055528
2020-06-25 04:00:00,7.316904461944464
2020-06-25 05:00:00,2.691299370555551
2020-06-25 06:00:00,0.0
2020-06-25 07:00:00,0.0
2020-06-25 08:00:00,0.0
2020-06-25 09:00:00,0.0
2020-06-25 10:00:00,0.0
2020-06-25 11:00:00,0.0
2020-06-25 12:00:00,0.0
2020-06-25 13:00:00,0.5319775277777781
2020-06-25 14:00:00,3.4352477305555564
2020-06-25 15:00:00,3.4338088416666546
2020-06-25 16:00:00,3.4147012361111027
2020-06-25 17:00:00,12.264055805555559
2020-06-25 18:00:00,18.630718605277814
2020-06-25 19:00:00,22.763448851111114
2020-06-25 20:00:00,23.138619583333345
2020-06-25 21:00:00,21.29425067361111
2020-06-25 22:00:00,12.956132195555604
2020-06-25 23:00:00,7.1482031050000225
2020-06-26 00:00:00,0.8999956261111112
2020-06-26 01:00:00,0.0037725
2020-06-26 02:00:00,0.0
2020-06-26 03:00:00,0.0
2020-06-26 04:00:00,0.0
2020-06-26 05:00:00,0.0
2020-06-26 06:00:00,0.0
2020-06-26 07:00:00,0.0
2020-06-26 08:00:00,0.0
2020-06-26 09:00:00,0.0
2020-06-26 10:00:00,0.0
2020-06-26 11:00:00,0.0
2020-06-26 12:00:00,0.0
2020-06-26 13:00:00,1.5696776694444492
2020-06-26 14:00:00,6.638378638888887
2020-06-26 15:00:00,6.081431083333352
2020-06-26 16:00:00,5.983510697222217
2020-06-26 17:00:00,14.600786483333327
2020-06-26 18:00:00,25.705387905555558
2020-06-26 19:00:00,28.502009480555536
2020-06-26 20:00:00,27.768472047222275
2020-06-26 21:00:00,27.183999994444484
2020-06-26 22:00:00,22.39714685000007
2020-06-26 23:00:00,15.770141974999987
2020-06-27 00:00:00,22.67713941944449
2020-06-27 01:00:00,16.912978647222246
2020-06-27 02:00:00,12.246858413888932
2020-06-27 03:00:00,11.292465219444452
2020-06-27 04:00:00,14.185233852777811
2020-06-27 05:00:00,11.344834952777816
2020-06-27 06:00:00,13.228694933333337
2020-06-27 07:00:00,12.613869527777783
2020-06-27 08:00:00,8.299025575000003
2020-06-27 09:00:00,2.4723813027777775
2020-06-27 10:00:00,0.7965431666666667
2020-06-27 11:00:00,0.0
2020-06-27 12:00:00,0.0
2020-06-27 13:00:00,0.0
2020-06-27 14:00:00,0.0
2020-06-27 15:00:00,0.0
2020-06-27 16:00:00,0.0
2020-06-27 17:00:00,9.237023791666669
2020-06-27 18:00:00,23.53302413222221
2020-06-27 19:00:00,21.0821260527778
2020-06-27 20:00:00,18.209769727777733
2020-06-27 21:00:00,10.282001322222225
2020-06-27 22:00:00,2.7688342060633477
2020-06-27 23:00:00,0.44537915833333336
2020-06-28 00:00:00,6.92442355
2020-06-28 01:00:00,23.84513843611104
2020-06-28 02:00:00,7.962404241666663
2020-06-28 03:00:00,4.683599963888886
2020-06-28 04:00:00,7.066604641666659
2020-06-28 05:00:00,12.742030927777778
2020-06-28 06:00:00,10.839983783333343
2020-06-28 07:00:00,0.0
2020-06-28 08:00:00,0.0
2020-06-28 09:00:00,0.0
2020-06-28 10:00:00,0.0
2020-06-28 11:00:00,0.0
2020-06-28 12:00:00,0.0
2020-06-28 13:00:00,0.0
2020-06-28 14:00:00,2.4859640444444424
2020-06-28 15:00:00,21.57382655527784
2020-06-28 16:00:00,22.83517944944446
2020-06-28 17:00:00,11.594478757222262
2020-06-28 18:00:00,30.491007952413792
2020-06-28 19:00:00,27.044593448588863
2020-06-28 20:00:00,21.658708290686693
2020-06-28 21:00:00,30.89127923015777
2020-06-28 22:00:00,14.55024844781689
2020-06-28 23:00:00,23.67676981427245
2020-06-29 00:00:00,19.999050468333294
2020-06-29 01:00:00,29.39932670681863
2020-06-29 02:00:00,16.640497223888897
2020-06-29 03:00:00,10.519558739166673
2020-06-29 04:00:00,19.629227725000003
2020-06-29 05:00:00,23.552538842945346
2020-06-29 06:00:00,8.891199897222217
2020-06-29 07:00:00,9.86108334722224
2020-06-29 08:00:00,9.940370461111108
2020-06-29 09:00:00,9.917025438888889
2020-06-29 10:00:00,5.909617066666683
2020-06-29 11:00:00,0.0
2020-06-29 12:00:00,0.0
2020-06-29 13:00:00,1.8096245083333344
2020-06-29 14:00:00,6.5592097861111345
2020-06-29 15:00:00,5.322404535986212
2020-06-29 16:00:00,15.39071381725498
2020-06-29 17:00:00,19.045452610800307
2020-06-29 18:00:00,8.629385588333346
2020-06-29 19:00:00,18.281897356583567
2020-06-29 20:00:00,13.12187098161465
2020-06-29 21:00:00,10.431561738888918
2020-06-29 22:00:00,7.274212186111118
2020-06-29 23:00:00,4.373298300870666
2020-06-30 00:00:00,0.41952046123288894
2020-06-30 01:00:00,0.0
2020-06-30 02:00:00,2.199269122333333
2020-06-30 03:00:00,3.1853685387448882
2020-06-30 04:00:00,1.228958333333333
2020-06-30 05:00:00,3.451676586111112
2020-06-30 06:00:00,6.795935327777784
2020-06-30 07:00:00,6.781624969444437
2020-06-30 08:00:00,6.630703733333324
2020-06-30 09:00:00,6.715512288888885
2020-06-30 10:00:00,6.814004544444437
2020-06-30 11:00:00,6.6652255138888865
2020-06-30 12:00:00,6.728633286111121
2020-06-30 13:00:00,2.204015494444441
2020-06-30 14:00:00,3.7139591666666942
2020-06-30 15:00:00,2.4829374691162
2020-06-30 16:00:00,4.989409941267964
2020-06-30 17:00:00,0.23294662870098837
2020-06-30 18:00:00,2.268152769786573
2020-06-30 19:00:00,16.34720067888885
2020-06-30 20:00:00,26.985364253737366
2020-06-30 21:00:00,9.977995534919113
2020-06-30 22:00:00,1.0594669253373337
2020-06-30 23:00:00,0.5540021611111112
2020-07-01 00:00:00,5.9344323702777935
2020-07-01 01:00:00,0.2372110444444444
2020-07-01 02:00:00,5.400562128333341
2020-07-01 03:00:00,23.10079957836889
2020-07-01 04:00:00,1.6391694022222225
2020-07-01 05:00:00,7.849266911898224
2020-07-01 06:00:00,2.5525510978093338
2020-07-01 07:00:00,0.47483802527777785
2020-07-01 08:00:00,0.5027906025000004
2020-07-01 09:00:00,0.4795765027777778
2020-07-01 10:00:00,0.4936011044444444
2020-07-01 11:00:00,0.23455595833333337
2020-07-01 12:00:00,3.9187740145973318
2020-07-01 13:00:00,0.16261644166666664
2020-07-01 14:00:00,2.224696952777776
2020-07-01 15:00:00,3.626823088888889
2020-07-01 16:00:00,6.7890174742071325
2020-07-01 17:00:00,15.660756264507462
2020-07-01 18:00:00,25.65719921559688
2020-07-01 19:00:00,27.709730206924835
2020-07-01 20:00:00,30.065489068513365
2020-07-01 21:00:00,29.662923231253586
2020-07-01 22:00:00,1.0191095814380344
2020-07-01 23:00:00,3.073988858713368
2020-07-02 00:00:00,7.081906333143513
2020-07-02 01:00:00,3.937419817768318
2020-07-02 02:00:00,3.5474246298341607
2020-07-02 03:00:00,15.762162496882588
2020-07-02 04:00:00,3.7454908486558978
2020-07-02 05:00:00,3.1153021666666514
2020-07-02 06:00:00,0.22922476666666664
2020-07-02 07:00:00,0.23962621111111115
2020-07-02 08:00:00,0.0
2020-07-02 09:00:00,4.846739325000013
2020-07-02 10:00:00,7.2354995333333685
2020-07-02 11:00:00,7.094443716666649
2020-07-02 12:00:00,14.34651351277778
2020-07-02 13:00:00,16.692340377777796
2020-07-02 14:00:00,17.346635822222215
2020-07-02 15:00:00,20.599642102777754
2020-07-02 16:00:00,15.349542786111096
2020-07-02 17:00:00,4.617218725000004
2020-07-02 18:00:00,9.7143432205848
2020-07-02 19:00:00,16.379282065735868
2020-07-02 20:00:00,21.88344736805558
2020-07-02 21:00:00,17.428061019444474
2020-07-02 22:00:00,8.821438456111137
2020-07-02 23:00:00,6.518388924999978
2020-07-03 00:00:00,8.482810836343555
2020-07-03 01:00:00,30.435144133044204
2020-07-03 02:00:00,21.993246728948463
2020-07-03 03:00:00,18.19612040837263
2020-07-03 04:00:00,6.572846877777789
2020-07-03 05:00:00,11.447256557090666
2020-07-03 06:00:00,15.40628544325645
2020-07-03 07:00:00,6.554355041666657
2020-07-03 08:00:00,6.586088208333327
2020-07-03 09:00:00,5.972336308333342
2020-07-03 10:00:00,0.15093386666666672
2020-07-03 11:00:00,0.0
2020-07-03 12:00:00,0.0
2020-07-03 13:00:00,0.0
2020-07-03 14:00:00,0.0
2020-07-03 15:00:00,5.419983670343165
2020-07-03 16:00:00,7.100292358917959
2020-07-03 17:00:00,11.797762570936008
2020-07-03 18:00:00,8.735195603256008
2020-07-03 19:00:00,9.128327782385703
2020-07-03 20:00:00,17.939447738628235
2020-07-03 21:00:00,17.97479510024809
2020-07-03 22:00:00,3.345774416435847
2020-07-03 23:00:00,7.29657303526666
2020-07-04 00:00:00,17.686855513888897
2020-07-04 01:00:00,13.700535424999998
2020-07-04 02:00:00,19.043015472023118
2020-07-04 03:00:00,19.643718027980924
2020-07-04 04:00:00,6.308683683333333
2020-07-04 05:00:00,0.0
2020-07-04 06:00:00,11.967851161297775
2020-07-04 07:00:00,1.8751331226564447
2020-07-04 08:00:00,0.0
2020-07-04 09:00:00,0.0
2020-07-04 10:00:00,0.0
2020-07-04 11:00:00,0.0
2020-07-04 12:00:00,0.0
2020-07-04 13:00:00,0.0
2020-07-04 14:00:00,0.0
2020-07-04 15:00:00,10.368051013291115
2020-07-04 16:00:00,1.3206552663546667
2020-07-04 17:00:00,1.0157841
2020-07-04 18:00:00,10.614257946111119
2020-07-04 19:00:00,13.920254677970227
2020-07-04 20:00:00,7.024886790833341
2020-07-04 21:00:00,11.951720243055558
2020-07-04 22:00:00,5.933568552777782
2020-07-04 23:00:00,10.988565563888873
2020-07-05 00:00:00,12.267585288888887
2020-07-05 01:00:00,5.087985178692001
2020-07-05 02:00:00,0.0
2020-07-05 03:00:00,2.1956694388888884
2020-07-05 04:00:00,2.746495963888888
2020-07-05 05:00:00,0.0
2020-07-05 06:00:00,4.845348188101776
2020-07-05 07:00:00,8.852085239596441
2020-07-05 08:00:00,0.0
2020-07-05 09:00:00,0.0
2020-07-05 10:00:00,0.0
2020-07-05 11:00:00,0.0
2020-07-05 12:00:00,0.0
2020-07-05 13:00:00,0.0
2020-07-05 14:00:00,0.0
2020-07-05 15:00:00,0.0
2020-07-05 16:00:00,0.0
2020-07-05 17:00:00,0.0
2020-07-05 18:00:00,0.0
2020-07-05 19:00:00,9.3702618757876
2020-07-05 20:00:00,26.48985062332704
2020-07-05 21:00:00,19.517617734156893
2020-07-05 22:00:00,32.21450855484445
2020-07-05 23:00:00,20.295222468479164
2020-07-06 00:00:00,11.394790941666658
2020-07-06 01:00:00,28.53757685916663
2020-07-06 02:00:00,17.501054148333335
2020-07-06 03:00:00,24.676450808132437
2020-07-06 04:00:00,31.234290048823958
2020-07-06 05:00:00,12.633713373643111
2020-07-06 06:00:00,9.786175056111126
2020-07-06 07:00:00,24.85228326944444
2020-07-06 08:00:00,22.734736199999958
2020-07-06 09:00:00,13.71725956111111
2020-07-06 10:00:00,8.999678191666664
2020-07-06 11:00:00,6.854377444444452
2020-07-06 12:00:00,6.159376247222221
2020-07-06 13:00:00,8.641898008333328
2020-07-06 14:00:00,10.18549875555554
2020-07-06 15:00:00,12.123138616819976
2020-07-06 16:00:00,13.050936591195557
2020-07-06 17:00:00,10.162615402777766
2020-07-06 18:00:00,6.390895174999992
2020-07-06 19:00:00,0.6228148583333335
2020-07-06 20:00:00,0.0026000999999999997
2020-07-06 21:00:00,0.0
2020-07-06 22:00:00,4.453443286111102
2020-07-06 23:00:00,8.096487999999992
2020-07-07 00:00:00,8.99507408038158
2020-07-07 01:00:00,12.682961659197936
2020-07-07 02:00:00,21.856032621909506
2020-07-07 03:00:00,17.710083879929087
2020-07-07 04:00:00,2.6968379805555514
2020-07-07 05:00:00,4.024670077685296
2020-07-07 06:00:00,5.1187494880099855
2020-07-07 07:00:00,8.121706511952862
2020-07-07 08:00:00,10.44206184726298
2020-07-07 09:00:00,7.304594750000005
2020-07-07 10:00:00,5.56603144837079
2020-07-07 11:00:00,0.8883714456158347
2020-07-07 12:00:00,0.00014376666666666665
2020-07-07 13:00:00,1.9704528555555556
2020-07-07 14:00:00,4.871552577777772
2020-07-07 15:00:00,7.871177411944454
2020-07-07 16:00:00,15.656802179444442
2020-07-07 17:00:00,14.894166834444471
2020-07-07 18:00:00,16.48880114555557
2020-07-07 19:00:00,20.894165334336037
2020-07-07 20:00:00,18.065177219868
2020-07-07 21:00:00,10.638006038888884
2020-07-07 22:00:00,8.892211211111077
2020-07-07 23:00:00,22.614092281546178
2020-07-08 00:00:00,30.113485381449795
2020-07-08 01:00:00,11.783165500232895
2020-07-08 02:00:00,7.2829140972222595
2020-07-08 03:00:00,0.0
2020-07-08 04:00:00,4.466676105555558
2020-07-08 05:00:00,3.608123311111111
2020-07-08 06:00:00,1.2280989999999998
2020-07-08 07:00:00,0.0
2020-07-08 08:00:00,1.4904433722222215
2020-07-08 09:00:00,6.872600816666679
2020-07-08 10:00:00,6.862253772222234
2020-07-08 11:00:00,11.37911945833336
2020-07-08 12:00:00,11.39260181944444
2020-07-08 13:00:00,1.3642160916666641
2020-07-08 14:00:00,6.477963458333339
2020-07-08 15:00:00,13.717716345554653
2020-07-08 16:00:00,33.03822628172432
2020-07-08 17:00:00,24.78608108469389
2020-07-08 18:00:00,15.127843985277776
2020-07-08 19:00:00,16.314010760833337
2020-07-08 20:00:00,16.81124495055556
2020-07-08 21:00:00,9.77884181361111
2020-07-08 22:00:00,0.6841727388888891
2020-07-08 23:00:00,0.30686025
2020-07-09 00:00:00,4.279077363888892
2020-07-09 01:00:00,11.440383412076455
2020-07-09 02:00:00,25.255371292638827
2020-07-09 03:00:00,23.762654794444426
2020-07-09 04:00:00,15.611927200000025
2020-07-09 05:00:00,10.01801088333333
2020-07-09 06:00:00,6.4889680141102195
2020-07-09 07:00:00,0.6982458305555553
2020-07-09 08:00:00,0.0
2020-07-09 09:00:00,0.41340213333333325
2020-07-09 10:00:00,4.996354861111114
2020-07-09 11:00:00,5.327646944444439
2020-07-09 12:00:00,0.2850968583333333
2020-07-09 13:00:00,2.751765086111111
2020-07-09 14:00:00,11.7001444611111
2020-07-09 15:00:00,14.215056942777771
2020-07-09 16:00:00,24.54573365333337
2020-07-09 17:00:00,16.55515389555554
2020-07-09 18:00:00,0.5471172833333334
2020-07-09 19:00:00,9.071755027765782
2020-07-09 20:00:00,17.996394335876882
2020-07-09 21:00:00,11.09535955555561
2020-07-09 22:00:00,15.821204716944447
2020-07-09 23:00:00,14.692639251666716
2020-07-10 00:00:00,19.68157124916669
2020-07-10 01:00:00,23.196559052551144
2020-07-10 02:00:00,16.643353485230673
2020-07-10 03:00:00,5.9442855750000065
2020-07-10 04:00:00,8.405827441666677
2020-07-10 05:00:00,4.341696556552051
2020-07-10 06:00:00,0.7857362333333339
2020-07-10 07:00:00,0.0
2020-07-10 08:00:00,0.0
2020-07-10 09:00:00,0.0
2020-07-10 10:00:00,6.771206569444435
2020-07-10 11:00:00,6.691347044444428
2020-07-10 12:00:00,0.0
2020-07-10 13:00:00,0.0
2020-07-10 14:00:00,3.3036655583333325
2020-07-10 15:00:00,6.695399608333336
2020-07-10 16:00:00,9.564057733794243
2020-07-10 17:00:00,16.78632659537293
2020-07-10 18:00:00,14.767437514091064
2020-07-10 19:00:00,1.752633011111111
2020-07-10 20:00:00,1.5624381937791811
2020-07-10 21:00:00,8.389071235833367
2020-07-10 22:00:00,14.337245904440895
2020-07-10 23:00:00,3.86152253049733
2020-07-11 00:00:00,3.807783685736384
2020-07-11 01:00:00,6.370465947222234
2020-07-11 02:00:00,5.0434150499999975
2020-07-11 03:00:00,6.795604183760885
2020-07-11 04:00:00,5.66623240555556
2020-07-11 05:00:00,27.612258070939973
2020-07-11 06:00:00,10.315565394444455
2020-07-11 07:00:00,10.20382372777775
2020-07-11 08:00:00,10.259382666666655
2020-07-11 09:00:00,10.678852844444437
2020-07-11 10:00:00,6.574609308333352
2020-07-11 11:00:00,18.73099359166667
2020-07-11 12:00:00,12.532036563888896
2020-07-11 13:00:00,6.537964602777781
2020-07-11 14:00:00,6.518213775000019
2020-07-11 15:00:00,6.592826305555531
2020-07-11 16:00:00,14.888909568351107
2020-07-11 17:00:00,10.937362953324893
2020-07-11 18:00:00,2.547321079166667
2020-07-11 19:00:00,16.875385415483112
2020-07-11 20:00:00,9.968727613950673
2020-07-11 21:00:00,14.194704289227985
2020-07-11 22:00:00,6.913819822222209
2020-07-11 23:00:00,24.578290845016888
2020-07-12 00:00:00,13.792238461571996
2020-07-12 01:00:00,6.879326083333313
2020-07-12 02:00:00,4.211784014444445
2020-07-12 03:00:00,5.05959167527779
2020-07-12 04:00:00,12.412325300000017
2020-07-12 05:00:00,10.194373513888898
2020-07-12 06:00:00,20.162613030555516
2020-07-12 07:00:00,20.425774266666703
2020-07-12 08:00:00,15.97149807777777
2020-07-12 09:00:00,9.859591750000007
2020-07-12 10:00:00,5.2138365250000005
2020-07-12 11:00:00,0.0
2020-07-12 12:00:00,0.0
2020-07-12 13:00:00,0.0
2020-07-12 14:00:00,0.0
2020-07-12 15:00:00,0.0
2020-07-12 16:00:00,5.097073966666662
2020-07-12 17:00:00,9.899867375000023
2020-07-12 18:00:00,15.716823927777803
2020-07-12 19:00:00,16.012459575000005
2020-07-12 20:00:00,29.77269769291954
2020-07-12 21:00:00,43.86392617417688
2020-07-12 22:00:00,29.259166353286652
2020-07-12 23:00:00,34.18044253267333
2020-07-13 00:00:00,61.8370462302098
2020-07-13 01:00:00,36.92491030861109
2020-07-13 02:00:00,21.612290597222213
2020-07-13 03:00:00,35.77457872037379
2020-07-13 04:00:00,30.618418879227555
2020-07-13 05:00:00,21.528213251111126
2020-07-13 06:00:00,11.10145311666668
2020-07-13 07:00:00,18.00828201666672
2020-07-13 08:00:00,10.014757349999998
2020-07-13 09:00:00,3.7894226305555576
2020-07-13 10:00:00,0.0
2020-07-13 11:00:00,0.52322225
2020-07-13 12:00:00,0.20903892500000004
2020-07-13 13:00:00,1.4958208027777777
2020-07-13 14:00:00,7.312296963888876
2020-07-13 15:00:00,8.148600358333317
2020-07-13 16:00:00,6.825938888888891
2020-07-13 17:00:00,11.574635836111106
2020-07-13 18:00:00,17.181141463888828
2020-07-13 19:00:00,9.198420205555552
2020-07-13 20:00:00,17.474719426854676
2020-07-13 21:00:00,16.510826057269345
2020-07-13 22:00:00,22.171379241666692
2020-07-13 23:00:00,16.896723630555567
2020-07-14 00:00:00,9.089517597222223
2020-07-14 01:00:00,11.95356081666666
2020-07-14 02:00:00,14.556935216141344
2020-07-14 03:00:00,13.3678226895458
2020-07-14 04:00:00,18.04008264198534
2020-07-14 05:00:00,12.610657002628479
2020-07-14 06:00:00,1.8035761500000094
2020-07-14 07:00:00,0.2601581305555556
2020-07-14 08:00:00,0.0
2020-07-14 09:00:00,0.0
2020-07-14 10:00:00,0.0
2020-07-14 11:00:00,0.0
2020-07-14 12:00:00,3.1581962527777767
2020-07-14 13:00:00,1.3353036805555525
2020-07-14 14:00:00,6.302500161111114
2020-07-14 15:00:00,4.795753777777767
2020-07-14 16:00:00,11.847911817313777
2020-07-14 17:00:00,4.406824923372444
2020-07-14 18:00:00,4.828113303658669
2020-07-14 19:00:00,2.680479169974666
2020-07-14 20:00:00,1.0721773944444435
2020-07-14 21:00:00,3.281332399999996
2020-07-14 22:00:00,0.13645429722222233
2020-07-14 23:00:00,0.0
2020-07-15 00:00:00,7.758403086111129
2020-07-15 01:00:00,15.530743932347114
2020-07-15 02:00:00,4.576797323442794
2020-07-15 03:00:00,6.32849890896067
2020-07-15 04:00:00,19.242498746494952
2020-07-15 05:00:00,12.100145650000023
2020-07-15 06:00:00,17.074184577777793
2020-07-15 07:00:00,17.121498852777805
2020-07-15 08:00:00,16.411434919444453
2020-07-15 09:00:00,1.8661193166666659
2020-07-15 10:00:00,0.6227399777777777
2020-07-15 11:00:00,0.0
2020-07-15 12:00:00,4.062629048055559
2020-07-15 13:00:00,7.29452671361111
2020-07-15 14:00:00,1.1657931083333337
2020-07-15 15:00:00,1.8026244444444453
2020-07-15 16:00:00,6.4582242896597775
2020-07-15 17:00:00,16.541173292837204
2020-07-15 18:00:00,10.025080544444414
2020-07-15 19:00:00,9.840035300000002
2020-07-15 20:00:00,7.5722086638888895
2020-07-15 21:00:00,4.02191249444444
2020-07-15 22:00:00,8.129272486666668
2020-07-15 23:00:00,7.313130352777768
2020-07-16 00:00:00,5.595993761111105
2020-07-16 01:00:00,14.413464761184446
2020-07-16 02:00:00,7.347306283333328
2020-07-16 03:00:00,13.44319308756047
2020-07-16 04:00:00,15.765935169423118
2020-07-16 05:00:00,5.101784330555546
2020-07-16 06:00:00,6.46436953055555
2020-07-16 07:00:00,6.532683233333309
2020-07-16 08:00:00,6.467482055555567
2020-07-16 09:00:00,2.657788508333329
2020-07-16 10:00:00,0.0
2020-07-16 11:00:00,0.0
2020-07-16 12:00:00,0.0
2020-07-16 13:00:00,1.311078572222222
2020-07-16 14:00:00,6.515364562272445
2020-07-16 15:00:00,7.151253308333337
2020-07-16 16:00:00,10.497905222222222
2020-07-16 17:00:00,7.591360502777794
2020-07-16 18:00:00,19.195385614722234
2020-07-16 19:00:00,3.8988178997222214
2020-07-16 20:00:00,5.8333284649142225
2020-07-16 21:00:00,13.459614125538227
2020-07-16 22:00:00,2.2881574726017764
2020-07-16 23:00:00,0.2466810333333333
2020-07-17 00:00:00,0.25158113611111116
2020-07-17 01:00:00,2.6366325118004452
2020-07-17 02:00:00,6.929815347128857
2020-07-17 03:00:00,9.28400678
2020-07-17 04:00:00,9.134832339726662
2020-07-17 05:00:00,4.048869071664885
2020-07-17 06:00:00,2.554816469444443
2020-07-17 07:00:00,0.0
2020-07-17 08:00:00,0.0
2020-07-17 09:00:00,12.833387753287107
2020-07-17 10:00:00,0.35233012603822234
2020-07-17 11:00:00,0.0
2020-07-17 12:00:00,0.0
2020-07-17 13:00:00,5.414771723853773
2020-07-17 14:00:00,7.634408268536928
2020-07-17 15:00:00,15.948625102777816
2020-07-17 16:00:00,32.63239156652974
2020-07-17 17:00:00,21.171184467325023
2020-07-17 18:00:00,12.675963777777827
2020-07-17 19:00:00,15.75980843888884
2020-07-17 20:00:00,11.736446464444436
2020-07-17 21:00:00,12.55248589166669
2020-07-17 22:00:00,21.282270711111128
2020-07-17 23:00:00,26.331774132310656
2020-07-18 00:00:00,5.082436961289774
2020-07-18 01:00:00,5.527432669338669
2020-07-18 02:00:00,0.0
2020-07-18 03:00:00,17.982507744482216
2020-07-18 04:00:00,14.226089569444456
2020-07-18 05:00:00,10.436467229456
2020-07-18 06:00:00,0.0
2020-07-18 07:00:00,0.0
2020-07-18 08:00:00,14.465914447222298
2020-07-18 09:00:00,12.338263808333384
2020-07-18 10:00:00,0.0
2020-07-18 11:00:00,0.0
2020-07-18 12:00:00,0.8190470488888886
2020-07-18 13:00:00,4.2534244472222245
2020-07-18 14:00:00,7.888660897173335
2020-07-18 15:00:00,8.809354694376891
2020-07-18 16:00:00,7.231844046237777
2020-07-18 17:00:00,8.76025423855511
2020-07-18 18:00:00,6.769542361111122
2020-07-18 19:00:00,5.161499322222223
2020-07-18 20:00:00,6.51901623833335
2020-07-18 21:00:00,23.319233657911994
2020-07-18 22:00:00,31.25239446400123
2020-07-18 23:00:00,18.49712021902097
2020-07-19 00:00:00,17.137284289706194
2020-07-19 01:00:00,24.184119190672124
2020-07-19 02:00:00,41.265569704772524
2020-07-19 03:00:00,28.535286246644926
2020-07-19 04:00:00,34.92998180559118
2020-07-19 05:00:00,11.513394925289777
2020-07-19 06:00:00,17.79002208555556
2020-07-19 07:00:00,19.12621828222222
2020-07-19 08:00:00,7.370434644444424
2020-07-19 09:00:00,6.736192894444432
2020-07-19 10:00:00,6.7476630166666425
2020-07-19 11:00:00,1.6450327777777787
2020-07-19 12:00:00,9.975944440303103
2020-07-19 13:00:00,0.0
2020-07-19 14:00:00,4.821012966666685
2020-07-19 15:00:00,7.29685554
2020-07-19 16:00:00,2.5185309605555597
2020-07-19 17:00:00,18.24385177002891
2020-07-19 18:00:00,22.14196768150176
2020-07-19 19:00:00,27.434891123949765
2020-07-19 20:00:00,22.227064572632422
2020-07-19 21:00:00,17.70864537749244
2020-07-19 22:00:00,22.682824073323573
2020-07-19 23:00:00,11.629369964444429
2020-07-20 00:00:00,8.29080883971731
2020-07-20 01:00:00,34.808445064668035
2020-07-20 02:00:00,29.0417017424898
2020-07-20 03:00:00,42.65466634592313
2020-07-20 04:00:00,49.79985286661203
2020-07-20 05:00:00,17.383749819090262
2020-07-20 06:00:00,10.175725219444429
2020-07-20 07:00:00,7.993951324999998
2020-07-20 08:00:00,10.085438772222224
2020-07-20 09:00:00,2.774073299999998
2020-07-20 10:00:00,0.0
2020-07-20 11:00:00,3.394365719444446
2020-07-20 12:00:00,0.0
2020-07-20 13:00:00,0.0
2020-07-20 14:00:00,1.1008844805555544
2020-07-20 15:00:00,6.974047375000019
2020-07-20 16:00:00,14.83717260007677
2020-07-20 17:00:00,22.050559848714002
2020-07-20 18:00:00,19.277315278504403
2020-07-20 19:00:00,10.463948474340201
2020-07-20 20:00:00,10.224054910839556
2020-07-20 21:00:00,0.0
2020-07-20 22:00:00,0.0
2020-07-20 23:00:00,40.41574197789466
2020-07-21 00:00:00,33.12697520194307
2020-07-21 01:00:00,19.855053488611134
2020-07-21 02:00:00,15.686529426550278
2020-07-21 03:00:00,7.096787792777782
2020-07-21 04:00:00,24.65066398336535
2020-07-21 05:00:00,32.813119823215104
2020-07-21 06:00:00,24.938777709790234
2020-07-21 07:00:00,18.686312842124433
2020-07-21 08:00:00,0.2158918222222222
2020-07-21 09:00:00,0.24434101666666666
2020-07-21 10:00:00,0.24146746666666655
2020-07-21 11:00:00,0.23841075277777785
2020-07-21 12:00:00,0.24368483611111122
2020-07-21 13:00:00,2.8685638944444505
2020-07-21 14:00:00,6.644723099999966
2020-07-21 15:00:00,9.60331589722226
2020-07-21 16:00:00,19.783271122222207
2020-07-21 17:00:00,35.71420727208293
2020-07-21 18:00:00,13.636430854303992
2020-07-21 19:00:00,8.154510205069512
2020-07-21 20:00:00,18.49073813333334
2020-07-21 21:00:00,19.43801239722223
2020-07-21 22:00:00,13.37538162499996
2020-07-21 23:00:00,1.3988144444444452
2020-07-22 00:00:00,3.3771879777777754
2020-07-22 01:00:00,12.692464208710213
2020-07-22 02:00:00,21.8158299294249
2020-07-22 03:00:00,16.46019445533955
2020-07-22 04:00:00,15.503186269702237
2020-07-22 05:00:00,0.0
2020-07-22 06:00:00,8.930796890039558
2020-07-22 07:00:00,0.0
2020-07-22 08:00:00,0.25045088611111116
2020-07-22 09:00:00,0.0
2020-07-22 10:00:00,0.0
2020-07-22 11:00:00,0.0
2020-07-22 12:00:00,0.0
2020-07-22 13:00:00,2.4139227416666755
2020-07-22 14:00:00,6.704183961111106
2020-07-22 15:00:00,6.843656537136461
2020-07-22 16:00:00,7.290739388888898
2020-07-22 17:00:00,13.04540695252308
2020-07-22 18:00:00,0.7868336811111113
2020-07-22 19:00:00,4.731855487491557
2020-07-22 20:00:00,27.444267159593775
2020-07-22 21:00:00,16.994031994267086
2020-07-22 22:00:00,14.238906228888904
2020-07-22 23:00:00,8.607499920489335
2020-07-23 00:00:00,10.207686116666673
2020-07-23 01:00:00,10.177783755555563
2020-07-23 02:00:00,23.28452874086348
2020-07-23 03:00:00,23.796498239819613
2020-07-23 04:00:00,43.63834924465777
2020-07-23 05:00:00,25.7909187936817
2020-07-23 06:00:00,25.08347925097808
2020-07-23 07:00:00,8.806995734910931
2020-07-23 08:00:00,6.285964927777754
2020-07-23 09:00:00,0.5827201388888892
2020-07-23 10:00:00,0.24422794166666675
2020-07-23 11:00:00,0.2383578000000001
2020-07-23 12:00:00,0.24982545555555555
2020-07-23 13:00:00,2.3633120277777815
2020-07-23 14:00:00,16.37333909166668
2020-07-23 15:00:00,17.220683402777716
2020-07-23 16:00:00,14.044553736111032
2020-07-23 17:00:00,19.438236458611076
2020-07-23 18:00:00,36.584632958913744
2020-07-23 19:00:00,28.806342936111108
2020-07-23 20:00:00,24.257782535069346
2020-07-23 21:00:00,17.881606119569337
2020-07-23 22:00:00,20.609461947537767
2020-07-23 23:00:00,17.651722344696893
2020-07-24 00:00:00,6.921278305555551
2020-07-24 01:00:00,2.2598314830555544
2020-07-24 02:00:00,3.500518577777787
2020-07-24 03:00:00,11.793118822730683
2020-07-24 04:00:00,10.637090360901311
2020-07-24 05:00:00,7.575686825805348
2020-07-24 06:00:00,12.45912104838
2020-07-24 07:00:00,2.3141871755555594
2020-07-24 08:00:00,4.6243975744444334
2020-07-24 09:00:00,7.477057558055561
2020-07-24 10:00:00,7.35556732972224
2020-07-24 11:00:00,7.541084073611127
2020-07-24 12:00:00,5.196962140277755
2020-07-24 13:00:00,0.327255297222222
2020-07-24 14:00:00,0.8119196027777779
2020-07-24 15:00:00,6.749243783333336
2020-07-24 16:00:00,12.432574398055557
2020-07-24 17:00:00,9.292627414525779
2020-07-24 18:00:00,3.215784613212889
2020-07-24 19:00:00,11.860886618032
2020-07-24 20:00:00,15.400880130583504
2020-07-24 21:00:00,2.2640729333333334
2020-07-24 22:00:00,6.779054519444436
2020-07-24 23:00:00,5.83917441666666
2020-07-25 00:00:00,10.722404302028448
2020-07-25 01:00:00,22.744860427461795
2020-07-25 02:00:00,23.202302014700006
2020-07-25 03:00:00,25.744312294270024
2020-07-25 04:00:00,20.56147381666667
2020-07-25 05:00:00,10.05495086388889
2020-07-25 06:00:00,16.131650380555577
2020-07-25 07:00:00,12.382570716388885
2020-07-25 08:00:00,24.48894773333335
2020-07-25 09:00:00,3.8399509794444477
2020-07-25 10:00:00,0.07273207222222222
2020-07-25 11:00:00,0.23750826666666672
2020-07-25 12:00:00,0.23876705277777782
2020-07-25 13:00:00,0.2350031444444446
2020-07-25 14:00:00,0.24013374722222222
2020-07-25 15:00:00,0.24032985555555542
2020-07-25 16:00:00,12.478999204123548
2020-07-25 17:00:00,13.86971625190844
2020-07-25 18:00:00,18.438169392796027
2020-07-25 19:00:00,16.35219308055553
2020-07-25 20:00:00,24.159225562726625
2020-07-25 21:00:00,41.28250700669522
2020-07-25 22:00:00,29.800010415584353
2020-07-25 23:00:00,21.585886303599874
2020-07-26 00:00:00,17.779667700537352
2020-07-26 01:00:00,18.319528479512158
2020-07-26 02:00:00,40.04094396539667
2020-07-26 03:00:00,36.67646039466653
2020-07-26 04:00:00,12.856866933984891
2020-07-26 05:00:00,18.15274546666668
2020-07-26 06:00:00,17.783482085277765
2020-07-26 07:00:00,21.82104574989646
2020-07-26 08:00:00,13.03580754183821
2020-07-26 09:00:00,0.0
2020-07-26 10:00:00,0.23929486666666686
2020-07-26 11:00:00,0.24076161111111088
2020-07-26 12:00:00,0.25018171388888905
2020-07-26 13:00:00,6.5693946205555696
2020-07-26 14:00:00,1.2168415305555556
2020-07-26 15:00:00,1.713926236103111
2020-07-26 16:00:00,4.115973095833336
2020-07-26 17:00:00,8.64716410222223
2020-07-26 18:00:00,15.585225231355999
2020-07-26 19:00:00,17.845750172368454
2020-07-26 20:00:00,12.039403852158648
2020-07-26 21:00:00,17.672766108888855
2020-07-26 22:00:00,38.75837834020581
2020-07-26 23:00:00,14.32996412593825
2020-07-27 00:00:00,6.759980196763931
2020-07-27 01:00:00,34.01524436535097
2020-07-27 02:00:00,26.608955019089787
2020-07-27 03:00:00,31.479944417791565
2020-07-27 04:00:00,12.65753223762311
2020-07-27 05:00:00,17.84137930304399
2020-07-27 06:00:00,18.144377330220447
2020-07-27 07:00:00,11.118315608333248
2020-07-27 08:00:00,6.613284775000021
2020-07-27 09:00:00,1.5027587305555514
2020-07-27 10:00:00,1.5286674138888807
2020-07-27 11:00:00,1.512465927777773
2020-07-27 12:00:00,1.5314781222222231
2020-07-27 13:00:00,3.7439775027777746
2020-07-27 14:00:00,6.723328186111122
2020-07-27 15:00:00,9.014176899331556
2020-07-27 16:00:00,5.853442686352576
2020-07-27 17:00:00,6.644849457597766
2020-07-27 18:00:00,12.827914511083089
2020-07-27 19:00:00,11.561289511111093
2020-07-27 20:00:00,27.614191048408447
2020-07-27 21:00:00,8.235417758333343
2020-07-27 22:00:00,19.249283524951558
2020-07-27 23:00:00,3.6873801767231136
2020-07-28 00:00:00,1.6048605055555583
2020-07-28 01:00:00,9.708771166967997
2020-07-28 02:00:00,9.69183299692978
2020-07-28 03:00:00,10.342751006248452
2020-07-28 04:00:00,12.104290215263116
2020-07-28 05:00:00,6.481066119444445
2020-07-28 06:00:00,7.067899029808897
2020-07-28 07:00:00,32.0104408436027
2020-07-28 08:00:00,8.449275613888894
2020-07-28 09:00:00,0.0
2020-07-28 10:00:00,0.0
2020-07-28 11:00:00,0.0
2020-07-28 12:00:00,0.0
2020-07-28 13:00:00,0.29279669722222235
2020-07-28 14:00:00,3.372083383333339
2020-07-28 15:00:00,6.176127122222212
2020-07-28 16:00:00,6.646557977777791
2020-07-28 17:00:00,19.844350331151553
2020-07-28 18:00:00,22.703445761987116
2020-07-28 19:00:00,3.1395647738017747
2020-07-28 20:00:00,0.0
2020-07-28 21:00:00,3.1417580971457784
2020-07-28 22:00:00,4.1569784999999895
2020-07-28 23:00:00,21.255475225620444
2020-07-29 00:00:00,32.71966380423819
2020-07-29 01:00:00,24.84637436666669
2020-07-29 02:00:00,17.477093198032435
2020-07-29 03:00:00,5.911117130232888
2020-07-29 04:00:00,0.0
2020-07-29 05:00:00,19.793792783476437
2020-07-29 06:00:00,9.992286594444447
2020-07-29 07:00:00,9.968578083333345
2020-07-29 08:00:00,10.058446224999992
2020-07-29 09:00:00,9.99382498611111
2020-07-29 10:00:00,10.029120780555564
2020-07-29 11:00:00,3.0730968166666663
2020-07-29 12:00:00,0.0
2020-07-29 13:00:00,4.286117952777777
2020-07-29 14:00:00,15.251004938888915
2020-07-29 15:00:00,24.393280374999954
2020-07-29 16:00:00,24.45187471443921
2020-07-29 17:00:00,32.131677494940284
2020-07-29 18:00:00,33.11664866308056
2020-07-29 19:00:00,20.892857851324916
2020-07-29 20:00:00,10.611495833333315
2020-07-29 21:00:00,30.683009071272878
2020-07-29 22:00:00,12.641614335801334
2020-07-29 23:00:00,19.69518585001026
2020-07-30 00:00:00,15.632648502777755
2020-07-30 01:00:00,25.760853109297724
2020-07-30 02:00:00,4.7607092138888865
2020-07-30 03:00:00,14.585317948699554
2020-07-30 04:00:00,8.34114068089737
2020-07-30 05:00:00,38.614094208478676
2020-07-30 06:00:00,13.196843443390678
2020-07-30 07:00:00,5.6108087627777925
2020-07-30 08:00:00,2.0730681425000026
2020-07-30 09:00:00,7.279752821111123
2020-07-30 10:00:00,7.289748183888907
2020-07-30 11:00:00,0.1583245222222222
2020-07-30 12:00:00,0.36661008333333334
2020-07-30 13:00:00,3.289006697222222
2020-07-30 14:00:00,21.66794674803646
2020-07-30 15:00:00,21.52390635950402
2020-07-30 16:00:00,7.910819129625716
2020-07-30 17:00:00,16.97229497885941
2020-07-30 18:00:00,23.97155319278209
2020-07-30 19:00:00,16.989706622906663
2020-07-30 20:00:00,21.962896879623987
2020-07-30 21:00:00,9.130753481964092
2020-07-30 22:00:00,7.428740056816001
2020-07-30 23:00:00,22.019011062115105
2020-07-31 00:00:00,21.714955446121323
2020-07-31 01:00:00,21.573964608595105
2020-07-31 02:00:00,12.550332255420447
2020-07-31 03:00:00,24.575925770954246
2020-07-31 04:00:00,54.89759461928976
2020-07-31 05:00:00,24.97830724532666
2020-07-31 06:00:00,24.448143066475133
2020-07-31 07:00:00,41.54875562108755
2020-07-31 08:00:00,21.523962840313352
2020-07-31 09:00:00,0.4569245086351112
2020-07-31 10:00:00,0.0
2020-07-31 11:00:00,0.0
2020-07-31 12:00:00,0.0
2020-07-31 13:00:00,0.0
2020-07-31 14:00:00,0.0
2020-07-31 15:00:00,8.55814200000001
2020-07-31 16:00:00,13.432062254769642
2020-07-31 17:00:00,11.539133596665886
2020-07-31 18:00:00,24.092868818964742
2020-07-31 19:00:00,17.50112534089828
2020-07-31 20:00:00,14.510704517008902
2020-07-31 21:00:00,10.368684750342203
2020-07-31 22:00:00,1.3072784791625944
2020-07-31 23:00:00,10.053664526243562
2020-08-01 00:00:00,6.574913063888882
2020-08-01 01:00:00,8.977284266666633
2020-08-01 02:00:00,8.922726032288
2020-08-01 03:00:00,24.60289410098846
2020-08-01 04:00:00,13.519001295210671
2020-08-01 05:00:00,38.13587422376752
2020-08-01 06:00:00,23.54965477292489
2020-08-01 07:00:00,7.316854797350661
2020-08-01 08:00:00,0.23651473333333334
2020-08-01 09:00:00,0.24397840277777777
2020-08-01 10:00:00,0.12927451666666664
2020-08-01 11:00:00,0.11491623611111113
2020-08-01 12:00:00,0.23442524166666676
2020-08-01 13:00:00,5.020648432621775
2020-08-01 14:00:00,4.307857921628446
2020-08-01 15:00:00,0.0
2020-08-01 16:00:00,0.0
2020-08-01 17:00:00,0.0
2020-08-01 18:00:00,14.15355322904178
2020-08-01 19:00:00,9.354547690592
2020-08-01 20:00:00,1.2308604311524445
2020-08-01 21:00:00,13.923195571104438
2020-08-01 22:00:00,6.931076055944442
2020-08-01 23:00:00,22.27299884187602
2020-08-02 00:00:00,38.97729515721067
2020-08-02 01:00:00,31.280830956257805
2020-08-02 02:00:00,1.9114458643306667
2020-08-02 03:00:00,6.3490061694444595
2020-08-02 04:00:00,9.964655936111132
2020-08-02 05:00:00,6.574120055555569
2020-08-02 06:00:00,12.825437045963554
2020-08-02 07:00:00,12.801722584414215
2020-08-02 08:00:00,9.869084236111105
2020-08-02 09:00:00,9.86238554722223
2020-08-02 10:00:00,11.053403333333328
2020-08-02 11:00:00,5.228376100000007
2020-08-02 12:00:00,3.4578897027777784
2020-08-02 13:00:00,6.6710326972222225
2020-08-02 14:00:00,17.538535049899544
2020-08-02 15:00:00,18.21922726861112
2020-08-02 16:00:00,8.883708069444443
2020-08-02 17:00:00,18.811577448519554
2020-08-02 18:00:00,12.84931928785555
2020-08-02 19:00:00,10.040723525843111
2020-08-02 20:00:00,12.375864072260901
2020-08-02 21:00:00,14.097244586764889
2020-08-02 22:00:00,30.40216130648489
2020-08-02 23:00:00,51.29942794326801
2020-08-03 00:00:00,10.49896646139467
2020-08-03 01:00:00,12.751006153571108
2020-08-03 02:00:00,9.824937181470665
2020-08-03 03:00:00,15.611385482574223
2020-08-03 04:00:00,55.30548530779822
2020-08-03 05:00:00,19.476718376477784
2020-08-03 06:00:00,0.0
2020-08-03 07:00:00,0.0
2020-08-03 08:00:00,0.0
2020-08-03 09:00:00,0.0
2020-08-03 10:00:00,0.0
2020-08-03 11:00:00,0.0
2020-08-03 12:00:00,0.0
2020-08-03 13:00:00,0.0
2020-08-03 14:00:00,0.0
2020-08-03 15:00:00,5.377086913526665
2020-08-03 16:00:00,24.256848880023313
2020-08-03 17:00:00,9.013114719414038
2020-08-03 18:00:00,12.250012639573455
2020-08-03 19:00:00,21.801974159429356
2020-08-03 20:00:00,9.184756538888882
2020-08-03 21:00:00,6.432651577777777
2020-08-03 22:00:00,16.388164012082232
2020-08-03 23:00:00,39.95921023688696
2020-08-04 00:00:00,27.118337897230383
2020-08-04 01:00:00,29.483260615363378
2020-08-04 02:00:00,13.467664239766208
2020-08-04 03:00:00,4.862420131699112
2020-08-04 04:00:00,24.37226557967646
2020-08-04 05:00:00,1.2600237066666673
2020-08-04 06:00:00,0.0
2020-08-04 07:00:00,0.0
2020-08-04 08:00:00,0.0
2020-08-04 09:00:00,0.0
2020-08-04 10:00:00,0.0
2020-08-04 11:00:00,0.0
2020-08-04 12:00:00,0.0
2020-08-04 13:00:00,0.0
2020-08-04 14:00:00,0.26538005
2020-08-04 15:00:00,6.6126414249999845
2020-08-04 16:00:00,18.863404238333366
2020-08-04 17:00:00,31.974408632715466
2020-08-04 18:00:00,37.555150440921494
2020-08-04 19:00:00,41.16092105710112
2020-08-04 20:00:00,37.88326088040916
2020-08-04 21:00:00,36.285012257576824
2020-08-04 22:00:00,10.525203594675236
2020-08-04 23:00:00,6.928336388888891
2020-08-05 00:00:00,11.382148783333331
2020-08-05 01:00:00,8.17624328333332
2020-08-05 02:00:00,0.0041856666666666665
2020-08-05 03:00:00,22.980373133284903
2020-08-05 04:00:00,9.164801018353144
2020-08-05 05:00:00,14.123246287175709
2020-08-05 06:00:00,16.184712368385497
2020-08-05 07:00:00,7.150159877777787
2020-08-05 08:00:00,6.768270830555558
2020-08-05 09:00:00,6.74624793055556
2020-08-05 10:00:00,4.138442566666675
2020-08-05 11:00:00,0.0
2020-08-05 12:00:00,0.0
2020-08-05 13:00:00,0.0
2020-08-05 14:00:00,0.00430025
2020-08-05 15:00:00,2.885787366666659
2020-08-05 16:00:00,3.4918065194444337
2020-08-05 17:00:00,7.302227419251473
2020-08-05 18:00:00,6.584269535766928
2020-08-05 19:00:00,9.951687071904566
2020-08-05 20:00:00,23.873710122821258
2020-08-05 21:00:00,18.190936197222218
2020-08-05 22:00:00,24.36332514237781
2020-08-05 23:00:00,13.415742763269323
2020-08-06 00:00:00,14.755400524909778
2020-08-06 01:00:00,7.863638168965782
2020-08-06 02:00:00,7.077324434449775
2020-08-06 03:00:00,14.836827824412001
2020-08-06 04:00:00,10.354149777777772
2020-08-06 05:00:00,8.417474449999977
2020-08-06 06:00:00,26.192188502001326
2020-08-06 07:00:00,6.664034473636005
2020-08-06 08:00:00,0.008470799999999999
2020-08-06 09:00:00,0.2353999888888889
2020-08-06 10:00:00,0.24251086388888887
2020-08-06 11:00:00,0.24260615000000008
2020-08-06 12:00:00,0.24160768055555548
2020-08-06 13:00:00,0.37037926666666665
2020-08-06 14:00:00,3.5700354999999977
2020-08-06 15:00:00,6.961099452777773
2020-08-06 16:00:00,9.877999627777786
2020-08-06 17:00:00,9.784314769444439
2020-08-06 18:00:00,7.387486891666669
2020-08-06 19:00:00,6.6600736055555565
2020-08-06 20:00:00,3.8531907833333343
2020-08-06 21:00:00,2.638960591666667
2020-08-06 22:00:00,0.2422176916666667
2020-08-06 23:00:00,0.23339121666666662
2020-08-07 00:00:00,13.618350377777734
2020-08-07 01:00:00,37.42595303617599
2020-08-07 02:00:00,24.335266523559092
2020-08-07 03:00:00,8.630048383333339
2020-08-07 04:00:00,8.043677319185338
2020-08-07 05:00:00,22.072082079233333
2020-08-07 06:00:00,0.0
2020-08-07 07:00:00,0.0
2020-08-07 08:00:00,0.8375570361111114
2020-08-07 09:00:00,0.3021093000000001
2020-08-07 10:00:00,0.0
2020-08-07 11:00:00,0.0
2020-08-07 12:00:00,0.0
2020-08-07 13:00:00,0.0
2020-08-07 14:00:00,1.1168224055555556
2020-08-07 15:00:00,0.8206140527777791
2020-08-07 16:00:00,6.119480538888881
2020-08-07 17:00:00,14.869854708333358
2020-08-07 18:00:00,10.945614522222233
2020-08-07 19:00:00,6.8826378361110905
2020-08-07 20:00:00,20.356923312344005
2020-08-07 21:00:00,16.946135841666674
2020-08-07 22:00:00,16.885525483333367
2020-08-07 23:00:00,22.53179070150577
2020-08-08 00:00:00,23.469445447169793
2020-08-08 01:00:00,17.85066965497689
2020-08-08 02:00:00,4.27977739912489
2020-08-08 03:00:00,10.63281256130889
2020-08-08 04:00:00,7.278339095872004
2020-08-08 05:00:00,2.732244806951111
2020-08-08 06:00:00,21.90194193910356
2020-08-08 07:00:00,15.158262444608466
2020-08-08 08:00:00,6.1403734111111055
2020-08-08 09:00:00,0.0
2020-08-08 10:00:00,0.0
2020-08-08 11:00:00,0.0
2020-08-08 12:00:00,0.0
2020-08-08 13:00:00,0.0
2020-08-08 14:00:00,1.105860711111111
2020-08-08 15:00:00,19.324221033467577
2020-08-08 16:00:00,12.167731762599994
2020-08-08 17:00:00,11.806440359444444
2020-08-08 18:00:00,15.245293334999968
2020-08-08 19:00:00,34.10383262018087
2020-08-08 20:00:00,28.22556704313784
2020-08-08 21:00:00,13.498004741666666
2020-08-08 22:00:00,1.8523009361111158
2020-08-08 23:00:00,1.4066901584564442
2020-08-09 00:00:00,7.697205475884888
2020-08-09 01:00:00,7.719649773223555
2020-08-09 02:00:00,19.288168922492893
2020-08-09 03:00:00,22.572777535469783
2020-08-09 04:00:00,33.91053254285955
2020-08-09 05:00:00,15.519174259645332
2020-08-09 06:00:00,4.429892691666658
2020-08-09 07:00:00,13.812320688888857
2020-08-09 08:00:00,16.727312872222207
2020-08-09 09:00:00,16.697064147222193
2020-08-09 10:00:00,16.6056881444444
2020-08-09 11:00:00,13.215945172222229
2020-08-09 12:00:00,3.108388283333334
2020-08-09 13:00:00,5.706436455555557
2020-08-09 14:00:00,13.74895605277776
2020-08-09 15:00:00,13.393517113888882
2020-08-09 16:00:00,7.291290711111091
2020-08-09 17:00:00,33.97829785357924
2020-08-09 18:00:00,31.35945644942133
2020-08-09 19:00:00,30.956976960912296
2020-08-09 20:00:00,8.945359989578519
2020-08-09 21:00:00,9.361626325543561
2020-08-09 22:00:00,27.885500112724444
2020-08-09 23:00:00,41.23010003051079
2020-08-10 00:00:00,39.080441333906364
2020-08-10 01:00:00,32.3819808421587
2020-08-10 02:00:00,20.046506340631687
2020-08-10 03:00:00,6.54541089722223
2020-08-10 04:00:00,17.164933736115984
2020-08-10 05:00:00,15.288539927704473
2020-08-10 06:00:00,21.306000544444455
2020-08-10 07:00:00,18.750969638888858
2020-08-10 08:00:00,12.94974364027776
2020-08-10 09:00:00,14.63224256111111
2020-08-10 10:00:00,10.156437905555546
2020-08-10 11:00:00,2.9139941250000017
2020-08-10 12:00:00,0.0
2020-08-10 13:00:00,0.0
2020-08-10 14:00:00,0.0
2020-08-10 15:00:00,7.559684312777762
2020-08-10 16:00:00,10.411916563888894
2020-08-10 17:00:00,7.609642030555581
2020-08-10 18:00:00,1.922858238888883
2020-08-10 19:00:00,5.187352430555559
2020-08-10 20:00:00,14.820021583035565
2020-08-10 21:00:00,13.161179880811114
2020-08-10 22:00:00,0.2568376452302223
2020-08-10 23:00:00,7.144187401797334
2020-08-11 00:00:00,0.0
2020-08-11 01:00:00,2.9450257124782215
2020-08-11 02:00:00,12.566401160511584
2020-08-11 03:00:00,21.23944066268575
2020-08-11 04:00:00,12.740632527777771
2020-08-11 05:00:00,9.806238808333342
2020-08-11 06:00:00,9.818165063888921
2020-08-11 07:00:00,2.917312827777777
2020-08-11 08:00:00,0.0
2020-08-11 09:00:00,0.0
2020-08-11 10:00:00,0.0
2020-08-11 11:00:00,0.0
2020-08-11 12:00:00,0.0
2020-08-11 13:00:00,0.0
2020-08-11 14:00:00,4.648090371761778
2020-08-11 15:00:00,8.028278388002672
2020-08-11 16:00:00,27.29094674530274
2020-08-11 17:00:00,33.921985328868445
2020-08-11 18:00:00,39.68823442584418
2020-08-11 19:00:00,17.691564172779163
2020-08-11 20:00:00,14.48115684953681
2020-08-11 21:00:00,38.99912918816191
2020-08-11 22:00:00,25.327861060560632
2020-08-11 23:00:00,21.519833242471435
2020-08-12 00:00:00,18.748513362325802
2020-08-12 01:00:00,22.531416052421786
2020-08-12 02:00:00,18.386796915616447
2020-08-12 03:00:00,16.877235827127556
2020-08-12 04:00:00,1.1707982063453333
2020-08-12 05:00:00,0.2336792388888889
2020-08-12 06:00:00,0.2427651166666666
2020-08-12 07:00:00,11.543879434986662
2020-08-12 08:00:00,0.0
2020-08-12 09:00:00,0.23333055833333333
2020-08-12 10:00:00,0.23651177222222225
2020-08-12 11:00:00,0.10569940277777777
2020-08-12 12:00:00,0.0
2020-08-12 13:00:00,3.224670822222226
2020-08-12 14:00:00,15.639372807637786
2020-08-12 15:00:00,7.464933737043982
2020-08-12 16:00:00,8.753190484142593
2020-08-12 17:00:00,16.005139724095457
2020-08-12 18:00:00,27.888338629224062
2020-08-12 19:00:00,23.234529097880582
2020-08-12 20:00:00,15.534955679461385
2020-08-12 21:00:00,10.725003352332536
2020-08-12 22:00:00,7.662087069580236
2020-08-12 23:00:00,5.901386724965105
2020-08-13 00:00:00,0.0710783012924708
2020-08-13 01:00:00,0.03947549473226826
2020-08-13 02:00:00,9.332864652857776
2020-08-13 03:00:00,14.251640403849217
2020-08-13 04:00:00,13.675479307313779
2020-08-13 05:00:00,19.68140086341288
2020-08-13 06:00:00,0.0
2020-08-13 07:00:00,0.0
2020-08-13 08:00:00,0.0
2020-08-13 09:00:00,0.0
2020-08-13 10:00:00,0.0
2020-08-13 11:00:00,0.0
2020-08-13 12:00:00,0.0
2020-08-13 13:00:00,0.0
2020-08-13 14:00:00,0.0
2020-08-13 15:00:00,15.00805376902932
2020-08-13 16:00:00,19.77949717039246
2020-08-13 17:00:00,14.632984466666677
2020-08-13 18:00:00,20.443615747222246
2020-08-13 19:00:00,25.253102620132893
2020-08-13 20:00:00,7.847470951597771
2020-08-13 21:00:00,9.795864842581777
2020-08-13 22:00:00,0.2441273833333332
2020-08-13 23:00:00,8.900160167386225
2020-08-14 00:00:00,4.651923099365334
2020-08-14 01:00:00,30.324093699555085
2020-08-14 02:00:00,33.97463634773469
2020-08-14 03:00:00,55.859676008502696
2020-08-14 04:00:00,14.893940989172451
2020-08-14 05:00:00,3.4839709999999964
2020-08-14 06:00:00,0.9622072444444439
2020-08-14 07:00:00,0.0
2020-08-14 08:00:00,0.0
2020-08-14 09:00:00,0.0
2020-08-14 10:00:00,0.0
2020-08-14 11:00:00,0.0
2020-08-14 12:00:00,0.0
2020-08-14 13:00:00,8.463899744444445
2020-08-14 14:00:00,10.75480144638888
2020-08-14 15:00:00,13.969235416944436
2020-08-14 16:00:00,16.32048674333333
2020-08-14 17:00:00,20.094247902500022
2020-08-14 18:00:00,21.670346947222235
2020-08-14 19:00:00,12.964112581944438
2020-08-14 20:00:00,6.834348120833324
2020-08-14 21:00:00,8.141597769999992
2020-08-14 22:00:00,12.794542638611102
2020-08-14 23:00:00,9.93355748888889
2020-08-15 00:00:00,22.170198433299547
2020-08-15 01:00:00,22.977867509396443
2020-08-15 02:00:00,25.025484263393302
2020-08-15 03:00:00,36.9164078017898
2020-08-15 04:00:00,38.216011405781316
2020-08-15 05:00:00,40.93117968938622
2020-08-15 06:00:00,14.744248294582675
2020-08-15 07:00:00,24.467230886111107
2020-08-15 08:00:00,19.292586893333358
2020-08-15 09:00:00,10.769286080000048
2020-08-15 10:00:00,0.0
2020-08-15 11:00:00,0.0
2020-08-15 12:00:00,0.0
2020-08-15 13:00:00,0.9406045677777793
2020-08-15 14:00:00,3.4744000181626653
2020-08-15 15:00:00,0.0
2020-08-15 16:00:00,17.968055288513334
2020-08-15 17:00:00,8.022374400851557
2020-08-15 18:00:00,17.77745304076756
2020-08-15 19:00:00,12.269279097222235
2020-08-15 20:00:00,16.532454085126215
2020-08-15 21:00:00,39.95432735390836
2020-08-15 22:00:00,10.68108044293823
2020-08-15 23:00:00,8.45671327653822
2020-08-16 00:00:00,14.867913701899562
2020-08-16 01:00:00,4.785793594376446
2020-08-16 02:00:00,21.29812098637111
2020-08-16 03:00:00,29.472923252088414
2020-08-16 04:00:00,25.54854902894632
2020-08-16 05:00:00,3.594632824179611
2020-08-16 06:00:00,6.792089749999983
2020-08-16 07:00:00,15.20522662777776
2020-08-16 08:00:00,14.546861416666665
2020-08-16 09:00:00,9.85718741666667
2020-08-16 10:00:00,9.878740108333359
2020-08-16 11:00:00,9.976506300000011
2020-08-16 12:00:00,0.8442525472222224
2020-08-16 13:00:00,0.0
2020-08-16 14:00:00,9.786955133355114
2020-08-16 15:00:00,0.39300097915288895
2020-08-16 16:00:00,10.999216379039996
2020-08-16 17:00:00,28.47652031858067
2020-08-16 18:00:00,41.68726720419791
2020-08-16 19:00:00,29.14717201440757
2020-08-16 20:00:00,7.384073944444447
2020-08-16 21:00:00,22.26339758771155
2020-08-16 22:00:00,16.924295251820883
2020-08-16 23:00:00,23.408562084350653
2020-08-17 00:00:00,21.872069915480868
2020-08-17 01:00:00,24.951210118131545
2020-08-17 02:00:00,9.983017186959557
2020-08-17 03:00:00,7.524902036111115
2020-08-17 04:00:00,25.142289858050272
2020-08-17 05:00:00,33.47151581489647
2020-08-17 06:00:00,21.258520205392493
2020-08-17 07:00:00,16.901473363888872
2020-08-17 08:00:00,17.46860133333334
2020-08-17 09:00:00,9.873710808333348
2020-08-17 10:00:00,7.344930138888882
2020-08-17 11:00:00,6.8681618527777655
2020-08-17 12:00:00,7.04996520277778
2020-08-17 13:00:00,9.388912103619106
2020-08-17 14:00:00,19.351821446611993
2020-08-17 15:00:00,0.6403420292675555
2020-08-17 16:00:00,6.885508579204872
2020-08-17 17:00:00,16.48135761135901
2020-08-17 18:00:00,21.3912614619529
2020-08-17 19:00:00,16.538872748721342
2020-08-17 20:00:00,1.9840741444444459
2020-08-17 21:00:00,1.2327536388888904
2020-08-17 22:00:00,1.2452339222222224
2020-08-17 23:00:00,15.088744789323556
2020-08-18 00:00:00,11.274056686662302
2020-08-18 01:00:00,17.0622465989345
2020-08-18 02:00:00,19.417331790111426
2020-08-18 03:00:00,20.305029784463223
2020-08-18 04:00:00,12.227641721155363
2020-08-18 05:00:00,18.198517752573327
2020-08-18 06:00:00,21.753603478281345
2020-08-18 07:00:00,6.809797955555543
2020-08-18 08:00:00,6.843192088888902
2020-08-18 09:00:00,6.783430122222221
2020-08-18 10:00:00,6.6660774472222215
2020-08-18 11:00:00,1.3300060277777785
2020-08-18 12:00:00,1.8214056077591114
2020-08-18 13:00:00,6.414114627076
2020-08-18 14:00:00,1.0785235313608887
2020-08-18 15:00:00,0.9425270055555555
2020-08-18 16:00:00,13.203870263888886
2020-08-18 17:00:00,35.84023230178934
2020-08-18 18:00:00,16.425348732416893
2020-08-18 19:00:00,7.774587483903567
2020-08-18 20:00:00,3.1481691777777745
2020-08-18 21:00:00,15.939794809047996
2020-08-18 22:00:00,14.136711608818219
2020-08-18 23:00:00,21.013283543018666
2020-08-19 00:00:00,20.76375891190712
2020-08-19 01:00:00,13.91457740159067
2020-08-19 02:00:00,8.943243190878222
2020-08-19 03:00:00,22.092550628784885
2020-08-19 04:00:00,8.477478983611123
2020-08-19 05:00:00,17.926059348028947
2020-08-19 06:00:00,4.521525116666645
2020-08-19 07:00:00,0.0
2020-08-19 08:00:00,0.0
2020-08-19 09:00:00,0.0
2020-08-19 10:00:00,0.0
2020-08-19 11:00:00,0.0
2020-08-19 12:00:00,0.0
2020-08-19 13:00:00,4.871322941666667
2020-08-19 14:00:00,12.393382594444452
2020-08-19 15:00:00,13.240488430555564
2020-08-19 16:00:00,7.320199700000004
2020-08-19 17:00:00,28.361948739816448
2020-08-19 18:00:00,24.726284240652433
2020-08-19 19:00:00,11.084014363888894
2020-08-19 20:00:00,13.721222122222237
2020-08-19 21:00:00,9.726909600000024
2020-08-19 22:00:00,11.490245389499552
2020-08-19 23:00:00,19.817525301952443
2020-08-20 00:00:00,23.61617800738445
2020-08-20 01:00:00,1.3810104210182221
2020-08-20 02:00:00,8.243079896697775
2020-08-20 03:00:00,32.89790310492667
2020-08-20 04:00:00,20.37722118051601
2020-08-20 05:00:00,2.561138393629333
2020-08-20 06:00:00,9.478203908977333
2020-08-20 07:00:00,10.15782994870222
2020-08-20 08:00:00,0.8937276583333339
2020-08-20 09:00:00,1.3841293611111096
2020-08-20 10:00:00,1.3685923777777846
2020-08-20 11:00:00,1.079399566666665
2020-08-20 12:00:00,1.3715627861111144
2020-08-20 13:00:00,1.454300330555556
2020-08-20 14:00:00,3.3058062722222474
2020-08-20 15:00:00,3.3209326888889166
2020-08-20 16:00:00,7.890271439666232
2020-08-20 17:00:00,31.360839961900428
2020-08-20 18:00:00,12.942324432913349
2020-08-20 19:00:00,5.130568272222218
2020-08-20 20:00:00,0.09909724722222213
2020-08-20 21:00:00,8.66796983016
2020-08-20 22:00:00,15.257063406987998
2020-08-20 23:00:00,17.056304270078225
2020-08-21 00:00:00,8.078952563333345
2020-08-21 01:00:00,3.4303936444444556
2020-08-21 02:00:00,17.50092357279155
2020-08-21 03:00:00,17.770597548180447
2020-08-21 04:00:00,18.77777499928845
2020-08-21 05:00:00,22.496852386194252
2020-08-21 06:00:00,16.689721324359112
2020-08-21 07:00:00,0.0
2020-08-21 08:00:00,0.0
2020-08-21 09:00:00,0.0
2020-08-21 10:00:00,0.0
2020-08-21 11:00:00,0.0
2020-08-21 12:00:00,0.0
2020-08-21 13:00:00,0.0
2020-08-21 14:00:00,0.6765661055555554
2020-08-21 15:00:00,9.286323148055544
2020-08-21 16:00:00,25.143070248877123
2020-08-21 17:00:00,17.690611856434284
2020-08-21 18:00:00,9.677795786111117
2020-08-21 19:00:00,8.013005249999992
2020-08-21 20:00:00,11.935353264806663
2020-08-21 21:00:00,10.148800743333762
2020-08-21 22:00:00,8.678868194498666
2020-08-21 23:00:00,14.746364598533328
2020-08-22 00:00:00,10.113813400000005
2020-08-22 01:00:00,26.653801170390654
2020-08-22 02:00:00,30.049886998759987
2020-08-22 03:00:00,18.91815977499999
2020-08-22 04:00:00,12.457585300000032
2020-08-22 05:00:00,17.27441684052799
2020-08-22 06:00:00,14.484414008333383
2020-08-22 07:00:00,10.038193708333342
2020-08-22 08:00:00,6.774096266666666
2020-08-22 09:00:00,6.744284677777777
2020-08-22 10:00:00,6.754983705555558
2020-08-22 11:00:00,4.7192000166666705
2020-08-22 12:00:00,0.0
2020-08-22 13:00:00,0.0
2020-08-22 14:00:00,0.0
2020-08-22 15:00:00,0.0
2020-08-22 16:00:00,0.0
2020-08-22 17:00:00,0.0
2020-08-22 18:00:00,9.98141072318801
2020-08-22 19:00:00,4.543492069757335
2020-08-22 20:00:00,7.680081771738488
2020-08-22 21:00:00,10.848827882285708
2020-08-22 22:00:00,20.076128286672834
2020-08-22 23:00:00,14.760536366465818
2020-08-23 00:00:00,10.721422917344087
2020-08-23 01:00:00,13.958784289172813
2020-08-23 02:00:00,14.255351679361892
2020-08-23 03:00:00,1.9785532502715109
2020-08-23 04:00:00,9.773059883333334
2020-08-23 05:00:00,15.515908641666702
2020-08-23 06:00:00,9.528091041666668
2020-08-23 07:00:00,7.176559730555569
2020-08-23 08:00:00,14.973660769444454
2020-08-23 09:00:00,10.188087836111118
2020-08-23 10:00:00,10.74579676666668
2020-08-23 11:00:00,14.71103385833332
2020-08-23 12:00:00,15.450306116666662
2020-08-23 13:00:00,11.243251779532885
2020-08-23 14:00:00,0.23257885555555555
2020-08-23 15:00:00,10.644705213888864
2020-08-23 16:00:00,11.206078958333327
2020-08-23 17:00:00,15.801206231804887
2020-08-23 18:00:00,17.69142224472356
2020-08-23 19:00:00,5.956131832222242
2020-08-23 20:00:00,8.086884748611109
2020-08-23 21:00:00,9.400481361111146
2020-08-23 22:00:00,10.342009132777761
2020-08-23 23:00:00,5.650108826405779
2020-08-24 00:00:00,2.0983647936346723
2020-08-24 01:00:00,6.773338923323152
2020-08-24 02:00:00,6.714227865615619
2020-08-24 03:00:00,2.5084108666666687
2020-08-24 04:00:00,7.230266916666665
2020-08-24 05:00:00,15.088151630956006
2020-08-24 06:00:00,9.957229725000015
2020-08-24 07:00:00,10.13458862222221
2020-08-24 08:00:00,10.096458230555543
2020-08-24 09:00:00,10.173685322222237
2020-08-24 10:00:00,5.268576627777775
2020-08-24 11:00:00,0.023955999999999998
2020-08-24 12:00:00,0.21347708333333332
2020-08-24 13:00:00,0.2431628777777778
2020-08-24 14:00:00,0.0
2020-08-24 15:00:00,10.647295894722234
2020-08-24 16:00:00,21.744501859750162
2020-08-24 17:00:00,24.020194026122244
2020-08-24 18:00:00,20.433095231412544
2020-08-24 19:00:00,3.829053370316017
2020-08-24 20:00:00,6.564211272416809
2020-08-24 21:00:00,3.564724439679031
2020-08-24 22:00:00,8.980048155287882
2020-08-24 23:00:00,10.848365948724409
2020-08-25 00:00:00,0.0
2020-08-25 01:00:00,0.23576696944444447
2020-08-25 02:00:00,1.9516537722222191
2020-08-25 03:00:00,23.19914560034489
2020-08-25 04:00:00,20.00571717612847
2020-08-25 05:00:00,12.77322498611109
2020-08-25 06:00:00,13.629472008333343
2020-08-25 07:00:00,8.47458853055556
2020-08-25 08:00:00,6.446192383333349
2020-08-25 09:00:00,6.177772605555542
2020-08-25 10:00:00,6.517962569444467
2020-08-25 11:00:00,6.686076852777788
2020-08-25 12:00:00,5.237165913888891
2020-08-25 13:00:00,0.4346050138888887
2020-08-25 14:00:00,0.0
2020-08-25 15:00:00,0.0
2020-08-25 16:00:00,5.736739610443117
2020-08-25 17:00:00,12.090465641131281
2020-08-25 18:00:00,8.76271597209184
2020-08-25 19:00:00,10.696765111890366
2020-08-25 20:00:00,12.49452859111695
2020-08-25 21:00:00,6.198517066747474
2020-08-25 22:00:00,0.03043166286526069
2020-08-25 23:00:00,7.685043541212471
2020-08-26 00:00:00,19.416861091124638
2020-08-26 01:00:00,38.473592853237406
2020-08-26 02:00:00,0.0
2020-08-26 03:00:00,0.0
2020-08-26 04:00:00,0.0
2020-08-26 05:00:00,0.0
2020-08-26 06:00:00,0.0
2020-08-26 07:00:00,2.1886285638888876
2020-08-26 08:00:00,6.73039445833333
2020-08-26 09:00:00,6.7676096527777725
2020-08-26 10:00:00,6.714624222222219
2020-08-26 11:00:00,6.723273597222222
2020-08-26 12:00:00,6.782647666666678
2020-08-26 13:00:00,2.993617333333334
2020-08-26 14:00:00,0.7305722416666669
2020-08-26 15:00:00,3.7354874583333375
2020-08-26 16:00:00,12.821595288891997
2020-08-26 17:00:00,9.646123987199521
2020-08-26 18:00:00,12.063106670457246
2020-08-26 19:00:00,27.13327680009288
2020-08-26 20:00:00,10.24614971860534
2020-08-26 21:00:00,6.245876050418143
2020-08-26 22:00:00,8.543789839024653
2020-08-26 23:00:00,9.111965284742459
2020-08-27 00:00:00,11.35366074173423
2020-08-27 01:00:00,4.66954591666667
2020-08-27 02:00:00,9.13147311666667
2020-08-27 03:00:00,12.805868994444452
2020-08-27 04:00:00,8.646439838888892
2020-08-27 05:00:00,7.88392178055556
2020-08-27 06:00:00,8.605573975000011
2020-08-27 07:00:00,19.644681989636457
2020-08-27 08:00:00,2.5351043611111184
2020-08-27 09:00:00,1.7983501250000056
2020-08-27 10:00:00,1.8008499166666716
2020-08-27 11:00:00,1.7988500833333378
2020-08-27 12:00:00,1.7999509305555583
2020-08-27 13:00:00,1.8056523333333339
2020-08-27 14:00:00,1.8006574444444496
2020-08-27 15:00:00,2.742415577777775
2020-08-27 16:00:00,12.173771477534057
2020-08-27 17:00:00,24.618978085768923
2020-08-27 18:00:00,22.54893714485035
2020-08-27 19:00:00,23.356284105167198
2020-08-27 20:00:00,20.24054149358948
2020-08-27 21:00:00,15.309221253486978
2020-08-27 22:00:00,11.29367754652409
2020-08-27 23:00:00,18.594323247910346
2020-08-28 00:00:00,6.654016240222126
2020-08-28 01:00:00,10.29544829685854
2020-08-28 02:00:00,13.54339847507331
2020-08-28 03:00:00,24.617049735146864
2020-08-28 04:00:00,14.247896470012293
2020-08-28 05:00:00,34.594661787663355
2020-08-28 06:00:00,14.823070450180467
2020-08-28 07:00:00,16.107788949999996
2020-08-28 08:00:00,17.21614164166669
2020-08-28 09:00:00,17.122498883333357
2020-08-28 10:00:00,14.223984808333345
2020-08-28 11:00:00,10.395398533333337
2020-08-28 12:00:00,5.252315897222223
2020-08-28 13:00:00,0.0
2020-08-28 14:00:00,2.723770283333338
2020-08-28 15:00:00,3.421391169444445
2020-08-28 16:00:00,10.858889551574872
2020-08-28 17:00:00,21.047970070759398
2020-08-28 18:00:00,22.88721568122317
2020-08-28 19:00:00,17.45319211823901
2020-08-28 20:00:00,6.6800955812045535
2020-08-28 21:00:00,4.726180654735543
2020-08-28 22:00:00,0.1344018103128116
2020-08-28 23:00:00,0.0
2020-08-29 00:00:00,8.066458069039555
2020-08-29 01:00:00,1.8507678598008888
2020-08-29 02:00:00,0.0
2020-08-29 03:00:00,0.0
2020-08-29 04:00:00,2.696806102777773
2020-08-29 05:00:00,6.730062061111112
2020-08-29 06:00:00,6.87876522499999
2020-08-29 07:00:00,6.404238550000005
2020-08-29 08:00:00,6.693134397222224
2020-08-29 09:00:00,11.654147627777778
2020-08-29 10:00:00,7.243889055555569
2020-08-29 11:00:00,6.776345338888894
2020-08-29 12:00:00,6.8097445166666875
2020-08-29 13:00:00,6.79608618333335
2020-08-29 14:00:00,6.794374338888897
2020-08-29 15:00:00,1.922392205555556
2020-08-29 16:00:00,2.4298781605973323
2020-08-29 17:00:00,22.11716270488621
2020-08-29 18:00:00,6.820595833333316
2020-08-29 19:00:00,6.823623216666652
2020-08-29 20:00:00,6.843745883333334
2020-08-29 21:00:00,9.914745702777779
2020-08-29 22:00:00,11.851114738888896
2020-08-29 23:00:00,9.1014590528849
2020-08-30 00:00:00,10.437610674655108
2020-08-30 01:00:00,0.1943115583333334
2020-08-30 02:00:00,8.525245036111112
2020-08-30 03:00:00,24.813075144444426
2020-08-30 04:00:00,26.72748699722233
2020-08-30 05:00:00,12.328839550000001
2020-08-30 06:00:00,2.1087045777777766
2020-08-30 07:00:00,6.708156866666659
2020-08-30 08:00:00,11.67346176944444
2020-08-30 09:00:00,16.736617036111124
2020-08-30 10:00:00,12.358619477777797
2020-08-30 11:00:00,10.073507230555547
2020-08-30 12:00:00,10.397730604892448
2020-08-30 13:00:00,15.676081645731111
2020-08-30 14:00:00,0.0
2020-08-30 15:00:00,3.7863388944444476
2020-08-30 16:00:00,3.196943625000001
2020-08-30 17:00:00,24.760007426507087
2020-08-30 18:00:00,38.027651282370705
2020-08-30 19:00:00,15.565687885979113
2020-08-30 20:00:00,1.939318963332
2020-08-30 21:00:00,17.274745265223128
2020-08-30 22:00:00,36.09354309978187
2020-08-30 23:00:00,34.385491974690666
2020-08-31 00:00:00,23.486350812940415
2020-08-31 01:00:00,27.43080201608866
2020-08-31 02:00:00,34.42066709649729
2020-08-31 03:00:00,41.80068572670001
2020-08-31 04:00:00,22.54902125117915
2020-08-31 05:00:00,10.196397536712007
2020-08-31 06:00:00,0.0
2020-08-31 07:00:00,3.057933686111113
2020-08-31 08:00:00,10.015550116666677
2020-08-31 09:00:00,10.160068333333328
2020-08-31 10:00:00,10.053746858333334
2020-08-31 11:00:00,1.1316304166666673
2020-08-31 12:00:00,0.011550152777777779
2020-08-31 13:00:00,0.2522998750000001
2020-08-31 14:00:00,0.0
2020-08-31 15:00:00,11.552200287955042
2020-08-31 16:00:00,27.370728650803297
2020-08-31 17:00:00,29.088233240207277
2020-08-31 18:00:00,34.36466985491818
2020-08-31 19:00:00,30.37322195210458
2020-08-31 20:00:00,15.965781301452324
2020-08-31 21:00:00,1.1415590626072563
2020-08-31 22:00:00,1.6971751671448883
2020-08-31 23:00:00,14.556313995910006
2020-09-01 00:00:00,21.895655911303113
2020-09-01 01:00:00,5.448725618914428
2020-09-01 02:00:00,1.1504534897355585
2020-09-01 03:00:00,5.84137522499999
2020-09-01 04:00:00,16.39165832428179
2020-09-01 05:00:00,7.288294116550675
2020-09-01 06:00:00,25.66196602147022
2020-09-01 07:00:00,10.397249075244899
2020-09-01 08:00:00,6.894666113888893
2020-09-01 09:00:00,6.705239408333325
2020-09-01 10:00:00,0.6803159805555561
2020-09-01 11:00:00,0.0
2020-09-01 12:00:00,0.0
2020-09-01 13:00:00,0.0
2020-09-01 14:00:00,0.0
2020-09-01 15:00:00,2.6355783829431116
2020-09-01 16:00:00,19.145436045332
2020-09-01 17:00:00,19.607457659589222
2020-09-01 18:00:00,17.20654040904206
2020-09-01 19:00:00,11.919667426134971
2020-09-01 20:00:00,13.935112413281333
2020-09-01 21:00:00,23.465811382380252
2020-09-01 22:00:00,8.985169340459567
2020-09-01 23:00:00,2.7811337257983153
2020-09-02 00:00:00,1.130614744026288
2020-09-02 01:00:00,3.145228189069779
2020-09-02 02:00:00,18.680683982641785
2020-09-02 03:00:00,0.0
2020-09-02 04:00:00,18.117400071003562
2020-09-02 05:00:00,3.5121783141506673
2020-09-02 06:00:00,19.79348115956177
2020-09-02 07:00:00,1.4283953431164444
2020-09-02 08:00:00,0.0
2020-09-02 09:00:00,0.0
2020-09-02 10:00:00,0.0
2020-09-02 11:00:00,0.0
2020-09-02 12:00:00,0.0
2020-09-02 13:00:00,0.0
2020-09-02 14:00:00,1.8583595444444405
2020-09-02 15:00:00,4.741874525000007
2020-09-02 16:00:00,11.922361083523102
2020-09-02 17:00:00,22.019642660800116
2020-09-02 18:00:00,23.700292707954286
2020-09-02 19:00:00,17.462663213884355
2020-09-02 20:00:00,16.80348223189975
2020-09-02 21:00:00,10.610293008075349
2020-09-02 22:00:00,13.20541288054267
2020-09-02 23:00:00,15.651064847633334
2020-09-03 00:00:00,8.414126305492
2020-09-03 01:00:00,21.668141452855554
2020-09-03 02:00:00,8.144317664667556
2020-09-03 03:00:00,10.285046694444464
2020-09-03 04:00:00,22.771111672222254
2020-09-03 05:00:00,25.234926202777793
2020-09-03 06:00:00,28.988961166666716
2020-09-03 07:00:00,20.00052251388893
2020-09-03 08:00:00,20.060531308333317
2020-09-03 09:00:00,7.644376263888905
2020-09-03 10:00:00,6.25679868333335
2020-09-03 11:00:00,6.37929995
2020-09-03 12:00:00,1.3035040472222237
2020-09-03 13:00:00,0.0
2020-09-03 14:00:00,0.0
2020-09-03 15:00:00,3.919648736111111
2020-09-03 16:00:00,18.247054612318063
2020-09-03 17:00:00,44.44990200400435
2020-09-03 18:00:00,46.463770533234126
2020-09-03 19:00:00,51.854540969772756
2020-09-03 20:00:00,63.00135422300324
2020-09-03 21:00:00,23.452715910204073
2020-09-03 22:00:00,16.234401376987645
2020-09-03 23:00:00,23.9619106379104
2020-09-04 00:00:00,12.160731766745421
2020-09-04 01:00:00,14.713205090589481
2020-09-04 02:00:00,11.079828318622228
2020-09-04 03:00:00,0.9817800262111114
2020-09-04 04:00:00,4.600762048358677
2020-09-04 05:00:00,19.254052644281973
2020-09-04 06:00:00,17.008051841666642
2020-09-04 07:00:00,21.37225059444446
2020-09-04 08:00:00,16.85477211111112
2020-09-04 09:00:00,10.358210183333378
2020-09-04 10:00:00,9.951210500000014
2020-09-04 11:00:00,4.389345866666674
2020-09-04 12:00:00,0.0
2020-09-04 13:00:00,0.0
2020-09-04 14:00:00,0.0
2020-09-04 15:00:00,19.070440890337782
2020-09-04 16:00:00,19.091501482742707
2020-09-04 17:00:00,14.784556558521729
2020-09-04 18:00:00,25.95487993910381
2020-09-04 19:00:00,10.8642629355382
2020-09-04 20:00:00,0.09903754969042425
2020-09-04 21:00:00,1.4015914212860852
2020-09-04 22:00:00,0.8915181405344477
2020-09-04 23:00:00,0.00028917128272066666
2020-09-05 00:00:00,0.1947923102775076
2020-09-05 01:00:00,15.128205325674667
2020-09-05 02:00:00,30.086979594115544
2020-09-05 03:00:00,11.266297771160879
2020-09-05 04:00:00,16.066745879869334
2020-09-05 05:00:00,15.046302075670663
2020-09-05 06:00:00,15.566899621033334
2020-09-05 07:00:00,14.466832925000002
2020-09-05 08:00:00,0.0
2020-09-05 09:00:00,0.0
2020-09-05 10:00:00,0.0
2020-09-05 11:00:00,0.0
2020-09-05 12:00:00,0.0
2020-09-05 13:00:00,0.0
2020-09-05 14:00:00,0.0
2020-09-05 15:00:00,8.432053824110222
2020-09-05 16:00:00,0.0
2020-09-05 17:00:00,9.66887980998178
2020-09-05 18:00:00,24.89019223597556
2020-09-05 19:00:00,10.371156916666672
2020-09-05 20:00:00,10.229693577777786
2020-09-05 21:00:00,24.05153254259781
2020-09-05 22:00:00,42.26677691663518
2020-09-05 23:00:00,30.421371085309342
2020-09-06 00:00:00,10.082613689383146
2020-09-06 01:00:00,7.2570057500000145
2020-09-06 02:00:00,22.81541471150711
2020-09-06 03:00:00,22.140971197857784
2020-09-06 04:00:00,20.390449991110223
2020-09-06 05:00:00,27.28437462837688
2020-09-06 06:00:00,21.58171925317377
2020-09-06 07:00:00,17.193669916666686
2020-09-06 08:00:00,20.962557425
2020-09-06 09:00:00,17.555515127777724
2020-09-06 10:00:00,9.005452091666644
2020-09-06 11:00:00,7.158857552777772
2020-09-06 12:00:00,2.360885805555554
2020-09-06 13:00:00,0.0
2020-09-06 14:00:00,5.042334447222227
2020-09-06 15:00:00,12.331067178392003
2020-09-06 16:00:00,17.436161894871564
2020-09-06 17:00:00,7.474121602777792
2020-09-06 18:00:00,18.15189822936358
2020-09-06 19:00:00,31.661453845641518
2020-09-06 20:00:00,32.37961416270773
2020-09-06 21:00:00,14.476078000869027
2020-09-06 22:00:00,17.710777464196134
2020-09-06 23:00:00,21.797421520870905
2020-09-07 00:00:00,10.350573571997797
2020-09-07 01:00:00,13.623292091616023
2020-09-07 02:00:00,8.565283863774676
2020-09-07 03:00:00,3.386014499931994
2020-09-07 04:00:00,18.125791224433243
2020-09-07 05:00:00,38.78829189874102
2020-09-07 06:00:00,36.421969829326365
2020-09-07 07:00:00,23.738386363750084
2020-09-07 08:00:00,14.874585434077368
2020-09-07 09:00:00,14.544305111111122
2020-09-07 10:00:00,14.625513716666683
2020-09-07 11:00:00,13.737425200000006
2020-09-07 12:00:00,1.7452853749999988
2020-09-07 13:00:00,0.0
2020-09-07 14:00:00,0.0
2020-09-07 15:00:00,9.475306671962667
2020-09-07 16:00:00,4.905119156014663
2020-09-07 17:00:00,10.180459503234221
2020-09-07 18:00:00,6.6509504001893305
2020-09-07 19:00:00,2.9977899140204443
2020-09-07 20:00:00,43.85639289011291
2020-09-07 21:00:00,16.896938651547117
2020-09-07 22:00:00,3.873950358333343
2020-09-07 23:00:00,2.571543083333337
2020-09-08 00:00:00,1.8907610944444482
2020-09-08 01:00:00,14.662076907527108
2020-09-08 02:00:00,10.552063502777772
2020-09-08 03:00:00,10.543968988888894
2020-09-08 04:00:00,15.525103835987128
2020-09-08 05:00:00,46.536669754008464
2020-09-08 06:00:00,19.411288129956006
2020-09-08 07:00:00,6.985249200000005
2020-09-08 08:00:00,6.961702138888878
2020-09-08 09:00:00,6.914496749999983
2020-09-08 10:00:00,5.616061499999993
2020-09-08 11:00:00,0.0
2020-09-08 12:00:00,0.0
2020-09-08 13:00:00,0.0
2020-09-08 14:00:00,0.0
2020-09-08 15:00:00,0.9292474833333341
2020-09-08 16:00:00,9.843946090566819
2020-09-08 17:00:00,29.01381640031144
2020-09-08 18:00:00,41.69564670018539
2020-09-08 19:00:00,37.556195052117225
2020-09-08 20:00:00,27.213849384500477
2020-09-08 21:00:00,15.322978843885132
2020-09-08 22:00:00,13.872741888594229
2020-09-08 23:00:00,18.791104577621347
2020-09-09 00:00:00,19.92726879639155
2020-09-09 01:00:00,8.817139510809774
2020-09-09 02:00:00,4.922103338965005
2020-09-09 03:00:00,30.805637135857708
2020-09-09 04:00:00,18.86033096713379
2020-09-09 05:00:00,12.822086928670672
2020-09-09 06:00:00,19.303980129011563
2020-09-09 07:00:00,5.665393100000003
2020-09-09 08:00:00,5.092803708333337
2020-09-09 09:00:00,3.878110999999991
2020-09-09 10:00:00,0.0
2020-09-09 11:00:00,0.0
2020-09-09 12:00:00,0.0
2020-09-09 13:00:00,0.0
2020-09-09 14:00:00,0.0
2020-09-09 15:00:00,0.0
2020-09-09 16:00:00,5.682667535570579
2020-09-09 17:00:00,7.1681641795659585
2020-09-09 18:00:00,11.132344854649414
2020-09-09 19:00:00,16.667932665179972
2020-09-09 20:00:00,12.614785794067997
2020-09-09 21:00:00,17.76826280598916
2020-09-09 22:00:00,8.383929535481155
2020-09-09 23:00:00,11.975897637660186
2020-09-10 00:00:00,11.020198112237427
2020-09-10 01:00:00,2.711286213888891
2020-09-10 02:00:00,4.096025377777774
2020-09-10 03:00:00,8.89208394852844
2020-09-10 04:00:00,18.974035239459113
2020-09-10 05:00:00,53.68264480477241
2020-09-10 06:00:00,36.835587630796425
2020-09-10 07:00:00,10.368481838888897
2020-09-10 08:00:00,10.341547180555542
2020-09-10 09:00:00,10.34527558333334
2020-09-10 10:00:00,10.357399147222212
2020-09-10 11:00:00,1.6495356111111117
2020-09-10 12:00:00,0.0
2020-09-10 13:00:00,0.0
2020-09-10 14:00:00,0.0
2020-09-10 15:00:00,18.190110825522627
2020-09-10 16:00:00,17.269390604924574
2020-09-10 17:00:00,21.634411826706575
2020-09-10 18:00:00,20.583996520696328
2020-09-10 19:00:00,9.860557963888892
2020-09-10 20:00:00,11.288304033333329
2020-09-10 21:00:00,7.317677606566234
2020-09-10 22:00:00,20.969792429239543
2020-09-10 23:00:00,25.586490370808015
2020-09-11 00:00:00,22.471383514808426
2020-09-11 01:00:00,9.000865334265782
2020-09-11 02:00:00,18.713986345241786
2020-09-11 03:00:00,44.475470582785775
2020-09-11 04:00:00,18.820264785086234
2020-09-11 05:00:00,8.651202360209336
2020-09-11 06:00:00,0.230457075
2020-09-11 07:00:00,0.23874050833333343
2020-09-11 08:00:00,0.23983843055555562
2020-09-11 09:00:00,0.2299647999999999
2020-09-11 10:00:00,0.2434086083333333
2020-09-11 11:00:00,0.23253415555555557
2020-09-11 12:00:00,0.2367657888888889
2020-09-11 13:00:00,0.23269102777777778
2020-09-11 14:00:00,0.0
2020-09-11 15:00:00,2.1103611773641737
2020-09-11 16:00:00,12.709955092361373
2020-09-11 17:00:00,16.516950640473457
2020-09-11 18:00:00,23.535564322160866
2020-09-11 19:00:00,24.158129942520166
2020-09-11 20:00:00,14.386009010655929
2020-09-11 21:00:00,8.532286230161084
2020-09-11 22:00:00,4.282576357040966
2020-09-11 23:00:00,19.698617894180302
2020-09-12 00:00:00,10.959053415077994
2020-09-12 01:00:00,15.103007101962644
2020-09-12 02:00:00,13.547766004736523
2020-09-12 03:00:00,7.412313629039
2020-09-12 04:00:00,14.68766534222318
2020-09-12 05:00:00,6.061606375432145
2020-09-12 06:00:00,0.3489826140377777
2020-09-12 07:00:00,5.026105614954666
2020-09-12 08:00:00,0.0
2020-09-12 09:00:00,0.0
2020-09-12 10:00:00,0.0
2020-09-12 11:00:00,0.0
2020-09-12 12:00:00,0.0
2020-09-12 13:00:00,0.0
2020-09-12 14:00:00,0.0
2020-09-12 15:00:00,5.73027558121022
2020-09-12 16:00:00,17.757957107077782
2020-09-12 17:00:00,20.568667996020448
2020-09-12 18:00:00,9.446351019060447
2020-09-12 19:00:00,26.302458793204462
2020-09-12 20:00:00,21.02824907719912
2020-09-12 21:00:00,3.2084180472222132
2020-09-12 22:00:00,5.062524090944887
2020-09-12 23:00:00,12.45512147836889
2020-09-13 00:00:00,15.802136126817325
2020-09-13 01:00:00,1.892617208333326
2020-09-13 02:00:00,4.495360805555542
2020-09-13 03:00:00,2.5692393444444415
2020-09-13 04:00:00,21.51352603707513
2020-09-13 05:00:00,17.616441479764468
2020-09-13 06:00:00,23.406780883970203
2020-09-13 07:00:00,31.16400500716044
2020-09-13 08:00:00,17.15699894203244
2020-09-13 09:00:00,18.276157538888906
2020-09-13 10:00:00,10.080709205555554
2020-09-13 11:00:00,3.9190758333333218
2020-09-13 12:00:00,4.004223738888887
2020-09-13 13:00:00,4.204423441666668
2020-09-13 14:00:00,4.0631684222222075
2020-09-13 15:00:00,12.77708973836
2020-09-13 16:00:00,9.900747451746662
2020-09-13 17:00:00,13.804693200392464
2020-09-13 18:00:00,42.66695630819158
2020-09-13 19:00:00,14.17830616820002
2020-09-13 20:00:00,9.822409450000002
2020-09-13 21:00:00,23.579378360700446
2020-09-13 22:00:00,23.060459434175993
2020-09-13 23:00:00,18.95431869214847
2020-09-14 00:00:00,52.99303223726579
2020-09-14 01:00:00,28.689828164957795
2020-09-14 02:00:00,41.67938253774536
2020-09-14 03:00:00,34.23936260089911
2020-09-14 04:00:00,19.895018714431092
2020-09-14 05:00:00,20.0664674
2020-09-14 06:00:00,25.327519441340897
2020-09-14 07:00:00,19.939251636111084
2020-09-14 08:00:00,19.972966716666654
2020-09-14 09:00:00,17.506988752777797
2020-09-14 10:00:00,10.784887522222238
2020-09-14 11:00:00,0.7665565416666668
2020-09-14 12:00:00,0.28451712222222214
2020-09-14 13:00:00,0.3823706194444446
2020-09-14 14:00:00,0.2606393500000001
2020-09-14 15:00:00,2.668065287753918
2020-09-14 16:00:00,11.895922990267367
2020-09-14 17:00:00,15.866381074970747
2020-09-14 18:00:00,29.193574945492212
2020-09-14 19:00:00,42.84295134075734
2020-09-14 20:00:00,45.50452626913041
2020-09-14 21:00:00,17.612592683479985
2020-09-14 22:00:00,11.574874291891996
2020-09-14 23:00:00,11.140977813296933
2020-09-15 00:00:00,7.95821649912313
2020-09-15 01:00:00,17.754812970437243
2020-09-15 02:00:00,6.361707193495883
2020-09-15 03:00:00,4.230607815843852
2020-09-15 04:00:00,11.68245025123268
2020-09-15 05:00:00,11.301978291666666
2020-09-15 06:00:00,12.19918178055555
2020-09-15 07:00:00,6.09853113055555
2020-09-15 08:00:00,10.634464698096894
2020-09-15 09:00:00,3.963591433333338
2020-09-15 10:00:00,3.9503562833333405
2020-09-15 11:00:00,3.949694038888892
2020-09-15 12:00:00,0.11660371666666668
2020-09-15 13:00:00,0.0
2020-09-15 14:00:00,0.933583144444447
2020-09-15 15:00:00,0.6113095738445474
2020-09-15 16:00:00,17.129594333316927
2020-09-15 17:00:00,30.241695738545822
2020-09-15 18:00:00,27.555899787004385
2020-09-15 19:00:00,12.784278833319801
2020-09-15 20:00:00,10.517079346483811
2020-09-15 21:00:00,12.87967554301029
2020-09-15 22:00:00,7.0303806970240075
2020-09-15 23:00:00,35.574752728300155
2020-09-16 00:00:00,15.203362926460013
2020-09-16 01:00:00,10.395522969444439
2020-09-16 02:00:00,9.24508009722224
2020-09-16 03:00:00,12.911745366805334
2020-09-16 04:00:00,8.60063257728799
2020-09-16 05:00:00,26.578249112261815
2020-09-16 06:00:00,24.3466659639369
2020-09-16 07:00:00,15.526368023104894
2020-09-16 08:00:00,14.611306430555569
2020-09-16 09:00:00,14.853045613888886
2020-09-16 10:00:00,5.079287386111104
2020-09-16 11:00:00,4.159102138888886
2020-09-16 12:00:00,0.3820759166666666
2020-09-16 13:00:00,0.0
2020-09-16 14:00:00,0.32749882777777783
2020-09-16 15:00:00,3.1528709304089793
2020-09-16 16:00:00,21.258579107621028
2020-09-16 17:00:00,11.118171341642167
2020-09-16 18:00:00,5.251713911111122
2020-09-16 19:00:00,5.484315878033778
2020-09-16 20:00:00,6.246050972088347
2020-09-16 21:00:00,2.2265953943874646
2020-09-16 22:00:00,1.8055759444444452
2020-09-16 23:00:00,9.840044080747553
2020-09-17 00:00:00,7.982926053695544
2020-09-17 01:00:00,18.382656060717384
2020-09-17 02:00:00,11.653253082681644
2020-09-17 03:00:00,6.336852163888905
2020-09-17 04:00:00,18.560746244444445
2020-09-17 05:00:00,14.203026208333322
2020-09-17 06:00:00,4.299142958333337
2020-09-17 07:00:00,0.0
2020-09-17 08:00:00,0.0
2020-09-17 09:00:00,0.0
2020-09-17 10:00:00,0.0
2020-09-17 11:00:00,0.0
2020-09-17 12:00:00,0.0
2020-09-17 13:00:00,0.0
2020-09-17 14:00:00,1.3882145472222227
2020-09-17 15:00:00,5.321775388888895
2020-09-17 16:00:00,6.450286616666667
2020-09-17 17:00:00,10.037633458333335
2020-09-17 18:00:00,14.655031868576433
2020-09-17 19:00:00,25.98943755850712
2020-09-17 20:00:00,7.202019828676557
2020-09-17 21:00:00,4.14897223397687
2020-09-17 22:00:00,2.491508241666668
2020-09-17 23:00:00,24.07981905798179
2020-09-18 00:00:00,29.327426123186672
2020-09-18 01:00:00,3.0075335520315543
2020-09-18 02:00:00,11.491369692677342
2020-09-18 03:00:00,9.727842212067102
2020-09-18 04:00:00,6.519718613888882
2020-09-18 05:00:00,25.595079620296218
2020-09-18 06:00:00,28.634769684606674
2020-09-18 07:00:00,4.105783483347114
2020-09-18 08:00:00,7.539131421157331
2020-09-18 09:00:00,4.470734120862214
2020-09-18 10:00:00,3.8359486861111036
2020-09-18 11:00:00,4.032792555555552
2020-09-18 12:00:00,4.117068652777773
2020-09-18 13:00:00,6.421609183273789
2020-09-18 14:00:00,18.523364289094822
2020-09-18 15:00:00,10.840917787760612
2020-09-18 16:00:00,13.029712344555804
2020-09-18 17:00:00,11.781739545120576
2020-09-18 18:00:00,5.198355625803718
2020-09-18 19:00:00,6.871062647222221
2020-09-18 20:00:00,13.121887740511173
2020-09-18 21:00:00,15.400341217190576
2020-09-18 22:00:00,9.688979800282345
2020-09-18 23:00:00,22.192787573068795
2020-09-19 00:00:00,11.641010869696046
2020-09-19 01:00:00,13.524778916778462
2020-09-19 02:00:00,0.3073804327901987
2020-09-19 03:00:00,3.7455336593650803
2020-09-19 04:00:00,23.612316954844896
2020-09-19 05:00:00,14.918346436951111
2020-09-19 06:00:00,9.266174995842226
2020-09-19 07:00:00,1.3862079777777792
2020-09-19 08:00:00,1.380233436111111
2020-09-19 09:00:00,1.3790671055555552
2020-09-19 10:00:00,1.377925780555555
2020-09-19 11:00:00,1.3839056805555547
2020-09-19 12:00:00,1.3757145749999993
2020-09-19 13:00:00,1.384245041666668
2020-09-19 14:00:00,3.274911213888889
2020-09-19 15:00:00,1.8329457805555596
2020-09-19 16:00:00,28.17946228468088
2020-09-19 17:00:00,42.86539059486002
2020-09-19 18:00:00,36.55644557660133
2020-09-19 19:00:00,46.19674214210889
2020-09-19 20:00:00,17.51385895844401
2020-09-19 21:00:00,4.290441500240887
2020-09-19 22:00:00,2.631778569444442
2020-09-19 23:00:00,10.20585972907843
2020-09-20 00:00:00,20.21859012999621
2020-09-20 01:00:00,6.461088060755393
2020-09-20 02:00:00,5.542843571366894
2020-09-20 03:00:00,20.56831057297258
2020-09-20 04:00:00,68.45728123748056
2020-09-20 05:00:00,76.74636940591073
2020-09-20 06:00:00,31.86465636582676
2020-09-20 07:00:00,17.185812077212663
2020-09-20 08:00:00,7.473374959954446
2020-09-20 09:00:00,7.222551206668856
2020-09-20 10:00:00,7.035480349250585
2020-09-20 11:00:00,6.942655838888881
2020-09-20 12:00:00,4.550607411111111
2020-09-20 13:00:00,0.0
2020-09-20 14:00:00,6.576142258180446
2020-09-20 15:00:00,8.69564069485241
2020-09-20 16:00:00,8.466938631028043
2020-09-20 17:00:00,24.936085547222245
2020-09-20 18:00:00,41.263912317936466
2020-09-20 19:00:00,21.54162022147156
2020-09-20 20:00:00,11.340360952777775
2020-09-20 21:00:00,18.727298085802662
2020-09-20 22:00:00,16.996610079231107
2020-09-20 23:00:00,28.403212355043983
2020-09-21 00:00:00,22.625743052777775
2020-09-21 01:00:00,26.15666772125425
2020-09-21 02:00:00,29.683367956339126
2020-09-21 03:00:00,43.91667350690177
2020-09-21 04:00:00,51.21554031282801
2020-09-21 05:00:00,13.146707338888898
2020-09-21 06:00:00,11.083519836111096
2020-09-21 07:00:00,12.733580591666673
2020-09-21 08:00:00,15.78756571666666
2020-09-21 09:00:00,15.674667830555546
2020-09-21 10:00:00,16.605674891666666
2020-09-21 11:00:00,12.342719449999995
2020-09-21 12:00:00,9.68384273055556
2020-09-21 13:00:00,0.23780662777777792
2020-09-21 14:00:00,0.17112559444444447
2020-09-21 15:00:00,3.2366392555555556
2020-09-21 16:00:00,11.435775288888944
2020-09-21 17:00:00,16.458598441666716
2020-09-21 18:00:00,23.05432331172579
2020-09-21 19:00:00,13.582334696511538
2020-09-21 20:00:00,2.4704893333333398
2020-09-21 21:00:00,9.897621232192444
2020-09-21 22:00:00,2.8742702638888877
2020-09-21 23:00:00,14.515507943428009
2020-09-22 00:00:00,32.33468109902582
2020-09-22 01:00:00,8.702222594444436
2020-09-22 02:00:00,10.722216363711581
2020-09-22 03:00:00,5.035498852777778
2020-09-22 04:00:00,17.163510637536447
2020-09-22 05:00:00,3.943709230555552
2020-09-22 06:00:00,13.29670028333334
2020-09-22 07:00:00,19.634603122780447
2020-09-22 08:00:00,4.661288504816457
2020-09-22 09:00:00,3.8850133916666656
2020-09-22 10:00:00,3.8048309027777782
2020-09-22 11:00:00,3.7809027777777766
2020-09-22 12:00:00,4.121383797222227
2020-09-22 13:00:00,3.832270444444453
2020-09-22 14:00:00,3.822852844444453
2020-09-22 15:00:00,7.3918240666666595
2020-09-22 16:00:00,10.395045016666675
2020-09-22 17:00:00,13.8247721
2020-09-22 18:00:00,8.036822401841082
2020-09-22 19:00:00,13.730711040865803
2020-09-22 20:00:00,23.768070833059056
2020-09-22 21:00:00,20.578249413590207
2020-09-22 22:00:00,24.63141029920712
2020-09-22 23:00:00,11.550183759513327
2020-09-23 00:00:00,11.021443481886662
2020-09-23 01:00:00,1.665575216666663
2020-09-23 02:00:00,6.734842979595132
2020-09-23 03:00:00,30.55899372198624
2020-09-23 04:00:00,29.379090361364423
2020-09-23 05:00:00,20.24971526014977
2020-09-23 06:00:00,24.063854798386693
2020-09-23 07:00:00,17.235432305555616
2020-09-23 08:00:00,11.031616633333352
2020-09-23 09:00:00,3.8234297472222125
2020-09-23 10:00:00,2.458368244444444
2020-09-23 11:00:00,0.0
2020-09-23 12:00:00,0.0
2020-09-23 13:00:00,0.0
2020-09-23 14:00:00,0.0
2020-09-23 15:00:00,30.16926596479466
2020-09-23 16:00:00,16.799629338604795
2020-09-23 17:00:00,30.318563741899258
2020-09-23 18:00:00,32.4572736718852
2020-09-23 19:00:00,25.97792522212913
2020-09-23 20:00:00,30.66458216426696
2020-09-23 21:00:00,46.502433032748144
2020-09-23 22:00:00,21.729802615811533
2020-09-23 23:00:00,29.145361168691014
2020-09-24 00:00:00,61.58103541495973
2020-09-24 01:00:00,50.755662669727414
2020-09-24 02:00:00,31.23450240524107
2020-09-24 03:00:00,19.277489709820884
2020-09-24 04:00:00,10.672027522907104
2020-09-24 05:00:00,3.93730925833333
2020-09-24 06:00:00,6.79939275000001
2020-09-24 07:00:00,0.0
2020-09-24 08:00:00,0.0
2020-09-24 09:00:00,0.0
2020-09-24 10:00:00,0.0
2020-09-24 11:00:00,0.0
2020-09-24 12:00:00,0.0
2020-09-24 13:00:00,0.0
2020-09-24 14:00:00,0.0
2020-09-24 15:00:00,1.0205379333333335
2020-09-24 16:00:00,14.813055974717582
2020-09-24 17:00:00,19.6491413395617
2020-09-24 18:00:00,17.808657799719914
2020-09-24 19:00:00,31.02644664571409
2020-09-24 20:00:00,40.51097049853464
2020-09-24 21:00:00,40.00340543123014
2020-09-24 22:00:00,10.391495368809869
2020-09-24 23:00:00,18.583787245583522
2020-09-25 00:00:00,13.599369097222276
2020-09-25 01:00:00,17.85892641972579
2020-09-25 02:00:00,28.82136804611733
2020-09-25 03:00:00,5.9548944342231085
2020-09-25 04:00:00,15.292978505201338
2020-09-25 05:00:00,14.363887224291561
2020-09-25 06:00:00,33.06886378516577
2020-09-25 07:00:00,6.856622006930216
2020-09-25 08:00:00,25.252000344918226
2020-09-25 09:00:00,6.537121748368442
2020-09-25 10:00:00,3.9256567055555522
2020-09-25 11:00:00,1.235811583333333
2020-09-25 12:00:00,0.0
2020-09-25 13:00:00,0.0
2020-09-25 14:00:00,0.0
2020-09-25 15:00:00,1.1327835999999993
2020-09-25 16:00:00,3.862834291666656
2020-09-25 17:00:00,9.557958508333353
2020-09-25 18:00:00,14.520993730778663
2020-09-25 19:00:00,22.846504637393018
2020-09-25 20:00:00,30.47134043867786
2020-09-25 21:00:00,36.9790091499215
2020-09-25 22:00:00,17.772686052238654
2020-09-25 23:00:00,31.68091134625329
2020-09-26 00:00:00,39.004174852430644
2020-09-26 01:00:00,25.667885193328214
2020-09-26 02:00:00,15.908035022828862
2020-09-26 03:00:00,4.673397760106479
2020-09-26 04:00:00,15.834589555063552
2020-09-26 05:00:00,21.59760512589557
2020-09-26 06:00:00,7.980295129501339
2020-09-26 07:00:00,27.582885162107555
2020-09-26 08:00:00,11.473475427777771
2020-09-26 09:00:00,2.589466983333333
2020-09-26 10:00:00,1.3611426888888865
2020-09-26 11:00:00,1.3563293333333322
2020-09-26 12:00:00,3.38326408927953
2020-09-26 13:00:00,7.43729340306185
2020-09-26 14:00:00,4.81137506245222
2020-09-26 15:00:00,19.78888356453193
2020-09-26 16:00:00,10.059688244444441
2020-09-26 17:00:00,26.17975335807111
2020-09-26 18:00:00,29.999338175270225
2020-09-26 19:00:00,23.919527328823555
2020-09-26 20:00:00,11.394067578505766
2020-09-26 21:00:00,20.922451230827544
2020-09-26 22:00:00,16.902083583333326
2020-09-26 23:00:00,10.306176094444437
2020-09-27 00:00:00,18.520618247222238
2020-09-27 01:00:00,21.01527519999999
2020-09-27 02:00:00,32.58499787496711
2020-09-27 03:00:00,22.34666080507511
2020-09-27 04:00:00,16.29693031789645
2020-09-27 05:00:00,8.799565127777782
2020-09-27 06:00:00,16.59067086506979
2020-09-27 07:00:00,20.252433535745354
2020-09-27 08:00:00,20.289444586111088
2020-09-27 09:00:00,20.381850394444427
2020-09-27 10:00:00,18.609057480555556
2020-09-27 11:00:00,9.958540997222224
2020-09-27 12:00:00,9.685669369444456
2020-09-27 13:00:00,0.24021486111111115
2020-09-27 14:00:00,0.0
2020-09-27 15:00:00,5.116575893319115
2020-09-27 16:00:00,8.545542447222221
2020-09-27 17:00:00,22.278744146956896
2020-09-27 18:00:00,66.59217121709514
2020-09-27 19:00:00,44.55996810163954
2020-09-27 20:00:00,27.89823453611113
2020-09-27 21:00:00,43.46647788866877
2020-09-27 22:00:00,68.12438862793985
2020-09-27 23:00:00,51.72104840785229
2020-09-28 00:00:00,36.687439076282246
2020-09-28 01:00:00,18.725633418665772
2020-09-28 02:00:00,11.166505110031558
2020-09-28 03:00:00,29.452857963957328
2020-09-28 04:00:00,17.23375287819021
2020-09-28 05:00:00,0.7894932277777778
2020-09-28 06:00:00,0.0
2020-09-28 07:00:00,0.0
2020-09-28 08:00:00,0.0
2020-09-28 09:00:00,0.0
2020-09-28 10:00:00,0.0
2020-09-28 11:00:00,0.0
2020-09-28 12:00:00,0.0
2020-09-28 13:00:00,0.0
2020-09-28 14:00:00,2.117302983333331
2020-09-28 15:00:00,5.913889888888891
2020-09-28 16:00:00,23.587431276067306
2020-09-28 17:00:00,20.39443735346449
2020-09-28 18:00:00,24.489553103209683
2020-09-28 19:00:00,23.892338235232998
2020-09-28 20:00:00,22.469766420781774
2020-09-28 21:00:00,16.20568884309463
2020-09-28 22:00:00,12.951297242538576
2020-09-28 23:00:00,16.594928089820886
2020-09-29 00:00:00,12.694660159422213
2020-09-29 01:00:00,16.16554759444444
2020-09-29 02:00:00,35.18023999081557
2020-09-29 03:00:00,28.480673121541788
2020-09-29 04:00:00,29.091473369963566
2020-09-29 05:00:00,22.417026805138168
2020-09-29 06:00:00,25.32986504013645
2020-09-29 07:00:00,14.621079736973789
2020-09-29 08:00:00,10.847853324999951
2020-09-29 09:00:00,10.747147202777793
2020-09-29 10:00:00,7.12005611388889
2020-09-29 11:00:00,1.1663019138888902
2020-09-29 12:00:00,0.23876398333333332
2020-09-29 13:00:00,0.24117454166666674
2020-09-29 14:00:00,1.9404586583333325
2020-09-29 15:00:00,16.344254043863554
2020-09-29 16:00:00,49.21961883973955
2020-09-29 17:00:00,20.12818253869822
2020-09-29 18:00:00,21.808021383753335
2020-09-29 19:00:00,11.806660138749342
2020-09-29 20:00:00,9.093463666666644
2020-09-29 21:00:00,17.101841008333324
2020-09-29 22:00:00,7.337795794444439
2020-09-29 23:00:00,34.562347981790246
2020-09-30 00:00:00,16.73152359843025
2020-09-30 01:00:00,40.07517761811335
2020-09-30 02:00:00,44.42616722742534
2020-09-30 03:00:00,36.189386691697365
2020-09-30 04:00:00,34.61412738268489
2020-09-30 05:00:00,15.887125581004897
2020-09-30 06:00:00,8.999050177777788
2020-09-30 07:00:00,3.904564027777768
2020-09-30 08:00:00,3.9038555805555557
2020-09-30 09:00:00,3.904447822222222
2020-09-30 10:00:00,3.9550847722222278
2020-09-30 11:00:00,1.7501621333333326
2020-09-30 12:00:00,0.0
2020-09-30 13:00:00,0.0
2020-09-30 14:00:00,1.708004472222226
2020-09-30 15:00:00,4.479932797222226
2020-09-30 16:00:00,17.917549556519475
2020-09-30 17:00:00,19.912038923705005
2020-09-30 18:00:00,10.497988169214546
2020-09-30 19:00:00,17.503350206084296
2020-09-30 20:00:00,22.128884035782672
2020-09-30 21:00:00,9.511591905555557
2020-09-30 22:00:00,0.0
2020-09-30 23:00:00,13.050915679057331
2020-10-01 00:00:00,10.279477288888891
2020-10-01 01:00:00,16.215943058333337
2020-10-01 02:00:00,27.290457673114226
2020-10-01 03:00:00,40.21964291556088
2020-10-01 04:00:00,29.893173772916327
2020-10-01 05:00:00,3.291201469787112
2020-10-01 06:00:00,0.0007999666666666666
2020-10-01 07:00:00,9.344401044444457
2020-10-01 08:00:00,6.164381416666668
2020-10-01 09:00:00,8.14731493796711
2020-10-01 10:00:00,0.0
2020-10-01 11:00:00,0.0
2020-10-01 12:00:00,0.0
2020-10-01 13:00:00,0.0
2020-10-01 14:00:00,1.279546086111113
2020-10-01 15:00:00,9.420588162797277
2020-10-01 16:00:00,27.855387973251013
2020-10-01 17:00:00,38.479527694305325
2020-10-01 18:00:00,30.841580415190357
2020-10-01 19:00:00,32.306333774541805
2020-10-01 20:00:00,13.867003454108294
2020-10-01 21:00:00,20.950976061203814
2020-10-01 22:00:00,12.588151079945789
2020-10-01 23:00:00,14.182635973557234
2020-10-02 00:00:00,18.475207452612416
2020-10-02 01:00:00,14.022034744825335
2020-10-02 02:00:00,13.020218570994814
2020-10-02 03:00:00,6.6007061632466515
2020-10-02 04:00:00,19.216532334618325
2020-10-02 05:00:00,19.940252043233528
2020-10-02 06:00:00,11.894368102541499
2020-10-02 07:00:00,4.324362736512942
2020-10-02 08:00:00,4.200641430550102
2020-10-02 09:00:00,3.878544577777779
2020-10-02 10:00:00,3.8965852888888883
2020-10-02 11:00:00,3.9414240638888787
2020-10-02 12:00:00,3.914131338888894
2020-10-02 13:00:00,3.8878323527777723
2020-10-02 14:00:00,4.814807977777774
2020-10-02 15:00:00,7.949105227777776
2020-10-02 16:00:00,24.450810045580006
2020-10-02 17:00:00,22.558440219009764
2020-10-02 18:00:00,19.046245894898657
2020-10-02 19:00:00,12.486210451336536
2020-10-02 20:00:00,13.079018969503295
2020-10-02 21:00:00,28.955846118286974
2020-10-02 22:00:00,7.389110903711124
2020-10-02 23:00:00,11.879038577277331
2020-10-03 00:00:00,0.0
2020-10-03 01:00:00,17.715580206291875
2020-10-03 02:00:00,10.215381068460497
2020-10-03 03:00:00,15.808150630237925
2020-10-03 04:00:00,13.030500840044228
2020-10-03 05:00:00,19.29250008450046
2020-10-03 06:00:00,20.814635234147946
2020-10-03 07:00:00,12.691688333428381
2020-10-03 08:00:00,20.395786576469007
2020-10-03 09:00:00,16.11009778478877
2020-10-03 10:00:00,11.373221517231483
2020-10-03 11:00:00,4.331638659012169
2020-10-03 12:00:00,4.0075752341560795
2020-10-03 13:00:00,3.892081955555558
2020-10-03 14:00:00,3.877803377777786
2020-10-03 15:00:00,6.7143188499999935
2020-10-03 16:00:00,10.823902422222236
2020-10-03 17:00:00,6.847901357404433
2020-10-03 18:00:00,22.114486542638666
2020-10-03 19:00:00,11.307255659776425
2020-10-03 20:00:00,11.84554278820221
2020-10-03 21:00:00,20.14093048333333
2020-10-03 22:00:00,8.212754319444448
2020-10-03 23:00:00,16.541959066964324
2020-10-04 00:00:00,7.615995709608002
2020-10-04 01:00:00,24.33068991574087
2020-10-04 02:00:00,0.0
2020-10-04 03:00:00,28.08392148837867
2020-10-04 04:00:00,76.00266166496357
2020-10-04 05:00:00,38.05660922874754
2020-10-04 06:00:00,31.248936505555548
2020-10-04 07:00:00,26.29835790833335
2020-10-04 08:00:00,16.386975949999975
2020-10-04 09:00:00,6.9074824027777675
2020-10-04 10:00:00,6.893387125000017
2020-10-04 11:00:00,6.8897900833333505
2020-10-04 12:00:00,3.4554481944444437
2020-10-04 13:00:00,0.0
2020-10-04 14:00:00,6.087045234729333
2020-10-04 15:00:00,23.80008007025424
2020-10-04 16:00:00,24.582869137960884
2020-10-04 17:00:00,28.841649978705338
2020-10-04 18:00:00,41.46564498685647
2020-10-04 19:00:00,43.74162528922401
2020-10-04 20:00:00,24.74853550000001
2020-10-04 21:00:00,43.522971332716004
2020-10-04 22:00:00,41.58769288894265
2020-10-04 23:00:00,37.97216188350008
2020-10-05 00:00:00,27.03516713357247
2020-10-05 01:00:00,10.277226836111115
2020-10-05 02:00:00,3.1729515722222192
2020-10-05 03:00:00,0.8944987333333347
2020-10-05 04:00:00,0.0
2020-10-05 05:00:00,0.0
2020-10-05 06:00:00,0.0
2020-10-05 07:00:00,0.0
2020-10-05 08:00:00,0.0
2020-10-05 09:00:00,0.0
2020-10-05 10:00:00,0.0
2020-10-05 11:00:00,2.109260369444441
2020-10-05 12:00:00,0.0
2020-10-05 13:00:00,0.0
2020-10-05 14:00:00,0.0
2020-10-05 15:00:00,5.295902013888898
2020-10-05 16:00:00,21.39503999934222
2020-10-05 17:00:00,13.712679747222225
2020-10-05 18:00:00,23.168044552178245
2020-10-05 19:00:00,18.343016508333367
2020-10-05 20:00:00,34.411869245364485
2020-10-05 21:00:00,25.197090594286955
2020-10-05 22:00:00,10.171997076322329
2020-10-05 23:00:00,10.59887874444639
2020-10-06 00:00:00,3.22177682169546
2020-10-06 01:00:00,16.84215698336666
2020-10-06 02:00:00,19.420885116513755
2020-10-06 03:00:00,23.707436980555514
2020-10-06 04:00:00,16.628708497222238
2020-10-06 05:00:00,14.38222965277777
2020-10-06 06:00:00,24.396608066666637
2020-10-06 07:00:00,11.418612833333324
2020-10-06 08:00:00,3.8777129416666662
2020-10-06 09:00:00,3.9001839166666588
2020-10-06 10:00:00,4.128988944444431
2020-10-06 11:00:00,0.7582770083333341
2020-10-06 12:00:00,0.23797896944444435
2020-10-06 13:00:00,0.9685836777777792
2020-10-06 14:00:00,3.429871247222208
2020-10-06 15:00:00,4.365713691666659
2020-10-06 16:00:00,12.988989479974311
2020-10-06 17:00:00,12.891441516049644
2020-10-06 18:00:00,12.459310079888644
2020-10-06 19:00:00,12.891526439243954
2020-10-06 20:00:00,24.5444644754617
2020-10-06 21:00:00,9.374868096758632
2020-10-06 22:00:00,7.035205713715168
2020-10-06 23:00:00,0.19260614749648605
2020-10-07 00:00:00,6.944669674540004
2020-10-07 01:00:00,26.47999556075465
2020-10-07 02:00:00,5.858498376408893
2020-10-07 03:00:00,0.0
2020-10-07 04:00:00,0.0
2020-10-07 05:00:00,19.33500578215554
2020-10-07 06:00:00,4.087627401560444
2020-10-07 07:00:00,0.0
2020-10-07 08:00:00,0.0
2020-10-07 09:00:00,0.0
2020-10-07 10:00:00,0.0
2020-10-07 11:00:00,0.0
2020-10-07 12:00:00,0.0
2020-10-07 13:00:00,0.5495917499999999
2020-10-07 14:00:00,11.018755744444443
2020-10-07 15:00:00,17.520983897222216
2020-10-07 16:00:00,32.48192606069826
2020-10-07 17:00:00,35.251594527983194
2020-10-07 18:00:00,15.075689056916955
2020-10-07 19:00:00,3.2029663877483663
2020-10-07 20:00:00,5.381248587686515
2020-10-07 21:00:00,20.76450306037798
2020-10-07 22:00:00,1.276083291666666
2020-10-07 23:00:00,13.613866673380764
2020-10-08 00:00:00,4.26880038333334
2020-10-08 01:00:00,7.18513624166667
2020-10-08 02:00:00,1.4318670694444453
2020-10-08 03:00:00,6.88505133333332
2020-10-08 04:00:00,14.899532272222217
2020-10-08 05:00:00,27.836491866666663
2020-10-08 06:00:00,43.606280700000035
2020-10-08 07:00:00,33.23847497777778
2020-10-08 08:00:00,20.386197047222243
2020-10-08 09:00:00,9.61518394166668
2020-10-08 10:00:00,4.281064552777782
2020-10-08 11:00:00,4.249886316666671
2020-10-08 12:00:00,4.315063188888887
2020-10-08 13:00:00,4.248114094444441
2020-10-08 14:00:00,4.260007905555558
2020-10-08 15:00:00,9.322891565751798
2020-10-08 16:00:00,23.156614457098904
2020-10-08 17:00:00,34.46368620146163
2020-10-08 18:00:00,35.30673265395326
2020-10-08 19:00:00,38.134010547628755
2020-10-08 20:00:00,36.654562975689785
2020-10-08 21:00:00,50.17556610626134
2020-10-08 22:00:00,39.626577984302926
2020-10-08 23:00:00,33.63251264712175
2020-10-09 00:00:00,23.217388176341245
2020-10-09 01:00:00,9.51593248349032
2020-10-09 02:00:00,0.8211297914901885
2020-10-09 03:00:00,3.911435294444451
2020-10-09 04:00:00,5.686122752777785
2020-10-09 05:00:00,4.260946391666669
2020-10-09 06:00:00,14.84872919370402
2020-10-09 07:00:00,13.485688453510676
2020-10-09 08:00:00,8.503096205555575
2020-10-09 09:00:00,1.9404029944444443
2020-10-09 10:00:00,0.0
2020-10-09 11:00:00,0.04952658333333333
2020-10-09 12:00:00,1.361766966666665
2020-10-09 13:00:00,1.3542444000000025
2020-10-09 14:00:00,1.3721707999999981
2020-10-09 15:00:00,6.392892132738664
2020-10-09 16:00:00,30.924961375780327
2020-10-09 17:00:00,34.732197769830876
2020-10-09 18:00:00,43.49933055811661
2020-10-09 19:00:00,30.532613237590507
2020-10-09 20:00:00,12.893143080579684
2020-10-09 21:00:00,28.60112138108782
2020-10-09 22:00:00,9.322187326055998
2020-10-09 23:00:00,11.269471505276897
2020-10-10 00:00:00,7.538572442298666
2020-10-10 01:00:00,0.2994465861111111
2020-10-10 02:00:00,0.0
2020-10-10 03:00:00,16.142443563075553
2020-10-10 04:00:00,3.688014264936443
2020-10-10 05:00:00,8.539289869779301
2020-10-10 06:00:00,22.444053167397023
2020-10-10 07:00:00,3.4238743414435544
2020-10-10 08:00:00,3.0642459166666667
2020-10-10 09:00:00,0.1524461166666667
2020-10-10 10:00:00,0.24314515000000006
2020-10-10 11:00:00,0.0
2020-10-10 12:00:00,0.0
2020-10-10 13:00:00,0.0
2020-10-10 14:00:00,1.1872677500000002
2020-10-10 15:00:00,7.347049733333334
2020-10-10 16:00:00,9.698802236111115
2020-10-10 17:00:00,9.242782572222215
2020-10-10 18:00:00,8.993377497222216
2020-10-10 19:00:00,13.154995427297917
2020-10-10 20:00:00,66.61775924301556
2020-10-10 21:00:00,55.90521749910957
2020-10-10 22:00:00,53.89496240074193
2020-10-10 23:00:00,26.705345501418886
2020-10-11 00:00:00,20.77797024719398
2020-10-11 01:00:00,35.07818818425169
2020-10-11 02:00:00,10.292187825730432
2020-10-11 03:00:00,6.795890922222223
2020-10-11 04:00:00,18.144216648099473
2020-10-11 05:00:00,17.96662168299398
2020-10-11 06:00:00,21.901360657709404
2020-10-11 07:00:00,21.371660416771547
2020-10-11 08:00:00,10.709599583333329
2020-10-11 09:00:00,1.0704522499999998
2020-10-11 10:00:00,0.0
2020-10-11 11:00:00,0.0
2020-10-11 12:00:00,3.683665895999916
2020-10-11 13:00:00,31.857011501699567
2020-10-11 14:00:00,25.021063358631558
2020-10-11 15:00:00,31.064669428717792
2020-10-11 16:00:00,17.07772961666666
2020-10-11 17:00:00,19.050167300817765
2020-10-11 18:00:00,32.24787023430578
2020-10-11 19:00:00,19.129920902657805
2020-10-11 20:00:00,30.08529626320179
2020-10-11 21:00:00,20.418725904738213
2020-10-11 22:00:00,14.921143969444444
2020-10-11 23:00:00,10.816030316666682
2020-10-12 00:00:00,15.551959883333335
2020-10-12 01:00:00,17.331848911111162
2020-10-12 02:00:00,19.28872636055555
2020-10-12 03:00:00,23.4117098
2020-10-12 04:00:00,12.521307183333311
2020-10-12 05:00:00,18.84374517153866
2020-10-12 06:00:00,13.481509113627093
2020-10-12 07:00:00,20.00212517500001
2020-10-12 08:00:00,19.998238399999977
2020-10-12 09:00:00,17.266645969444482
2020-10-12 10:00:00,9.840463850000035
2020-10-12 11:00:00,8.173104525000015
2020-10-12 12:00:00,0.0
2020-10-12 13:00:00,0.776408255555556
2020-10-12 14:00:00,1.2080417527777796
2020-10-12 15:00:00,4.255404084957333
2020-10-12 16:00:00,32.528664987287314
2020-10-12 17:00:00,33.60351360821637
2020-10-12 18:00:00,34.20852122050292
2020-10-12 19:00:00,29.841374404970605
2020-10-12 20:00:00,9.120198486411702
2020-10-12 21:00:00,2.1420152558280017
2020-10-12 22:00:00,13.33290650434624
2020-10-12 23:00:00,17.017328787654513
2020-10-13 00:00:00,27.95148896270843
2020-10-13 01:00:00,1.978666891621333
2020-10-13 02:00:00,9.52614301227288
2020-10-13 03:00:00,5.214931944444438
2020-10-13 04:00:00,9.245430188644
2020-10-13 05:00:00,6.807851936906226
2020-10-13 06:00:00,0.0
2020-10-13 07:00:00,0.0
2020-10-13 08:00:00,0.0
2020-10-13 09:00:00,0.0
2020-10-13 10:00:00,0.0
2020-10-13 11:00:00,0.0
2020-10-13 12:00:00,0.0
2020-10-13 13:00:00,0.0
2020-10-13 14:00:00,0.0
2020-10-13 15:00:00,12.00183717160333
2020-10-13 16:00:00,19.702839479419865
2020-10-13 17:00:00,37.64258662894187
2020-10-13 18:00:00,47.86752558266375
2020-10-13 19:00:00,27.003274450567663
2020-10-13 20:00:00,16.90428933576363
2020-10-13 21:00:00,3.2685427972711185
2020-10-13 22:00:00,0.6170839668159611
2020-10-13 23:00:00,2.319096214972306
2020-10-14 00:00:00,16.724113289312513
2020-10-14 01:00:00,20.063379919444436
2020-10-14 02:00:00,0.24773965555555558
2020-10-14 03:00:00,0.0
2020-10-14 04:00:00,0.0
2020-10-14 05:00:00,13.350766211287551
2020-10-14 06:00:00,6.028266324721333
2020-10-14 07:00:00,21.47461608027379
2020-10-14 08:00:00,0.1956327379471111
2020-10-14 09:00:00,0.0
2020-10-14 10:00:00,0.0
2020-10-14 11:00:00,0.0
2020-10-14 12:00:00,0.0
2020-10-14 13:00:00,0.0
2020-10-14 14:00:00,0.0
2020-10-14 15:00:00,0.2410664833333333
2020-10-14 16:00:00,12.414812404249126
2020-10-14 17:00:00,9.663657449965907
2020-10-14 18:00:00,18.06798039487148
2020-10-14 19:00:00,6.96570721377116
2020-10-14 20:00:00,16.029809435420454
2020-10-14 21:00:00,6.13802486447778
2020-10-14 22:00:00,22.327193329498996
2020-10-14 23:00:00,27.31103000900501
2020-10-15 00:00:00,15.34638690888266
2020-10-15 01:00:00,22.734979716666704
2020-10-15 02:00:00,16.990489733333348
2020-10-15 03:00:00,26.287418572222265
2020-10-15 04:00:00,14.620024717739565
2020-10-15 05:00:00,22.265980265816456
2020-10-15 06:00:00,15.930293870094227
2020-10-15 07:00:00,6.733784722222223
2020-10-15 08:00:00,6.524905002777782
2020-10-15 09:00:00,0.0
2020-10-15 10:00:00,0.0
2020-10-15 11:00:00,0.0
2020-10-15 12:00:00,0.0
2020-10-15 13:00:00,0.0
2020-10-15 14:00:00,0.0
2020-10-15 15:00:00,26.27060744343357
2020-10-15 16:00:00,16.425671605350793
2020-10-15 17:00:00,24.597546706684586
2020-10-15 18:00:00,40.48746838790581
2020-10-15 19:00:00,37.56123398492535
2020-10-15 20:00:00,18.34957205062726
2020-10-15 21:00:00,11.892472196703604
2020-10-15 22:00:00,12.231162087042454
2020-10-15 23:00:00,10.588659780555535
2020-10-16 00:00:00,10.651038450513203
2020-10-16 01:00:00,14.791416903921432
2020-10-16 02:00:00,33.24199216774032
2020-10-16 03:00:00,33.10302271848339
2020-10-16 04:00:00,25.1541998136562
2020-10-16 05:00:00,28.271682449909456
2020-10-16 06:00:00,13.215508016608487
2020-10-16 07:00:00,7.01395790882976
2020-10-16 08:00:00,3.8587876722222267
2020-10-16 09:00:00,0.10703499999999999
2020-10-16 10:00:00,0.0009217334636697778
2020-10-16 11:00:00,0.0
2020-10-16 12:00:00,0.0
2020-10-16 13:00:00,0.0
2020-10-16 14:00:00,1.9945367194444446
2020-10-16 15:00:00,2.5035873000000013
2020-10-16 16:00:00,10.60226953858735
2020-10-16 17:00:00,14.383694357072097
2020-10-16 18:00:00,12.880407370128665
2020-10-16 19:00:00,11.27630705126262
2020-10-16 20:00:00,16.06200380915604
2020-10-16 21:00:00,10.1338910161761
2020-10-16 22:00:00,0.8248897222222227
2020-10-16 23:00:00,12.11513835008088
2020-10-17 00:00:00,4.189277561591111
2020-10-17 01:00:00,4.2354443493497795
2020-10-17 02:00:00,0.2219336792746667
2020-10-17 03:00:00,0.0
2020-10-17 04:00:00,0.0
2020-10-17 05:00:00,7.827583165569779
2020-10-17 06:00:00,29.94046242977983
2020-10-17 07:00:00,26.33519774897754
2020-10-17 08:00:00,18.19810875743925
2020-10-17 09:00:00,19.98350247159651
2020-10-17 10:00:00,15.039315419468752
2020-10-17 11:00:00,14.688826854523779
2020-10-17 12:00:00,14.37613506855389
2020-10-17 13:00:00,8.281498720022839
2020-10-17 14:00:00,4.362121147222226
2020-10-17 15:00:00,17.962055809495553
2020-10-17 16:00:00,25.67686766670707
2020-10-17 17:00:00,15.19344003336931
2020-10-17 18:00:00,12.780343141666705
2020-10-17 19:00:00,43.80417946399996
2020-10-17 20:00:00,27.755364851010654
2020-10-17 21:00:00,32.87798005780978
2020-10-17 22:00:00,21.351250430724868
2020-10-17 23:00:00,26.113207542454692
2020-10-18 00:00:00,31.236426108447564
2020-10-18 01:00:00,54.03620347979953
2020-10-18 02:00:00,25.497780867123094
2020-10-18 03:00:00,18.5416334190849
2020-10-18 04:00:00,3.2018169527777824
2020-10-18 05:00:00,0.3362903555555554
2020-10-18 06:00:00,0.0
2020-10-18 07:00:00,9.490415180976884
2020-10-18 08:00:00,9.29168867222224
2020-10-18 09:00:00,10.003216699999989
2020-10-18 10:00:00,10.014096891666666
2020-10-18 11:00:00,10.065180950000018
2020-10-18 12:00:00,5.5906972916666735
2020-10-18 13:00:00,0.37986133359777785
2020-10-18 14:00:00,35.31081422391288
2020-10-18 15:00:00,17.517804451338677
2020-10-18 16:00:00,18.080499040571123
2020-10-18 17:00:00,7.6032138166666705
2020-10-18 18:00:00,16.511321229629704
2020-10-18 19:00:00,18.354461635025693
2020-10-18 20:00:00,12.051294387869419
2020-10-18 21:00:00,27.40036907542045
2020-10-18 22:00:00,14.959446657255127
2020-10-18 23:00:00,9.891503217279114
2020-10-19 00:00:00,28.439416920504875
2020-10-19 01:00:00,11.406571498818222
2020-10-19 02:00:00,21.87568231617599
2020-10-19 03:00:00,33.90008137987333
2020-10-19 04:00:00,32.51066939444436
2020-10-19 05:00:00,19.574347113888912
2020-10-19 06:00:00,4.623583352777776
2020-10-19 07:00:00,6.18133296111111
2020-10-19 08:00:00,7.22765305833334
2020-10-19 09:00:00,7.259437722222226
2020-10-19 10:00:00,7.25173024722223
2020-10-19 11:00:00,7.220069219444456
2020-10-19 12:00:00,7.217691969444449
2020-10-19 13:00:00,7.203443813888889
2020-10-19 14:00:00,8.082350144444456
2020-10-19 15:00:00,17.212579603231138
2020-10-19 16:00:00,24.45479388903574
2020-10-19 17:00:00,38.58617464288627
2020-10-19 18:00:00,27.027137408647963
2020-10-19 19:00:00,45.11741505276508
2020-10-19 20:00:00,26.635479066195924
2020-10-19 21:00:00,10.683985805520244
2020-10-19 22:00:00,15.015178645846676
2020-10-19 23:00:00,17.969040617032007
2020-10-20 00:00:00,12.703842616666662
2020-10-20 01:00:00,36.42516224972357
2020-10-20 02:00:00,9.069941969444447
2020-10-20 03:00:00,2.518100180555555
2020-10-20 04:00:00,9.984393396375559
2020-10-20 05:00:00,3.5656646178168896
2020-10-20 06:00:00,0.0
2020-10-20 07:00:00,0.0
2020-10-20 08:00:00,0.0
2020-10-20 09:00:00,0.0
2020-10-20 10:00:00,0.0
2020-10-20 11:00:00,0.0
2020-10-20 12:00:00,0.0
2020-10-20 13:00:00,0.0
2020-10-20 14:00:00,0.0
2020-10-20 15:00:00,8.270642198203548
2020-10-20 16:00:00,15.394200795462247
2020-10-20 17:00:00,24.63105157110578
2020-10-20 18:00:00,26.280066458082505
2020-10-20 19:00:00,32.37381875408264
2020-10-20 20:00:00,9.33538672495293
2020-10-20 21:00:00,14.107288443701549
2020-10-20 22:00:00,21.861896546047085
2020-10-20 23:00:00,22.944559766642225
2020-10-21 00:00:00,25.066961039669785
2020-10-21 01:00:00,4.139712022300445
2020-10-21 02:00:00,10.162686057754662
2020-10-21 03:00:00,11.028911727230689
2020-10-21 04:00:00,21.79293983323111
2020-10-21 05:00:00,0.0
2020-10-21 06:00:00,0.0
2020-10-21 07:00:00,0.0
2020-10-21 08:00:00,0.0
2020-10-21 09:00:00,0.0
2020-10-21 10:00:00,0.0
2020-10-21 11:00:00,0.0
2020-10-21 12:00:00,0.0
2020-10-21 13:00:00,0.0
2020-10-21 14:00:00,0.10325201666666664
2020-10-21 15:00:00,1.7062801861111114
2020-10-21 16:00:00,17.41351917635871
2020-10-21 17:00:00,19.40928728987742
2020-10-21 18:00:00,30.313795316192763
2020-10-21 19:00:00,20.610270006646722
2020-10-21 20:00:00,25.178594610187062
2020-10-21 21:00:00,15.34406086111103
2020-10-21 22:00:00,20.18687176661348
2020-10-21 23:00:00,31.517393922280363
2020-10-22 00:00:00,17.734981475000005
2020-10-22 01:00:00,23.455668067531576
2020-10-22 02:00:00,16.367438706802687
2020-10-22 03:00:00,9.051587450806217
2020-10-22 04:00:00,19.596756008974218
2020-10-22 05:00:00,12.018522858239994
2020-10-22 06:00:00,5.072713491666654
2020-10-22 07:00:00,11.019848708333337
2020-10-22 08:00:00,4.035393280555569
2020-10-22 09:00:00,4.070190691666659
2020-10-22 10:00:00,4.028633972222214
2020-10-22 11:00:00,3.880460277777762
2020-10-22 12:00:00,3.878317722222215
2020-10-22 13:00:00,3.8862646555555456
2020-10-22 14:00:00,3.50170028055554
2020-10-22 15:00:00,14.25452754166666
2020-10-22 16:00:00,23.28824255468129
2020-10-22 17:00:00,26.60378888043843
2020-10-22 18:00:00,43.94010212042513
2020-10-22 19:00:00,37.92618602257117
2020-10-22 20:00:00,31.471303085501383
2020-10-22 21:00:00,20.88436726279703
2020-10-22 22:00:00,10.008760140806132
2020-10-22 23:00:00,43.13061622781804
2020-10-23 00:00:00,48.226439030154445
2020-10-23 01:00:00,29.63451245683776
2020-10-23 02:00:00,36.471109172335986
2020-10-23 03:00:00,21.084943961669346
2020-10-23 04:00:00,20.42936772058316
2020-10-23 05:00:00,18.980186255667775
2020-10-23 06:00:00,16.33201660915067
2020-10-23 07:00:00,0.0
2020-10-23 08:00:00,0.0
2020-10-23 09:00:00,0.0
2020-10-23 10:00:00,0.0
2020-10-23 11:00:00,0.0
2020-10-23 12:00:00,0.0
2020-10-23 13:00:00,0.0
2020-10-23 14:00:00,0.21088909166666664
2020-10-23 15:00:00,9.876808131259693
2020-10-23 16:00:00,15.742441269551197
2020-10-23 17:00:00,18.211215889400243
2020-10-23 18:00:00,21.31916940135953
2020-10-23 19:00:00,17.71740341036484
2020-10-23 20:00:00,1.8959004932931574
2020-10-23 21:00:00,26.78285732894711
2020-10-23 22:00:00,38.123627311972434
2020-10-23 23:00:00,30.309144616666664
2020-10-24 00:00:00,50.256723602152434
2020-10-24 01:00:00,29.627874104003546
2020-10-24 02:00:00,28.636217077777832
2020-10-24 03:00:00,26.759169294444433
2020-10-24 04:00:00,30.61404436142756
2020-10-24 05:00:00,25.83220709507293
2020-10-24 06:00:00,19.59673192421824
2020-10-24 07:00:00,19.122746522332925
2020-10-24 08:00:00,15.202224538362673
2020-10-24 09:00:00,3.9928117011129065
2020-10-24 10:00:00,3.63410606944446
2020-10-24 11:00:00,3.6239728638889033
2020-10-24 12:00:00,3.6428988749999993
2020-10-24 13:00:00,4.624477877777785
2020-10-24 14:00:00,9.30543937900623
2020-10-24 15:00:00,9.041736822921777
2020-10-24 16:00:00,23.000671559447113
2020-10-24 17:00:00,22.81117835142576
2020-10-24 18:00:00,33.47806922505644
2020-10-24 19:00:00,5.779345344563556
2020-10-24 20:00:00,8.07472854990622
2020-10-24 21:00:00,22.92820601373734
2020-10-24 22:00:00,61.86978277683423
2020-10-24 23:00:00,31.18096008261956
2020-10-25 00:00:00,5.660315271936891
2020-10-25 01:00:00,13.116854668270685
2020-10-25 02:00:00,12.394671611111141
2020-10-25 03:00:00,15.95853499165557
2020-10-25 04:00:00,31.02433691322937
2020-10-25 05:00:00,47.70456538889645
2020-10-25 06:00:00,35.42905876881382
2020-10-25 07:00:00,14.900644153771115
2020-10-25 08:00:00,11.04360099722222
2020-10-25 09:00:00,3.7462851166666673
2020-10-25 10:00:00,3.744929805555553
2020-10-25 11:00:00,3.747664288888889
2020-10-25 12:00:00,3.737299022222222
2020-10-25 13:00:00,3.7532907388888797
2020-10-25 14:00:00,2.521031377777776
2020-10-25 15:00:00,3.6381274986004453
2020-10-25 16:00:00,17.444217014786243
2020-10-25 17:00:00,72.72639746164135
2020-10-25 18:00:00,35.63477802368844
2020-10-25 19:00:00,25.93862093802665
2020-10-25 20:00:00,10.364241638359545
2020-10-25 21:00:00,29.148849615449308
2020-10-25 22:00:00,26.100651826749356
2020-10-25 23:00:00,66.89804266965423
2020-10-26 00:00:00,53.93941906889644
2020-10-26 01:00:00,34.79270825071244
2020-10-26 02:00:00,27.11760928800267
2020-10-26 03:00:00,20.37590127430444
2020-10-26 04:00:00,3.282651213432
2020-10-26 05:00:00,8.884632550000015
2020-10-26 06:00:00,9.804323025
2020-10-26 07:00:00,5.492272827777779
2020-10-26 08:00:00,10.253714663888914
2020-10-26 09:00:00,10.351305233333331
2020-10-26 10:00:00,10.345747955555565
2020-10-26 11:00:00,10.233292813888879
2020-10-26 12:00:00,8.963372447222216
2020-10-26 13:00:00,6.760332580511997
2020-10-26 14:00:00,2.3806694369226666
2020-10-26 15:00:00,4.700216522222204
2020-10-26 16:00:00,10.551700376718628
2020-10-26 17:00:00,18.9968867977131
2020-10-26 18:00:00,28.558139382176954
2020-10-26 19:00:00,26.564180811754664
2020-10-26 20:00:00,42.69938770971087
2020-10-26 21:00:00,16.367342274051556
2020-10-26 22:00:00,32.491325025
2020-10-26 23:00:00,33.332681803468
2020-10-27 00:00:00,19.329349888476
2020-10-27 01:00:00,19.002402542034673
2020-10-27 02:00:00,17.2381952787227
2020-10-27 03:00:00,21.95159184722224
2020-10-27 04:00:00,13.87525575518889
2020-10-27 05:00:00,28.22963020967023
2020-10-27 06:00:00,11.523181848472891
2020-10-27 07:00:00,3.7090647305555553
2020-10-27 08:00:00,4.033924747222225
2020-10-27 09:00:00,4.153374249999996
2020-10-27 10:00:00,4.053734700000002
2020-10-27 11:00:00,4.222341244444444
2020-10-27 12:00:00,4.229189716666665
2020-10-27 13:00:00,12.228042741981326
2020-10-27 14:00:00,21.20726388706177
2020-10-27 15:00:00,7.511131811111125
2020-10-27 16:00:00,12.18494307168202
2020-10-27 17:00:00,31.86847837815032
2020-10-27 18:00:00,38.0005111418925
2020-10-27 19:00:00,48.75986793396445
2020-10-27 20:00:00,30.83247386207163
2020-10-27 21:00:00,26.173925823917827
2020-10-27 22:00:00,17.202491967321134
2020-10-27 23:00:00,27.360606768232447
2020-10-28 00:00:00,21.707068466666684
2020-10-28 01:00:00,36.80318151453289
2020-10-28 02:00:00,4.604467490608015
2020-10-28 03:00:00,30.527875632623097
2020-10-28 04:00:00,1.928843491666668
2020-10-28 05:00:00,0.0
2020-10-28 06:00:00,0.0
2020-10-28 07:00:00,0.0
2020-10-28 08:00:00,8.918323955555561
2020-10-28 09:00:00,10.38034402777778
2020-10-28 10:00:00,10.334410533333353
2020-10-28 11:00:00,10.328114358333336
2020-10-28 12:00:00,10.181552602777776
2020-10-28 13:00:00,5.028915791666672
2020-10-28 14:00:00,0.6967884976924444
2020-10-28 15:00:00,21.125821849335114
2020-10-28 16:00:00,17.807665524738056
2020-10-28 17:00:00,25.2155550119122
2020-10-28 18:00:00,11.67873015311791
2020-10-28 19:00:00,7.075267996403882
2020-10-28 20:00:00,16.447886436458795
2020-10-28 21:00:00,5.513762764279894
2020-10-28 22:00:00,14.149046367058501
2020-10-28 23:00:00,25.328338807659666
2020-10-29 00:00:00,17.620617940443555
2020-10-29 01:00:00,8.88516367820356
2020-10-29 02:00:00,5.969244010213332
2020-10-29 03:00:00,15.551393221272015
2020-10-29 04:00:00,17.28680399854845
2020-10-29 05:00:00,36.95175281947864
2020-10-29 06:00:00,26.909688902969744
2020-10-29 07:00:00,15.604778991666654
2020-10-29 08:00:00,19.009272172230673
2020-10-29 09:00:00,11.078615016666653
2020-10-29 10:00:00,5.2043496111111045
2020-10-29 11:00:00,0.2529272666666667
2020-10-29 12:00:00,0.23793977500000008
2020-10-29 13:00:00,0.24323110000000003
2020-10-29 14:00:00,1.3176484361111112
2020-10-29 15:00:00,12.76714341388887
2020-10-29 16:00:00,27.89633412985303
2020-10-29 17:00:00,31.43444617224041
2020-10-29 18:00:00,34.44345853752792
2020-10-29 19:00:00,26.04484530850196
2020-10-29 20:00:00,19.37067815528945
2020-10-29 21:00:00,17.854562016666602
2020-10-29 22:00:00,12.126969439974893
2020-10-29 23:00:00,0.0
2020-10-30 00:00:00,0.0
2020-10-30 01:00:00,6.841377906508894
2020-10-30 02:00:00,0.41435816569911105
2020-10-30 03:00:00,0.0
2020-10-30 04:00:00,3.1080549416666683
2020-10-30 05:00:00,10.761996763888886
2020-10-30 06:00:00,25.706576551553816
2020-10-30 07:00:00,32.25192747108093
2020-10-30 08:00:00,14.132116905555565
2020-10-30 09:00:00,11.02731920833333
2020-10-30 10:00:00,4.25528816944445
2020-10-30 11:00:00,4.159077983333338
2020-10-30 12:00:00,3.994898444444455
2020-10-30 13:00:00,3.929542044444451
2020-10-30 14:00:00,3.9002884888888936
2020-10-30 15:00:00,7.123676154520889
2020-10-30 16:00:00,38.95729454094392
2020-10-30 17:00:00,22.17171524390568
2020-10-30 18:00:00,35.43565941597942
2020-10-30 19:00:00,20.392650061729768
2020-10-30 20:00:00,31.436192560082233
2020-10-30 21:00:00,25.382175976921243
2020-10-30 22:00:00,30.56489399842138
2020-10-30 23:00:00,28.914944500039155
2020-10-31 00:00:00,1.442153630244889
2020-10-31 01:00:00,12.023249988117778
2020-10-31 02:00:00,28.52787277986578
2020-10-31 03:00:00,22.384667445227564
2020-10-31 04:00:00,13.736618369964443
2020-10-31 05:00:00,18.62408931111112
2020-10-31 06:00:00,14.67607371944443
2020-10-31 07:00:00,14.295282483333338
2020-10-31 08:00:00,7.311043691666669
2020-10-31 09:00:00,3.9910045500000004
2020-10-31 10:00:00,4.16185585555555
2020-10-31 11:00:00,4.099372683333335
2020-10-31 12:00:00,3.8745638222222256
2020-10-31 13:00:00,3.871927066666682
2020-10-31 14:00:00,7.4869075077124485
2020-10-31 15:00:00,29.88478384608938
2020-10-31 16:00:00,9.705113869444475
2020-10-31 17:00:00,22.18614848027025
2020-10-31 18:00:00,55.43742937925912
2020-10-31 19:00:00,38.79423198418307
2020-10-31 20:00:00,35.9063300615302
2020-10-31 21:00:00,45.58240241663379
2020-10-31 22:00:00,7.6592030319026705
2020-10-31 23:00:00,1.2498220499999995
2020-11-01 00:00:00,7.973268544302659
2020-11-01 01:00:00,44.12470639467955
2020-11-01 02:00:00,18.225664903464878
2020-11-01 03:00:00,14.114904045771105
2020-11-01 04:00:00,11.541754711422223
2020-11-01 05:00:00,13.245387210837338
2020-11-01 06:00:00,30.440852638518205
2020-11-01 07:00:00,13.773766378075553
2020-11-01 08:00:00,12.123570224999998
2020-11-01 09:00:00,14.202892652777788
2020-11-01 10:00:00,14.358703025000015
2020-11-01 11:00:00,14.306213233333342
2020-11-01 12:00:00,4.456952747222227
2020-11-01 13:00:00,3.9259237166666687
2020-11-01 14:00:00,4.1441634305555555
2020-11-01 15:00:00,0.5319507194444446
2020-11-01 16:00:00,4.344952938025332
2020-11-01 17:00:00,21.56871523067509
2020-11-01 18:00:00,28.035156136578202
2020-11-01 19:00:00,17.554472998444425
2020-11-01 20:00:00,29.35710072282445
2020-11-01 21:00:00,37.94597507119691
2020-11-01 22:00:00,22.669698947139572
2020-11-01 23:00:00,54.36003921137428
2020-11-02 00:00:00,46.929433786549794
2020-11-02 01:00:00,32.47805288456624
2020-11-02 02:00:00,25.157975311106235
2020-11-02 03:00:00,21.34097984978488
2020-11-02 04:00:00,13.433964427964892
2020-11-02 05:00:00,15.047462886259549
2020-11-02 06:00:00,2.111053071590666
2020-11-02 07:00:00,11.955236993220451
2020-11-02 08:00:00,0.0
2020-11-02 09:00:00,0.0
2020-11-02 10:00:00,0.0
2020-11-02 11:00:00,0.0
2020-11-02 12:00:00,0.0
2020-11-02 13:00:00,0.0
2020-11-02 14:00:00,0.0
2020-11-02 15:00:00,0.0
2020-11-02 16:00:00,5.207079124999997
2020-11-02 17:00:00,13.838095682293563
2020-11-02 18:00:00,24.088347766307116
2020-11-02 19:00:00,53.966387597983235
2020-11-02 20:00:00,35.4457707097249
2020-11-02 21:00:00,49.50752816903795
2020-11-02 22:00:00,47.88236847875593
2020-11-02 23:00:00,24.97740716196311
2020-11-03 00:00:00,11.691887093820775
2020-11-03 01:00:00,17.19425593908399
2020-11-03 02:00:00,33.96735168771246
2020-11-03 03:00:00,58.53523817989292
2020-11-03 04:00:00,55.160833267047124
2020-11-03 05:00:00,24.193534890007136
2020-11-03 06:00:00,16.88764509523779
2020-11-03 07:00:00,13.90036816015914
2020-11-03 08:00:00,0.19458378333333334
2020-11-03 09:00:00,0.0
2020-11-03 10:00:00,0.0
2020-11-03 11:00:00,0.0
2020-11-03 12:00:00,2.8874422944444422
2020-11-03 13:00:00,10.079878108333352
2020-11-03 14:00:00,12.778588705555546
2020-11-03 15:00:00,3.103752819444444
2020-11-03 16:00:00,4.085321341666666
2020-11-03 17:00:00,14.546499148001297
2020-11-03 18:00:00,22.289786995966487
2020-11-03 19:00:00,29.232842006945678
2020-11-03 20:00:00,7.20136934099387
2020-11-03 21:00:00,6.711624279952885
2020-11-03 22:00:00,30.450711821129843
2020-11-03 23:00:00,16.1021649323382
2020-11-04 00:00:00,4.111566231274223
2020-11-04 01:00:00,21.58804001076533
2020-11-04 02:00:00,21.16337316390134
2020-11-04 03:00:00,0.0
2020-11-04 04:00:00,0.7764826190795555
2020-11-04 05:00:00,9.763300933030663
2020-11-04 06:00:00,1.1340674495626668
2020-11-04 07:00:00,7.798449813888886
2020-11-04 08:00:00,0.11443986666666667
2020-11-04 09:00:00,0.0
2020-11-04 10:00:00,0.0
2020-11-04 11:00:00,0.0
2020-11-04 12:00:00,0.0
2020-11-04 13:00:00,0.0
2020-11-04 14:00:00,8.04549707777777
2020-11-04 15:00:00,6.27810320555556
2020-11-04 16:00:00,9.699335744029192
2020-11-04 17:00:00,28.111151372367683
2020-11-04 18:00:00,27.551041061258022
2020-11-04 19:00:00,41.55638864889703
2020-11-04 20:00:00,34.52427651845019
2020-11-04 21:00:00,16.488497568517346
2020-11-04 22:00:00,33.48565100461643
2020-11-04 23:00:00,23.738332315424906
2020-11-05 00:00:00,30.061852051057773
2020-11-05 01:00:00,17.049072297896885
2020-11-05 02:00:00,17.012389563762667
2020-11-05 03:00:00,9.982176663766671
2020-11-05 04:00:00,8.463031429545332
2020-11-05 05:00:00,0.9758665138888887
2020-11-05 06:00:00,4.685252738888887
2020-11-05 07:00:00,7.924502122222217
2020-11-05 08:00:00,7.874468019444452
2020-11-05 09:00:00,8.044384263888896
2020-11-05 10:00:00,7.678020211111127
2020-11-05 11:00:00,7.144385316666678
2020-11-05 12:00:00,4.591165088888902
2020-11-05 13:00:00,5.674097386111131
2020-11-05 14:00:00,12.857721952777776
2020-11-05 15:00:00,4.874268923900446
2020-11-05 16:00:00,29.224265075133317
2020-11-05 17:00:00,22.315279868247835
2020-11-05 18:00:00,10.843907400611396
2020-11-05 19:00:00,33.18736802339005
2020-11-05 20:00:00,40.5522695374011
2020-11-05 21:00:00,26.115693201508876
2020-11-05 22:00:00,7.803621122222231
2020-11-05 23:00:00,18.023269118779993
2020-11-06 00:00:00,7.988272640651112
2020-11-06 01:00:00,14.129846936988445
2020-11-06 02:00:00,26.06381635912532
2020-11-06 03:00:00,36.02797049071376
2020-11-06 04:00:00,32.529926999462226
2020-11-06 05:00:00,23.576690508048447
2020-11-06 06:00:00,4.568308036111113
2020-11-06 07:00:00,4.759058194444459
2020-11-06 08:00:00,11.842737366784005
2020-11-06 09:00:00,4.242930938964449
2020-11-06 10:00:00,3.0474559638888974
2020-11-06 11:00:00,0.0
2020-11-06 12:00:00,0.0
2020-11-06 13:00:00,0.0
2020-11-06 14:00:00,0.0
2020-11-06 15:00:00,0.23848326111111107
2020-11-06 16:00:00,7.104069583333331
2020-11-06 17:00:00,9.361762538019814
2020-11-06 18:00:00,28.753667275319522
2020-11-06 19:00:00,12.612234983540654
2020-11-06 20:00:00,2.841684219444379
2020-11-06 21:00:00,30.51311875779316
2020-11-06 22:00:00,28.421764223959865
2020-11-06 23:00:00,7.639046010032949
2020-11-07 00:00:00,9.037654740155125
2020-11-07 01:00:00,19.054605627546668
2020-11-07 02:00:00,12.729888322908447
2020-11-07 03:00:00,16.198884360035997
2020-11-07 04:00:00,9.128548604877778
2020-11-07 05:00:00,18.913705863601784
2020-11-07 06:00:00,13.560410010821787
2020-11-07 07:00:00,10.132653372222197
2020-11-07 08:00:00,9.030816877777768
2020-11-07 09:00:00,0.0
2020-11-07 10:00:00,0.0
2020-11-07 11:00:00,0.0
2020-11-07 12:00:00,0.0
2020-11-07 13:00:00,4.596348874999998
2020-11-07 14:00:00,6.452915255555523
2020-11-07 15:00:00,14.461415371713356
2020-11-07 16:00:00,27.68138591740501
2020-11-07 17:00:00,16.939087598988408
2020-11-07 18:00:00,6.480096663888862
2020-11-07 19:00:00,15.65334210836623
2020-11-07 20:00:00,4.760041476420447
2020-11-07 21:00:00,26.956492844046213
2020-11-07 22:00:00,49.492631026728
2020-11-07 23:00:00,60.22141039727388
2020-11-08 00:00:00,17.894420498795164
2020-11-08 01:00:00,5.670564210274668
2020-11-08 02:00:00,4.092775291940445
2020-11-08 03:00:00,17.79487665093955
2020-11-08 04:00:00,5.4304281405919985
2020-11-08 05:00:00,8.803669362190673
2020-11-08 06:00:00,10.138124647222222
2020-11-08 07:00:00,10.139891516666662
2020-11-08 08:00:00,8.176261633333336
2020-11-08 09:00:00,0.0
2020-11-08 10:00:00,0.0
2020-11-08 11:00:00,0.0
2020-11-08 12:00:00,0.0
2020-11-08 13:00:00,3.51643506388889
2020-11-08 14:00:00,6.470655902777814
2020-11-08 15:00:00,17.246627666666676
2020-11-08 16:00:00,23.696236615017302
2020-11-08 17:00:00,40.502262547532425
2020-11-08 18:00:00,15.672240325044452
2020-11-08 19:00:00,23.8427834833871
2020-11-08 20:00:00,12.301362258333347
2020-11-08 21:00:00,20.633174469954863
2020-11-08 22:00:00,35.96808855128998
2020-11-08 23:00:00,40.81558608989753
2020-11-09 00:00:00,33.31176877460387
2020-11-09 01:00:00,18.694161798139273
2020-11-09 02:00:00,17.234847155263513
2020-11-09 03:00:00,21.044994107359905
2020-11-09 04:00:00,8.939336471202658
2020-11-09 05:00:00,5.767813202408002
2020-11-09 06:00:00,5.251956469326669
2020-11-09 07:00:00,0.0
2020-11-09 08:00:00,0.0
2020-11-09 09:00:00,0.0
2020-11-09 10:00:00,0.0
2020-11-09 11:00:00,0.0
2020-11-09 12:00:00,0.0
2020-11-09 13:00:00,0.0
2020-11-09 14:00:00,0.0
2020-11-09 15:00:00,4.023237275000001
2020-11-09 16:00:00,10.600987921504098
2020-11-09 17:00:00,41.290854667546064
2020-11-09 18:00:00,33.85214577297689
2020-11-09 19:00:00,8.616565711574525
2020-11-09 20:00:00,18.163292082535108
2020-11-09 21:00:00,14.12562863055556
2020-11-09 22:00:00,21.923196238783994
2020-11-09 23:00:00,23.136135461096455
2020-11-10 00:00:00,25.481921442874658
2020-11-10 01:00:00,13.280628902959991
2020-11-10 02:00:00,18.101260502110204
2020-11-10 03:00:00,0.3325711111111112
2020-11-10 04:00:00,17.234938933845037
2020-11-10 05:00:00,4.9673252648253765
2020-11-10 06:00:00,4.036303911111127
2020-11-10 07:00:00,4.1213971805555545
2020-11-10 08:00:00,0.0
2020-11-10 09:00:00,0.0
2020-11-10 10:00:00,0.0
2020-11-10 11:00:00,0.0
2020-11-10 12:00:00,0.0
2020-11-10 13:00:00,0.0
2020-11-10 14:00:00,0.0
2020-11-10 15:00:00,4.825959780555561
2020-11-10 16:00:00,10.268441977777776
2020-11-10 17:00:00,18.901617261298487
2020-11-10 18:00:00,17.845967957599306
2020-11-10 19:00:00,15.064996779085337
2020-11-10 20:00:00,26.369942867416004
2020-11-10 21:00:00,28.711395165870925
2020-11-10 22:00:00,15.569906323654855
2020-11-10 23:00:00,12.41815387030269
2020-11-11 00:00:00,12.860728616666659
2020-11-11 01:00:00,8.106294169496895
2020-11-11 02:00:00,24.430948654683995
2020-11-11 03:00:00,19.019145808277308
2020-11-11 04:00:00,14.3918684395911
2020-11-11 05:00:00,2.266250183333334
2020-11-11 06:00:00,0.0
2020-11-11 07:00:00,0.0
2020-11-11 08:00:00,0.0
2020-11-11 09:00:00,0.0
2020-11-11 10:00:00,0.0
2020-11-11 11:00:00,0.0
2020-11-11 12:00:00,0.0
2020-11-11 13:00:00,0.0
2020-11-11 14:00:00,0.0
2020-11-11 15:00:00,2.2727956000000034
2020-11-11 16:00:00,8.845653025000004
2020-11-11 17:00:00,37.94315624601217
2020-11-11 18:00:00,34.501320867843695
2020-11-11 19:00:00,45.72019120906825
2020-11-11 20:00:00,52.80698399730686
2020-11-11 21:00:00,34.22634641841724
2020-11-11 22:00:00,43.84146439117184
2020-11-11 23:00:00,38.116717719796
2020-11-12 00:00:00,30.080098565423754
2020-11-12 01:00:00,4.827008268925905
2020-11-12 02:00:00,1.8199679107065525
2020-11-12 03:00:00,7.418528836111076
2020-11-12 04:00:00,9.510738947222233
2020-11-12 05:00:00,11.155538890671108
2020-11-12 06:00:00,28.05478788808312
2020-11-12 07:00:00,2.6528060611111086
2020-11-12 08:00:00,0.0
2020-11-12 09:00:00,0.0
2020-11-12 10:00:00,0.0
2020-11-12 11:00:00,0.0
2020-11-12 12:00:00,0.0
2020-11-12 13:00:00,3.230370186111108
2020-11-12 14:00:00,6.473048608333327
2020-11-12 15:00:00,8.083535013888893
2020-11-12 16:00:00,29.343718567935138
2020-11-12 17:00:00,38.362521572662224
2020-11-12 18:00:00,40.7199422021277
2020-11-12 19:00:00,66.27196933778048
2020-11-12 20:00:00,44.20219799445051
2020-11-12 21:00:00,26.38908117027257
2020-11-12 22:00:00,17.91936414166667
2020-11-12 23:00:00,19.704043214665464
2020-11-13 00:00:00,13.959102346877335
2020-11-13 01:00:00,12.297549613579552
2020-11-13 02:00:00,22.59342217776714
2020-11-13 03:00:00,18.003321885451562
2020-11-13 04:00:00,17.705169922482856
2020-11-13 05:00:00,15.7083742123603
2020-11-13 06:00:00,11.097338261441752
2020-11-13 07:00:00,3.627880032247253
2020-11-13 08:00:00,0.0
2020-11-13 09:00:00,0.0
2020-11-13 10:00:00,0.0
2020-11-13 11:00:00,0.0
2020-11-13 12:00:00,0.0
2020-11-13 13:00:00,0.0
2020-11-13 14:00:00,0.0
2020-11-13 15:00:00,3.2564065722222253
2020-11-13 16:00:00,17.000764893057163
2020-11-13 17:00:00,36.663509035386426
2020-11-13 18:00:00,35.07660028435672
2020-11-13 19:00:00,34.59108654888879
2020-11-13 20:00:00,43.11309667864353
2020-11-13 21:00:00,33.182038853429475
2020-11-13 22:00:00,22.246668840569825
2020-11-13 23:00:00,18.601634961187212
2020-11-14 00:00:00,19.037060788301524
2020-11-14 01:00:00,17.778179968608157
2020-11-14 02:00:00,11.081470769444433
2020-11-14 03:00:00,11.062504558333309
2020-11-14 04:00:00,11.074446749999982
2020-11-14 05:00:00,11.081103944444434
2020-11-14 06:00:00,8.145349125000026
2020-11-14 07:00:00,0.0
2020-11-14 08:00:00,3.0479972611111115
2020-11-14 09:00:00,4.481799772222222
2020-11-14 10:00:00,3.9168637083333286
2020-11-14 11:00:00,3.9375680416666734
2020-11-14 12:00:00,14.040342536111108
2020-11-14 13:00:00,8.313437983333326
2020-11-14 14:00:00,10.36909058888885
2020-11-14 15:00:00,10.354854430555559
2020-11-14 16:00:00,10.356109152777746
2020-11-14 17:00:00,32.57483099328926
2020-11-14 18:00:00,30.036668857976412
2020-11-14 19:00:00,23.050547372222173
2020-11-14 20:00:00,28.7061185499831
2020-11-14 21:00:00,11.824457782598206
2020-11-14 22:00:00,10.215329530555543
2020-11-14 23:00:00,13.519807111111133
2020-11-15 00:00:00,25.26626692818581
2020-11-15 01:00:00,20.298570150744126
2020-11-15 02:00:00,10.691759924689949
2020-11-15 03:00:00,16.584084455939426
2020-11-15 04:00:00,8.427413037430684
2020-11-15 05:00:00,14.399044361111095
2020-11-15 06:00:00,16.880065400000007
2020-11-15 07:00:00,12.664736977777757
2020-11-15 08:00:00,5.841764400000006
2020-11-15 09:00:00,0.4684972390574242
2020-11-15 10:00:00,0.10895612468766884
2020-11-15 11:00:00,0.05677516672099266
2020-11-15 12:00:00,0.019219046377750553
2020-11-15 13:00:00,0.5223713194444444
2020-11-15 14:00:00,0.013682446353327424
2020-11-15 15:00:00,1.4159021388888882
2020-11-15 16:00:00,2.448323745302481
2020-11-15 17:00:00,9.829725409623123
2020-11-15 18:00:00,8.700106188738648
2020-11-15 19:00:00,23.24859032048314
2020-11-15 20:00:00,23.546877971351204
2020-11-15 21:00:00,19.07689849725054
2020-11-15 22:00:00,16.141139539804122
2020-11-15 23:00:00,26.802691505192442
2020-11-16 00:00:00,8.64094735277778
2020-11-16 01:00:00,3.9887001222222223
2020-11-16 02:00:00,10.506211856352431
2020-11-16 03:00:00,28.355978714309344
2020-11-16 04:00:00,16.377529809959114
2020-11-16 05:00:00,13.870207661111124
2020-11-16 06:00:00,5.376634908333335
2020-11-16 07:00:00,8.797129808333334
2020-11-16 08:00:00,5.103398750000002
2020-11-16 09:00:00,3.9711612666666616
2020-11-16 10:00:00,3.9440559999999962
2020-11-16 11:00:00,3.9422441777777757
2020-11-16 12:00:00,3.9781027555555526
2020-11-16 13:00:00,3.9654829777777767
2020-11-16 14:00:00,3.9719115555555504
2020-11-16 15:00:00,4.931659502777775
2020-11-16 16:00:00,11.561264222222238
2020-11-16 17:00:00,32.891057298761176
2020-11-16 18:00:00,26.433091075408974
2020-11-16 19:00:00,30.798084996327653
2020-11-16 20:00:00,23.156345343817197
2020-11-16 21:00:00,30.461670612574657
2020-11-16 22:00:00,31.167740569444454
2020-11-16 23:00:00,23.763633510444915
2020-11-17 00:00:00,20.02957439607892
2020-11-17 01:00:00,34.112993478148454
2020-11-17 02:00:00,19.025903855974207
2020-11-17 03:00:00,0.0
2020-11-17 04:00:00,0.0
2020-11-17 05:00:00,0.3904340305555554
2020-11-17 06:00:00,18.049807107082664
2020-11-17 07:00:00,7.2257724458977775
2020-11-17 08:00:00,0.0
2020-11-17 09:00:00,0.0
2020-11-17 10:00:00,0.0
2020-11-17 11:00:00,0.0
2020-11-17 12:00:00,0.0
2020-11-17 13:00:00,3.6412922999999924
2020-11-17 14:00:00,6.436704075000018
2020-11-17 15:00:00,6.6942716722221896
2020-11-17 16:00:00,6.621745880555513
2020-11-17 17:00:00,18.061259967218163
2020-11-17 18:00:00,31.346974385119772
2020-11-17 19:00:00,29.797580396984213
2020-11-17 20:00:00,20.92321605398486
2020-11-17 21:00:00,19.086101846589234
2020-11-17 22:00:00,13.85326808407734
2020-11-17 23:00:00,12.26835002492399
2020-11-18 00:00:00,7.17349009087743
2020-11-18 01:00:00,6.093268497662681
2020-11-18 02:00:00,14.861553613099108
2020-11-18 03:00:00,8.242764777777783
2020-11-18 04:00:00,3.318252961111108
2020-11-18 05:00:00,0.2383536277777778
2020-11-18 06:00:00,4.534535554963556
2020-11-18 07:00:00,2.6056265486853345
2020-11-18 08:00:00,0.0
2020-11-18 09:00:00,0.0
2020-11-18 10:00:00,0.0
2020-11-18 11:00:00,0.0
2020-11-18 12:00:00,0.0
2020-11-18 13:00:00,0.0
2020-11-18 14:00:00,0.0
2020-11-18 15:00:00,4.9536859583333195
2020-11-18 16:00:00,12.581137458333313
2020-11-18 17:00:00,33.61329338058016
2020-11-18 18:00:00,17.437663642937185
2020-11-18 19:00:00,22.80255084811306
2020-11-18 20:00:00,17.062940254944685
2020-11-18 21:00:00,19.572721305245892
2020-11-18 22:00:00,24.118212698204815
2020-11-18 23:00:00,29.011850724695375
2020-11-19 00:00:00,25.694748595982233
2020-11-19 01:00:00,14.733067286109812
2020-11-19 02:00:00,23.830045525689336
2020-11-19 03:00:00,12.126015859135126
2020-11-19 04:00:00,17.516999596596442
2020-11-19 05:00:00,6.634790511744447
2020-11-19 06:00:00,4.570484322222225
2020-11-19 07:00:00,4.414470408333329
2020-11-19 08:00:00,0.0
2020-11-19 09:00:00,3.3109382944444468
2020-11-19 10:00:00,4.387962736111109
2020-11-19 11:00:00,3.9667812888888805
2020-11-19 12:00:00,3.957373377777767
2020-11-19 13:00:00,6.718345719444436
2020-11-19 14:00:00,10.424835463888853
2020-11-19 15:00:00,17.807956544444483
2020-11-19 16:00:00,25.968330532784513
2020-11-19 17:00:00,30.1237208426366
2020-11-19 18:00:00,30.39342293549505
2020-11-19 19:00:00,20.83904377834746
2020-11-19 20:00:00,15.353877103664223
2020-11-19 21:00:00,17.652344058333338
2020-11-19 22:00:00,14.045248338888886
2020-11-19 23:00:00,18.983557974999993
2020-11-20 00:00:00,15.650101255462234
2020-11-20 01:00:00,10.03201413333334
2020-11-20 02:00:00,6.498854374787008
2020-11-20 03:00:00,6.231057157564896
2020-11-20 04:00:00,7.488954711111117
2020-11-20 05:00:00,7.4623208805555645
2020-11-20 06:00:00,5.406026372222225
2020-11-20 07:00:00,0.0
2020-11-20 08:00:00,0.0
2020-11-20 09:00:00,0.0
2020-11-20 10:00:00,0.0
2020-11-20 11:00:00,0.0
2020-11-20 12:00:00,0.0
2020-11-20 13:00:00,0.4332151277777777
2020-11-20 14:00:00,8.10272024999999
2020-11-20 15:00:00,11.723001684212901
2020-11-20 16:00:00,5.644556752777778
2020-11-20 17:00:00,9.098897903657692
2020-11-20 18:00:00,8.638668416869798
2020-11-20 19:00:00,10.99878525063394
2020-11-20 20:00:00,10.724579347995636
2020-11-20 21:00:00,5.634211516965379
2020-11-20 22:00:00,15.483856572222221
2020-11-20 23:00:00,14.168561097222234
2020-11-21 00:00:00,27.145439049093397
2020-11-21 01:00:00,21.650599258316593
2020-11-21 02:00:00,0.0
2020-11-21 03:00:00,0.0
2020-11-21 04:00:00,0.0
2020-11-21 05:00:00,0.0
2020-11-21 06:00:00,0.0
2020-11-21 07:00:00,0.0
2020-11-21 08:00:00,0.0
2020-11-21 09:00:00,0.0
2020-11-21 10:00:00,0.0
2020-11-21 11:00:00,0.0
2020-11-21 12:00:00,0.0
2020-11-21 13:00:00,4.070990402777793
2020-11-21 14:00:00,6.46675046944442
2020-11-21 15:00:00,6.47214574722218
2020-11-21 16:00:00,6.435563366666653
2020-11-21 17:00:00,6.489314613888824
2020-11-21 18:00:00,6.542991647222242
2020-11-21 19:00:00,3.449266325
2020-11-21 20:00:00,5.461746616666664
2020-11-21 21:00:00,6.176566524999996
2020-11-21 22:00:00,5.748239175554133
2020-11-21 23:00:00,11.082412529078582
2020-11-22 00:00:00,0.0
2020-11-22 01:00:00,10.893141194444475
2020-11-22 02:00:00,11.138173111111142
2020-11-22 03:00:00,11.129548838888907
2020-11-22 04:00:00,15.158611902777807
2020-11-22 05:00:00,21.27204786111116
2020-11-22 06:00:00,21.858192206855996
2020-11-22 07:00:00,9.977617627777786
2020-11-22 08:00:00,5.720933402777776
2020-11-22 09:00:00,4.538624055555555
2020-11-22 10:00:00,10.118260041666659
2020-11-22 11:00:00,10.013026597222218
2020-11-22 12:00:00,10.08644323055555
2020-11-22 13:00:00,13.515285591666657
2020-11-22 14:00:00,7.7345844583332655
2020-11-22 15:00:00,7.507047599999981
2020-11-22 16:00:00,10.908849802777741
2020-11-22 17:00:00,9.184633069444446
2020-11-22 18:00:00,16.166787883333317
2020-11-22 19:00:00,21.73966814444445
2020-11-22 20:00:00,12.369304680555583
2020-11-22 21:00:00,16.584795463888895
2020-11-22 22:00:00,23.718901636111156
2020-11-22 23:00:00,23.599547216666735
2020-11-23 00:00:00,47.797411784144835
2020-11-23 01:00:00,9.963162874999997
2020-11-23 02:00:00,6.8306490027777675
2020-11-23 03:00:00,7.054623391666678
2020-11-23 04:00:00,13.771525263888897
2020-11-23 05:00:00,14.422221974999964
2020-11-23 06:00:00,19.136857841666643
2020-11-23 07:00:00,19.347363405555548
2020-11-23 08:00:00,17.76452032499999
2020-11-23 09:00:00,11.278759994444442
2020-11-23 10:00:00,4.0109662583333465
2020-11-23 11:00:00,4.009227866666677
2020-11-23 12:00:00,4.023708375000006
2020-11-23 13:00:00,4.000574863888899
2020-11-23 14:00:00,4.339217294444451
2020-11-23 15:00:00,4.018845019444452
2020-11-23 16:00:00,6.181820202777792
2020-11-23 17:00:00,3.3533018944444524
2020-11-23 18:00:00,11.201091197257757
2020-11-23 19:00:00,13.924002389764453
2020-11-23 20:00:00,17.667708183333357
2020-11-23 21:00:00,18.01213087500004
2020-11-23 22:00:00,17.273166855555598
2020-11-23 23:00:00,14.3989524655119
2020-11-24 00:00:00,8.056363548713078
2020-11-24 01:00:00,6.1739806305555565
2020-11-24 02:00:00,34.42465084207825
2020-11-24 03:00:00,12.663355994444428
2020-11-24 04:00:00,18.688162058333347
2020-11-24 05:00:00,10.33617222222224
2020-11-24 06:00:00,8.773098100000002
2020-11-24 07:00:00,0.0
2020-11-24 08:00:00,0.0
2020-11-24 09:00:00,0.0
2020-11-24 10:00:00,0.0
2020-11-24 11:00:00,0.0
2020-11-24 12:00:00,0.0
2020-11-24 13:00:00,0.0
2020-11-24 14:00:00,0.0
2020-11-24 15:00:00,2.6027344277777686
2020-11-24 16:00:00,10.12640643055552
2020-11-24 17:00:00,14.753658903808512
2020-11-24 18:00:00,25.320946780596838
2020-11-24 19:00:00,25.347840333333323
2020-11-24 20:00:00,18.67047038888887
2020-11-24 21:00:00,18.096163486111102
2020-11-24 22:00:00,21.82631900089956
2020-11-24 23:00:00,7.046317701358676
2020-11-25 00:00:00,0.21252635833333333
2020-11-25 01:00:00,1.2684250555555552
2020-11-25 02:00:00,12.33082906780178
2020-11-25 03:00:00,5.97022459100311
2020-11-25 04:00:00,0.0
2020-11-25 05:00:00,0.0
2020-11-25 06:00:00,0.0
2020-11-25 07:00:00,0.0
2020-11-25 08:00:00,0.0
2020-11-25 09:00:00,0.0
2020-11-25 10:00:00,0.0
2020-11-25 11:00:00,0.0
2020-11-25 12:00:00,0.0
2020-11-25 13:00:00,0.0
2020-11-25 14:00:00,0.0
2020-11-25 15:00:00,0.0
2020-11-25 16:00:00,7.423333815905331
2020-11-25 17:00:00,11.688791318852804
2020-11-25 18:00:00,24.2787783887359
2020-11-25 19:00:00,11.429556794444439
2020-11-25 20:00:00,11.373989947222224
2020-11-25 21:00:00,2.9095424749999994
2020-11-25 22:00:00,5.504102216666656
2020-11-25 23:00:00,14.008579419416895
2020-11-26 00:00:00,10.435289747222223
2020-11-26 01:00:00,8.374975888888887
2020-11-26 02:00:00,9.0666708361111
2020-11-26 03:00:00,10.739154058333375
2020-11-26 04:00:00,10.042037802777777
2020-11-26 05:00:00,12.213171441666644
2020-11-26 06:00:00,3.1648731138888895
2020-11-26 07:00:00,0.0
2020-11-26 08:00:00,2.9425742388888865
2020-11-26 09:00:00,3.959965155555551
2020-11-26 10:00:00,4.205359099999993
2020-11-26 11:00:00,4.117792108333335
2020-11-26 12:00:00,4.175389747222221
2020-11-26 13:00:00,4.345960372222223
2020-11-26 14:00:00,4.413633958333334
2020-11-26 15:00:00,4.46973010555555
2020-11-26 16:00:00,4.661054065827669
2020-11-26 17:00:00,10.59549446226793
2020-11-26 18:00:00,10.961062550082108
2020-11-26 19:00:00,14.018679122833374
2020-11-26 20:00:00,16.551316863642167
2020-11-26 21:00:00,16.640005836368083
2020-11-26 22:00:00,16.51479757447742
2020-11-26 23:00:00,10.462748483989714
2020-11-27 00:00:00,0.0
2020-11-27 01:00:00,17.18412539700132
2020-11-27 02:00:00,0.0
2020-11-27 03:00:00,0.0
2020-11-27 04:00:00,0.0
2020-11-27 05:00:00,0.0
2020-11-27 06:00:00,0.0
2020-11-27 07:00:00,0.0
2020-11-27 08:00:00,0.0
2020-11-27 09:00:00,0.0
2020-11-27 10:00:00,0.0
2020-11-27 11:00:00,0.0
2020-11-27 12:00:00,0.0
2020-11-27 13:00:00,0.0
2020-11-27 14:00:00,0.0
2020-11-27 15:00:00,0.0
2020-11-27 16:00:00,0.0
2020-11-27 17:00:00,0.0
2020-11-27 18:00:00,4.326461143920411
2020-11-27 19:00:00,5.566583019759402
2020-11-27 20:00:00,2.577955694444445
2020-11-27 21:00:00,11.159096888888902
2020-11-27 22:00:00,12.368520936111114
2020-11-27 23:00:00,10.588604889714011
2020-11-28 00:00:00,7.961808826124042
2020-11-28 01:00:00,0.1625232974909366
2020-11-28 02:00:00,6.116737113912858
2020-11-28 03:00:00,20.449698099015862
2020-11-28 04:00:00,10.03335263541861
2020-11-28 05:00:00,13.506661899285847
2020-11-28 06:00:00,14.553749527777763
2020-11-28 07:00:00,4.641390205555558
2020-11-28 08:00:00,0.0
2020-11-28 09:00:00,0.0
2020-11-28 10:00:00,0.0
2020-11-28 11:00:00,0.0
2020-11-28 12:00:00,0.0
2020-11-28 13:00:00,0.0
2020-11-28 14:00:00,0.0
2020-11-28 15:00:00,0.0
2020-11-28 16:00:00,0.0
2020-11-28 17:00:00,0.0
2020-11-28 18:00:00,0.0
2020-11-28 19:00:00,12.262263574305985
2020-11-28 20:00:00,5.002215857551586
2020-11-28 21:00:00,7.522859215784874
2020-11-28 22:00:00,8.896523173970909
2020-11-28 23:00:00,24.988011844444447
2020-11-29 00:00:00,20.366917094444457
2020-11-29 01:00:00,23.270818579343178
2020-11-29 02:00:00,3.8352478023711103
2020-11-29 03:00:00,0.0
2020-11-29 04:00:00,4.355383225000006
2020-11-29 05:00:00,4.362374622222233
2020-11-29 06:00:00,0.0
2020-11-29 07:00:00,6.99459041388889
2020-11-29 08:00:00,3.220105422222217
2020-11-29 09:00:00,4.180545963888882
2020-11-29 10:00:00,4.086181447222218
2020-11-29 11:00:00,4.144553030555569
2020-11-29 12:00:00,4.3899076499999925
2020-11-29 13:00:00,3.48895025277778
2020-11-29 14:00:00,0.0
2020-11-29 15:00:00,2.0610527472222224
2020-11-29 16:00:00,8.436227333333342
2020-11-29 17:00:00,8.409934000000016
2020-11-29 18:00:00,16.150609611111104
2020-11-29 19:00:00,20.03825365555557
2020-11-29 20:00:00,10.34299534722221
2020-11-29 21:00:00,14.785062372222205
2020-11-29 22:00:00,12.377301197222199
2020-11-29 23:00:00,2.5863944916666672
2020-11-30 00:00:00,1.6907497944444438
2020-11-30 01:00:00,11.20021100277776
2020-11-30 02:00:00,11.376826377777759
2020-11-30 03:00:00,7.441235619444443
2020-11-30 04:00:00,10.218046047222225
2020-11-30 05:00:00,10.38768972222224
2020-11-30 06:00:00,10.306826830555519
2020-11-30 07:00:00,7.2597810500000115
2020-11-30 08:00:00,0.0
2020-11-30 09:00:00,0.0
2020-11-30 10:00:00,0.0
2020-11-30 11:00:00,0.0
2020-11-30 12:00:00,0.0
2020-11-30 13:00:00,0.0
2020-11-30 14:00:00,0.0
2020-11-30 15:00:00,0.0
2020-11-30 16:00:00,2.934002372222216
2020-11-30 17:00:00,11.48686060277775
2020-11-30 18:00:00,11.296643438495504
2020-11-30 19:00:00,15.765140476694208
2020-11-30 20:00:00,1.6405658333333346
2020-11-30 21:00:00,3.1720056444444706
2020-11-30 22:00:00,1.2800028666666687
2020-11-30 23:00:00,5.139422536111116
2020-12-01 00:00:00,1.022962425
2020-12-01 01:00:00,0.34009050833333326
2020-12-01 02:00:00,12.571940765406229
2020-12-01 03:00:00,0.04297851944444444
2020-12-01 04:00:00,7.157294750101778
2020-12-01 05:00:00,6.809778941666673
2020-12-01 06:00:00,0.10543414722222222
2020-12-01 07:00:00,0.8989483361111106
2020-12-01 08:00:00,0.0
2020-12-01 09:00:00,0.0
2020-12-01 10:00:00,0.0
2020-12-01 11:00:00,0.0
2020-12-01 12:00:00,0.0
2020-12-01 13:00:00,0.09112650833333334
2020-12-01 14:00:00,7.043106552777754
2020-12-01 15:00:00,3.226354858333333
2020-12-01 16:00:00,8.394655900000005
2020-12-01 17:00:00,23.837713136111127
2020-12-01 18:00:00,23.42990467500001
2020-12-01 19:00:00,18.346397663063033
2020-12-01 20:00:00,15.250668314486742
2020-12-01 21:00:00,8.049548077777777
2020-12-01 22:00:00,3.449542263272446
2020-12-01 23:00:00,2.103457656476889
2020-12-02 00:00:00,10.199345537232
2020-12-02 01:00:00,7.206317007635108
2020-12-02 02:00:00,10.837513898040001
2020-12-02 03:00:00,11.407418686111107
2020-12-02 04:00:00,15.906393000000032
2020-12-02 05:00:00,1.6855612583333346
2020-12-02 06:00:00,0.0
2020-12-02 07:00:00,0.0
2020-12-02 08:00:00,0.0
2020-12-02 09:00:00,0.0
2020-12-02 10:00:00,0.0
2020-12-02 11:00:00,0.0
2020-12-02 12:00:00,0.0
2020-12-02 13:00:00,0.0
2020-12-02 14:00:00,0.0
2020-12-02 15:00:00,0.0007294111111111111
2020-12-02 16:00:00,8.721693562016895
2020-12-02 17:00:00,14.82332464523645
2020-12-02 18:00:00,7.916407669444441
2020-12-02 19:00:00,7.439202466666669
2020-12-02 20:00:00,2.6282730833333336
2020-12-02 21:00:00,0.4181196555555551
2020-12-02 22:00:00,1.2437401805555575
2020-12-02 23:00:00,2.2494451337364447
2020-12-03 00:00:00,15.79871997823555
2020-12-03 01:00:00,3.2148186988733256
2020-12-03 02:00:00,0.0
2020-12-03 03:00:00,0.0
2020-12-03 04:00:00,0.0
2020-12-03 05:00:00,0.0
2020-12-03 06:00:00,0.0
2020-12-03 07:00:00,0.0
2020-12-03 08:00:00,0.0
2020-12-03 09:00:00,0.0
2020-12-03 10:00:00,0.0
2020-12-03 11:00:00,0.0
2020-12-03 12:00:00,0.0
2020-12-03 13:00:00,0.0
2020-12-03 14:00:00,0.0
2020-12-03 15:00:00,0.0
2020-12-03 16:00:00,0.0
2020-12-03 17:00:00,0.0
2020-12-03 18:00:00,0.0
2020-12-03 19:00:00,0.0
2020-12-03 20:00:00,0.0
2020-12-03 21:00:00,0.002527777777777778
