,kwh
2018-10-09 00:00:00,21.145938666666638
2018-10-09 01:00:00,0.1448084444444445
2018-10-09 02:00:00,2.9981755555555334
2018-10-09 03:00:00,3.0441146666666454
2018-10-09 04:00:00,0.018471555555555543
2018-10-09 05:00:00,0.0
2018-10-09 06:00:00,0.0
2018-10-09 07:00:00,0.0
2018-10-09 08:00:00,0.0
2018-10-09 09:00:00,0.0
2018-10-09 10:00:00,0.0
2018-10-09 11:00:00,0.0
2018-10-09 12:00:00,3.293963111111112
2018-10-09 13:00:00,25.22062977777777
2018-10-09 14:00:00,59.12241688888886
2018-10-09 15:00:00,82.3010066666666
2018-10-09 16:00:00,84.72748266666657
2018-10-09 17:00:00,72.53050133333319
2018-10-09 18:00:00,60.818835999999784
2018-10-09 19:00:00,36.621057777777814
2018-10-09 20:00:00,22.278880000000015
2018-10-09 21:00:00,19.745445777777704
2018-10-09 22:00:00,14.812309777777717
2018-10-09 23:00:00,16.124893777777825
2018-10-10 00:00:00,9.301453777777771
2018-10-10 01:00:00,0.10393644444444444
2018-10-10 02:00:00,0.04473155555555556
2018-10-10 03:00:00,1.0035306666666697
2018-10-10 04:00:00,0.0
2018-10-10 05:00:00,0.0
2018-10-10 06:00:00,0.0
2018-10-10 07:00:00,0.0
2018-10-10 08:00:00,0.0
2018-10-10 09:00:00,0.0
2018-10-10 10:00:00,0.0
2018-10-10 11:00:00,0.0
2018-10-10 12:00:00,2.749794666666664
2018-10-10 13:00:00,24.634578222222263
2018-10-10 14:00:00,52.674029777777776
2018-10-10 15:00:00,82.05921244444443
2018-10-10 16:00:00,69.93687422222226
2018-10-10 17:00:00,57.13925822222222
2018-10-10 18:00:00,48.60741600000001
2018-10-10 19:00:00,32.93541333333327
2018-10-10 20:00:00,19.42798577777773
2018-10-10 21:00:00,27.465885777777657
2018-10-10 22:00:00,18.53694266666673
2018-10-10 23:00:00,19.312066222222235
2018-10-11 00:00:00,16.050371999999992
2018-10-11 01:00:00,7.776432444444468
2018-10-11 02:00:00,5.510861777777755
2018-10-11 03:00:00,1.7938786666666808
2018-10-11 04:00:00,0.11202533333333217
2018-10-11 05:00:00,0.0
2018-10-11 06:00:00,0.0
2018-10-11 07:00:00,0.0
2018-10-11 08:00:00,0.0
2018-10-11 09:00:00,0.0
2018-10-11 10:00:00,0.0
2018-10-11 11:00:00,0.0
2018-10-11 12:00:00,0.6507742222222224
2018-10-11 13:00:00,21.70350000000003
2018-10-11 14:00:00,55.5153502222222
2018-10-11 15:00:00,80.69113288888887
2018-10-11 16:00:00,68.79127377777785
2018-10-11 17:00:00,48.937373333333255
2018-10-11 18:00:00,43.68029466666665
2018-10-11 19:00:00,41.182382222222145
2018-10-11 20:00:00,33.15642488888887
2018-10-11 21:00:00,29.983257777777766
2018-10-11 22:00:00,22.299801333333264
2018-10-11 23:00:00,18.2818884444444
2018-10-12 00:00:00,20.995826222222163
2018-10-12 01:00:00,5.247493333333334
2018-10-12 02:00:00,3.270037333333323
2018-10-12 03:00:00,2.0795088888888786
2018-10-12 04:00:00,0.0
2018-10-12 05:00:00,0.0
2018-10-12 06:00:00,0.0
2018-10-12 07:00:00,0.0
2018-10-12 08:00:00,0.0
2018-10-12 09:00:00,0.0
2018-10-12 10:00:00,0.0
2018-10-12 11:00:00,2.412077777777762
2018-10-12 12:00:00,5.25392399999996
2018-10-12 13:00:00,12.333123111111016
2018-10-12 14:00:00,12.008920444444499
2018-10-12 15:00:00,20.895292888888935
2018-10-12 16:00:00,20.358831999999957
2018-10-12 17:00:00,22.387785333333266
2018-10-12 18:00:00,27.77877555555549
2018-10-12 19:00:00,25.114497777777707
2018-10-12 20:00:00,18.77838444444449
2018-10-12 21:00:00,11.52288222222224
2018-10-12 22:00:00,3.328052000000006
2018-10-12 23:00:00,6.222961333333368
2018-10-13 00:00:00,5.729891555555572
2018-10-13 01:00:00,2.8440302222222202
2018-10-13 02:00:00,5.9925493333333355
2018-10-13 03:00:00,1.0584715555555564
2018-10-13 04:00:00,0.0
2018-10-13 05:00:00,0.0
2018-10-13 06:00:00,0.0
2018-10-13 07:00:00,0.0
2018-10-13 08:00:00,0.0
2018-10-13 09:00:00,0.0
2018-10-13 10:00:00,0.0
2018-10-13 11:00:00,0.0
2018-10-13 12:00:00,0.0
2018-10-13 13:00:00,0.0
2018-10-13 14:00:00,0.0
2018-10-13 15:00:00,0.2595031111111113
2018-10-13 16:00:00,3.4722017777778107
2018-10-13 17:00:00,6.026817333333359
2018-10-13 18:00:00,8.150133333333315
2018-10-13 19:00:00,7.780921777777754
2018-10-13 20:00:00,0.0
2018-10-13 21:00:00,3.631471999999984
2018-10-13 22:00:00,6.2863146666666365
2018-10-13 23:00:00,8.793927999999937
2018-10-14 00:00:00,12.223923111111013
2018-10-14 01:00:00,5.776235111111113
2018-10-14 02:00:00,0.0
2018-10-14 03:00:00,0.0
2018-10-14 04:00:00,0.0
2018-10-14 05:00:00,0.0
2018-10-14 06:00:00,0.0
2018-10-14 07:00:00,0.0
2018-10-14 08:00:00,0.0
2018-10-14 09:00:00,0.0
2018-10-14 10:00:00,0.0
2018-10-14 11:00:00,0.0
2018-10-14 12:00:00,0.0
2018-10-14 13:00:00,0.0
2018-10-14 14:00:00,0.0
2018-10-14 15:00:00,0.0
2018-10-14 16:00:00,0.0
2018-10-14 17:00:00,4.964364888888829
2018-10-14 18:00:00,0.0
2018-10-14 19:00:00,0.0
2018-10-14 20:00:00,0.0
2018-10-14 21:00:00,0.0
2018-10-14 22:00:00,0.0
2018-10-14 23:00:00,4.4274822222222
2018-10-15 00:00:00,6.4023555555554665
2018-10-15 01:00:00,1.8468377777777798
2018-10-15 02:00:00,0.0
2018-10-15 03:00:00,0.0
2018-10-15 04:00:00,0.0
2018-10-15 05:00:00,0.0
2018-10-15 06:00:00,0.0
2018-10-15 07:00:00,0.0
2018-10-15 08:00:00,0.0
2018-10-15 09:00:00,0.0
2018-10-15 10:00:00,0.0
2018-10-15 11:00:00,0.0
2018-10-15 12:00:00,0.7657693333333323
2018-10-15 13:00:00,22.83380666666667
2018-10-15 14:00:00,55.90269244444441
2018-10-15 15:00:00,81.16362222222229
2018-10-15 16:00:00,76.93954666666659
2018-10-15 17:00:00,71.93809422222213
2018-10-15 18:00:00,55.21325333333319
2018-10-15 19:00:00,53.92525955555547
2018-10-15 20:00:00,45.733202666666514
2018-10-15 21:00:00,37.031719111110974
2018-10-15 22:00:00,37.970902666666596
2018-10-15 23:00:00,40.547173333333326
2018-10-16 00:00:00,19.725304444444415
2018-10-16 01:00:00,10.64392044444436
2018-10-16 02:00:00,1.656124888888892
2018-10-16 03:00:00,0.0
2018-10-16 04:00:00,0.0
2018-10-16 05:00:00,0.0
2018-10-16 06:00:00,0.0
2018-10-16 07:00:00,0.0
2018-10-16 08:00:00,0.0
2018-10-16 09:00:00,0.0
2018-10-16 10:00:00,0.0
2018-10-16 11:00:00,0.0
2018-10-16 12:00:00,2.138176444444441
2018-10-16 13:00:00,35.10674266666668
2018-10-16 14:00:00,63.07146444444438
2018-10-16 15:00:00,76.56284711111108
2018-10-16 16:00:00,79.40826977777765
2018-10-16 17:00:00,67.69981111111107
2018-10-16 18:00:00,44.50736622222207
2018-10-16 19:00:00,26.65038711111099
2018-10-16 20:00:00,22.58171066666662
2018-10-16 21:00:00,15.175627999999945
2018-10-16 22:00:00,15.292044444444405
2018-10-16 23:00:00,18.774195555555522
2018-10-17 00:00:00,20.772382222222113
2018-10-17 01:00:00,2.837270222222222
2018-10-17 02:00:00,0.0
2018-10-17 03:00:00,0.0
2018-10-17 04:00:00,0.0
2018-10-17 05:00:00,0.0
2018-10-17 06:00:00,0.0
2018-10-17 07:00:00,0.0
2018-10-17 08:00:00,0.0
2018-10-17 09:00:00,0.0
2018-10-17 10:00:00,0.0
2018-10-17 11:00:00,0.8333520000000003
2018-10-17 12:00:00,3.9122719999999744
2018-10-17 13:00:00,18.413171111111076
2018-10-17 14:00:00,48.66913422222216
2018-10-17 15:00:00,73.47754844444432
2018-10-17 16:00:00,66.62707999999996
2018-10-17 17:00:00,56.35016399999991
2018-10-17 18:00:00,46.0472884444444
2018-10-17 19:00:00,34.886476444444384
2018-10-17 20:00:00,28.891003555555468
2018-10-17 21:00:00,34.21275288888881
2018-10-17 22:00:00,32.27177777777768
2018-10-17 23:00:00,26.70008177777773
2018-10-18 00:00:00,18.2063613333334
2018-10-18 01:00:00,10.367800444444427
2018-10-18 02:00:00,0.3269355555555548
2018-10-18 03:00:00,0.03970488888888889
2018-10-18 04:00:00,0.0
2018-10-18 05:00:00,0.0
2018-10-18 06:00:00,0.0
2018-10-18 07:00:00,0.0
2018-10-18 08:00:00,0.0
2018-10-18 09:00:00,0.0
2018-10-18 10:00:00,0.0
2018-10-18 11:00:00,0.0
2018-10-18 12:00:00,0.6994404444444424
2018-10-18 13:00:00,17.636920888888916
2018-10-18 14:00:00,48.9761075555556
2018-10-18 15:00:00,81.47358266666659
2018-10-18 16:00:00,74.39706444444451
2018-10-18 17:00:00,67.17472666666653
2018-10-18 18:00:00,53.33865333333333
2018-10-18 19:00:00,29.453429777777778
2018-10-18 20:00:00,17.329641333333353
2018-10-18 21:00:00,9.588060444444432
2018-10-18 22:00:00,26.58650222222219
2018-10-18 23:00:00,24.661964888888825
2018-10-19 00:00:00,9.135279111111089
2018-10-19 01:00:00,0.04642444444444445
2018-10-19 02:00:00,3.2423386666666474
2018-10-19 03:00:00,3.0178026666666367
2018-10-19 04:00:00,6.329486222222291
2018-10-19 05:00:00,5.009726222222274
2018-10-19 06:00:00,0.0
2018-10-19 07:00:00,0.0
2018-10-19 08:00:00,0.0
2018-10-19 09:00:00,0.0
2018-10-19 10:00:00,0.0
2018-10-19 11:00:00,0.0
2018-10-19 12:00:00,1.3846791111111114
2018-10-19 13:00:00,27.797114222222298
2018-10-19 14:00:00,46.902405333333334
2018-10-19 15:00:00,72.99904444444451
2018-10-19 16:00:00,77.19846622222214
2018-10-19 17:00:00,77.65534399999981
2018-10-19 18:00:00,57.66437155555553
2018-10-19 19:00:00,26.883352888888947
2018-10-19 20:00:00,22.135516000000017
2018-10-19 21:00:00,21.193940444444465
2018-10-19 22:00:00,10.360318222222228
2018-10-19 23:00:00,14.126406666666663
2018-10-20 00:00:00,6.867715111111115
2018-10-20 01:00:00,1.6802471111111088
2018-10-20 02:00:00,2.822594666666655
2018-10-20 03:00:00,1.536114666666664
2018-10-20 04:00:00,1.3427671111111024
2018-10-20 05:00:00,0.19980711111111205
2018-10-20 06:00:00,0.0
2018-10-20 07:00:00,0.0
2018-10-20 08:00:00,0.0
2018-10-20 09:00:00,0.0
2018-10-20 10:00:00,0.0
2018-10-20 11:00:00,0.0
2018-10-20 12:00:00,0.39402133333333245
2018-10-20 13:00:00,2.8035915555555535
2018-10-20 14:00:00,3.2966151111111364
2018-10-20 15:00:00,3.2867466666666783
2018-10-20 16:00:00,3.2908084444444556
2018-10-20 17:00:00,3.9547097777777966
2018-10-20 18:00:00,4.7812960000000455
2018-10-20 19:00:00,3.1041342222222505
2018-10-20 20:00:00,3.0439991111111286
2018-10-20 21:00:00,2.5895364444444526
2018-10-20 22:00:00,0.9542404444444385
2018-10-20 23:00:00,0.0
2018-10-21 00:00:00,9.244444444444443e-05
2018-10-21 01:00:00,0.0
2018-10-21 02:00:00,0.0
2018-10-21 03:00:00,0.0
2018-10-21 04:00:00,0.0
2018-10-21 05:00:00,0.0
2018-10-21 06:00:00,0.0
2018-10-21 07:00:00,0.0
2018-10-21 08:00:00,0.0
2018-10-21 09:00:00,0.0
2018-10-21 10:00:00,0.0
2018-10-21 11:00:00,0.0
2018-10-21 12:00:00,0.0
2018-10-21 13:00:00,0.0
2018-10-21 14:00:00,0.0
2018-10-21 15:00:00,0.0
2018-10-21 16:00:00,0.0
2018-10-21 17:00:00,0.0
2018-10-21 18:00:00,0.0
2018-10-21 19:00:00,0.0
2018-10-21 20:00:00,0.0
2018-10-21 21:00:00,0.15464222222222232
2018-10-21 22:00:00,2.880545777777796
2018-10-21 23:00:00,1.8880853333333365
2018-10-22 00:00:00,2.242003111111127
2018-10-22 01:00:00,0.0
2018-10-22 02:00:00,0.0
2018-10-22 03:00:00,0.0
2018-10-22 04:00:00,0.0
2018-10-22 05:00:00,0.0
2018-10-22 06:00:00,0.0
2018-10-22 07:00:00,0.0
2018-10-22 08:00:00,0.0
2018-10-22 09:00:00,0.0
2018-10-22 10:00:00,0.0
2018-10-22 11:00:00,0.0
2018-10-22 12:00:00,0.7686293333333335
2018-10-22 13:00:00,32.26557822222234
2018-10-22 14:00:00,74.1795426666665
2018-10-22 15:00:00,83.99006488888877
2018-10-22 16:00:00,76.16531866666656
2018-10-22 17:00:00,69.14606400000001
2018-10-22 18:00:00,38.950946666666574
2018-10-22 19:00:00,40.51423999999999
2018-10-22 20:00:00,38.95943999999993
2018-10-22 21:00:00,37.371307999999765
2018-10-22 22:00:00,30.71718577777769
2018-10-22 23:00:00,21.262072000000003
2018-10-23 00:00:00,16.177361777777847
2018-10-23 01:00:00,1.1535044444444467
2018-10-23 02:00:00,3.0413991111110987
2018-10-23 03:00:00,2.935521333333301
2018-10-23 04:00:00,0.11271866666666572
2018-10-23 05:00:00,0.0
2018-10-23 06:00:00,0.0
2018-10-23 07:00:00,2.6566857777777537
2018-10-23 08:00:00,1.0709168888888894
2018-10-23 09:00:00,0.0
2018-10-23 10:00:00,0.0
2018-10-23 11:00:00,0.0
2018-10-23 12:00:00,1.3051711111111104
2018-10-23 13:00:00,23.879798222222302
2018-10-23 14:00:00,55.14369466666665
2018-10-23 15:00:00,76.60890177777779
2018-10-23 16:00:00,71.47732222222217
2018-10-23 17:00:00,58.10443599999987
2018-10-23 18:00:00,45.27891911111097
2018-10-23 19:00:00,21.952579999999987
2018-10-23 20:00:00,13.677392444444363
2018-10-23 21:00:00,19.73179866666662
2018-10-23 22:00:00,17.88645155555554
2018-10-23 23:00:00,17.135184444444466
2018-10-24 00:00:00,11.922276888888884
2018-10-24 01:00:00,6.679018666666682
2018-10-24 02:00:00,2.331755111111118
2018-10-24 03:00:00,0.0
2018-10-24 04:00:00,0.0
2018-10-24 05:00:00,0.0
2018-10-24 06:00:00,0.0
2018-10-24 07:00:00,0.0
2018-10-24 08:00:00,0.0
2018-10-24 09:00:00,0.0
2018-10-24 10:00:00,0.0
2018-10-24 11:00:00,0.0
2018-10-24 12:00:00,5.272736444444441
2018-10-24 13:00:00,33.292676444444425
2018-10-24 14:00:00,69.75978533333326
2018-10-24 15:00:00,69.34802622222237
2018-10-24 16:00:00,61.92574266666665
2018-10-24 17:00:00,53.35183822222227
2018-10-24 18:00:00,44.63950399999984
2018-10-24 19:00:00,38.80192044444407
2018-10-24 20:00:00,39.129531999999855
2018-10-24 21:00:00,42.41027555555537
2018-10-24 22:00:00,16.126840888888886
2018-10-24 23:00:00,12.833068444444434
2018-10-25 00:00:00,15.595169777777784
2018-10-25 01:00:00,5.0047573333333135
2018-10-25 02:00:00,3.4645751111110896
2018-10-25 03:00:00,1.6162177777777802
2018-10-25 04:00:00,0.9536800000000023
2018-10-25 05:00:00,0.0
2018-10-25 06:00:00,0.0
2018-10-25 07:00:00,0.0
2018-10-25 08:00:00,0.0
2018-10-25 09:00:00,0.0
2018-10-25 10:00:00,0.0
2018-10-25 11:00:00,0.0
2018-10-25 12:00:00,2.869429333333325
2018-10-25 13:00:00,21.968954222222234
2018-10-25 14:00:00,48.84090177777779
2018-10-25 15:00:00,76.54114577777791
2018-10-25 16:00:00,76.06370488888888
2018-10-25 17:00:00,75.99830044444433
2018-10-25 18:00:00,60.0492648888889
2018-10-25 19:00:00,46.980803999999964
2018-10-25 20:00:00,37.39776444444448
2018-10-25 21:00:00,21.02604399999995
2018-10-25 22:00:00,14.99994311111108
2018-10-25 23:00:00,19.793164444444432
2018-10-26 00:00:00,12.289864888888875
2018-10-26 01:00:00,7.558228888888805
2018-10-26 02:00:00,4.548249333333313
2018-10-26 03:00:00,2.741416888888881
2018-10-26 04:00:00,0.05853466666666684
2018-10-26 05:00:00,0.0
2018-10-26 06:00:00,0.0
2018-10-26 07:00:00,0.0
2018-10-26 08:00:00,0.0
2018-10-26 09:00:00,0.0
2018-10-26 10:00:00,0.0
2018-10-26 11:00:00,0.0
2018-10-26 12:00:00,3.7089346666666767
2018-10-26 13:00:00,9.398260444444453
2018-10-26 14:00:00,18.787802222222297
2018-10-26 15:00:00,26.144820000000024
2018-10-26 16:00:00,24.553481333333274
2018-10-26 17:00:00,22.37653022222223
2018-10-26 18:00:00,10.732944444444431
2018-10-26 19:00:00,15.96245733333333
2018-10-26 20:00:00,7.843038666666669
2018-10-26 21:00:00,7.9548444444443955
2018-10-26 22:00:00,11.737642222222213
2018-10-26 23:00:00,11.565083111111116
2018-10-27 00:00:00,3.546307555555547
2018-10-27 01:00:00,0.0
2018-10-27 02:00:00,0.0
2018-10-27 03:00:00,0.0
2018-10-27 04:00:00,0.0
2018-10-27 05:00:00,0.0
2018-10-27 06:00:00,0.0
2018-10-27 07:00:00,0.0
2018-10-27 08:00:00,0.0
2018-10-27 09:00:00,0.0
2018-10-27 10:00:00,0.0
2018-10-27 11:00:00,0.0
2018-10-27 12:00:00,0.0
2018-10-27 13:00:00,1.3417213333333338
2018-10-27 14:00:00,7.836948888888882
2018-10-27 15:00:00,9.040564000000042
2018-10-27 16:00:00,4.016462666666672
2018-10-27 17:00:00,0.5731208888888876
2018-10-27 18:00:00,0.0
2018-10-27 19:00:00,0.0
2018-10-27 20:00:00,1.4562831111111079
2018-10-27 21:00:00,6.483024888888828
2018-10-27 22:00:00,4.923013333333303
2018-10-27 23:00:00,7.563180444444402
2018-10-28 00:00:00,8.43938622222219
2018-10-28 01:00:00,5.7935453333333164
2018-10-28 02:00:00,0.11996977777777779
2018-10-28 03:00:00,0.0
2018-10-28 04:00:00,0.0
2018-10-28 05:00:00,0.0
2018-10-28 06:00:00,0.0
2018-10-28 07:00:00,0.0
2018-10-28 08:00:00,0.0
2018-10-28 09:00:00,0.0
2018-10-28 10:00:00,0.0
2018-10-28 11:00:00,0.0
2018-10-28 12:00:00,0.0
2018-10-28 13:00:00,0.0
2018-10-28 14:00:00,0.0
2018-10-28 15:00:00,0.0
2018-10-28 16:00:00,1.8852599999999973
2018-10-28 17:00:00,7.834764888888843
2018-10-28 18:00:00,5.40938666666667
2018-10-28 19:00:00,4.738754222222231
2018-10-28 20:00:00,9.643001333333334
2018-10-28 21:00:00,12.65592177777774
2018-10-28 22:00:00,1.547600888888888
2018-10-28 23:00:00,0.0
2018-10-29 00:00:00,0.004298666666666667
2018-10-29 01:00:00,0.0
2018-10-29 02:00:00,0.0
2018-10-29 03:00:00,0.0
2018-10-29 04:00:00,0.0
2018-10-29 05:00:00,0.0
2018-10-29 06:00:00,0.0
2018-10-29 07:00:00,0.0
2018-10-29 08:00:00,0.0
2018-10-29 09:00:00,0.0
2018-10-29 10:00:00,0.0
2018-10-29 11:00:00,0.0
2018-10-29 12:00:00,8.72718311111113
2018-10-29 13:00:00,29.251577333333465
2018-10-29 14:00:00,66.7386835555555
2018-10-29 15:00:00,72.12369377777779
2018-10-29 16:00:00,73.31121199999986
2018-10-29 17:00:00,61.05214844444434
2018-10-29 18:00:00,56.54731911111097
2018-10-29 19:00:00,50.33481555555539
2018-10-29 20:00:00,39.97282755555537
2018-10-29 21:00:00,33.33568622222206
2018-10-29 22:00:00,21.042366222222206
2018-10-29 23:00:00,16.18963955555554
2018-10-30 00:00:00,6.39160888888885
2018-10-30 01:00:00,3.2920159999999656
2018-10-30 02:00:00,3.3014106666666407
2018-10-30 03:00:00,0.8509106666666666
2018-10-30 04:00:00,0.0
2018-10-30 05:00:00,0.0
2018-10-30 06:00:00,0.0
2018-10-30 07:00:00,8.240520888888842
2018-10-30 08:00:00,6.959766666666625
2018-10-30 09:00:00,2.17988044444444
2018-10-30 10:00:00,0.0
2018-10-30 11:00:00,0.0
2018-10-30 12:00:00,0.8953648888888889
2018-10-30 13:00:00,16.60253111111109
2018-10-30 14:00:00,34.66356977777769
2018-10-30 15:00:00,76.82110222222197
2018-10-30 16:00:00,71.06255288888863
2018-10-30 17:00:00,59.58752222222216
2018-10-30 18:00:00,54.08942933333317
2018-10-30 19:00:00,45.650441777777665
2018-10-30 20:00:00,39.8358537777778
2018-10-30 21:00:00,19.783891111111064
2018-10-30 22:00:00,15.266154222222209
2018-10-30 23:00:00,14.26949333333328
2018-10-31 00:00:00,4.001873777777769
2018-10-31 01:00:00,3.2323026666666332
2018-10-31 02:00:00,0.35851688888888844
2018-10-31 03:00:00,0.0
2018-10-31 04:00:00,0.0
2018-10-31 05:00:00,0.0
2018-10-31 06:00:00,0.0
2018-10-31 07:00:00,0.0
2018-10-31 08:00:00,0.0
2018-10-31 09:00:00,0.0
2018-10-31 10:00:00,0.0
2018-10-31 11:00:00,0.0
2018-10-31 12:00:00,2.091087555555558
2018-10-31 13:00:00,23.104200888888872
2018-10-31 14:00:00,63.12448711111098
2018-10-31 15:00:00,85.99301822222206
2018-10-31 16:00:00,69.3799599999998
2018-10-31 17:00:00,54.7386666666665
2018-10-31 18:00:00,44.5613017777777
2018-10-31 19:00:00,40.3866435555555
2018-10-31 20:00:00,37.25957733333327
2018-10-31 21:00:00,20.451380444444304
2018-10-31 22:00:00,19.057474222222183
2018-10-31 23:00:00,11.428484888888857
2018-11-01 00:00:00,3.163454666666663
2018-11-01 01:00:00,3.5473071111111056
2018-11-01 02:00:00,0.07169644444444458
2018-11-01 03:00:00,0.0
2018-11-01 04:00:00,0.0
2018-11-01 05:00:00,0.0
2018-11-01 06:00:00,0.0
2018-11-01 07:00:00,0.0
2018-11-01 08:00:00,0.0
2018-11-01 09:00:00,0.0
2018-11-01 10:00:00,0.0
2018-11-01 11:00:00,0.0
2018-11-01 12:00:00,1.586710666666664
2018-11-01 13:00:00,14.03161066666671
2018-11-01 14:00:00,36.465063555555574
2018-11-01 15:00:00,75.05188311111114
2018-11-01 16:00:00,72.62580577777773
2018-11-01 17:00:00,52.11052311111112
2018-11-01 18:00:00,19.532921777777744
2018-11-01 19:00:00,18.724367999999966
2018-11-01 20:00:00,14.35288977777775
2018-11-01 21:00:00,9.876365777777782
2018-11-01 22:00:00,9.540942666666616
2018-11-01 23:00:00,16.388793777777686
2018-11-02 00:00:00,15.446831111111083
2018-11-02 01:00:00,8.89235822222221
2018-11-02 02:00:00,0.6569217777777777
2018-11-02 03:00:00,0.0
2018-11-02 04:00:00,0.0
2018-11-02 05:00:00,0.0
2018-11-02 06:00:00,0.0
2018-11-02 07:00:00,0.0
2018-11-02 08:00:00,0.0
2018-11-02 09:00:00,0.0
2018-11-02 10:00:00,0.0
2018-11-02 11:00:00,0.0
2018-11-02 12:00:00,1.075683555555555
2018-11-02 13:00:00,23.966308888888875
2018-11-02 14:00:00,50.409163999999976
2018-11-02 15:00:00,78.12408933333354
2018-11-02 16:00:00,71.18299066666664
2018-11-02 17:00:00,52.87386577777772
2018-11-02 18:00:00,34.67074000000004
2018-11-02 19:00:00,30.463212000000034
2018-11-02 20:00:00,22.061745333333313
2018-11-02 21:00:00,13.84096711111108
2018-11-02 22:00:00,13.350168000000043
2018-11-02 23:00:00,1.5161466666666683
2018-11-03 00:00:00,4.0228644444444255
2018-11-03 01:00:00,3.2850653333332978
2018-11-03 02:00:00,3.2768435555555273
2018-11-03 03:00:00,2.970921777777766
2018-11-03 04:00:00,0.0
2018-11-03 05:00:00,0.0
2018-11-03 06:00:00,0.0
2018-11-03 07:00:00,0.0
2018-11-03 08:00:00,0.0
2018-11-03 09:00:00,0.0
2018-11-03 10:00:00,0.0
2018-11-03 11:00:00,0.0
2018-11-03 12:00:00,0.5696715555555548
2018-11-03 13:00:00,3.085824444444477
2018-11-03 14:00:00,3.1729937777777844
2018-11-03 15:00:00,3.790857777777812
2018-11-03 16:00:00,1.8000839999999971
2018-11-03 17:00:00,0.009377333333333335
2018-11-03 18:00:00,0.0
2018-11-03 19:00:00,0.0
2018-11-03 20:00:00,0.0
2018-11-03 21:00:00,0.0
2018-11-03 22:00:00,0.0
2018-11-03 23:00:00,0.0
2018-11-04 00:00:00,0.0
2018-11-04 01:00:00,0.0
2018-11-04 02:00:00,0.0
2018-11-04 03:00:00,0.0
2018-11-04 04:00:00,0.0
2018-11-04 05:00:00,0.0
2018-11-04 06:00:00,0.0
2018-11-04 07:00:00,0.0
2018-11-04 08:00:00,0.0
2018-11-04 09:00:00,0.0
2018-11-04 10:00:00,0.0
2018-11-04 11:00:00,0.0
2018-11-04 12:00:00,0.0
2018-11-04 13:00:00,0.0
2018-11-04 14:00:00,0.0
2018-11-04 15:00:00,0.0
2018-11-04 16:00:00,0.0
2018-11-04 17:00:00,0.0
2018-11-04 18:00:00,0.5146382222222214
2018-11-04 19:00:00,3.8366986666666962
2018-11-04 20:00:00,1.9030902222222208
2018-11-04 21:00:00,0.008458666666666666
2018-11-04 22:00:00,0.0
2018-11-04 23:00:00,0.0
2018-11-05 00:00:00,0.0
2018-11-05 01:00:00,0.0
2018-11-05 02:00:00,0.0
2018-11-05 03:00:00,0.0
2018-11-05 04:00:00,0.0
2018-11-05 05:00:00,0.0
2018-11-05 06:00:00,0.0
2018-11-05 07:00:00,0.0
2018-11-05 08:00:00,0.0
2018-11-05 09:00:00,0.0
2018-11-05 10:00:00,0.0
2018-11-05 11:00:00,0.0
2018-11-05 12:00:00,0.0
2018-11-05 13:00:00,0.61767911111111
2018-11-05 14:00:00,22.443841333333292
2018-11-05 15:00:00,66.51215999999982
2018-11-05 16:00:00,89.37360755555514
2018-11-05 17:00:00,86.47246977777755
2018-11-05 18:00:00,84.17028533333325
2018-11-05 19:00:00,79.4801048888888
2018-11-05 20:00:00,65.52577199999983
2018-11-05 21:00:00,51.47139688888872
2018-11-05 22:00:00,36.57202755555544
2018-11-05 23:00:00,26.079242222222277
2018-11-06 00:00:00,23.697364888888917
2018-11-06 01:00:00,13.338144444444412
2018-11-06 02:00:00,3.229448444444412
2018-11-06 03:00:00,0.2336244444444493
2018-11-06 04:00:00,0.007597777777777773
2018-11-06 05:00:00,0.0
2018-11-06 06:00:00,1.0416004444444447
2018-11-06 07:00:00,2.973261777777739
2018-11-06 08:00:00,0.01166533333333332
2018-11-06 09:00:00,0.0
2018-11-06 10:00:00,0.0
2018-11-06 11:00:00,0.0
2018-11-06 12:00:00,0.0
2018-11-06 13:00:00,2.3377235555555558
2018-11-06 14:00:00,21.0002751111111
2018-11-06 15:00:00,49.71840177777785
2018-11-06 16:00:00,83.74329600000014
2018-11-06 17:00:00,73.61107866666667
2018-11-06 18:00:00,53.51305555555548
2018-11-06 19:00:00,24.85976133333331
2018-11-06 20:00:00,26.615055999999914
2018-11-06 21:00:00,19.67488755555543
2018-11-06 22:00:00,24.244115999999757
2018-11-06 23:00:00,21.15046266666659
2018-11-07 00:00:00,8.817212444444408
2018-11-07 01:00:00,0.0
2018-11-07 02:00:00,0.22295866666666614
2018-11-07 03:00:00,3.491291555555517
2018-11-07 04:00:00,2.8298573333333312
2018-11-07 05:00:00,1.3667391111111133
2018-11-07 06:00:00,5.377031111111156
2018-11-07 07:00:00,0.0
2018-11-07 08:00:00,0.0
2018-11-07 09:00:00,0.0
2018-11-07 10:00:00,0.0
2018-11-07 11:00:00,0.0
2018-11-07 12:00:00,0.0
2018-11-07 13:00:00,3.903056444444447
2018-11-07 14:00:00,30.45439511111104
2018-11-07 15:00:00,64.33339466666645
2018-11-07 16:00:00,86.41847644444411
2018-11-07 17:00:00,80.90806533333303
2018-11-07 18:00:00,75.12239511111075
2018-11-07 19:00:00,58.3402213333331
2018-11-07 20:00:00,47.681116888888695
2018-11-07 21:00:00,34.69472933333329
2018-11-07 22:00:00,20.09900533333333
2018-11-07 23:00:00,12.101561333333361
2018-11-08 00:00:00,10.45673199999998
2018-11-08 01:00:00,9.045885333333311
2018-11-08 02:00:00,4.27624888888891
2018-11-08 03:00:00,0.0
2018-11-08 04:00:00,0.7799306666666657
2018-11-08 05:00:00,3.2627977777777586
2018-11-08 06:00:00,1.7687973333333247
2018-11-08 07:00:00,0.0
2018-11-08 08:00:00,0.0
2018-11-08 09:00:00,0.0
2018-11-08 10:00:00,0.0
2018-11-08 11:00:00,0.0
2018-11-08 12:00:00,0.0
2018-11-08 13:00:00,2.000596
2018-11-08 14:00:00,20.61194488888887
2018-11-08 15:00:00,58.83557911111104
2018-11-08 16:00:00,86.13161555555557
2018-11-08 17:00:00,79.12091200000009
2018-11-08 18:00:00,58.2285426666667
2018-11-08 19:00:00,35.39036800000003
2018-11-08 20:00:00,20.465073777777693
2018-11-08 21:00:00,13.378889333333369
2018-11-08 22:00:00,6.75936444444447
2018-11-08 23:00:00,8.419539555555529
2018-11-09 00:00:00,16.955726666666546
2018-11-09 01:00:00,11.654881333333297
2018-11-09 02:00:00,7.132603111111078
2018-11-09 03:00:00,1.3041599999999975
2018-11-09 04:00:00,0.0
2018-11-09 05:00:00,0.0
2018-11-09 06:00:00,0.0
2018-11-09 07:00:00,0.0
2018-11-09 08:00:00,0.0
2018-11-09 09:00:00,0.0
2018-11-09 10:00:00,0.0
2018-11-09 11:00:00,0.0
2018-11-09 12:00:00,0.0
2018-11-09 13:00:00,0.6099022222222205
2018-11-09 14:00:00,9.239221333333347
2018-11-09 15:00:00,18.388020444444493
2018-11-09 16:00:00,20.413576444444526
2018-11-09 17:00:00,21.219478222222175
2018-11-09 18:00:00,18.226063555555445
2018-11-09 19:00:00,18.319732888888865
2018-11-09 20:00:00,14.438054222222167
2018-11-09 21:00:00,16.140435999999927
2018-11-09 22:00:00,13.576269777777798
2018-11-09 23:00:00,16.646164888888784
2018-11-10 00:00:00,13.27140533333327
2018-11-10 01:00:00,13.574767555555544
2018-11-10 02:00:00,8.227925333333328
2018-11-10 03:00:00,2.5560311111111127
2018-11-10 04:00:00,0.0
2018-11-10 05:00:00,0.0
2018-11-10 06:00:00,0.0
2018-11-10 07:00:00,0.0
2018-11-10 08:00:00,0.0
2018-11-10 09:00:00,0.0
2018-11-10 10:00:00,0.0
2018-11-10 11:00:00,0.0
2018-11-10 12:00:00,0.0
2018-11-10 13:00:00,0.0
2018-11-10 14:00:00,0.0
2018-11-10 15:00:00,0.0
2018-11-10 16:00:00,0.0
2018-11-10 17:00:00,0.0
2018-11-10 18:00:00,0.0
2018-11-10 19:00:00,0.0
2018-11-10 20:00:00,0.0
2018-11-10 21:00:00,0.0
2018-11-10 22:00:00,0.0
2018-11-10 23:00:00,0.0
2018-11-11 00:00:00,0.0
2018-11-11 01:00:00,0.0
2018-11-11 02:00:00,0.0
2018-11-11 03:00:00,0.0
2018-11-11 04:00:00,0.0
2018-11-11 05:00:00,0.0
2018-11-11 06:00:00,0.0
2018-11-11 07:00:00,0.0
2018-11-11 08:00:00,0.0
2018-11-11 09:00:00,0.0
2018-11-11 10:00:00,0.0
2018-11-11 11:00:00,0.0
2018-11-11 12:00:00,0.0
2018-11-11 13:00:00,0.0
2018-11-11 14:00:00,0.0
2018-11-11 15:00:00,0.0
2018-11-11 16:00:00,0.0
2018-11-11 17:00:00,0.0
2018-11-11 18:00:00,0.0
2018-11-11 19:00:00,0.0
2018-11-11 20:00:00,5.395976444444459
2018-11-11 21:00:00,6.368890666666634
2018-11-11 22:00:00,2.8401822222222246
2018-11-11 23:00:00,0.0
2018-11-12 00:00:00,0.0
2018-11-12 01:00:00,0.0
2018-11-12 02:00:00,0.0
2018-11-12 03:00:00,0.0
2018-11-12 04:00:00,0.0
2018-11-12 05:00:00,0.0
2018-11-12 06:00:00,0.0
2018-11-12 07:00:00,0.0
2018-11-12 08:00:00,0.0
2018-11-12 09:00:00,0.0
2018-11-12 10:00:00,0.0
2018-11-12 11:00:00,0.0
2018-11-12 12:00:00,0.0
2018-11-12 13:00:00,0.07340088888888889
2018-11-12 14:00:00,15.560254666666635
2018-11-12 15:00:00,65.69188311111098
2018-11-12 16:00:00,85.4757337777775
2018-11-12 17:00:00,75.15368177777746
2018-11-12 18:00:00,71.54711777777749
2018-11-12 19:00:00,67.04315511111095
2018-11-12 20:00:00,44.73256666666671
2018-11-12 21:00:00,37.97711955555551
2018-11-12 22:00:00,46.83151199999976
2018-11-12 23:00:00,42.329837333333295
2018-11-13 00:00:00,20.95889466666661
2018-11-13 01:00:00,8.241324000000025
2018-11-13 02:00:00,3.1029613333333588
2018-11-13 03:00:00,3.145659111111111
2018-11-13 04:00:00,1.9171244444444318
2018-11-13 05:00:00,0.0
2018-11-13 06:00:00,0.0
2018-11-13 07:00:00,0.0
2018-11-13 08:00:00,0.0
2018-11-13 09:00:00,0.0
2018-11-13 10:00:00,0.0
2018-11-13 11:00:00,0.0
2018-11-13 12:00:00,0.0
2018-11-13 13:00:00,1.9241675555555515
2018-11-13 14:00:00,22.72343955555559
2018-11-13 15:00:00,51.92856355555535
2018-11-13 16:00:00,82.26625333333324
2018-11-13 17:00:00,75.10952222222204
2018-11-13 18:00:00,51.610369777777635
2018-11-13 19:00:00,24.553296444444396
2018-11-13 20:00:00,20.439587999999983
2018-11-13 21:00:00,19.421919111111105
2018-11-13 22:00:00,8.494280888888873
2018-11-13 23:00:00,13.602021333333294
2018-11-14 00:00:00,20.32023066666676
2018-11-14 01:00:00,11.481813777777822
2018-11-14 02:00:00,1.5129804444444424
2018-11-14 03:00:00,0.0
2018-11-14 04:00:00,0.0
2018-11-14 05:00:00,0.0
2018-11-14 06:00:00,0.0
2018-11-14 07:00:00,0.0
2018-11-14 08:00:00,0.0
2018-11-14 09:00:00,0.0
2018-11-14 10:00:00,0.0
2018-11-14 11:00:00,0.0
2018-11-14 12:00:00,0.0
2018-11-14 13:00:00,1.2428924444444427
2018-11-14 14:00:00,28.27626533333333
2018-11-14 15:00:00,66.99764933333317
2018-11-14 16:00:00,81.37334977777768
2018-11-14 17:00:00,82.88227999999994
2018-11-14 18:00:00,72.77437555555555
2018-11-14 19:00:00,60.80190133333324
2018-11-14 20:00:00,55.76930088888886
2018-11-14 21:00:00,43.66906844444426
2018-11-14 22:00:00,32.88874044444426
2018-11-14 23:00:00,17.115256888888865
2018-11-15 00:00:00,11.162741777777782
2018-11-15 01:00:00,13.97052799999993
2018-11-15 02:00:00,7.964470222222164
2018-11-15 03:00:00,8.876677333333273
2018-11-15 04:00:00,2.8909862222222213
2018-11-15 05:00:00,0.0
2018-11-15 06:00:00,0.0
2018-11-15 07:00:00,0.0
2018-11-15 08:00:00,0.0
2018-11-15 09:00:00,0.0
2018-11-15 10:00:00,0.0
2018-11-15 11:00:00,0.0
2018-11-15 12:00:00,0.0
2018-11-15 13:00:00,0.6461519999999988
2018-11-15 14:00:00,17.228536000000034
2018-11-15 15:00:00,50.612431999999885
2018-11-15 16:00:00,86.20503377777774
2018-11-15 17:00:00,81.85608311111098
2018-11-15 18:00:00,54.9536404444443
2018-11-15 19:00:00,32.00665866666652
2018-11-15 20:00:00,39.1941333333333
2018-11-15 21:00:00,27.998573777777697
2018-11-15 22:00:00,4.133110222222251
2018-11-15 23:00:00,4.545840000000016
2018-11-16 00:00:00,5.855425333333297
2018-11-16 01:00:00,1.6813853333333395
2018-11-16 02:00:00,2.810576888888879
2018-11-16 03:00:00,3.0801159999999657
2018-11-16 04:00:00,0.03260977777777779
2018-11-16 05:00:00,0.0
2018-11-16 06:00:00,0.0
2018-11-16 07:00:00,0.0
2018-11-16 08:00:00,0.0
2018-11-16 09:00:00,0.0
2018-11-16 10:00:00,0.0
2018-11-16 11:00:00,0.0
2018-11-16 12:00:00,0.0
2018-11-16 13:00:00,0.8923084444444438
2018-11-16 14:00:00,18.538346666666666
2018-11-16 15:00:00,53.85985511111107
2018-11-16 16:00:00,81.3141795555555
2018-11-16 17:00:00,73.76037644444426
2018-11-16 18:00:00,54.15282311111088
2018-11-16 19:00:00,39.53728133333317
2018-11-16 20:00:00,51.84773244444423
2018-11-16 21:00:00,59.713240888888684
2018-11-16 22:00:00,64.7678777777776
2018-11-16 23:00:00,52.57124888888896
2018-11-17 00:00:00,36.598726666666614
2018-11-17 01:00:00,18.576566666666604
2018-11-17 02:00:00,8.677575111111096
2018-11-17 03:00:00,6.454361333333268
2018-11-17 04:00:00,2.707715111111114
2018-11-17 05:00:00,0.0
2018-11-17 06:00:00,0.0
2018-11-17 07:00:00,0.0
2018-11-17 08:00:00,0.0
2018-11-17 09:00:00,0.0
2018-11-17 10:00:00,0.0
2018-11-17 11:00:00,0.0
2018-11-17 12:00:00,0.0
2018-11-17 13:00:00,0.7443915555555537
2018-11-17 14:00:00,3.0722235555555906
2018-11-17 15:00:00,3.0956871111111393
2018-11-17 16:00:00,3.086540888888911
2018-11-17 17:00:00,1.3006933333333308
2018-11-17 18:00:00,2.980356888888871
2018-11-17 19:00:00,2.9305986666666475
2018-11-17 20:00:00,0.009429333333333333
2018-11-17 21:00:00,5.771456888888843
2018-11-17 22:00:00,1.5945684444444448
2018-11-17 23:00:00,0.00013866666666666666
2018-11-18 00:00:00,0.0
2018-11-18 01:00:00,0.0
2018-11-18 02:00:00,0.0
2018-11-18 03:00:00,0.0
2018-11-18 04:00:00,0.0
2018-11-18 05:00:00,0.0
2018-11-18 06:00:00,0.0
2018-11-18 07:00:00,0.0
2018-11-18 08:00:00,0.0
2018-11-18 09:00:00,0.0
2018-11-18 10:00:00,0.0
2018-11-18 11:00:00,0.0
2018-11-18 12:00:00,0.0
2018-11-18 13:00:00,0.0
2018-11-18 14:00:00,0.0
2018-11-18 15:00:00,0.0
2018-11-18 16:00:00,0.0
2018-11-18 17:00:00,4.995270222222242
2018-11-18 18:00:00,0.7668613333333338
2018-11-18 19:00:00,0.0
2018-11-18 20:00:00,0.0
2018-11-18 21:00:00,0.0
2018-11-18 22:00:00,0.0
2018-11-18 23:00:00,0.0
2018-11-19 00:00:00,6.103621333333265
2018-11-19 01:00:00,6.501692888888832
2018-11-19 02:00:00,6.506523111111061
2018-11-19 03:00:00,6.511226222222162
2018-11-19 04:00:00,2.792862222222221
2018-11-19 05:00:00,0.0
2018-11-19 06:00:00,0.0
2018-11-19 07:00:00,0.0
2018-11-19 08:00:00,0.0
2018-11-19 09:00:00,0.0
2018-11-19 10:00:00,0.0
2018-11-19 11:00:00,0.0
2018-11-19 12:00:00,0.0
2018-11-19 13:00:00,1.6753186666666642
2018-11-19 14:00:00,17.392058666666646
2018-11-19 15:00:00,41.68207911111115
2018-11-19 16:00:00,81.94518222222213
2018-11-19 17:00:00,71.87591377777758
2018-11-19 18:00:00,68.6496315555556
2018-11-19 19:00:00,71.07949911111096
2018-11-19 20:00:00,65.84828177777744
2018-11-19 21:00:00,54.84501244444424
2018-11-19 22:00:00,46.75496799999987
2018-11-19 23:00:00,40.3596902222221
2018-11-20 00:00:00,20.754569333333286
2018-11-20 01:00:00,6.787502222222162
2018-11-20 02:00:00,1.7076915555555574
2018-11-20 03:00:00,3.0176177777777684
2018-11-20 04:00:00,2.861392444444419
2018-11-20 05:00:00,0.03775199999999996
2018-11-20 06:00:00,0.0
2018-11-20 07:00:00,0.0
2018-11-20 08:00:00,0.0
2018-11-20 09:00:00,0.0
2018-11-20 10:00:00,0.0
2018-11-20 11:00:00,0.0
2018-11-20 12:00:00,0.0
2018-11-20 13:00:00,1.6939924444444439
2018-11-20 14:00:00,17.159202666666648
2018-11-20 15:00:00,38.629667555555606
2018-11-20 16:00:00,75.14625155555544
2018-11-20 17:00:00,81.6488688888887
2018-11-20 18:00:00,77.59126844444414
2018-11-20 19:00:00,50.79611333333329
2018-11-20 20:00:00,27.67240666666668
2018-11-20 21:00:00,26.933769777777687
2018-11-20 22:00:00,20.776212888888715
2018-11-20 23:00:00,10.65120622222214
2018-11-21 00:00:00,3.979617777777745
2018-11-21 01:00:00,0.0
2018-11-21 02:00:00,0.0
2018-11-21 03:00:00,0.0
2018-11-21 04:00:00,0.0
2018-11-21 05:00:00,0.0
2018-11-21 06:00:00,0.0
2018-11-21 07:00:00,0.0
2018-11-21 08:00:00,0.0
2018-11-21 09:00:00,0.0
2018-11-21 10:00:00,0.0
2018-11-21 11:00:00,0.0
2018-11-21 12:00:00,0.0
2018-11-21 13:00:00,0.5522457777777781
2018-11-21 14:00:00,10.070805333333345
2018-11-21 15:00:00,13.899952444444509
2018-11-21 16:00:00,18.54517599999998
2018-11-21 17:00:00,19.099963999999925
2018-11-21 18:00:00,16.0571955555555
2018-11-21 19:00:00,14.237091555555512
2018-11-21 20:00:00,4.480787999999974
2018-11-21 21:00:00,0.0
2018-11-21 22:00:00,0.0
2018-11-21 23:00:00,0.0
2018-11-22 00:00:00,0.0
2018-11-22 01:00:00,0.0
2018-11-22 02:00:00,0.0
2018-11-22 03:00:00,0.0
2018-11-22 04:00:00,0.0
2018-11-22 05:00:00,0.0
2018-11-22 06:00:00,0.0
2018-11-22 07:00:00,0.0
2018-11-22 08:00:00,0.0
2018-11-22 09:00:00,0.0
2018-11-22 10:00:00,0.0
2018-11-22 11:00:00,0.0
2018-11-22 12:00:00,0.0
2018-11-22 13:00:00,0.0
2018-11-22 14:00:00,0.0
2018-11-22 15:00:00,0.0
2018-11-22 16:00:00,0.0
2018-11-22 17:00:00,0.0
2018-11-22 18:00:00,2.971459111111108
2018-11-22 19:00:00,6.355942666666657
2018-11-22 20:00:00,0.18004133333333325
2018-11-22 21:00:00,0.0
2018-11-22 22:00:00,0.0
2018-11-22 23:00:00,0.0
2018-11-23 00:00:00,0.0
2018-11-23 01:00:00,0.0
2018-11-23 02:00:00,0.0
2018-11-23 03:00:00,0.0
2018-11-23 04:00:00,0.0
2018-11-23 05:00:00,0.0
2018-11-23 06:00:00,0.0
2018-11-23 07:00:00,0.0
2018-11-23 08:00:00,0.0
2018-11-23 09:00:00,0.0
2018-11-23 10:00:00,0.0
2018-11-23 11:00:00,0.0
2018-11-23 12:00:00,0.0
2018-11-23 13:00:00,0.8037639999999974
2018-11-23 14:00:00,3.0477604444444597
2018-11-23 15:00:00,3.073529333333365
2018-11-23 16:00:00,3.053110666666684
2018-11-23 17:00:00,1.6918373333333305
2018-11-23 18:00:00,0.0
2018-11-23 19:00:00,4.73518355555555
2018-11-23 20:00:00,6.081706222222216
2018-11-23 21:00:00,0.0
2018-11-23 22:00:00,0.0
2018-11-23 23:00:00,0.0
2018-11-24 00:00:00,0.0
2018-11-24 01:00:00,0.0
2018-11-24 02:00:00,0.0
2018-11-24 03:00:00,0.0
2018-11-24 04:00:00,0.0
2018-11-24 05:00:00,0.0
2018-11-24 06:00:00,0.0
2018-11-24 07:00:00,0.0
2018-11-24 08:00:00,0.0
2018-11-24 09:00:00,0.0
2018-11-24 10:00:00,0.0
2018-11-24 11:00:00,0.0
2018-11-24 12:00:00,0.0
2018-11-24 13:00:00,0.0
2018-11-24 14:00:00,0.0
2018-11-24 15:00:00,0.0
2018-11-24 16:00:00,1.3786066666666719
2018-11-24 17:00:00,3.277767999999988
2018-11-24 18:00:00,3.25455866666665
2018-11-24 19:00:00,0.25533733333333314
2018-11-24 20:00:00,0.0
2018-11-24 21:00:00,0.0
2018-11-24 22:00:00,1.176471111111117
2018-11-24 23:00:00,1.559289333333349
2018-11-25 00:00:00,0.0
2018-11-25 01:00:00,0.0
2018-11-25 02:00:00,0.0
2018-11-25 03:00:00,0.0
2018-11-25 04:00:00,0.0
2018-11-25 05:00:00,0.0
2018-11-25 06:00:00,0.0
2018-11-25 07:00:00,0.0
2018-11-25 08:00:00,0.0
2018-11-25 09:00:00,0.0
2018-11-25 10:00:00,0.0
2018-11-25 11:00:00,0.0
2018-11-25 12:00:00,0.0
2018-11-25 13:00:00,0.0
2018-11-25 14:00:00,0.0
2018-11-25 15:00:00,0.0
2018-11-25 16:00:00,1.86146133333334
2018-11-25 17:00:00,3.3077431111110807
2018-11-25 18:00:00,3.0863386666666526
2018-11-25 19:00:00,6.337274666666622
2018-11-25 20:00:00,8.035791111111067
2018-11-25 21:00:00,11.191422666666627
2018-11-25 22:00:00,12.90019466666652
2018-11-25 23:00:00,12.974560444444325
2018-11-26 00:00:00,12.760164444444381
2018-11-26 01:00:00,9.334589333333357
2018-11-26 02:00:00,6.316699999999994
2018-11-26 03:00:00,6.15598533333333
2018-11-26 04:00:00,6.322148444444437
2018-11-26 05:00:00,6.323933777777773
2018-11-26 06:00:00,6.360622666666659
2018-11-26 07:00:00,2.372084000000002
2018-11-26 08:00:00,0.0
2018-11-26 09:00:00,0.0
2018-11-26 10:00:00,0.0
2018-11-26 11:00:00,0.0
2018-11-26 12:00:00,0.0
2018-11-26 13:00:00,1.1868826666666672
2018-11-26 14:00:00,8.7654377777778
2018-11-26 15:00:00,40.73864888888885
2018-11-26 16:00:00,67.74891066666659
2018-11-26 17:00:00,69.5182742222221
2018-11-26 18:00:00,49.644694666666474
2018-11-26 19:00:00,37.283225777777595
2018-11-26 20:00:00,29.81920355555547
2018-11-26 21:00:00,11.633815555555582
2018-11-26 22:00:00,18.088413777777742
2018-11-26 23:00:00,19.038563555555516
2018-11-27 00:00:00,19.11080311111106
2018-11-27 01:00:00,9.713143555555522
2018-11-27 02:00:00,0.8401524444444441
2018-11-27 03:00:00,0.0
2018-11-27 04:00:00,0.0
2018-11-27 05:00:00,0.0
2018-11-27 06:00:00,1.1056875555555565
2018-11-27 07:00:00,2.851379555555546
2018-11-27 08:00:00,0.028322666666666715
2018-11-27 09:00:00,0.0
2018-11-27 10:00:00,0.0
2018-11-27 11:00:00,0.0
2018-11-27 12:00:00,0.0
2018-11-27 13:00:00,0.6676511111111104
2018-11-27 14:00:00,25.732552444444423
2018-11-27 15:00:00,69.99256044444427
2018-11-27 16:00:00,86.69819022222207
2018-11-27 17:00:00,77.94534799999975
2018-11-27 18:00:00,60.85070622222204
2018-11-27 19:00:00,55.97386311111093
2018-11-27 20:00:00,44.16715911111095
2018-11-27 21:00:00,35.60744488888876
2018-11-27 22:00:00,31.873873777777725
2018-11-27 23:00:00,25.858276888888852
2018-11-28 00:00:00,24.556352888888824
2018-11-28 01:00:00,17.243465777777686
2018-11-28 02:00:00,10.360243111111147
2018-11-28 03:00:00,3.2254328888889017
2018-11-28 04:00:00,0.02159733333333334
2018-11-28 05:00:00,0.0
2018-11-28 06:00:00,0.0
2018-11-28 07:00:00,0.0
2018-11-28 08:00:00,0.0
2018-11-28 09:00:00,0.0
2018-11-28 10:00:00,0.0
2018-11-28 11:00:00,0.0
2018-11-28 12:00:00,0.0
2018-11-28 13:00:00,0.7047328888888882
2018-11-28 14:00:00,14.105144444444413
2018-11-28 15:00:00,61.85935022222215
2018-11-28 16:00:00,81.21687022222198
2018-11-28 17:00:00,67.50045466666643
2018-11-28 18:00:00,63.47973955555526
2018-11-28 19:00:00,55.748512444444394
2018-11-28 20:00:00,47.306520444444224
2018-11-28 21:00:00,28.95474977777781
2018-11-28 22:00:00,16.35709111111109
2018-11-28 23:00:00,7.4837764444444295
2018-11-29 00:00:00,13.975831999999983
2018-11-29 01:00:00,15.320008888888895
2018-11-29 02:00:00,9.615447111111061
2018-11-29 03:00:00,0.041750222222222216
2018-11-29 04:00:00,0.0
2018-11-29 05:00:00,0.0
2018-11-29 06:00:00,0.0
2018-11-29 07:00:00,0.0
2018-11-29 08:00:00,0.0
2018-11-29 09:00:00,0.0
2018-11-29 10:00:00,0.0
2018-11-29 11:00:00,0.0
2018-11-29 12:00:00,0.0
2018-11-29 13:00:00,3.6015662222222407
2018-11-29 14:00:00,24.930556444444367
2018-11-29 15:00:00,48.056978666666495
2018-11-29 16:00:00,90.21775822222197
2018-11-29 17:00:00,82.61726488888849
2018-11-29 18:00:00,71.05377066666625
2018-11-29 19:00:00,66.81114266666626
2018-11-29 20:00:00,42.74794044444429
2018-11-29 21:00:00,27.08276711111093
2018-11-29 22:00:00,17.549959555555397
2018-11-29 23:00:00,17.170977777777757
2018-11-30 00:00:00,19.914803999999965
2018-11-30 01:00:00,18.67939377777771
2018-11-30 02:00:00,3.3542368888888756
2018-11-30 03:00:00,0.14458888888888727
2018-11-30 04:00:00,0.03584533333333341
2018-11-30 05:00:00,0.0
2018-11-30 06:00:00,0.0
2018-11-30 07:00:00,0.0
2018-11-30 08:00:00,0.0
2018-11-30 09:00:00,0.0
2018-11-30 10:00:00,0.0
2018-11-30 11:00:00,0.0
2018-11-30 12:00:00,0.0
2018-11-30 13:00:00,0.3804262222222224
2018-11-30 14:00:00,19.168037777777773
2018-11-30 15:00:00,62.091027555555485
2018-11-30 16:00:00,78.54979022222201
2018-11-30 17:00:00,69.59990266666657
2018-11-30 18:00:00,50.85678577777777
2018-11-30 19:00:00,49.54828088888881
2018-11-30 20:00:00,36.28836177777767
2018-11-30 21:00:00,27.478082666666552
2018-11-30 22:00:00,22.773319111110993
2018-11-30 23:00:00,25.2113333333332
2018-12-01 00:00:00,21.26817911111102
2018-12-01 01:00:00,3.6735284444444485
2018-12-01 02:00:00,0.0
2018-12-01 03:00:00,0.0
2018-12-01 04:00:00,0.0
2018-12-01 05:00:00,0.0
2018-12-01 06:00:00,0.0
2018-12-01 07:00:00,0.0
2018-12-01 08:00:00,0.0
2018-12-01 09:00:00,0.0
2018-12-01 10:00:00,0.0
2018-12-01 11:00:00,0.0
2018-12-01 12:00:00,0.0
2018-12-01 13:00:00,0.6996253333333325
2018-12-01 14:00:00,3.0942657777778053
2018-12-01 15:00:00,3.073587111111137
2018-12-01 16:00:00,3.0796653333333603
2018-12-01 17:00:00,1.507803555555552
2018-12-01 18:00:00,0.0
2018-12-01 19:00:00,0.0
2018-12-01 20:00:00,0.0
2018-12-01 21:00:00,0.0
2018-12-01 22:00:00,0.0
2018-12-01 23:00:00,0.0
2018-12-02 00:00:00,0.0
2018-12-02 01:00:00,2.644529333333318
2018-12-02 02:00:00,3.1760906666666426
2018-12-02 03:00:00,0.1684684444444448
2018-12-02 04:00:00,0.03938133333333335
2018-12-02 05:00:00,0.03181822222222223
2018-12-02 06:00:00,6.144244888888916
2018-12-02 07:00:00,0.022660444444444445
2018-12-02 08:00:00,0.0
2018-12-02 09:00:00,0.0
2018-12-02 10:00:00,0.0
2018-12-02 11:00:00,0.0
2018-12-02 12:00:00,0.0
2018-12-02 13:00:00,0.0
2018-12-02 14:00:00,0.0
2018-12-02 15:00:00,0.0
2018-12-02 16:00:00,0.0
2018-12-02 17:00:00,0.0
2018-12-02 18:00:00,0.0
2018-12-02 19:00:00,0.0
2018-12-02 20:00:00,0.0
2018-12-02 21:00:00,0.0
2018-12-02 22:00:00,0.0
2018-12-02 23:00:00,0.0
2018-12-03 00:00:00,0.0
2018-12-03 01:00:00,0.0
2018-12-03 02:00:00,0.0
2018-12-03 03:00:00,0.0
2018-12-03 04:00:00,0.0
2018-12-03 05:00:00,2.8146560000000136
2018-12-03 06:00:00,6.286482222222244
2018-12-03 07:00:00,6.2865746666667
2018-12-03 08:00:00,0.77818
2018-12-03 09:00:00,0.0
2018-12-03 10:00:00,0.0
2018-12-03 11:00:00,0.0
2018-12-03 12:00:00,0.0
2018-12-03 13:00:00,1.2145697777777769
2018-12-03 14:00:00,21.715783555555557
2018-12-03 15:00:00,60.85161333333316
2018-12-03 16:00:00,81.48938488888876
2018-12-03 17:00:00,81.66275866666646
2018-12-03 18:00:00,68.58555022222204
2018-12-03 19:00:00,51.69091777777761
2018-12-03 20:00:00,47.086797333333145
2018-12-03 21:00:00,42.17299955555539
2018-12-03 22:00:00,36.741299111110756
2018-12-03 23:00:00,29.308349777777643
2018-12-04 00:00:00,20.844384888888776
2018-12-04 01:00:00,17.313619555555512
2018-12-04 02:00:00,0.4157746666666666
2018-12-04 03:00:00,0.0
2018-12-04 04:00:00,0.0
2018-12-04 05:00:00,0.0
2018-12-04 06:00:00,1.1371591111111137
2018-12-04 07:00:00,3.0419595555555405
2018-12-04 08:00:00,0.012878666666666658
2018-12-04 09:00:00,0.0
2018-12-04 10:00:00,0.0
2018-12-04 11:00:00,0.0
2018-12-04 12:00:00,0.0
2018-12-04 13:00:00,0.6848573333333315
2018-12-04 14:00:00,18.6095982222222
2018-12-04 15:00:00,53.85985511111095
2018-12-04 16:00:00,86.8008613333333
2018-12-04 17:00:00,78.07186399999985
2018-12-04 18:00:00,67.3178711111109
2018-12-04 19:00:00,53.9772826666665
2018-12-04 20:00:00,54.58845022222216
2018-12-04 21:00:00,53.33258666666666
2018-12-04 22:00:00,37.15554844444438
2018-12-04 23:00:00,24.857011111111103
2018-12-05 00:00:00,18.952907999999944
2018-12-05 01:00:00,14.604015111111018
2018-12-05 02:00:00,3.2149635555555474
2018-12-05 03:00:00,2.20328044444445
2018-12-05 04:00:00,3.273867999999971
2018-12-05 05:00:00,0.2582897777777779
2018-12-05 06:00:00,0.0
2018-12-05 07:00:00,0.0
2018-12-05 08:00:00,0.0
2018-12-05 09:00:00,0.0
2018-12-05 10:00:00,0.0
2018-12-05 11:00:00,0.0
2018-12-05 12:00:00,0.0
2018-12-05 13:00:00,0.13884000000000005
2018-12-05 14:00:00,26.394812888888815
2018-12-05 15:00:00,68.79943200000004
2018-12-05 16:00:00,78.96755822222214
2018-12-05 17:00:00,72.1313146666667
2018-12-05 18:00:00,60.59049822222213
2018-12-05 19:00:00,46.39844444444427
2018-12-05 20:00:00,41.67784399999987
2018-12-05 21:00:00,37.19494711111093
2018-12-05 22:00:00,26.251662666666537
2018-12-05 23:00:00,7.482707555555526
2018-12-06 00:00:00,15.444693333333312
2018-12-06 01:00:00,11.142744888888924
2018-12-06 02:00:00,2.619551999999989
2018-12-06 03:00:00,0.0
2018-12-06 04:00:00,0.0
2018-12-06 05:00:00,0.0
2018-12-06 06:00:00,0.0
2018-12-06 07:00:00,0.0
2018-12-06 08:00:00,0.0
2018-12-06 09:00:00,0.0
2018-12-06 10:00:00,0.0
2018-12-06 11:00:00,0.0
2018-12-06 12:00:00,0.0
2018-12-06 13:00:00,0.631366666666666
2018-12-06 14:00:00,8.448249333333338
2018-12-06 15:00:00,35.13945644444448
2018-12-06 16:00:00,74.85748977777774
2018-12-06 17:00:00,81.82361199999978
2018-12-06 18:00:00,78.96464044444417
2018-12-06 19:00:00,66.84025111111092
2018-12-06 20:00:00,45.00694177777766
2018-12-06 21:00:00,34.743048888888765
2018-12-06 22:00:00,35.84309155555547
2018-12-06 23:00:00,24.501059555555443
2018-12-07 00:00:00,16.440949777777735
2018-12-07 01:00:00,11.957301777777772
2018-12-07 02:00:00,0.08412444444444445
2018-12-07 03:00:00,0.0
2018-12-07 04:00:00,0.0
2018-12-07 05:00:00,0.0
2018-12-07 06:00:00,0.3106711111111109
2018-12-07 07:00:00,2.7768346666666592
2018-12-07 08:00:00,0.0
2018-12-07 09:00:00,0.0
2018-12-07 10:00:00,0.0
2018-12-07 11:00:00,0.0
2018-12-07 12:00:00,0.0
2018-12-07 13:00:00,0.6725622222222211
2018-12-07 14:00:00,3.0684275555555804
2018-12-07 15:00:00,6.704175111111119
2018-12-07 16:00:00,23.71072311111112
2018-12-07 17:00:00,34.26352800000006
2018-12-07 18:00:00,34.892444888888825
2018-12-07 19:00:00,33.29567511111106
2018-12-07 20:00:00,23.273778666666633
2018-12-07 21:00:00,18.12224844444455
2018-12-07 22:00:00,15.633048888888943
2018-12-07 23:00:00,16.497196444444413
2018-12-08 00:00:00,16.74610311111105
2018-12-08 01:00:00,11.49139333333328
2018-12-08 02:00:00,4.5165177777777465
2018-12-08 03:00:00,0.03942755555555552
2018-12-08 04:00:00,0.0
2018-12-08 05:00:00,0.0
2018-12-08 06:00:00,0.0
2018-12-08 07:00:00,0.0
2018-12-08 08:00:00,0.0
2018-12-08 09:00:00,0.0
2018-12-08 10:00:00,0.0
2018-12-08 11:00:00,0.0
2018-12-08 12:00:00,0.0
2018-12-08 13:00:00,0.0
2018-12-08 14:00:00,0.0
2018-12-08 15:00:00,0.0
2018-12-08 16:00:00,0.0
2018-12-08 17:00:00,0.0
2018-12-08 18:00:00,0.0
2018-12-08 19:00:00,0.9909408888888915
2018-12-08 20:00:00,5.784295111111087
2018-12-08 21:00:00,4.432260444444454
2018-12-08 22:00:00,0.0
2018-12-08 23:00:00,1.142364888888885
2018-12-09 00:00:00,0.0
2018-12-09 01:00:00,0.0
2018-12-09 02:00:00,0.0
2018-12-09 03:00:00,0.0
2018-12-09 04:00:00,0.0
2018-12-09 05:00:00,0.0
2018-12-09 06:00:00,0.0
2018-12-09 07:00:00,0.0
2018-12-09 08:00:00,0.0
2018-12-09 09:00:00,0.0
2018-12-09 10:00:00,0.0
2018-12-09 11:00:00,0.0
2018-12-09 12:00:00,0.0
2018-12-09 13:00:00,0.0
2018-12-09 14:00:00,0.0
2018-12-09 15:00:00,0.0
2018-12-09 16:00:00,0.0
2018-12-09 17:00:00,0.0
2018-12-09 18:00:00,0.0
2018-12-09 19:00:00,0.0
2018-12-09 20:00:00,0.0
2018-12-09 21:00:00,0.0
2018-12-09 22:00:00,0.0
2018-12-09 23:00:00,0.0
2018-12-10 00:00:00,0.0
2018-12-10 01:00:00,0.0
2018-12-10 02:00:00,0.0
2018-12-10 03:00:00,0.0
2018-12-10 04:00:00,0.0
2018-12-10 05:00:00,0.0
2018-12-10 06:00:00,0.0
2018-12-10 07:00:00,0.0
2018-12-10 08:00:00,0.0
2018-12-10 09:00:00,0.0
2018-12-10 10:00:00,0.0
2018-12-10 11:00:00,0.0
2018-12-10 12:00:00,0.0
2018-12-10 13:00:00,3.304802222222221
2018-12-10 14:00:00,20.070353333333323
2018-12-10 15:00:00,54.73735511111102
2018-12-10 16:00:00,82.89807644444448
2018-12-10 17:00:00,84.0710346666665
2018-12-10 18:00:00,78.94144844444436
2018-12-10 19:00:00,69.07180222222216
2018-12-10 20:00:00,63.11001377777774
2018-12-10 21:00:00,54.5787666666665
2018-12-10 22:00:00,38.62949999999985
2018-12-10 23:00:00,11.18963155555553
2018-12-11 00:00:00,3.06670577777776
2018-12-11 01:00:00,2.588288444444416
2018-12-11 02:00:00,3.1978902222221928
2018-12-11 03:00:00,0.1698666666666672
2018-12-11 04:00:00,0.05219644444444462
2018-12-11 05:00:00,0.0
2018-12-11 06:00:00,0.0
2018-12-11 07:00:00,0.0
2018-12-11 08:00:00,0.0
2018-12-11 09:00:00,0.0
2018-12-11 10:00:00,0.0
2018-12-11 11:00:00,0.0
2018-12-11 12:00:00,0.0
2018-12-11 13:00:00,0.37502399999999914
2018-12-11 14:00:00,24.99150622222214
2018-12-11 15:00:00,60.55354355555529
2018-12-11 16:00:00,85.74154622222197
2018-12-11 17:00:00,80.29041511111092
2018-12-11 18:00:00,56.443596444444346
2018-12-11 19:00:00,33.815339999999985
2018-12-11 20:00:00,23.73761288888874
2018-12-11 21:00:00,21.05880977777775
2018-12-11 22:00:00,16.620257333333306
2018-12-11 23:00:00,17.544060444444426
2018-12-12 00:00:00,12.003801333333335
2018-12-12 01:00:00,3.725095111111093
2018-12-12 02:00:00,2.99235155555553
2018-12-12 03:00:00,0.1218186666666647
2018-12-12 04:00:00,0.03961244444444448
2018-12-12 05:00:00,0.0
2018-12-12 06:00:00,0.0
2018-12-12 07:00:00,0.0
2018-12-12 08:00:00,0.0
2018-12-12 09:00:00,0.0
2018-12-12 10:00:00,0.0
2018-12-12 11:00:00,0.0
2018-12-12 12:00:00,0.0
2018-12-12 13:00:00,4.197099111111116
2018-12-12 14:00:00,18.6765568888889
2018-12-12 15:00:00,54.72876933333343
2018-12-12 16:00:00,80.9120751111109
2018-12-12 17:00:00,73.42295422222203
2018-12-12 18:00:00,62.991517333333405
2018-12-12 19:00:00,58.359923555555554
2018-12-12 20:00:00,48.07533466666667
2018-12-12 21:00:00,41.89764222222222
2018-12-12 22:00:00,22.920167111110995
2018-12-12 23:00:00,14.143000444444475
2018-12-13 00:00:00,17.521134222222166
2018-12-13 01:00:00,5.668687555555576
2018-12-13 02:00:00,5.239756888888859
2018-12-13 03:00:00,2.80405955555555
2018-12-13 04:00:00,0.20572355555555538
2018-12-13 05:00:00,0.0
2018-12-13 06:00:00,0.0
2018-12-13 07:00:00,0.0
2018-12-13 08:00:00,0.0
2018-12-13 09:00:00,0.0
2018-12-13 10:00:00,0.0
2018-12-13 11:00:00,0.0
2018-12-13 12:00:00,0.0
2018-12-13 13:00:00,1.1693875555555546
2018-12-13 14:00:00,17.713152888888885
2018-12-13 15:00:00,45.72291822222217
2018-12-13 16:00:00,68.2700835555554
2018-12-13 17:00:00,73.04645688888871
2018-12-13 18:00:00,70.16005822222206
2018-12-13 19:00:00,61.00712799999983
2018-12-13 20:00:00,63.19752399999982
2018-12-13 21:00:00,49.54588888888876
2018-12-13 22:00:00,42.57454355555542
2018-12-13 23:00:00,27.077260888888866
2018-12-14 00:00:00,13.677034222222119
2018-12-14 01:00:00,7.895737777777739
2018-12-14 02:00:00,0.17184844444444444
2018-12-14 03:00:00,0.0
2018-12-14 04:00:00,0.00013866666666666666
2018-12-14 05:00:00,0.00012133333333333335
2018-12-14 06:00:00,0.00013866666666666666
2018-12-14 07:00:00,0.0
2018-12-14 08:00:00,0.0
2018-12-14 09:00:00,0.0
2018-12-14 10:00:00,0.0
2018-12-14 11:00:00,0.0
2018-12-14 12:00:00,0.0
2018-12-14 13:00:00,0.8474266666666659
2018-12-14 14:00:00,22.183708444444406
2018-12-14 15:00:00,46.67430444444447
2018-12-14 16:00:00,73.45883999999973
2018-12-14 17:00:00,72.41273288888856
2018-12-14 18:00:00,73.37286666666643
2018-12-14 19:00:00,59.535620444444206
2018-12-14 20:00:00,35.70206177777755
2018-12-14 21:00:00,18.01915555555551
2018-12-14 22:00:00,8.185215999999976
2018-12-14 23:00:00,4.33970622222218
2018-12-15 00:00:00,5.241490222222237
2018-12-15 01:00:00,3.8246115555555322
2018-12-15 02:00:00,3.851316444444429
2018-12-15 03:00:00,2.624457333333324
2018-12-15 04:00:00,0.0
2018-12-15 05:00:00,0.0
2018-12-15 06:00:00,0.0
2018-12-15 07:00:00,0.0
2018-12-15 08:00:00,0.0
2018-12-15 09:00:00,0.0
2018-12-15 10:00:00,0.0
2018-12-15 11:00:00,0.0
2018-12-15 12:00:00,0.0
2018-12-15 13:00:00,0.5915231111111093
2018-12-15 14:00:00,3.054110222222244
2018-12-15 15:00:00,3.0962417777778044
2018-12-15 16:00:00,3.7425728888889136
2018-12-15 17:00:00,5.284130222222174
2018-12-15 18:00:00,3.317386222222183
2018-12-15 19:00:00,2.8286902222221966
2018-12-15 20:00:00,0.0
2018-12-15 21:00:00,0.0
2018-12-15 22:00:00,2.558625333333322
2018-12-15 23:00:00,3.3183857777777392
2018-12-16 00:00:00,1.1240782222222234
2018-12-16 01:00:00,0.0
2018-12-16 02:00:00,0.0
2018-12-16 03:00:00,0.0
2018-12-16 04:00:00,0.0
2018-12-16 05:00:00,0.0
2018-12-16 06:00:00,0.0
2018-12-16 07:00:00,0.0
2018-12-16 08:00:00,0.0
2018-12-16 09:00:00,0.0
2018-12-16 10:00:00,0.0
2018-12-16 11:00:00,0.0
2018-12-16 12:00:00,0.0
2018-12-16 13:00:00,0.0
2018-12-16 14:00:00,0.0
2018-12-16 15:00:00,0.0
2018-12-16 16:00:00,0.0
2018-12-16 17:00:00,0.0
2018-12-16 18:00:00,0.0
2018-12-16 19:00:00,1.45358488888889
2018-12-16 20:00:00,6.476773333333259
2018-12-16 21:00:00,7.486058666666586
2018-12-16 22:00:00,8.649882222222208
2018-12-16 23:00:00,2.223889777777779
2018-12-17 00:00:00,0.0
2018-12-17 01:00:00,0.0
2018-12-17 02:00:00,0.0
2018-12-17 03:00:00,0.0
2018-12-17 04:00:00,0.0
2018-12-17 05:00:00,0.0
2018-12-17 06:00:00,0.0
2018-12-17 07:00:00,0.0
2018-12-17 08:00:00,0.0
2018-12-17 09:00:00,0.0
2018-12-17 10:00:00,0.0
2018-12-17 11:00:00,0.0
2018-12-17 12:00:00,0.0
2018-12-17 13:00:00,0.5477911111111106
2018-12-17 14:00:00,21.21340000000004
2018-12-17 15:00:00,48.04099155555557
2018-12-17 16:00:00,72.12203555555558
2018-12-17 17:00:00,67.62978444444434
2018-12-17 18:00:00,51.214955999999894
2018-12-17 19:00:00,44.696368888888706
2018-12-17 20:00:00,43.40864666666652
2018-12-17 21:00:00,45.83782088888873
2018-12-17 22:00:00,15.340895555555534
2018-12-17 23:00:00,20.300505333333234
2018-12-18 00:00:00,31.48333066666656
2018-12-18 01:00:00,21.050050666666586
2018-12-18 02:00:00,12.890765333333281
2018-12-18 03:00:00,1.1926257777777791
2018-12-18 04:00:00,0.0
2018-12-18 05:00:00,0.5524537777777778
2018-12-18 06:00:00,6.275406222222267
2018-12-18 07:00:00,6.28122444444449
2018-12-18 08:00:00,1.9926342222222175
2018-12-18 09:00:00,0.0
2018-12-18 10:00:00,0.0
2018-12-18 11:00:00,0.0
2018-12-18 12:00:00,0.0
2018-12-18 13:00:00,0.6935933333333318
2018-12-18 14:00:00,22.672404444444393
2018-12-18 15:00:00,55.78847155555553
2018-12-18 16:00:00,75.02200044444457
2018-12-18 17:00:00,76.638715111111
2018-12-18 18:00:00,65.99075022222222
2018-12-18 19:00:00,56.42533288888877
2018-12-18 20:00:00,53.295100444444444
2018-12-18 21:00:00,37.4498395555555
2018-12-18 22:00:00,29.54075511111114
2018-12-18 23:00:00,30.880546666666604
2018-12-19 00:00:00,37.462856888888844
2018-12-19 01:00:00,20.324696888888823
2018-12-19 02:00:00,0.0
2018-12-19 03:00:00,2.5617684444444357
2018-12-19 04:00:00,3.1435964444444195
2018-12-19 05:00:00,0.14523022222222057
2018-12-19 06:00:00,0.0482906666666668
2018-12-19 07:00:00,0.0
2018-12-19 08:00:00,0.0
2018-12-19 09:00:00,0.0
2018-12-19 10:00:00,0.0
2018-12-19 11:00:00,0.0
2018-12-19 12:00:00,0.0
2018-12-19 13:00:00,0.8483048888888849
2018-12-19 14:00:00,12.808483999999998
2018-12-19 15:00:00,62.56176044444434
2018-12-19 16:00:00,79.30684088888887
2018-12-19 17:00:00,68.08758088888888
2018-12-19 18:00:00,56.09754799999986
2018-12-19 19:00:00,45.27964711111094
2018-12-19 20:00:00,41.744999111111134
2018-12-19 21:00:00,31.23873422222221
2018-12-19 22:00:00,16.453158222222207
2018-12-19 23:00:00,12.760794222222215
2018-12-20 00:00:00,16.436391111111107
2018-12-20 01:00:00,18.50981599999992
2018-12-20 02:00:00,11.887275111110961
2018-12-20 03:00:00,1.9681768888888962
2018-12-20 04:00:00,0.0
2018-12-20 05:00:00,0.0
2018-12-20 06:00:00,0.0
2018-12-20 07:00:00,0.0
2018-12-20 08:00:00,0.0
2018-12-20 09:00:00,0.0
2018-12-20 10:00:00,0.0
2018-12-20 11:00:00,0.0
2018-12-20 12:00:00,0.0
2018-12-20 13:00:00,0.8774248888888878
2018-12-20 14:00:00,13.634873777777768
2018-12-20 15:00:00,43.03521155555537
2018-12-20 16:00:00,92.52217866666642
2018-12-20 17:00:00,91.40131866666627
2018-12-20 18:00:00,84.63288888888844
2018-12-20 19:00:00,70.54729644444421
2018-12-20 20:00:00,52.54398355555535
2018-12-20 21:00:00,47.72498177777758
2018-12-20 22:00:00,52.38750399999968
2018-12-20 23:00:00,39.67085199999981
2018-12-21 00:00:00,31.941254222222142
2018-12-21 01:00:00,13.183825777777752
2018-12-21 02:00:00,1.547520000000004
2018-12-21 03:00:00,0.0
2018-12-21 04:00:00,0.0
2018-12-21 05:00:00,0.0
2018-12-21 06:00:00,0.0
2018-12-21 07:00:00,0.0
2018-12-21 08:00:00,0.0
2018-12-21 09:00:00,0.0
2018-12-21 10:00:00,0.0
2018-12-21 11:00:00,0.0
2018-12-21 12:00:00,0.0
2018-12-21 13:00:00,0.0
2018-12-21 14:00:00,0.0
2018-12-21 15:00:00,0.0
2018-12-21 16:00:00,0.0
2018-12-21 17:00:00,0.0
2018-12-21 18:00:00,0.0
2018-12-21 19:00:00,0.0
2018-12-21 20:00:00,0.0
2018-12-21 21:00:00,0.0
2018-12-21 22:00:00,0.5382231111111112
2018-12-21 23:00:00,2.512842222222221
2018-12-22 00:00:00,0.8506275555555574
2018-12-22 01:00:00,0.0
2018-12-22 02:00:00,0.0
2018-12-22 03:00:00,0.0
2018-12-22 04:00:00,0.0
2018-12-22 05:00:00,0.0
2018-12-22 06:00:00,0.0
2018-12-22 07:00:00,0.0
2018-12-22 08:00:00,0.0
2018-12-22 09:00:00,0.0
2018-12-22 10:00:00,0.0
2018-12-22 11:00:00,0.0
2018-12-22 12:00:00,0.0
2018-12-22 13:00:00,0.0
2018-12-22 14:00:00,0.0
2018-12-22 15:00:00,0.0
2018-12-22 16:00:00,0.0
2018-12-22 17:00:00,0.0
2018-12-22 18:00:00,0.0
2018-12-22 19:00:00,0.0
2018-12-22 20:00:00,0.0
2018-12-22 21:00:00,0.0
2018-12-22 22:00:00,0.0
2018-12-22 23:00:00,0.0
2018-12-23 00:00:00,0.0
2018-12-23 01:00:00,0.0
2018-12-23 02:00:00,0.0
2018-12-23 03:00:00,0.0
2018-12-23 04:00:00,0.0
2018-12-23 05:00:00,0.0
2018-12-23 06:00:00,0.0
2018-12-23 07:00:00,0.0
2018-12-23 08:00:00,0.0
2018-12-23 09:00:00,0.0
2018-12-23 10:00:00,0.0
2018-12-23 11:00:00,0.0
2018-12-23 12:00:00,0.0
2018-12-23 13:00:00,0.0
2018-12-23 14:00:00,0.0
2018-12-23 15:00:00,0.0
2018-12-23 16:00:00,0.0
2018-12-23 17:00:00,0.0
2018-12-23 18:00:00,0.0
2018-12-23 19:00:00,0.0
2018-12-23 20:00:00,0.0
2018-12-23 21:00:00,0.0
2018-12-23 22:00:00,0.0
2018-12-23 23:00:00,0.0
2018-12-24 00:00:00,0.0
2018-12-24 01:00:00,0.0
2018-12-24 02:00:00,0.0
2018-12-24 03:00:00,0.0
2018-12-24 04:00:00,0.0
2018-12-24 05:00:00,0.0
2018-12-24 06:00:00,0.0
2018-12-24 07:00:00,0.0
2018-12-24 08:00:00,0.0
2018-12-24 09:00:00,0.0
2018-12-24 10:00:00,0.0
2018-12-24 11:00:00,0.0
2018-12-24 12:00:00,0.0
2018-12-24 13:00:00,1.4133253333333367
2018-12-24 14:00:00,3.1188617777778025
2018-12-24 15:00:00,3.108918222222237
2018-12-24 16:00:00,3.1213924444444716
2018-12-24 17:00:00,1.1609866666666624
2018-12-24 18:00:00,0.0
2018-12-24 19:00:00,0.0
2018-12-24 20:00:00,0.0
2018-12-24 21:00:00,0.0
2018-12-24 22:00:00,0.0
2018-12-24 23:00:00,0.0
2018-12-25 00:00:00,0.0
2018-12-25 01:00:00,0.0
2018-12-25 02:00:00,0.0
2018-12-25 03:00:00,0.0
2018-12-25 04:00:00,0.0
2018-12-25 05:00:00,0.0
2018-12-25 06:00:00,0.0
2018-12-25 07:00:00,0.0
2018-12-25 08:00:00,0.0
2018-12-25 09:00:00,0.0
2018-12-25 10:00:00,0.0
2018-12-25 11:00:00,0.0
2018-12-25 12:00:00,0.0
2018-12-25 13:00:00,0.0
2018-12-25 14:00:00,0.0
2018-12-25 15:00:00,0.0
2018-12-25 16:00:00,0.0
2018-12-25 17:00:00,0.0
2018-12-25 18:00:00,0.0
2018-12-25 19:00:00,0.0
2018-12-25 20:00:00,0.0
2018-12-25 21:00:00,0.0
2018-12-25 22:00:00,0.0
2018-12-25 23:00:00,0.0
2018-12-26 00:00:00,0.0
2018-12-26 01:00:00,0.0
2018-12-26 02:00:00,0.0
2018-12-26 03:00:00,0.0
2018-12-26 04:00:00,0.0
2018-12-26 05:00:00,0.0
2018-12-26 06:00:00,0.0
2018-12-26 07:00:00,2.5797199999999907
2018-12-26 08:00:00,5.185052888888845
2018-12-26 09:00:00,0.0
2018-12-26 10:00:00,0.0
2018-12-26 11:00:00,0.34135111111111116
2018-12-26 12:00:00,3.424806666666678
2018-12-26 13:00:00,3.505418222222233
2018-12-26 14:00:00,8.224418222222274
2018-12-26 15:00:00,14.836911555555528
2018-12-26 16:00:00,19.43842622222233
2018-12-26 17:00:00,27.403636000000034
2018-12-26 18:00:00,39.23105333333331
2018-12-26 19:00:00,36.753530666666705
2018-12-26 20:00:00,25.93102488888887
2018-12-26 21:00:00,13.717911999999988
2018-12-26 22:00:00,18.128968000000015
2018-12-26 23:00:00,18.594096444444336
2018-12-27 00:00:00,11.399682666666632
2018-12-27 01:00:00,4.694681333333281
2018-12-27 02:00:00,10.037415555555617
2018-12-27 03:00:00,4.733519555555582
2018-12-27 04:00:00,0.0
2018-12-27 05:00:00,0.0
2018-12-27 06:00:00,0.0
2018-12-27 07:00:00,0.0
2018-12-27 08:00:00,0.0
2018-12-27 09:00:00,0.0
2018-12-27 10:00:00,0.0
2018-12-27 11:00:00,0.158056888888889
2018-12-27 12:00:00,3.4479062222222403
2018-12-27 13:00:00,8.272385333333366
2018-12-27 14:00:00,16.49151111111116
2018-12-27 15:00:00,22.73719066666672
2018-12-27 16:00:00,29.87386711111113
2018-12-27 17:00:00,30.531903999999912
2018-12-27 18:00:00,32.748363555555414
2018-12-27 19:00:00,29.720755999999977
2018-12-27 20:00:00,21.14974044444436
2018-12-27 21:00:00,20.857783555555546
2018-12-27 22:00:00,25.782483999999965
2018-12-27 23:00:00,18.731925333333248
2018-12-28 00:00:00,10.065986666666648
2018-12-28 01:00:00,8.27718666666664
2018-12-28 02:00:00,1.388844888888892
2018-12-28 03:00:00,0.0015253333333333332
2018-12-28 04:00:00,0.0038133333333333335
2018-12-28 05:00:00,0.0
2018-12-28 06:00:00,0.0
2018-12-28 07:00:00,0.0
2018-12-28 08:00:00,0.0
2018-12-28 09:00:00,0.0
2018-12-28 10:00:00,0.0
2018-12-28 11:00:00,0.0
2018-12-28 12:00:00,0.0
2018-12-28 13:00:00,0.0
2018-12-28 14:00:00,5.906772444444465
2018-12-28 15:00:00,16.20373155555558
2018-12-28 16:00:00,18.44758355555546
2018-12-28 17:00:00,31.499450666666597
2018-12-28 18:00:00,30.16845866666661
2018-12-28 19:00:00,32.22595999999999
2018-12-28 20:00:00,18.830124444444447
2018-12-28 21:00:00,6.513502666666648
2018-12-28 22:00:00,6.299661333333362
2018-12-28 23:00:00,0.5861671111111113
2018-12-29 00:00:00,3.7120893333333305
2018-12-29 01:00:00,5.556494666666662
2018-12-29 02:00:00,0.027363555555555558
2018-12-29 03:00:00,0.0
2018-12-29 04:00:00,0.0
2018-12-29 05:00:00,0.0
2018-12-29 06:00:00,0.0
2018-12-29 07:00:00,0.0
2018-12-29 08:00:00,0.0
2018-12-29 09:00:00,0.0
2018-12-29 10:00:00,0.0
2018-12-29 11:00:00,0.0
2018-12-29 12:00:00,0.0
2018-12-29 13:00:00,0.0
2018-12-29 14:00:00,0.0
2018-12-29 15:00:00,0.0
2018-12-29 16:00:00,0.0
2018-12-29 17:00:00,0.0
2018-12-29 18:00:00,0.0
2018-12-29 19:00:00,0.0
2018-12-29 20:00:00,0.0
2018-12-29 21:00:00,0.0
2018-12-29 22:00:00,0.0
2018-12-29 23:00:00,0.0
2018-12-30 00:00:00,0.0
2018-12-30 01:00:00,0.0
2018-12-30 02:00:00,0.0
2018-12-30 03:00:00,0.0
2018-12-30 04:00:00,0.0
2018-12-30 05:00:00,0.0
2018-12-30 06:00:00,0.0
2018-12-30 07:00:00,0.0
2018-12-30 08:00:00,0.0
2018-12-30 09:00:00,0.0
2018-12-30 10:00:00,0.0
2018-12-30 11:00:00,0.0
2018-12-30 12:00:00,0.0
2018-12-30 13:00:00,0.0
2018-12-30 14:00:00,0.0
2018-12-30 15:00:00,0.0
2018-12-30 16:00:00,0.0
2018-12-30 17:00:00,0.0
2018-12-30 18:00:00,0.0
2018-12-30 19:00:00,0.0
2018-12-30 20:00:00,0.0
2018-12-30 21:00:00,0.0
2018-12-30 22:00:00,0.0
2018-12-30 23:00:00,0.0
2018-12-31 00:00:00,0.0
2018-12-31 01:00:00,0.0
2018-12-31 02:00:00,0.0
2018-12-31 03:00:00,0.0
2018-12-31 04:00:00,0.0
2018-12-31 05:00:00,0.0
2018-12-31 06:00:00,0.0
2018-12-31 07:00:00,0.0
2018-12-31 08:00:00,0.0
2018-12-31 09:00:00,0.0
2018-12-31 10:00:00,0.0
2018-12-31 11:00:00,0.0
2018-12-31 12:00:00,0.0
2018-12-31 13:00:00,0.03177777777777777
2018-12-31 14:00:00,2.599959555555563
2018-12-31 15:00:00,6.457348444444403
2018-12-31 16:00:00,11.666511999999965
2018-12-31 17:00:00,6.53061066666663
2018-12-31 18:00:00,1.5460813333333314
2018-12-31 19:00:00,0.0
2018-12-31 20:00:00,0.0
2018-12-31 21:00:00,0.0
2018-12-31 22:00:00,0.0
2018-12-31 23:00:00,0.0
2019-01-01 00:00:00,0.0
2019-01-01 01:00:00,0.0
2019-01-01 02:00:00,0.0
2019-01-01 03:00:00,0.0
2019-01-01 04:00:00,0.0
2019-01-01 05:00:00,0.0
2019-01-01 06:00:00,0.0
2019-01-01 07:00:00,0.0
2019-01-01 08:00:00,0.0
2019-01-01 09:00:00,0.0
2019-01-01 10:00:00,0.0
2019-01-01 11:00:00,0.0
2019-01-01 12:00:00,0.0
2019-01-01 13:00:00,0.0
2019-01-01 14:00:00,0.0
2019-01-01 15:00:00,0.0
2019-01-01 16:00:00,0.0
2019-01-01 17:00:00,0.0
2019-01-01 18:00:00,0.0
2019-01-01 19:00:00,0.0
2019-01-01 20:00:00,0.0
2019-01-01 21:00:00,0.0
2019-01-01 22:00:00,0.0
2019-01-01 23:00:00,0.0
2019-01-02 00:00:00,0.0
2019-01-02 01:00:00,6.217957777777764
2019-01-02 02:00:00,4.20994888888888
2019-01-02 03:00:00,0.0
2019-01-02 04:00:00,0.0
2019-01-02 05:00:00,0.0
2019-01-02 06:00:00,0.0
2019-01-02 07:00:00,0.0
2019-01-02 08:00:00,0.0
2019-01-02 09:00:00,0.0
2019-01-02 10:00:00,0.0
2019-01-02 11:00:00,0.0
2019-01-02 12:00:00,0.0
2019-01-02 13:00:00,1.5279853333333333
2019-01-02 14:00:00,23.404760888888873
2019-01-02 15:00:00,64.37036666666631
2019-01-02 16:00:00,82.16304488888856
2019-01-02 17:00:00,76.47642888888866
2019-01-02 18:00:00,64.90672355555525
2019-01-02 19:00:00,59.446451999999624
2019-01-02 20:00:00,50.29738711111106
2019-01-02 21:00:00,50.38968133333299
2019-01-02 22:00:00,41.63587999999991
2019-01-02 23:00:00,33.313505333333254
2019-01-03 00:00:00,28.037729777777702
2019-01-03 01:00:00,21.236135555555585
2019-01-03 02:00:00,7.2182933333333255
2019-01-03 03:00:00,1.9389644444444691
2019-01-03 04:00:00,0.10406933333333178
2019-01-03 05:00:00,0.02693022222222229
2019-01-03 06:00:00,0.0
2019-01-03 07:00:00,0.0
2019-01-03 08:00:00,0.0
2019-01-03 09:00:00,0.0
2019-01-03 10:00:00,0.0
2019-01-03 11:00:00,0.0
2019-01-03 12:00:00,0.0
2019-01-03 13:00:00,6.190617333333283
2019-01-03 14:00:00,15.138511555555628
2019-01-03 15:00:00,48.72675022222209
2019-01-03 16:00:00,69.62421555555527
2019-01-03 17:00:00,68.69956888888879
2019-01-03 18:00:00,58.15560977777785
2019-01-03 19:00:00,52.86634888888862
2019-01-03 20:00:00,42.03321777777768
2019-01-03 21:00:00,37.23626399999984
2019-01-03 22:00:00,31.839940888888737
2019-01-03 23:00:00,25.24197288888875
2019-01-04 00:00:00,15.34032933333328
2019-01-04 01:00:00,10.334063999999945
2019-01-04 02:00:00,2.9321066666666584
2019-01-04 03:00:00,0.0
2019-01-04 04:00:00,0.0
2019-01-04 05:00:00,0.0
2019-01-04 06:00:00,0.0
2019-01-04 07:00:00,0.0
2019-01-04 08:00:00,0.0
2019-01-04 09:00:00,0.0
2019-01-04 10:00:00,0.0
2019-01-04 11:00:00,0.0
2019-01-04 12:00:00,0.0
2019-01-04 13:00:00,0.7521453333333308
2019-01-04 14:00:00,5.533424000000042
2019-01-04 15:00:00,9.19393511111116
2019-01-04 16:00:00,15.71157466666667
2019-01-04 17:00:00,30.726360888888763
2019-01-04 18:00:00,32.43781955555552
2019-01-04 19:00:00,35.02180933333335
2019-01-04 20:00:00,24.937096888888895
2019-01-04 21:00:00,12.916418666666662
2019-01-04 22:00:00,10.265741777777777
2019-01-04 23:00:00,5.3338537777777395
2019-01-05 00:00:00,0.0
2019-01-05 01:00:00,0.0
2019-01-05 02:00:00,0.0
2019-01-05 03:00:00,0.0
2019-01-05 04:00:00,0.0
2019-01-05 05:00:00,0.0
2019-01-05 06:00:00,0.0
2019-01-05 07:00:00,0.0
2019-01-05 08:00:00,0.0
2019-01-05 09:00:00,0.0
2019-01-05 10:00:00,0.0
2019-01-05 11:00:00,0.0
2019-01-05 12:00:00,0.0
2019-01-05 13:00:00,0.6956444444444423
2019-01-05 14:00:00,3.0995755555555986
2019-01-05 15:00:00,3.0928906666666873
2019-01-05 16:00:00,3.0993502222222498
2019-01-05 17:00:00,1.5052093333333296
2019-01-05 18:00:00,5.58249466666664
2019-01-05 19:00:00,6.652365777777791
2019-01-05 20:00:00,6.814224444444458
2019-01-05 21:00:00,0.7448942222222223
2019-01-05 22:00:00,0.0
2019-01-05 23:00:00,0.0
2019-01-06 00:00:00,0.0
2019-01-06 01:00:00,0.05019733333333331
2019-01-06 02:00:00,0.0
2019-01-06 03:00:00,0.0
2019-01-06 04:00:00,0.0
2019-01-06 05:00:00,0.0
2019-01-06 06:00:00,0.0
2019-01-06 07:00:00,0.0
2019-01-06 08:00:00,0.0
2019-01-06 09:00:00,0.0
2019-01-06 10:00:00,0.0
2019-01-06 11:00:00,0.0
2019-01-06 12:00:00,0.0
2019-01-06 13:00:00,0.0
2019-01-06 14:00:00,0.0
2019-01-06 15:00:00,0.0
2019-01-06 16:00:00,0.0
2019-01-06 17:00:00,2.167903111111108
2019-01-06 18:00:00,6.286285777777776
2019-01-06 19:00:00,5.42008711111111
2019-01-06 20:00:00,1.0643533333333348
2019-01-06 21:00:00,0.0
2019-01-06 22:00:00,0.0
2019-01-06 23:00:00,0.0
2019-01-07 00:00:00,0.0
2019-01-07 01:00:00,0.0
2019-01-07 02:00:00,0.0
2019-01-07 03:00:00,0.0
2019-01-07 04:00:00,0.0
2019-01-07 05:00:00,0.0
2019-01-07 06:00:00,0.0
2019-01-07 07:00:00,0.0
2019-01-07 08:00:00,0.0
2019-01-07 09:00:00,0.0
2019-01-07 10:00:00,0.0
2019-01-07 11:00:00,0.0
2019-01-07 12:00:00,0.0
2019-01-07 13:00:00,2.8994217777777656
2019-01-07 14:00:00,20.427720444444443
2019-01-07 15:00:00,58.37418311111116
2019-01-07 16:00:00,78.23743199999983
2019-01-07 17:00:00,77.3213537777777
2019-01-07 18:00:00,65.8495413333332
2019-01-07 19:00:00,48.198765333333164
2019-01-07 20:00:00,38.06890533333321
2019-01-07 21:00:00,40.08136888888877
2019-01-07 22:00:00,27.271180444444433
2019-01-07 23:00:00,20.02680044444443
2019-01-08 00:00:00,21.35652711111109
2019-01-08 01:00:00,25.020915111111094
2019-01-08 02:00:00,22.717049333333364
2019-01-08 03:00:00,6.790552888888909
2019-01-08 04:00:00,0.2227853333333333
2019-01-08 05:00:00,0.0
2019-01-08 06:00:00,0.0
2019-01-08 07:00:00,0.00034666666666666667
2019-01-08 08:00:00,0.0
2019-01-08 09:00:00,0.0
2019-01-08 10:00:00,0.0
2019-01-08 11:00:00,0.0
2019-01-08 12:00:00,0.0
2019-01-08 13:00:00,1.8857915555555524
2019-01-08 14:00:00,22.72930977777771
2019-01-08 15:00:00,66.36350355555554
2019-01-08 16:00:00,85.88419377777777
2019-01-08 17:00:00,80.72857288888893
2019-01-08 18:00:00,68.35445066666651
2019-01-08 19:00:00,50.15826977777761
2019-01-08 20:00:00,36.76914222222203
2019-01-08 21:00:00,33.86618444444436
2019-01-08 22:00:00,29.835699111111044
2019-01-08 23:00:00,13.357078222222214
2019-01-09 00:00:00,10.156432000000015
2019-01-09 01:00:00,5.857695999999986
2019-01-09 02:00:00,0.0
2019-01-09 03:00:00,0.0
2019-01-09 04:00:00,0.0
2019-01-09 05:00:00,0.0
2019-01-09 06:00:00,0.0
2019-01-09 07:00:00,0.0
2019-01-09 08:00:00,0.0
2019-01-09 09:00:00,0.0
2019-01-09 10:00:00,0.0
2019-01-09 11:00:00,0.0
2019-01-09 12:00:00,0.0
2019-01-09 13:00:00,1.3796986666666669
2019-01-09 14:00:00,23.893618666666658
2019-01-09 15:00:00,71.81106399999999
2019-01-09 16:00:00,82.62420400000005
2019-01-09 17:00:00,79.76973911111102
2019-01-09 18:00:00,62.81590177777775
2019-01-09 19:00:00,44.60462933333325
2019-01-09 20:00:00,33.42741999999994
2019-01-09 21:00:00,22.989402222222118
2019-01-09 22:00:00,10.29744444444433
2019-01-09 23:00:00,10.938182666666668
2019-01-10 00:00:00,14.74745999999993
2019-01-10 01:00:00,11.361341333333282
2019-01-10 02:00:00,3.7071088888888757
2019-01-10 03:00:00,3.3411097777777403
2019-01-10 04:00:00,3.3115333333332977
2019-01-10 05:00:00,0.6155124444444451
2019-01-10 06:00:00,0.0018026666666666666
2019-01-10 07:00:00,0.0
2019-01-10 08:00:00,0.00040444444444444447
2019-01-10 09:00:00,0.0
2019-01-10 10:00:00,0.0
2019-01-10 11:00:00,0.0
2019-01-10 12:00:00,0.0
2019-01-10 13:00:00,0.8206004444444421
2019-01-10 14:00:00,18.238410666666628
2019-01-10 15:00:00,53.36033733333328
2019-01-10 16:00:00,77.05966088888907
2019-01-10 17:00:00,76.97897422222238
2019-01-10 18:00:00,63.02096088888868
2019-01-10 19:00:00,54.956095999999846
2019-01-10 20:00:00,53.32981911111086
2019-01-10 21:00:00,43.72599688888875
2019-01-10 22:00:00,26.269683555555527
2019-01-10 23:00:00,25.71679066666653
2019-01-11 00:00:00,25.126717777777795
2019-01-11 01:00:00,15.784883111111107
2019-01-11 02:00:00,11.722568000000017
2019-01-11 03:00:00,12.330586666666647
2019-01-11 04:00:00,6.73040044444441
2019-01-11 05:00:00,0.12205555555555374
2019-01-11 06:00:00,0.055224000000000065
2019-01-11 07:00:00,0.0
2019-01-11 08:00:00,0.0
2019-01-11 09:00:00,0.0
2019-01-11 10:00:00,0.0
2019-01-11 11:00:00,0.0
2019-01-11 12:00:00,0.0
2019-01-11 13:00:00,5.7669617777777615
2019-01-11 14:00:00,22.404639111111088
2019-01-11 15:00:00,61.710560888889006
2019-01-11 16:00:00,70.46357644444436
2019-01-11 17:00:00,63.674352444444175
2019-01-11 18:00:00,56.6174324444445
2019-01-11 19:00:00,47.688298666666576
2019-01-11 20:00:00,38.73432044444429
2019-01-11 21:00:00,38.93067822222207
2019-01-11 22:00:00,26.792000444444398
2019-01-11 23:00:00,24.282798222222098
2019-01-12 00:00:00,31.129251111110925
2019-01-12 01:00:00,26.43614133333329
2019-01-12 02:00:00,17.146919111110996
2019-01-12 03:00:00,12.782888444444342
2019-01-12 04:00:00,4.342803111111138
2019-01-12 05:00:00,0.0
2019-01-12 06:00:00,0.0
2019-01-12 07:00:00,0.0
2019-01-12 08:00:00,0.0
2019-01-12 09:00:00,0.0
2019-01-12 10:00:00,0.0
2019-01-12 11:00:00,0.0
2019-01-12 12:00:00,0.0
2019-01-12 13:00:00,0.6528195555555537
2019-01-12 14:00:00,3.102880444444482
2019-01-12 15:00:00,3.0974840000000308
2019-01-12 16:00:00,3.0978711111111403
2019-01-12 17:00:00,1.440584888888886
2019-01-12 18:00:00,0.0
2019-01-12 19:00:00,0.0
2019-01-12 20:00:00,0.0
2019-01-12 21:00:00,1.3667968888888935
2019-01-12 22:00:00,3.091244000000029
2019-01-12 23:00:00,3.0917177777778
2019-01-13 00:00:00,1.1420644444444457
2019-01-13 01:00:00,0.0
2019-01-13 02:00:00,0.0
2019-01-13 03:00:00,0.0
2019-01-13 04:00:00,0.0
2019-01-13 05:00:00,0.0
2019-01-13 06:00:00,0.0
2019-01-13 07:00:00,0.0
2019-01-13 08:00:00,0.0
2019-01-13 09:00:00,0.0
2019-01-13 10:00:00,0.0
2019-01-13 11:00:00,0.0
2019-01-13 12:00:00,0.0
2019-01-13 13:00:00,0.0
2019-01-13 14:00:00,0.0
2019-01-13 15:00:00,1.631881333333342
2019-01-13 16:00:00,3.3038662222221884
2019-01-13 17:00:00,3.294344444444411
2019-01-13 18:00:00,3.3041493333333043
2019-01-13 19:00:00,3.295372888888862
2019-01-13 20:00:00,0.6401835555555553
2019-01-13 21:00:00,0.0
2019-01-13 22:00:00,0.0
2019-01-13 23:00:00,0.0
2019-01-14 00:00:00,0.0
2019-01-14 01:00:00,0.0
2019-01-14 02:00:00,0.0
2019-01-14 03:00:00,0.0
2019-01-14 04:00:00,0.0
2019-01-14 05:00:00,0.0
2019-01-14 06:00:00,0.0
2019-01-14 07:00:00,0.0
2019-01-14 08:00:00,0.0
2019-01-14 09:00:00,0.0
2019-01-14 10:00:00,0.0
2019-01-14 11:00:00,0.0
2019-01-14 12:00:00,0.0
2019-01-14 13:00:00,5.80131644444445
2019-01-14 14:00:00,33.156817777777725
2019-01-14 15:00:00,71.91856533333328
2019-01-14 16:00:00,80.14944888888883
2019-01-14 17:00:00,70.33117288888866
2019-01-14 18:00:00,61.785920444444
2019-01-14 19:00:00,57.962383555555526
2019-01-14 20:00:00,49.418558222222075
2019-01-14 21:00:00,53.36903288888878
2019-01-14 22:00:00,48.854323555555474
2019-01-14 23:00:00,36.85968577777766
2019-01-15 00:00:00,30.862785777777674
2019-01-15 01:00:00,15.318096444444434
2019-01-15 02:00:00,6.09244133333333
2019-01-15 03:00:00,1.4797293333333343
2019-01-15 04:00:00,0.0
2019-01-15 05:00:00,0.0
2019-01-15 06:00:00,0.0
2019-01-15 07:00:00,0.0
2019-01-15 08:00:00,2.920735999999995
2019-01-15 09:00:00,1.3443675555555819
2019-01-15 10:00:00,0.05039955555555568
2019-01-15 11:00:00,0.0
2019-01-15 12:00:00,0.0
2019-01-15 13:00:00,5.669282666666652
2019-01-15 14:00:00,23.812331111111117
2019-01-15 15:00:00,72.0165159999999
2019-01-15 16:00:00,84.00084044444444
2019-01-15 17:00:00,82.17446755555528
2019-01-15 18:00:00,69.47073466666636
2019-01-15 19:00:00,52.18747155555543
2019-01-15 20:00:00,48.45031822222201
2019-01-15 21:00:00,42.26308088888877
2019-01-15 22:00:00,29.703023999999996
2019-01-15 23:00:00,28.547578222222192
2019-01-16 00:00:00,27.478019111111085
2019-01-16 01:00:00,25.881636444444545
2019-01-16 02:00:00,9.215503555555529
2019-01-16 03:00:00,1.178429777777799
2019-01-16 04:00:00,0.006557777777777776
2019-01-16 05:00:00,0.0
2019-01-16 06:00:00,0.0
2019-01-16 07:00:00,0.0
2019-01-16 08:00:00,0.0
2019-01-16 09:00:00,0.0
2019-01-16 10:00:00,0.0
2019-01-16 11:00:00,0.0
2019-01-16 12:00:00,0.0
2019-01-16 13:00:00,1.5798293333333313
2019-01-16 14:00:00,15.447836444444413
2019-01-16 15:00:00,62.549615555555526
2019-01-16 16:00:00,74.65628444444458
2019-01-16 17:00:00,70.87762355555556
2019-01-16 18:00:00,76.88261244444429
2019-01-16 19:00:00,68.71171955555536
2019-01-16 20:00:00,69.5731804444443
2019-01-16 21:00:00,58.52156844444423
2019-01-16 22:00:00,44.380214666666596
2019-01-16 23:00:00,39.40060222222231
2019-01-17 00:00:00,25.176730222222314
2019-01-17 01:00:00,15.439909333333441
2019-01-17 02:00:00,13.809432
2019-01-17 03:00:00,0.3949457777777759
2019-01-17 04:00:00,0.0
2019-01-17 05:00:00,0.0
2019-01-17 06:00:00,0.0
2019-01-17 07:00:00,0.0
2019-01-17 08:00:00,0.0
2019-01-17 09:00:00,0.0
2019-01-17 10:00:00,0.0
2019-01-17 11:00:00,0.0
2019-01-17 12:00:00,0.0
2019-01-17 13:00:00,1.1397533333333334
2019-01-17 14:00:00,10.357885777777712
2019-01-17 15:00:00,46.78327911111104
2019-01-17 16:00:00,75.86830622222206
2019-01-17 17:00:00,77.80445111111116
2019-01-17 18:00:00,72.0750044444443
2019-01-17 19:00:00,52.150580444444266
2019-01-17 20:00:00,52.37979644444412
2019-01-17 21:00:00,45.47339911111083
2019-01-17 22:00:00,35.96819199999994
2019-01-17 23:00:00,23.959912888888844
2019-01-18 00:00:00,32.87219866666656
2019-01-18 01:00:00,25.759811999999886
2019-01-18 02:00:00,8.31620977777775
2019-01-18 03:00:00,0.05913555555555562
2019-01-18 04:00:00,0.0
2019-01-18 05:00:00,0.0
2019-01-18 06:00:00,0.0
2019-01-18 07:00:00,1.6308355555555507
2019-01-18 08:00:00,0.0816515555555557
2019-01-18 09:00:00,0.0
2019-01-18 10:00:00,0.0
2019-01-18 11:00:00,0.0
2019-01-18 12:00:00,0.0
2019-01-18 13:00:00,1.4390653333333312
2019-01-18 14:00:00,9.432493777777765
2019-01-18 15:00:00,19.384427111111084
2019-01-18 16:00:00,29.043866222222206
2019-01-18 17:00:00,42.615600444444375
2019-01-18 18:00:00,36.725179111111046
2019-01-18 19:00:00,30.196082222222145
2019-01-18 20:00:00,21.40327511111114
2019-01-18 21:00:00,9.296265333333292
2019-01-18 22:00:00,15.315028444444344
2019-01-18 23:00:00,13.53695777777771
2019-01-19 00:00:00,5.538566222222215
2019-01-19 01:00:00,0.44538577777777794
2019-01-19 02:00:00,0.0
2019-01-19 03:00:00,3.6896542222222637
2019-01-19 04:00:00,3.7483680000000454
2019-01-19 05:00:00,3.4116506666666964
2019-01-19 06:00:00,0.4435080000000005
2019-01-19 07:00:00,3.108271111111139
2019-01-19 08:00:00,3.0977151111111394
2019-01-19 09:00:00,3.1104435555555856
2019-01-19 10:00:00,2.438488000000017
2019-01-19 11:00:00,0.0
2019-01-19 12:00:00,0.0
2019-01-19 13:00:00,0.0
2019-01-19 14:00:00,0.0
2019-01-19 15:00:00,4.114315111111066
2019-01-19 16:00:00,6.485740444444338
2019-01-19 17:00:00,6.444897333333234
2019-01-19 18:00:00,6.450287999999905
2019-01-19 19:00:00,6.477310666666564
2019-01-19 20:00:00,0.29226888888888897
2019-01-19 21:00:00,1.5232071111111152
2019-01-19 22:00:00,5.994883555555497
2019-01-19 23:00:00,0.0
2019-01-20 00:00:00,0.845820444444444
2019-01-20 01:00:00,0.0
2019-01-20 02:00:00,0.0
2019-01-20 03:00:00,0.0
2019-01-20 04:00:00,1.229274222222224
2019-01-20 05:00:00,3.0962706666666975
2019-01-20 06:00:00,3.093774666666699
2019-01-20 07:00:00,3.082086222222253
2019-01-20 08:00:00,1.2800204444444399
2019-01-20 09:00:00,0.0
2019-01-20 10:00:00,0.0
2019-01-20 11:00:00,0.0
2019-01-20 12:00:00,0.0
2019-01-20 13:00:00,0.0
2019-01-20 14:00:00,0.0
2019-01-20 15:00:00,0.0
2019-01-20 16:00:00,0.0
2019-01-20 17:00:00,0.0
2019-01-20 18:00:00,0.0
2019-01-20 19:00:00,0.0
2019-01-20 20:00:00,0.0
2019-01-20 21:00:00,0.0
2019-01-20 22:00:00,0.0
2019-01-20 23:00:00,0.0
2019-01-21 00:00:00,0.0
2019-01-21 01:00:00,0.0
2019-01-21 02:00:00,0.0
2019-01-21 03:00:00,0.0
2019-01-21 04:00:00,0.0
2019-01-21 05:00:00,0.0
2019-01-21 06:00:00,0.0
2019-01-21 07:00:00,0.0
2019-01-21 08:00:00,0.0
2019-01-21 09:00:00,0.0
2019-01-21 10:00:00,0.0
2019-01-21 11:00:00,0.0
2019-01-21 12:00:00,0.0
2019-01-21 13:00:00,0.0
2019-01-21 14:00:00,0.0
2019-01-21 15:00:00,2.237438666666671
2019-01-21 16:00:00,3.3032479999999644
2019-01-21 17:00:00,6.016879555555518
2019-01-21 18:00:00,14.822426666666683
2019-01-21 19:00:00,16.80986088888886
2019-01-21 20:00:00,9.65093999999995
2019-01-21 21:00:00,6.605791111111056
2019-01-21 22:00:00,0.0
2019-01-21 23:00:00,0.0
2019-01-22 00:00:00,0.0
2019-01-22 01:00:00,0.0
2019-01-22 02:00:00,0.0
2019-01-22 03:00:00,0.0
2019-01-22 04:00:00,0.0
2019-01-22 05:00:00,0.0
2019-01-22 06:00:00,0.0
2019-01-22 07:00:00,0.0
2019-01-22 08:00:00,0.0
2019-01-22 09:00:00,0.0
2019-01-22 10:00:00,0.0
2019-01-22 11:00:00,0.0
2019-01-22 12:00:00,0.0
2019-01-22 13:00:00,6.780840444444447
2019-01-22 14:00:00,33.19961955555557
2019-01-22 15:00:00,69.94732044444429
2019-01-22 16:00:00,89.30735955555544
2019-01-22 17:00:00,82.50195199999973
2019-01-22 18:00:00,60.68066044444425
2019-01-22 19:00:00,51.756195111110856
2019-01-22 20:00:00,49.03360799999977
2019-01-22 21:00:00,30.997049777777654
2019-01-22 22:00:00,17.031207555555465
2019-01-22 23:00:00,11.3162515555555
2019-01-23 00:00:00,20.185036444444435
2019-01-23 01:00:00,17.541622222222223
2019-01-23 02:00:00,2.985666666666665
2019-01-23 03:00:00,0.0
2019-01-23 04:00:00,0.06860533333333331
2019-01-23 05:00:00,0.0
2019-01-23 06:00:00,0.0
2019-01-23 07:00:00,0.0
2019-01-23 08:00:00,0.0
2019-01-23 09:00:00,0.0
2019-01-23 10:00:00,0.0
2019-01-23 11:00:00,0.0
2019-01-23 12:00:00,0.0
2019-01-23 13:00:00,2.299925333333328
2019-01-23 14:00:00,25.83110977777776
2019-01-23 15:00:00,65.36050444444444
2019-01-23 16:00:00,81.63751555555537
2019-01-23 17:00:00,70.22240044444418
2019-01-23 18:00:00,58.550382222222005
2019-01-23 19:00:00,47.60742711111101
2019-01-23 20:00:00,42.14788933333317
2019-01-23 21:00:00,32.04686622222207
2019-01-23 22:00:00,27.80546888888885
2019-01-23 23:00:00,23.30891911111114
2019-01-24 00:00:00,18.558551555555567
2019-01-24 01:00:00,12.180144888888849
2019-01-24 02:00:00,6.648667999999958
2019-01-24 03:00:00,3.4333231111111266
2019-01-24 04:00:00,3.1060986666666963
2019-01-24 05:00:00,3.1156666666666957
2019-01-24 06:00:00,2.2795644444444645
2019-01-24 07:00:00,0.0
2019-01-24 08:00:00,0.0
2019-01-24 09:00:00,0.0
2019-01-24 10:00:00,0.0
2019-01-24 11:00:00,0.0
2019-01-24 12:00:00,0.0
2019-01-24 13:00:00,1.1944226666666653
2019-01-24 14:00:00,20.17688400000002
2019-01-24 15:00:00,64.01992711111109
2019-01-24 16:00:00,85.60936222222207
2019-01-24 17:00:00,73.58357644444418
2019-01-24 18:00:00,57.38963822222192
2019-01-24 19:00:00,43.777707999999734
2019-01-24 20:00:00,33.82220977777767
2019-01-24 21:00:00,26.63863511111103
2019-01-24 22:00:00,25.36382622222228
2019-01-24 23:00:00,27.497888888888845
2019-01-25 00:00:00,35.19840711111113
2019-01-25 01:00:00,30.269402222222208
2019-01-25 02:00:00,8.216543111111118
2019-01-25 03:00:00,3.9054137777777966
2019-01-25 04:00:00,0.0
2019-01-25 05:00:00,0.0
2019-01-25 06:00:00,0.0
2019-01-25 07:00:00,0.0
2019-01-25 08:00:00,0.0
2019-01-25 09:00:00,0.0
2019-01-25 10:00:00,0.0
2019-01-25 11:00:00,0.0
2019-01-25 12:00:00,0.0
2019-01-25 13:00:00,2.6827435555555534
2019-01-25 14:00:00,26.00875333333331
2019-01-25 15:00:00,68.77147911111119
2019-01-25 16:00:00,77.74376711111093
2019-01-25 17:00:00,71.447110222222
2019-01-25 18:00:00,61.40599688888875
2019-01-25 19:00:00,44.86409777777768
2019-01-25 20:00:00,41.109923111110916
2019-01-25 21:00:00,44.938457777777586
2019-01-25 22:00:00,38.19805599999991
2019-01-25 23:00:00,29.116989777777697
2019-01-26 00:00:00,15.745842666666636
2019-01-26 01:00:00,14.372603555555587
2019-01-26 02:00:00,7.524966222222257
2019-01-26 03:00:00,6.26917777777781
2019-01-26 04:00:00,1.4225986666666697
2019-01-26 05:00:00,0.0
2019-01-26 06:00:00,0.0
2019-01-26 07:00:00,0.0
2019-01-26 08:00:00,0.0
2019-01-26 09:00:00,0.0
2019-01-26 10:00:00,0.0
2019-01-26 11:00:00,0.0
2019-01-26 12:00:00,0.0
2019-01-26 13:00:00,0.0
2019-01-26 14:00:00,0.08601955555555554
2019-01-26 15:00:00,3.2944311111111007
2019-01-26 16:00:00,3.2918657777777676
2019-01-26 17:00:00,3.2229542222222145
2019-01-26 18:00:00,3.26959822222222
2019-01-26 19:00:00,2.281292000000023
2019-01-26 20:00:00,3.1112177777778163
2019-01-26 21:00:00,3.1186537777778107
2019-01-26 22:00:00,3.0897071111111405
2019-01-26 23:00:00,4.836496888888915
2019-01-27 00:00:00,6.274603111111148
2019-01-27 01:00:00,6.269154666666704
2019-01-27 02:00:00,1.6293853333333392
2019-01-27 03:00:00,0.0
2019-01-27 04:00:00,0.0
2019-01-27 05:00:00,0.0
2019-01-27 06:00:00,0.0
2019-01-27 07:00:00,0.0
2019-01-27 08:00:00,0.0
2019-01-27 09:00:00,0.0
2019-01-27 10:00:00,0.0
2019-01-27 11:00:00,0.0
2019-01-27 12:00:00,0.0
2019-01-27 13:00:00,0.0
2019-01-27 14:00:00,0.0
2019-01-27 15:00:00,2.201963111111115
2019-01-27 16:00:00,3.3089391111110764
2019-01-27 17:00:00,3.3137866666666294
2019-01-27 18:00:00,3.3107879999999623
2019-01-27 19:00:00,3.2912879999999665
2019-01-27 20:00:00,0.2967928888888886
2019-01-27 21:00:00,4.004161777777769
2019-01-27 22:00:00,6.491500888888791
2019-01-27 23:00:00,6.513248444444338
2019-01-28 00:00:00,6.49571866666656
2019-01-28 01:00:00,6.301359999999886
2019-01-28 02:00:00,0.0
2019-01-28 03:00:00,0.0
2019-01-28 04:00:00,0.0
2019-01-28 05:00:00,0.0
2019-01-28 06:00:00,0.0
2019-01-28 07:00:00,0.0
2019-01-28 08:00:00,0.0
2019-01-28 09:00:00,0.0
2019-01-28 10:00:00,0.0
2019-01-28 11:00:00,0.0
2019-01-28 12:00:00,0.0
2019-01-28 13:00:00,1.175731555555554
2019-01-28 14:00:00,21.350691555555574
2019-01-28 15:00:00,62.21459111111125
2019-01-28 16:00:00,68.83246355555552
2019-01-28 17:00:00,72.52322711111098
2019-01-28 18:00:00,71.38698666666627
2019-01-28 19:00:00,63.06721777777744
2019-01-28 20:00:00,58.70180044444429
2019-01-28 21:00:00,50.13315377777759
2019-01-28 22:00:00,39.40989288888881
2019-01-28 23:00:00,22.74270266666658
2019-01-29 00:00:00,16.87705644444441
2019-01-29 01:00:00,10.435325333333317
2019-01-29 02:00:00,0.07850266666666664
2019-01-29 03:00:00,0.006055111111111111
2019-01-29 04:00:00,0.0
2019-01-29 05:00:00,0.0
2019-01-29 06:00:00,0.0
2019-01-29 07:00:00,0.0
2019-01-29 08:00:00,0.0
2019-01-29 09:00:00,0.0
2019-01-29 10:00:00,0.0
2019-01-29 11:00:00,0.0
2019-01-29 12:00:00,0.0
2019-01-29 13:00:00,2.8006333333333355
2019-01-29 14:00:00,21.66645866666663
2019-01-29 15:00:00,63.312322666666724
2019-01-29 16:00:00,82.94303911111085
2019-01-29 17:00:00,77.04369688888852
2019-01-29 18:00:00,66.02575199999974
2019-01-29 19:00:00,63.48818088888867
2019-01-29 20:00:00,56.0711204444441
2019-01-29 21:00:00,42.97301377777775
2019-01-29 22:00:00,31.407023555555533
2019-01-29 23:00:00,23.678823999999945
2019-01-30 00:00:00,33.405129333333264
2019-01-30 01:00:00,28.439631999999982
2019-01-30 02:00:00,5.129170222222223
2019-01-30 03:00:00,0.0
2019-01-30 04:00:00,0.0
2019-01-30 05:00:00,0.0
2019-01-30 06:00:00,0.0
2019-01-30 07:00:00,0.0
2019-01-30 08:00:00,0.0
2019-01-30 09:00:00,0.0
2019-01-30 10:00:00,0.0
2019-01-30 11:00:00,0.0
2019-01-30 12:00:00,0.0
2019-01-30 13:00:00,1.2820946666666648
2019-01-30 14:00:00,21.218183999999972
2019-01-30 15:00:00,63.79611333333334
2019-01-30 16:00:00,74.47905111111127
2019-01-30 17:00:00,64.37935111111098
2019-01-30 18:00:00,54.79086311111099
2019-01-30 19:00:00,38.60656222222214
2019-01-30 20:00:00,29.836531111111103
2019-01-30 21:00:00,34.138959111110935
2019-01-30 22:00:00,22.890833333333266
2019-01-30 23:00:00,18.2152128888889
2019-01-31 00:00:00,14.186056444444397
2019-01-31 01:00:00,11.880156888888868
2019-01-31 02:00:00,0.0
2019-01-31 03:00:00,0.0
2019-01-31 04:00:00,0.0
2019-01-31 05:00:00,0.0
2019-01-31 06:00:00,0.0
2019-01-31 07:00:00,0.0
2019-01-31 08:00:00,0.0
2019-01-31 09:00:00,0.0
2019-01-31 10:00:00,0.0
2019-01-31 11:00:00,0.0
2019-01-31 12:00:00,0.0
2019-01-31 13:00:00,3.152615555555554
2019-01-31 14:00:00,31.557638666666687
2019-01-31 15:00:00,67.92762888888875
2019-01-31 16:00:00,88.76122666666649
2019-01-31 17:00:00,81.30872533333327
2019-01-31 18:00:00,75.71004711111098
2019-01-31 19:00:00,65.95363955555536
2019-01-31 20:00:00,53.260676444444364
2019-01-31 21:00:00,50.58647244444437
2019-01-31 22:00:00,47.77571066666665
2019-01-31 23:00:00,35.45436844444435
2019-02-01 00:00:00,30.415343111111078
2019-02-01 01:00:00,16.87932133333337
2019-02-01 02:00:00,10.537158666666734
2019-02-01 03:00:00,3.1056248888889226
2019-02-01 04:00:00,5.54007422222225
2019-02-01 05:00:00,4.954144000000006
2019-02-01 06:00:00,0.0
2019-02-01 07:00:00,1.3804208888888896
2019-02-01 08:00:00,3.0992057777778013
2019-02-01 09:00:00,3.0968195555555855
2019-02-01 10:00:00,3.105648000000026
2019-02-01 11:00:00,1.8123906666666725
2019-02-01 12:00:00,0.0
2019-02-01 13:00:00,0.8542617777777753
2019-02-01 14:00:00,5.612030666666689
2019-02-01 15:00:00,14.484987111111105
2019-02-01 16:00:00,27.212345333333335
2019-02-01 17:00:00,41.50410044444446
2019-02-01 18:00:00,44.85434488888889
2019-02-01 19:00:00,34.25441644444439
2019-02-01 20:00:00,28.150633333333303
2019-02-01 21:00:00,22.37004755555554
2019-02-01 22:00:00,3.9974653333333316
2019-02-01 23:00:00,1.2947306666666665
2019-02-02 00:00:00,4.909002222222227
2019-02-02 01:00:00,0.0015484444444444445
2019-02-02 02:00:00,0.0
2019-02-02 03:00:00,0.0
2019-02-02 04:00:00,0.0
2019-02-02 05:00:00,0.0
2019-02-02 06:00:00,0.0
2019-02-02 07:00:00,0.0
2019-02-02 08:00:00,0.0
2019-02-02 09:00:00,0.0
2019-02-02 10:00:00,0.0
2019-02-02 11:00:00,0.0
2019-02-02 12:00:00,0.0
2019-02-02 13:00:00,0.0
2019-02-02 14:00:00,0.0
2019-02-02 15:00:00,0.0
2019-02-02 16:00:00,0.0
2019-02-02 17:00:00,0.0
2019-02-02 18:00:00,0.0
2019-02-02 19:00:00,1.0045128888888901
2019-02-02 20:00:00,5.924931999999946
2019-02-02 21:00:00,5.901820888888831
2019-02-02 22:00:00,0.30355866666666637
2019-02-02 23:00:00,9.244444444444443e-05
2019-02-03 00:00:00,0.0
2019-02-03 01:00:00,0.0
2019-02-03 02:00:00,0.0
2019-02-03 03:00:00,0.0
2019-02-03 04:00:00,0.0
2019-02-03 05:00:00,0.0
2019-02-03 06:00:00,0.0
2019-02-03 07:00:00,0.0
2019-02-03 08:00:00,0.0
2019-02-03 09:00:00,0.0
2019-02-03 10:00:00,0.0
2019-02-03 11:00:00,0.0
2019-02-03 12:00:00,0.0
2019-02-03 13:00:00,0.0
2019-02-03 14:00:00,0.0
2019-02-03 15:00:00,0.0
2019-02-03 16:00:00,0.0
2019-02-03 17:00:00,0.0
2019-02-03 18:00:00,0.0
2019-02-03 19:00:00,0.0
2019-02-03 20:00:00,0.0
2019-02-03 21:00:00,0.0
2019-02-03 22:00:00,0.0
2019-02-03 23:00:00,0.0
2019-02-04 00:00:00,0.0
2019-02-04 01:00:00,0.0
2019-02-04 02:00:00,0.0
2019-02-04 03:00:00,0.0
2019-02-04 04:00:00,0.0
2019-02-04 05:00:00,0.0
2019-02-04 06:00:00,0.0
2019-02-04 07:00:00,0.0
2019-02-04 08:00:00,0.0
2019-02-04 09:00:00,0.0
2019-02-04 10:00:00,0.0
2019-02-04 11:00:00,0.0
2019-02-04 12:00:00,0.0
2019-02-04 13:00:00,0.4894817777777779
2019-02-04 14:00:00,23.612564444444484
2019-02-04 15:00:00,60.086254222222166
2019-02-04 16:00:00,85.2007288888886
2019-02-04 17:00:00,85.41530399999976
2019-02-04 18:00:00,82.32672355555533
2019-02-04 19:00:00,78.35520622222184
2019-02-04 20:00:00,62.153768444444225
2019-02-04 21:00:00,44.54584622222212
2019-02-04 22:00:00,33.9840164444446
2019-02-04 23:00:00,33.73471111111109
2019-02-05 00:00:00,33.74423866666659
2019-02-05 01:00:00,17.272112
2019-02-05 02:00:00,4.91735688888892
2019-02-05 03:00:00,3.173519555555534
2019-02-05 04:00:00,0.06963377777777789
2019-02-05 05:00:00,0.0
2019-02-05 06:00:00,0.0
2019-02-05 07:00:00,0.0
2019-02-05 08:00:00,0.0
2019-02-05 09:00:00,0.0
2019-02-05 10:00:00,0.0
2019-02-05 11:00:00,0.0
2019-02-05 12:00:00,0.0
2019-02-05 13:00:00,6.864213777777733
2019-02-05 14:00:00,24.25840444444447
2019-02-05 15:00:00,63.45678444444428
2019-02-05 16:00:00,77.3515888888887
2019-02-05 17:00:00,76.70162933333313
2019-02-05 18:00:00,75.9302324444443
2019-02-05 19:00:00,73.22195111111087
2019-02-05 20:00:00,54.47663866666637
2019-02-05 21:00:00,35.0492248888888
2019-02-05 22:00:00,20.50458222222208
2019-02-05 23:00:00,21.211585777777813
2019-02-06 00:00:00,19.31839288888898
2019-02-06 01:00:00,8.793304000000031
2019-02-06 02:00:00,3.8854631111111133
2019-02-06 03:00:00,1.5682275555555554
2019-02-06 04:00:00,0.0
2019-02-06 05:00:00,0.0
2019-02-06 06:00:00,0.0
2019-02-06 07:00:00,0.0
2019-02-06 08:00:00,0.0
2019-02-06 09:00:00,0.0
2019-02-06 10:00:00,0.0
2019-02-06 11:00:00,0.0
2019-02-06 12:00:00,0.0
2019-02-06 13:00:00,0.646764444444443
2019-02-06 14:00:00,13.141723111111121
2019-02-06 15:00:00,59.42837911111112
2019-02-06 16:00:00,82.15081333333326
2019-02-06 17:00:00,75.63670977777775
2019-02-06 18:00:00,75.33600533333293
2019-02-06 19:00:00,65.53302888888877
2019-02-06 20:00:00,74.6754839999998
2019-02-06 21:00:00,70.5012822222221
2019-02-06 22:00:00,34.083769777777725
2019-02-06 23:00:00,21.765611111111053
2019-02-07 00:00:00,14.398672888888852
2019-02-07 01:00:00,10.897252888888872
2019-02-07 02:00:00,0.0
2019-02-07 03:00:00,0.0
2019-02-07 04:00:00,0.0
2019-02-07 05:00:00,0.0
2019-02-07 06:00:00,0.0
2019-02-07 07:00:00,0.0
2019-02-07 08:00:00,0.0
2019-02-07 09:00:00,0.0
2019-02-07 10:00:00,0.0
2019-02-07 11:00:00,0.0
2019-02-07 12:00:00,0.0
2019-02-07 13:00:00,4.6014684444444445
2019-02-07 14:00:00,23.082603555555544
2019-02-07 15:00:00,72.69916044444436
2019-02-07 16:00:00,94.15908666666648
2019-02-07 17:00:00,94.81538444444442
2019-02-07 18:00:00,82.87861111111093
2019-02-07 19:00:00,73.80268711111079
2019-02-07 20:00:00,51.57073422222208
2019-02-07 21:00:00,25.338912444444365
2019-02-07 22:00:00,22.40074488888875
2019-02-07 23:00:00,24.379431555555485
2019-02-08 00:00:00,21.003643555555456
2019-02-08 01:00:00,22.15737911111106
2019-02-08 02:00:00,7.856107999999971
2019-02-08 03:00:00,0.0
2019-02-08 04:00:00,0.0
2019-02-08 05:00:00,0.0
2019-02-08 06:00:00,0.0
2019-02-08 07:00:00,0.0
2019-02-08 08:00:00,0.0
2019-02-08 09:00:00,0.0
2019-02-08 10:00:00,0.0
2019-02-08 11:00:00,0.0
2019-02-08 12:00:00,0.0
2019-02-08 13:00:00,6.1914031111110885
2019-02-08 14:00:00,29.418722666666664
2019-02-08 15:00:00,75.70023066666654
2019-02-08 16:00:00,92.50689644444437
2019-02-08 17:00:00,86.99166666666655
2019-02-08 18:00:00,84.7433311111109
2019-02-08 19:00:00,86.57183022222196
2019-02-08 20:00:00,98.21274666666646
2019-02-08 21:00:00,82.04240488888865
2019-02-08 22:00:00,68.0583684444442
2019-02-08 23:00:00,53.728988444444305
2019-02-09 00:00:00,24.47146577777782
2019-02-09 01:00:00,9.649333777777741
2019-02-09 02:00:00,1.6069617777777745
2019-02-09 03:00:00,0.0
2019-02-09 04:00:00,0.0
2019-02-09 05:00:00,5.2000000000000004e-05
2019-02-09 06:00:00,0.0
2019-02-09 07:00:00,0.0
2019-02-09 08:00:00,0.0
2019-02-09 09:00:00,0.0
2019-02-09 10:00:00,0.0
2019-02-09 11:00:00,0.0
2019-02-09 12:00:00,0.0
2019-02-09 13:00:00,0.7734479999999995
2019-02-09 14:00:00,3.089892000000028
2019-02-09 15:00:00,3.0824964444444722
2019-02-09 16:00:00,3.0770595555555817
2019-02-09 17:00:00,2.570562222222221
2019-02-09 18:00:00,7.282912000000041
2019-02-09 19:00:00,6.2701773333333755
2019-02-09 20:00:00,6.26589022222226
2019-02-09 21:00:00,6.275319555555588
2019-02-09 22:00:00,6.273262666666704
2019-02-09 23:00:00,3.544348888888894
2019-02-10 00:00:00,0.17409600000000083
2019-02-10 01:00:00,0.0
2019-02-10 02:00:00,2.747281333333355
2019-02-10 03:00:00,3.117891111111146
2019-02-10 04:00:00,3.1029035555555877
2019-02-10 05:00:00,0.5487617777777778
2019-02-10 06:00:00,0.0
2019-02-10 07:00:00,0.0
2019-02-10 08:00:00,0.0
2019-02-10 09:00:00,0.0
2019-02-10 10:00:00,0.0
2019-02-10 11:00:00,0.0
2019-02-10 12:00:00,0.0
2019-02-10 13:00:00,0.0
2019-02-10 14:00:00,0.0
2019-02-10 15:00:00,0.0
2019-02-10 16:00:00,0.0
2019-02-10 17:00:00,0.0
2019-02-10 18:00:00,0.0
2019-02-10 19:00:00,0.0
2019-02-10 20:00:00,0.0
2019-02-10 21:00:00,0.0
2019-02-10 22:00:00,0.0
2019-02-10 23:00:00,4.722559111111111
2019-02-11 00:00:00,4.526224444444455
2019-02-11 01:00:00,0.0
2019-02-11 02:00:00,0.0
2019-02-11 03:00:00,0.017379555555555554
2019-02-11 04:00:00,0.0
2019-02-11 05:00:00,0.0
2019-02-11 06:00:00,0.0
2019-02-11 07:00:00,0.0
2019-02-11 08:00:00,0.0
2019-02-11 09:00:00,0.0
2019-02-11 10:00:00,0.0
2019-02-11 11:00:00,0.0
2019-02-11 12:00:00,0.0
2019-02-11 13:00:00,2.3264568888888872
2019-02-11 14:00:00,27.61381422222222
2019-02-11 15:00:00,68.82566888888881
2019-02-11 16:00:00,86.08872133333321
2019-02-11 17:00:00,83.74905644444415
2019-02-11 18:00:00,83.50643599999954
2019-02-11 19:00:00,63.98014711111107
2019-02-11 20:00:00,44.92771111111117
2019-02-11 21:00:00,38.82851555555527
2019-02-11 22:00:00,21.736259999999962
2019-02-11 23:00:00,17.71629022222212
2019-02-12 00:00:00,30.993421333333266
2019-02-12 01:00:00,25.52009777777778
2019-02-12 02:00:00,7.443453333333341
2019-02-12 03:00:00,4.011395555555537
2019-02-12 04:00:00,2.223225333333342
2019-02-12 05:00:00,3.284036888888859
2019-02-12 06:00:00,0.18020311111111098
2019-02-12 07:00:00,0.0
2019-02-12 08:00:00,0.0
2019-02-12 09:00:00,0.0
2019-02-12 10:00:00,0.0
2019-02-12 11:00:00,0.0
2019-02-12 12:00:00,0.0
2019-02-12 13:00:00,8.33021511111114
2019-02-12 14:00:00,26.245532444444358
2019-02-12 15:00:00,73.84437955555542
2019-02-12 16:00:00,85.5956746666664
2019-02-12 17:00:00,79.59544088888873
2019-02-12 18:00:00,60.33385511111098
2019-02-12 19:00:00,57.77450177777764
2019-02-12 20:00:00,50.145367999999934
2019-02-12 21:00:00,39.3148253333333
2019-02-12 22:00:00,21.17271866666656
2019-02-12 23:00:00,5.943299555555536
2019-02-13 00:00:00,13.591528888888881
2019-02-13 01:00:00,16.588363999999974
2019-02-13 02:00:00,8.865797777777775
2019-02-13 03:00:00,3.5068684444444163
2019-02-13 04:00:00,0.0
2019-02-13 05:00:00,0.0
2019-02-13 06:00:00,0.0
2019-02-13 07:00:00,0.0
2019-02-13 08:00:00,0.0
2019-02-13 09:00:00,0.0
2019-02-13 10:00:00,0.0
2019-02-13 11:00:00,0.0
2019-02-13 12:00:00,0.0
2019-02-13 13:00:00,2.2721573333333334
2019-02-13 14:00:00,22.468766666666685
2019-02-13 15:00:00,74.61626755555542
2019-02-13 16:00:00,77.65871244444443
2019-02-13 17:00:00,77.29650933333299
2019-02-13 18:00:00,84.45458088888843
2019-02-13 19:00:00,69.08663955555521
2019-02-13 20:00:00,42.84753199999991
2019-02-13 21:00:00,25.535414666666597
2019-02-13 22:00:00,17.90566844444438
2019-02-13 23:00:00,20.419567999999906
2019-02-14 00:00:00,16.404913777777715
2019-02-14 01:00:00,10.939182222222202
2019-02-14 02:00:00,0.2093000000000001
2019-02-14 03:00:00,2.0062986666666847
2019-02-14 04:00:00,3.285695111111081
2019-02-14 05:00:00,0.48217288888887966
2019-02-14 06:00:00,0.06196088888888907
2019-02-14 07:00:00,0.0
2019-02-14 08:00:00,0.0
2019-02-14 09:00:00,0.0
2019-02-14 10:00:00,0.0
2019-02-14 11:00:00,0.0
2019-02-14 12:00:00,0.0
2019-02-14 13:00:00,1.478608444444445
2019-02-14 14:00:00,23.567543999999973
2019-02-14 15:00:00,67.28661333333326
2019-02-14 16:00:00,51.455987555555595
2019-02-14 17:00:00,80.75585555555529
2019-02-14 18:00:00,79.61147999999974
2019-02-14 19:00:00,60.11099466666662
2019-02-14 20:00:00,30.670882666666593
2019-02-14 21:00:00,20.77446799999993
2019-02-14 22:00:00,0.0
2019-02-14 23:00:00,19.102419555555546
2019-02-15 00:00:00,27.488904444444387
2019-02-15 01:00:00,16.04348488888885
2019-02-15 02:00:00,0.1281337777777778
2019-02-15 03:00:00,0.0
2019-02-15 04:00:00,2.028693333333331
2019-02-15 05:00:00,3.2580368888888604
2019-02-15 06:00:00,0.508276888888877
2019-02-15 07:00:00,0.015588444444444466
2019-02-15 08:00:00,0.0
2019-02-15 09:00:00,0.0
2019-02-15 10:00:00,0.0
2019-02-15 11:00:00,0.0
2019-02-15 12:00:00,0.0
2019-02-15 13:00:00,0.8546373333333318
2019-02-15 14:00:00,10.05674800000003
2019-02-15 15:00:00,23.249725777777833
2019-02-15 16:00:00,27.221416444444444
2019-02-15 17:00:00,26.66070044444438
2019-02-15 18:00:00,28.10494844444448
2019-02-15 19:00:00,29.65977155555551
2019-02-15 20:00:00,29.885399555555516
2019-02-15 21:00:00,21.392054666666652
2019-02-15 22:00:00,18.37895511111105
2019-02-15 23:00:00,20.434382222222133
2019-02-16 00:00:00,16.29534977777776
2019-02-16 01:00:00,8.878225777777756
2019-02-16 02:00:00,6.446451555555516
2019-02-16 03:00:00,0.7819413333333329
2019-02-16 04:00:00,0.0
2019-02-16 05:00:00,0.0
2019-02-16 06:00:00,0.0
2019-02-16 07:00:00,0.0
2019-02-16 08:00:00,0.0
2019-02-16 09:00:00,0.0
2019-02-16 10:00:00,0.0
2019-02-16 11:00:00,0.0
2019-02-16 12:00:00,0.0
2019-02-16 13:00:00,0.0
2019-02-16 14:00:00,0.0
2019-02-16 15:00:00,0.0
2019-02-16 16:00:00,0.0
2019-02-16 17:00:00,0.0
2019-02-16 18:00:00,0.0
2019-02-16 19:00:00,0.0
2019-02-16 20:00:00,0.0
2019-02-16 21:00:00,0.0
2019-02-16 22:00:00,0.0
2019-02-16 23:00:00,0.0
2019-02-17 00:00:00,0.0
2019-02-17 01:00:00,0.0
2019-02-17 02:00:00,0.0
2019-02-17 03:00:00,0.0
2019-02-17 04:00:00,0.0
2019-02-17 05:00:00,0.0
2019-02-17 06:00:00,0.0
2019-02-17 07:00:00,0.0
2019-02-17 08:00:00,0.0
2019-02-17 09:00:00,0.0
2019-02-17 10:00:00,0.0
2019-02-17 11:00:00,0.0
2019-02-17 12:00:00,0.0
2019-02-17 13:00:00,0.0
2019-02-17 14:00:00,0.0
2019-02-17 15:00:00,0.0
2019-02-17 16:00:00,0.0
2019-02-17 17:00:00,0.0
2019-02-17 18:00:00,0.0
2019-02-17 19:00:00,0.0
2019-02-17 20:00:00,0.0
2019-02-17 21:00:00,4.011112444444415
2019-02-17 22:00:00,0.01963866666666667
2019-02-17 23:00:00,0.0
2019-02-18 00:00:00,0.0
2019-02-18 01:00:00,0.0
2019-02-18 02:00:00,0.0
2019-02-18 03:00:00,0.0
2019-02-18 04:00:00,0.0
2019-02-18 05:00:00,0.0
2019-02-18 06:00:00,0.0
2019-02-18 07:00:00,0.0
2019-02-18 08:00:00,0.0
2019-02-18 09:00:00,0.0
2019-02-18 10:00:00,0.0
2019-02-18 11:00:00,0.0
2019-02-18 12:00:00,0.0
2019-02-18 13:00:00,0.0
2019-02-18 14:00:00,0.0
2019-02-18 15:00:00,0.0
2019-02-18 16:00:00,0.0
2019-02-18 17:00:00,1.7786600000000021
2019-02-18 18:00:00,4.6853560000000085
2019-02-18 19:00:00,6.047340000000044
2019-02-18 20:00:00,0.9898315555555569
2019-02-18 21:00:00,0.9689795555555561
2019-02-18 22:00:00,4.903495999999978
2019-02-18 23:00:00,2.194492444444444
2019-02-19 00:00:00,7.865693333333334
2019-02-19 01:00:00,9.572581777777744
2019-02-19 02:00:00,3.016912888888875
2019-02-19 03:00:00,0.0
2019-02-19 04:00:00,0.0
2019-02-19 05:00:00,0.0
2019-02-19 06:00:00,0.0
2019-02-19 07:00:00,0.0
2019-02-19 08:00:00,0.0
2019-02-19 09:00:00,0.0
2019-02-19 10:00:00,0.0
2019-02-19 11:00:00,0.0
2019-02-19 12:00:00,0.0
2019-02-19 13:00:00,1.8703302222222224
2019-02-19 14:00:00,28.699747555555515
2019-02-19 15:00:00,71.60274622222208
2019-02-19 16:00:00,85.83170266666664
2019-02-19 17:00:00,86.03666355555556
2019-02-19 18:00:00,60.94287333333318
2019-02-19 19:00:00,35.62639599999999
2019-02-19 20:00:00,47.57102133333306
2019-02-19 21:00:00,31.00546222222221
2019-02-19 22:00:00,18.27290399999997
2019-02-19 23:00:00,12.817583999999975
2019-02-20 00:00:00,20.86393688888883
2019-02-20 01:00:00,18.55979377777782
2019-02-20 02:00:00,7.660287555555538
2019-02-20 03:00:00,2.1254537777777704
2019-02-20 04:00:00,6.564139111111066
2019-02-20 05:00:00,6.423704444444441
2019-02-20 06:00:00,6.354688888888879
2019-02-20 07:00:00,6.49027022222218
2019-02-20 08:00:00,6.533742222222189
2019-02-20 09:00:00,6.42936666666664
2019-02-20 10:00:00,0.27467555555555595
2019-02-20 11:00:00,0.0
2019-02-20 12:00:00,0.0
2019-02-20 13:00:00,1.1092004444444439
2019-02-20 14:00:00,19.829304444444446
2019-02-20 15:00:00,64.36160177777772
2019-02-20 16:00:00,76.48120711111093
2019-02-20 17:00:00,88.13953199999968
2019-02-20 18:00:00,92.04455866666612
2019-02-20 19:00:00,86.84188933333276
2019-02-20 20:00:00,59.27517555555541
2019-02-20 21:00:00,49.77968088888876
2019-02-20 22:00:00,51.98164977777776
2019-02-20 23:00:00,57.708958666666476
2019-02-21 00:00:00,45.567443999999796
2019-02-21 01:00:00,14.116255111111165
2019-02-21 02:00:00,10.505375111111073
2019-02-21 03:00:00,2.8608031111111343
2019-02-21 04:00:00,0.22603822222222225
2019-02-21 05:00:00,0.0
2019-02-21 06:00:00,0.0
2019-02-21 07:00:00,0.0
2019-02-21 08:00:00,0.0
2019-02-21 09:00:00,0.0
2019-02-21 10:00:00,0.0
2019-02-21 11:00:00,0.0
2019-02-21 12:00:00,0.0
2019-02-21 13:00:00,1.0530751111111107
2019-02-21 14:00:00,13.912108888888893
2019-02-21 15:00:00,40.71145866666656
2019-02-21 16:00:00,75.6667715555555
2019-02-21 17:00:00,65.30075066666636
2019-02-21 18:00:00,60.906323111110815
2019-02-21 19:00:00,53.64189422222211
2019-02-21 20:00:00,42.38198755555547
2019-02-21 21:00:00,38.573547999999846
2019-02-21 22:00:00,34.76057866666654
2019-02-21 23:00:00,35.97275066666663
2019-02-22 00:00:00,31.120041333333294
2019-02-22 01:00:00,24.317106666666575
2019-02-22 02:00:00,9.374461777777752
2019-02-22 03:00:00,0.0
2019-02-22 04:00:00,0.0
2019-02-22 05:00:00,0.0
2019-02-22 06:00:00,0.0
2019-02-22 07:00:00,0.0
2019-02-22 08:00:00,0.00844711111111111
2019-02-22 09:00:00,0.0
2019-02-22 10:00:00,0.0
2019-02-22 11:00:00,0.0
2019-02-22 12:00:00,0.0
2019-02-22 13:00:00,1.412065777777777
2019-02-22 14:00:00,20.55890488888891
2019-02-22 15:00:00,80.00339822222216
2019-02-22 16:00:00,84.16102933333325
2019-02-22 17:00:00,81.74398844444423
2019-02-22 18:00:00,83.79409999999977
2019-02-22 19:00:00,63.01699733333321
2019-02-22 20:00:00,67.65425333333319
2019-02-22 21:00:00,42.878749333333346
2019-02-22 22:00:00,35.15111022222218
2019-02-22 23:00:00,31.55084399999994
2019-02-23 00:00:00,21.323957777777807
2019-02-23 01:00:00,13.863841333333408
2019-02-23 02:00:00,5.891513333333312
2019-02-23 03:00:00,2.6389075555555954
2019-02-23 04:00:00,3.4149555555555233
2019-02-23 05:00:00,0.732165777777779
2019-02-23 06:00:00,0.0
2019-02-23 07:00:00,0.0
2019-02-23 08:00:00,0.0
2019-02-23 09:00:00,0.0
2019-02-23 10:00:00,0.0
2019-02-23 11:00:00,0.0
2019-02-23 12:00:00,0.0
2019-02-23 13:00:00,0.7114004444444443
2019-02-23 14:00:00,4.192286222222254
2019-02-23 15:00:00,6.406336444444443
2019-02-23 16:00:00,6.412391555555544
2019-02-23 17:00:00,10.08950799999999
2019-02-23 18:00:00,9.565076444444445
2019-02-23 19:00:00,6.614752444444474
2019-02-23 20:00:00,6.282668888888926
2019-02-23 21:00:00,4.676388888888876
2019-02-23 22:00:00,6.116771555555508
2019-02-23 23:00:00,1.4978195555555551
2019-02-24 00:00:00,0.0
2019-02-24 01:00:00,0.0
2019-02-24 02:00:00,0.0
2019-02-24 03:00:00,0.0
2019-02-24 04:00:00,0.0
2019-02-24 05:00:00,0.0
2019-02-24 06:00:00,0.0
2019-02-24 07:00:00,0.0
2019-02-24 08:00:00,0.0
2019-02-24 09:00:00,0.0
2019-02-24 10:00:00,0.0
2019-02-24 11:00:00,0.0
2019-02-24 12:00:00,0.0
2019-02-24 13:00:00,0.0
2019-02-24 14:00:00,0.0
2019-02-24 15:00:00,0.0
2019-02-24 16:00:00,0.0
2019-02-24 17:00:00,0.0
2019-02-24 18:00:00,0.0
2019-02-24 19:00:00,0.0
2019-02-24 20:00:00,0.0
2019-02-24 21:00:00,1.4054675555555587
2019-02-24 22:00:00,10.216110666666674
2019-02-24 23:00:00,5.852698222222256
2019-02-25 00:00:00,0.9109071111111203
2019-02-25 01:00:00,0.0439631111111111
2019-02-25 02:00:00,0.0
2019-02-25 03:00:00,0.0
2019-02-25 04:00:00,0.0
2019-02-25 05:00:00,0.0
2019-02-25 06:00:00,0.0
2019-02-25 07:00:00,0.0
2019-02-25 08:00:00,0.0
2019-02-25 09:00:00,0.0
2019-02-25 10:00:00,0.0
2019-02-25 11:00:00,0.0
2019-02-25 12:00:00,0.0
2019-02-25 13:00:00,0.7700795555555541
2019-02-25 14:00:00,18.19334400000001
2019-02-25 15:00:00,62.183679999999974
2019-02-25 16:00:00,80.4165093333333
2019-02-25 17:00:00,79.52225955555558
2019-02-25 18:00:00,66.32360800000005
2019-02-25 19:00:00,52.251697333333254
2019-02-25 20:00:00,47.417898666666545
2019-02-25 21:00:00,43.44168977777775
2019-02-25 22:00:00,39.05204622222222
2019-02-25 23:00:00,42.06751466666658
2019-02-26 00:00:00,36.4845057777778
2019-02-26 01:00:00,17.89315377777771
2019-02-26 02:00:00,11.257075555555533
2019-02-26 03:00:00,3.283817333333356
2019-02-26 04:00:00,9.244444444444443e-05
2019-02-26 05:00:00,0.0
2019-02-26 06:00:00,0.0
2019-02-26 07:00:00,0.0
2019-02-26 08:00:00,0.0
2019-02-26 09:00:00,0.0
2019-02-26 10:00:00,0.0
2019-02-26 11:00:00,0.0
2019-02-26 12:00:00,0.2862484444444439
2019-02-26 13:00:00,1.3845577777777782
2019-02-26 14:00:00,23.870686666666675
2019-02-26 15:00:00,78.76108355555537
2019-02-26 16:00:00,91.80723066666656
2019-02-26 17:00:00,85.37874799999986
2019-02-26 18:00:00,73.20019777777762
2019-02-26 19:00:00,68.89317644444422
2019-02-26 20:00:00,61.37920533333324
2019-02-26 21:00:00,33.15894399999995
2019-02-26 22:00:00,15.220053333333308
2019-02-26 23:00:00,20.044445777777693
2019-02-27 00:00:00,26.56896666666661
2019-02-27 01:00:00,22.28845377777775
2019-02-27 02:00:00,18.169724444444384
2019-02-27 03:00:00,2.0868640000000034
2019-02-27 04:00:00,0.8331440000000003
2019-02-27 05:00:00,6.297471555555581
2019-02-27 06:00:00,6.282177777777812
2019-02-27 07:00:00,3.8848160000000083
2019-02-27 08:00:00,0.2457866666666672
2019-02-27 09:00:00,0.0
2019-02-27 10:00:00,0.0
2019-02-27 11:00:00,0.0
2019-02-27 12:00:00,0.0
2019-02-27 13:00:00,2.475592888888892
2019-02-27 14:00:00,21.538342222222216
2019-02-27 15:00:00,69.49275955555547
2019-02-27 16:00:00,83.17868577777759
2019-02-27 17:00:00,76.41800399999985
2019-02-27 18:00:00,68.82275688888862
2019-02-27 19:00:00,60.37424755555547
2019-02-27 20:00:00,41.371714222222124
2019-02-27 21:00:00,19.518003555555513
2019-02-27 22:00:00,17.148224888888954
2019-02-27 23:00:00,8.723947555555565
2019-02-28 00:00:00,6.899689333333375
2019-02-28 01:00:00,13.652859999999917
2019-02-28 02:00:00,8.788837777777704
2019-02-28 03:00:00,0.15743866666666506
2019-02-28 04:00:00,0.0034377777777777783
2019-02-28 05:00:00,0.0
2019-02-28 06:00:00,0.0
2019-02-28 07:00:00,0.0
2019-02-28 08:00:00,0.0
2019-02-28 09:00:00,0.0
2019-02-28 10:00:00,0.0
2019-02-28 11:00:00,0.0
2019-02-28 12:00:00,0.0
2019-02-28 13:00:00,0.5226115555555556
2019-02-28 14:00:00,15.719987111111148
2019-02-28 15:00:00,67.17746533333332
2019-02-28 16:00:00,87.72092044444426
2019-02-28 17:00:00,87.0946786666664
2019-02-28 18:00:00,83.05216977777759
2019-02-28 19:00:00,67.31473377777753
2019-02-28 20:00:00,55.01919511111088
2019-02-28 21:00:00,32.894350666666625
2019-02-28 22:00:00,18.535347999999992
2019-02-28 23:00:00,17.87679111111106
2019-03-01 00:00:00,23.163301777777633
2019-03-01 01:00:00,16.819885333333296
2019-03-01 02:00:00,13.186188888888836
2019-03-01 03:00:00,4.485624000000006
2019-03-01 04:00:00,0.0
2019-03-01 05:00:00,0.0
2019-03-01 06:00:00,5.21849466666671
2019-03-01 07:00:00,6.261944000000063
2019-03-01 08:00:00,6.272939111111172
2019-03-01 09:00:00,4.373096000000018
2019-03-01 10:00:00,0.32698177777777954
2019-03-01 11:00:00,0.0
2019-03-01 12:00:00,0.0
2019-03-01 13:00:00,1.2257902222222188
2019-03-01 14:00:00,6.718885333333303
2019-03-01 15:00:00,16.54104977777778
2019-03-01 16:00:00,30.94347244444447
2019-03-01 17:00:00,54.71838088888886
2019-03-01 18:00:00,52.94188177777757
2019-03-01 19:00:00,37.684324888888824
2019-03-01 20:00:00,29.327930666666695
2019-03-01 21:00:00,23.269491555555522
2019-03-01 22:00:00,29.458479555555684
2019-03-01 23:00:00,29.65267066666663
2019-03-02 00:00:00,17.383773333333338
2019-03-02 01:00:00,2.165545777777778
2019-03-02 02:00:00,0.0
2019-03-02 03:00:00,0.0
2019-03-02 04:00:00,0.0
2019-03-02 05:00:00,0.0
2019-03-02 06:00:00,0.0
2019-03-02 07:00:00,0.0
2019-03-02 08:00:00,0.0
2019-03-02 09:00:00,0.0
2019-03-02 10:00:00,0.0
2019-03-02 11:00:00,0.0
2019-03-02 12:00:00,0.0
2019-03-02 13:00:00,0.0
2019-03-02 14:00:00,0.0
2019-03-02 15:00:00,0.0
2019-03-02 16:00:00,0.0
2019-03-02 17:00:00,1.8610280000000075
2019-03-02 18:00:00,7.624713777777827
2019-03-02 19:00:00,4.512629333333364
2019-03-02 20:00:00,4.417677333333364
2019-03-02 21:00:00,4.154973333333296
2019-03-02 22:00:00,1.4804111111111187
2019-03-02 23:00:00,0.0
2019-03-03 00:00:00,0.0
2019-03-03 01:00:00,0.0
2019-03-03 02:00:00,0.0
2019-03-03 03:00:00,0.0
2019-03-03 04:00:00,0.0
2019-03-03 05:00:00,0.0
2019-03-03 06:00:00,0.0
2019-03-03 07:00:00,0.0
2019-03-03 08:00:00,0.0
2019-03-03 09:00:00,0.0
2019-03-03 10:00:00,0.0
2019-03-03 11:00:00,0.0
2019-03-03 12:00:00,0.0
2019-03-03 13:00:00,0.0
2019-03-03 14:00:00,0.0
2019-03-03 15:00:00,0.0
2019-03-03 16:00:00,0.0
2019-03-03 17:00:00,0.0
2019-03-03 18:00:00,0.0
2019-03-03 19:00:00,4.119555555555529
2019-03-03 20:00:00,5.688372444444407
2019-03-03 21:00:00,5.681259999999964
2019-03-03 22:00:00,5.668606666666652
2019-03-03 23:00:00,5.42785244444443
2019-03-04 00:00:00,5.458058666666629
2019-03-04 01:00:00,0.0
2019-03-04 02:00:00,0.0
2019-03-04 03:00:00,0.0
2019-03-04 04:00:00,0.0
2019-03-04 05:00:00,0.0
2019-03-04 06:00:00,0.0
2019-03-04 07:00:00,0.0
2019-03-04 08:00:00,0.0
2019-03-04 09:00:00,0.0
2019-03-04 10:00:00,0.0
2019-03-04 11:00:00,0.0
2019-03-04 12:00:00,0.0
2019-03-04 13:00:00,3.80280622222222
2019-03-04 14:00:00,22.61018933333336
2019-03-04 15:00:00,82.22924666666675
2019-03-04 16:00:00,93.01607466666663
2019-03-04 17:00:00,87.30849111111117
2019-03-04 18:00:00,93.99864933333346
2019-03-04 19:00:00,92.56498044444436
2019-03-04 20:00:00,71.81869066666653
2019-03-04 21:00:00,66.27250933333308
2019-03-04 22:00:00,52.31499288888879
2019-03-04 23:00:00,45.60790577777761
2019-03-05 00:00:00,40.92987599999996
2019-03-05 01:00:00,15.045125333333289
2019-03-05 02:00:00,2.926565777777767
2019-03-05 03:00:00,2.964410222222218
2019-03-05 04:00:00,0.12059377777777605
2019-03-05 05:00:00,0.056287111111111364
2019-03-05 06:00:00,0.0
2019-03-05 07:00:00,0.0
2019-03-05 08:00:00,0.0
2019-03-05 09:00:00,0.0
2019-03-05 10:00:00,0.0
2019-03-05 11:00:00,0.0
2019-03-05 12:00:00,0.0
2019-03-05 13:00:00,6.751102222222219
2019-03-05 14:00:00,36.81607511111105
2019-03-05 15:00:00,72.35428488888871
2019-03-05 16:00:00,91.38330355555541
2019-03-05 17:00:00,93.51804222222177
2019-03-05 18:00:00,92.41263777777735
2019-03-05 19:00:00,72.04089244444427
2019-03-05 20:00:00,66.41980222222203
2019-03-05 21:00:00,54.579823999999846
2019-03-05 22:00:00,38.22640755555534
2019-03-05 23:00:00,27.022915111111057
2019-03-06 00:00:00,23.132095999999983
2019-03-06 01:00:00,19.013649777777722
2019-03-06 02:00:00,10.354488444444499
2019-03-06 03:00:00,9.073578222222203
2019-03-06 04:00:00,0.0
2019-03-06 05:00:00,0.39012133333333343
2019-03-06 06:00:00,3.2779413333333047
2019-03-06 07:00:00,1.9306040000000124
2019-03-06 08:00:00,0.0
2019-03-06 09:00:00,0.0
2019-03-06 10:00:00,0.0
2019-03-06 11:00:00,0.0
2019-03-06 12:00:00,0.0
2019-03-06 13:00:00,4.014180444444438
2019-03-06 14:00:00,17.558210222222268
2019-03-06 15:00:00,58.32393377777764
2019-03-06 16:00:00,92.60313688888873
2019-03-06 17:00:00,84.23485777777753
2019-03-06 18:00:00,79.26069377777763
2019-03-06 19:00:00,65.44622355555538
2019-03-06 20:00:00,49.98296622222205
2019-03-06 21:00:00,30.972343999999936
2019-03-06 22:00:00,24.496292888888835
2019-03-06 23:00:00,20.26461955555551
2019-03-07 00:00:00,17.45199733333335
2019-03-07 01:00:00,24.069193777777787
2019-03-07 02:00:00,17.45222844444443
2019-03-07 03:00:00,3.1831915555555748
2019-03-07 04:00:00,0.0
2019-03-07 05:00:00,0.0
2019-03-07 06:00:00,0.0
2019-03-07 07:00:00,0.0
2019-03-07 08:00:00,0.0
2019-03-07 09:00:00,0.0
2019-03-07 10:00:00,0.0
2019-03-07 11:00:00,0.0
2019-03-07 12:00:00,0.0
2019-03-07 13:00:00,2.3007920000000004
2019-03-07 14:00:00,26.02099644444444
2019-03-07 15:00:00,63.331348888888705
2019-03-07 16:00:00,79.59743999999976
2019-03-07 17:00:00,77.61864933333311
2019-03-07 18:00:00,69.7760671111109
2019-03-07 19:00:00,40.33205511111105
2019-03-07 20:00:00,29.213998666666612
2019-03-07 21:00:00,36.25878533333325
2019-03-07 22:00:00,34.05117733333328
2019-03-07 23:00:00,16.170532444444444
2019-03-08 00:00:00,25.507727555555547
2019-03-08 01:00:00,28.259550222222302
2019-03-08 02:00:00,16.50012577777772
2019-03-08 03:00:00,5.219956444444455
2019-03-08 04:00:00,0.02827644444444444
2019-03-08 05:00:00,0.0
2019-03-08 06:00:00,0.0
2019-03-08 07:00:00,0.0
2019-03-08 08:00:00,0.0
2019-03-08 09:00:00,0.0
2019-03-08 10:00:00,0.0
2019-03-08 11:00:00,0.0
2019-03-08 12:00:00,0.0
2019-03-08 13:00:00,6.503299111111118
2019-03-08 14:00:00,24.28827555555553
2019-03-08 15:00:00,72.98096577777775
2019-03-08 16:00:00,84.10909288888874
2019-03-08 17:00:00,75.12866400000011
2019-03-08 18:00:00,75.06558799999978
2019-03-08 19:00:00,82.75656133333311
2019-03-08 20:00:00,67.68243155555527
2019-03-08 21:00:00,40.612052000000006
2019-03-08 22:00:00,32.40258088888867
2019-03-08 23:00:00,24.889083555555505
2019-03-09 00:00:00,28.329888888888632
2019-03-09 01:00:00,7.799468444444409
2019-03-09 02:00:00,9.552498222222255
2019-03-09 03:00:00,7.6823355555555235
2019-03-09 04:00:00,5.7280426666666715
2019-03-09 05:00:00,4.136605777777769
2019-03-09 06:00:00,0.0
2019-03-09 07:00:00,0.0
2019-03-09 08:00:00,0.0
2019-03-09 09:00:00,0.0
2019-03-09 10:00:00,0.0
2019-03-09 11:00:00,0.0
2019-03-09 12:00:00,0.0
2019-03-09 13:00:00,0.6329382222222206
2019-03-09 14:00:00,3.096987111111153
2019-03-09 15:00:00,3.100124444444483
2019-03-09 16:00:00,3.095450222222253
2019-03-09 17:00:00,1.8321680000000058
2019-03-09 18:00:00,2.2528595555555717
2019-03-09 19:00:00,3.127349333333367
2019-03-09 20:00:00,3.129030666666692
2019-03-09 21:00:00,2.5274888888889064
2019-03-09 22:00:00,0.0
2019-03-09 23:00:00,0.0
2019-03-10 00:00:00,1.8747213333333466
2019-03-10 01:00:00,3.3253191111111073
2019-03-10 02:00:00,0.0
2019-03-10 03:00:00,3.054052444444414
2019-03-10 04:00:00,0.0
2019-03-10 05:00:00,0.0
2019-03-10 06:00:00,0.0
2019-03-10 07:00:00,0.0
2019-03-10 08:00:00,0.0
2019-03-10 09:00:00,0.0
2019-03-10 10:00:00,0.0
2019-03-10 11:00:00,0.0
2019-03-10 12:00:00,0.0
2019-03-10 13:00:00,0.0
2019-03-10 14:00:00,0.0
2019-03-10 15:00:00,0.0
2019-03-10 16:00:00,0.0
2019-03-10 17:00:00,0.0
2019-03-10 18:00:00,0.0
2019-03-10 19:00:00,0.0
2019-03-10 20:00:00,2.246885333333342
2019-03-10 21:00:00,0.0
2019-03-10 22:00:00,0.0
2019-03-10 23:00:00,5.719867111111074
2019-03-11 00:00:00,6.397311555555519
2019-03-11 01:00:00,6.390008444444407
2019-03-11 02:00:00,1.0304088888888885
2019-03-11 03:00:00,0.0
2019-03-11 04:00:00,0.0
2019-03-11 05:00:00,0.0
2019-03-11 06:00:00,0.0
2019-03-11 07:00:00,0.0
2019-03-11 08:00:00,0.0
2019-03-11 09:00:00,0.0
2019-03-11 10:00:00,0.0
2019-03-11 11:00:00,0.08985600000000003
2019-03-11 12:00:00,10.267550222222265
2019-03-11 13:00:00,23.649958222222317
2019-03-11 14:00:00,72.6059359999999
2019-03-11 15:00:00,82.72699644444448
2019-03-11 16:00:00,86.30285733333307
2019-03-11 17:00:00,85.0485942222217
2019-03-11 18:00:00,86.64660044444403
2019-03-11 19:00:00,80.13889866666628
2019-03-11 20:00:00,60.77395999999972
2019-03-11 21:00:00,41.863096888888826
2019-03-11 22:00:00,26.531682666666722
2019-03-11 23:00:00,23.375201777777754
2019-03-12 00:00:00,15.55275511111112
2019-03-12 01:00:00,9.000206222222246
2019-03-12 02:00:00,4.555668000000024
2019-03-12 03:00:00,6.301180888888912
2019-03-12 04:00:00,6.484047555555453
2019-03-12 05:00:00,5.409542666666657
2019-03-12 06:00:00,0.019557777777777775
2019-03-12 07:00:00,0.0
2019-03-12 08:00:00,0.0
2019-03-12 09:00:00,0.0
2019-03-12 10:00:00,0.0
2019-03-12 11:00:00,0.0
2019-03-12 12:00:00,5.95089155555552
2019-03-12 13:00:00,16.662284888888944
2019-03-12 14:00:00,56.00235911111105
2019-03-12 15:00:00,85.47430666666634
2019-03-12 16:00:00,79.95525199999979
2019-03-12 17:00:00,57.968525333333034
2019-03-12 18:00:00,36.74825555555543
2019-03-12 19:00:00,18.772953333333355
2019-03-12 20:00:00,21.002742222222217
2019-03-12 21:00:00,25.77891911111111
2019-03-12 22:00:00,22.44018399999992
2019-03-12 23:00:00,19.819667111111006
2019-03-13 00:00:00,19.98142755555545
2019-03-13 01:00:00,3.1510151111111027
2019-03-13 02:00:00,2.964236888888875
2019-03-13 03:00:00,2.851651111111083
2019-03-13 04:00:00,0.10445066666666486
2019-03-13 05:00:00,0.01620666666666669
2019-03-13 06:00:00,0.0
2019-03-13 07:00:00,0.0
2019-03-13 08:00:00,0.0
2019-03-13 09:00:00,0.0
2019-03-13 10:00:00,0.0
2019-03-13 11:00:00,0.0
2019-03-13 12:00:00,4.181325777777777
2019-03-13 13:00:00,35.49398666666664
2019-03-13 14:00:00,72.18646355555546
2019-03-13 15:00:00,77.930083111111
2019-03-13 16:00:00,81.94634933333306
2019-03-13 17:00:00,76.90498399999984
2019-03-13 18:00:00,64.93287955555533
2019-03-13 19:00:00,45.66773466666655
2019-03-13 20:00:00,31.464835999999995
2019-03-13 21:00:00,23.688698222222172
2019-03-13 22:00:00,14.122061777777663
2019-03-13 23:00:00,13.220271999999964
2019-03-14 00:00:00,18.100211999999967
2019-03-14 01:00:00,12.972572888888784
2019-03-14 02:00:00,9.553988888888831
2019-03-14 03:00:00,5.65800444444444
2019-03-14 04:00:00,3.4908986666666384
2019-03-14 05:00:00,0.0
2019-03-14 06:00:00,0.0
2019-03-14 07:00:00,0.0
2019-03-14 08:00:00,0.0
2019-03-14 09:00:00,0.0
2019-03-14 10:00:00,0.0
2019-03-14 11:00:00,0.0
2019-03-14 12:00:00,7.505454666666681
2019-03-14 13:00:00,24.216030222222173
2019-03-14 14:00:00,55.741561777777704
2019-03-14 15:00:00,87.2962422222221
2019-03-14 16:00:00,88.81871555555563
2019-03-14 17:00:00,88.15607377777735
2019-03-14 18:00:00,74.01736044444418
2019-03-14 19:00:00,61.76772622222203
2019-03-14 20:00:00,60.98078711111067
2019-03-14 21:00:00,59.27864799999981
2019-03-14 22:00:00,57.89032888888883
2019-03-14 23:00:00,51.17239111111096
2019-03-15 00:00:00,27.442930666666683
2019-03-15 01:00:00,8.315545333333299
2019-03-15 02:00:00,9.76571555555548
2019-03-15 03:00:00,12.035919999999875
2019-03-15 04:00:00,6.307802222222245
2019-03-15 05:00:00,2.107727555555568
2019-03-15 06:00:00,0.0
2019-03-15 07:00:00,0.0
2019-03-15 08:00:00,0.0
2019-03-15 09:00:00,0.0
2019-03-15 10:00:00,0.0
2019-03-15 11:00:00,0.0
2019-03-15 12:00:00,0.3948475555555544
2019-03-15 13:00:00,5.2259942222221705
2019-03-15 14:00:00,10.861551999999973
2019-03-15 15:00:00,20.73878444444445
2019-03-15 16:00:00,37.35852755555557
2019-03-15 17:00:00,40.09308622222208
2019-03-15 18:00:00,34.517802222222095
2019-03-15 19:00:00,22.63975422222215
2019-03-15 20:00:00,12.23058488888897
2019-03-15 21:00:00,17.24517022222237
2019-03-15 22:00:00,11.52177866666673
2019-03-15 23:00:00,8.571315999999968
2019-03-16 00:00:00,12.580747111111057
2019-03-16 01:00:00,13.83920488888879
2019-03-16 02:00:00,1.2614102222222214
2019-03-16 03:00:00,0.0
2019-03-16 04:00:00,0.0
2019-03-16 05:00:00,0.0
2019-03-16 06:00:00,0.0
2019-03-16 07:00:00,0.0
2019-03-16 08:00:00,0.0
2019-03-16 09:00:00,0.0
2019-03-16 10:00:00,0.0
2019-03-16 11:00:00,0.0
2019-03-16 12:00:00,0.0
2019-03-16 13:00:00,0.0
2019-03-16 14:00:00,1.1230844444444457
2019-03-16 15:00:00,3.1652457777777823
2019-03-16 16:00:00,3.147808444444452
2019-03-16 17:00:00,9.018036444444524
2019-03-16 18:00:00,11.974611999999983
2019-03-16 19:00:00,9.266099555555606
2019-03-16 20:00:00,6.456250666666738
2019-03-16 21:00:00,6.228028444444519
2019-03-16 22:00:00,6.229825333333392
2019-03-16 23:00:00,6.384536888888875
2019-03-17 00:00:00,5.514906222222218
2019-03-17 01:00:00,0.0
2019-03-17 02:00:00,0.0
2019-03-17 03:00:00,0.0
2019-03-17 04:00:00,0.0
2019-03-17 05:00:00,0.0
2019-03-17 06:00:00,0.0
2019-03-17 07:00:00,0.0
2019-03-17 08:00:00,0.0
2019-03-17 09:00:00,0.0
2019-03-17 10:00:00,0.0
2019-03-17 11:00:00,0.0
2019-03-17 12:00:00,0.0
2019-03-17 13:00:00,0.0
2019-03-17 14:00:00,0.0
2019-03-17 15:00:00,0.0
2019-03-17 16:00:00,0.0
2019-03-17 17:00:00,0.0
2019-03-17 18:00:00,0.0
2019-03-17 19:00:00,0.0
2019-03-17 20:00:00,0.0
2019-03-17 21:00:00,0.0
2019-03-17 22:00:00,0.0
2019-03-17 23:00:00,0.0
2019-03-18 00:00:00,0.0
2019-03-18 01:00:00,0.0
2019-03-18 02:00:00,0.0
2019-03-18 03:00:00,0.0
2019-03-18 04:00:00,0.0
2019-03-18 05:00:00,0.0
2019-03-18 06:00:00,0.0
2019-03-18 07:00:00,0.0
2019-03-18 08:00:00,0.0
2019-03-18 09:00:00,0.0
2019-03-18 10:00:00,0.0
2019-03-18 11:00:00,0.0
2019-03-18 12:00:00,0.4787235555555548
2019-03-18 13:00:00,18.254259111111118
2019-03-18 14:00:00,75.44084311111119
2019-03-18 15:00:00,86.12212266666667
2019-03-18 16:00:00,84.07621733333328
2019-03-18 17:00:00,78.93665866666646
2019-03-18 18:00:00,60.10654577777771
2019-03-18 19:00:00,68.42220088888858
2019-03-18 20:00:00,69.6215346666665
2019-03-18 21:00:00,65.55117111111097
2019-03-18 22:00:00,43.93773511111097
2019-03-18 23:00:00,38.71961599999976
2019-03-19 00:00:00,28.462552444444356
2019-03-19 01:00:00,9.292752444444396
2019-03-19 02:00:00,0.0
2019-03-19 03:00:00,0.0
2019-03-19 04:00:00,0.0
2019-03-19 05:00:00,1.1408799999999995
2019-03-19 06:00:00,2.728555555555517
2019-03-19 07:00:00,0.10536933333333146
2019-03-19 08:00:00,0.014860444444444463
2019-03-19 09:00:00,0.0
2019-03-19 10:00:00,0.0
2019-03-19 11:00:00,0.0
2019-03-19 12:00:00,5.170065333333363
2019-03-19 13:00:00,20.16059066666665
2019-03-19 14:00:00,57.95042933333335
2019-03-19 15:00:00,86.7047075555555
2019-03-19 16:00:00,86.53097555555553
2019-03-19 17:00:00,69.3605004444441
2019-03-19 18:00:00,51.276887999999694
2019-03-19 19:00:00,35.864902666666616
2019-03-19 20:00:00,14.973919999999833
2019-03-19 21:00:00,14.857792444444339
2019-03-19 22:00:00,5.575763555555499
2019-03-19 23:00:00,16.543285777777772
2019-03-20 00:00:00,13.85535377777772
2019-03-20 01:00:00,0.0
2019-03-20 02:00:00,0.0
2019-03-20 03:00:00,0.000416
2019-03-20 04:00:00,0.0
2019-03-20 05:00:00,0.0
2019-03-20 06:00:00,0.0
2019-03-20 07:00:00,0.0
2019-03-20 08:00:00,0.0
2019-03-20 09:00:00,0.0
2019-03-20 10:00:00,0.0
2019-03-20 11:00:00,0.0
2019-03-20 12:00:00,0.09052622222222223
2019-03-20 13:00:00,23.648063111111107
2019-03-20 14:00:00,63.70947555555551
2019-03-20 15:00:00,78.02479822222217
2019-03-20 16:00:00,82.15172622222227
2019-03-20 17:00:00,81.5220004444441
2019-03-20 18:00:00,70.52662933333292
2019-03-20 19:00:00,57.40789599999978
2019-03-20 20:00:00,24.92741333333328
2019-03-20 21:00:00,13.378669777777665
2019-03-20 22:00:00,11.604470222222252
2019-03-20 23:00:00,10.456084888888899
2019-03-21 00:00:00,15.074782666666698
2019-03-21 01:00:00,8.162873333333296
2019-03-21 02:00:00,5.0857444444444315
2019-03-21 03:00:00,0.8041337777777743
2019-03-21 04:00:00,0.19903866666666686
2019-03-21 05:00:00,3.203812444444417
2019-03-21 06:00:00,1.2579955555555562
2019-03-21 07:00:00,0.0
2019-03-21 08:00:00,0.0
2019-03-21 09:00:00,0.0
2019-03-21 10:00:00,0.0
2019-03-21 11:00:00,0.0
2019-03-21 12:00:00,2.406554222222217
2019-03-21 13:00:00,25.222045333333252
2019-03-21 14:00:00,61.168651555555485
2019-03-21 15:00:00,86.89159555555527
2019-03-21 16:00:00,82.56169422222202
2019-03-21 17:00:00,54.93139599999977
2019-03-21 18:00:00,33.69980177777757
2019-03-21 19:00:00,27.786766222222006
2019-03-21 20:00:00,20.67859733333335
2019-03-21 21:00:00,23.964067111111163
2019-03-21 22:00:00,35.039443111111076
2019-03-21 23:00:00,27.01387288888883
2019-03-22 00:00:00,14.565893333333332
2019-03-22 01:00:00,4.173878222222239
2019-03-22 02:00:00,6.148531999999933
2019-03-22 03:00:00,3.3558835555555566
2019-03-22 04:00:00,0.17606044444444402
2019-03-22 05:00:00,0.0
2019-03-22 06:00:00,0.0
2019-03-22 07:00:00,0.0
2019-03-22 08:00:00,0.0
2019-03-22 09:00:00,0.0
2019-03-22 10:00:00,0.0
2019-03-22 11:00:00,0.0
2019-03-22 12:00:00,2.5095142222222164
2019-03-22 13:00:00,32.835752444444374
2019-03-22 14:00:00,79.19695911111093
2019-03-22 15:00:00,102.45669777777779
2019-03-22 16:00:00,86.41385422222203
2019-03-22 17:00:00,83.52073599999979
2019-03-22 18:00:00,77.09054311111076
2019-03-22 19:00:00,73.88477199999967
2019-03-22 20:00:00,76.89898088888839
2019-03-22 21:00:00,59.93061822222211
2019-03-22 22:00:00,34.089131555555475
2019-03-22 23:00:00,26.811298222222256
2019-03-23 00:00:00,22.162007111111134
2019-03-23 01:00:00,15.503869333333384
2019-03-23 02:00:00,6.2781680000000675
2019-03-23 03:00:00,0.6034195555555554
2019-03-23 04:00:00,0.0
2019-03-23 05:00:00,0.0
2019-03-23 06:00:00,0.0
2019-03-23 07:00:00,0.0
2019-03-23 08:00:00,0.0
2019-03-23 09:00:00,0.0
2019-03-23 10:00:00,0.0
2019-03-23 11:00:00,0.0
2019-03-23 12:00:00,0.0
2019-03-23 13:00:00,0.0
2019-03-23 14:00:00,0.0
2019-03-23 15:00:00,0.0
2019-03-23 16:00:00,0.0
2019-03-23 17:00:00,5.0170119999999585
2019-03-23 18:00:00,12.527036888888878
2019-03-23 19:00:00,12.831213777777776
2019-03-23 20:00:00,8.631890222222237
2019-03-23 21:00:00,1.3675422222222153
2019-03-23 22:00:00,0.07591422222222216
2019-03-23 23:00:00,0.0
2019-03-24 00:00:00,0.0
2019-03-24 01:00:00,0.0
2019-03-24 02:00:00,2.5598906666666656
2019-03-24 03:00:00,3.1673951111111145
2019-03-24 04:00:00,3.154562666666678
2019-03-24 05:00:00,2.4790422222222284
2019-03-24 06:00:00,0.0
2019-03-24 07:00:00,0.0
2019-03-24 08:00:00,0.0
2019-03-24 09:00:00,0.0
2019-03-24 10:00:00,0.0
2019-03-24 11:00:00,0.0
2019-03-24 12:00:00,0.0
2019-03-24 13:00:00,0.0
2019-03-24 14:00:00,0.0
2019-03-24 15:00:00,0.0
2019-03-24 16:00:00,0.0
2019-03-24 17:00:00,4.136392000000007
2019-03-24 18:00:00,9.681065333333287
2019-03-24 19:00:00,9.546570222222234
2019-03-24 20:00:00,7.496117777777879
2019-03-24 21:00:00,6.752847111111078
2019-03-24 22:00:00,9.59079911111105
2019-03-24 23:00:00,9.596883111111035
2019-03-25 00:00:00,6.238596000000008
2019-03-25 01:00:00,4.9325235555555835
2019-03-25 02:00:00,1.239304444444439
2019-03-25 03:00:00,0.0
2019-03-25 04:00:00,0.0
2019-03-25 05:00:00,0.0
2019-03-25 06:00:00,0.0
2019-03-25 07:00:00,0.0
2019-03-25 08:00:00,0.0
2019-03-25 09:00:00,0.0
2019-03-25 10:00:00,0.0
2019-03-25 11:00:00,0.0
2019-03-25 12:00:00,0.7262608888888882
2019-03-25 13:00:00,19.770284444444435
2019-03-25 14:00:00,66.07995333333336
2019-03-25 15:00:00,72.9347955555557
2019-03-25 16:00:00,72.9150008888888
2019-03-25 17:00:00,76.10441511111111
2019-03-25 18:00:00,79.9576151111109
2019-03-25 19:00:00,79.61566888888872
2019-03-25 20:00:00,50.46364266666657
2019-03-25 21:00:00,29.466735999999976
2019-03-25 22:00:00,23.549037777777787
2019-03-25 23:00:00,29.09535777777775
2019-03-26 00:00:00,27.845422222222258
2019-03-26 01:00:00,19.120440444444583
2019-03-26 02:00:00,4.345599555555576
2019-03-26 03:00:00,0.0
2019-03-26 04:00:00,0.0
2019-03-26 05:00:00,1.3168942222222286
2019-03-26 06:00:00,2.736008888888862
2019-03-26 07:00:00,0.11348133333333162
2019-03-26 08:00:00,0.009290666666666659
2019-03-26 09:00:00,0.0
2019-03-26 10:00:00,0.0
2019-03-26 11:00:00,0.0
2019-03-26 12:00:00,2.843475555555554
2019-03-26 13:00:00,27.812956888888905
2019-03-26 14:00:00,61.479293777777684
2019-03-26 15:00:00,78.24597155555557
2019-03-26 16:00:00,83.9543697777776
2019-03-26 17:00:00,72.09083555555527
2019-03-26 18:00:00,75.32309199999969
2019-03-26 19:00:00,67.17550666666638
2019-03-26 20:00:00,51.24660666666645
2019-03-26 21:00:00,49.72222088888856
2019-03-26 22:00:00,23.954267999999942
2019-03-26 23:00:00,16.314549333333197
2019-03-27 00:00:00,14.731917777777728
2019-03-27 01:00:00,6.427211555555498
2019-03-27 02:00:00,1.8736697777777838
2019-03-27 03:00:00,0.0
2019-03-27 04:00:00,0.0
2019-03-27 05:00:00,0.0
2019-03-27 06:00:00,0.0
2019-03-27 07:00:00,1.8584164444444533
2019-03-27 08:00:00,0.0
2019-03-27 09:00:00,0.0
2019-03-27 10:00:00,0.0
2019-03-27 11:00:00,0.0
2019-03-27 12:00:00,4.6064431111111075
2019-03-27 13:00:00,21.54777733333339
2019-03-27 14:00:00,56.82992755555546
2019-03-27 15:00:00,88.78573599999986
2019-03-27 16:00:00,92.12317688888868
2019-03-27 17:00:00,88.96257644444395
2019-03-27 18:00:00,78.9527555555552
2019-03-27 19:00:00,60.85402844444418
2019-03-27 20:00:00,60.695948444444305
2019-03-27 21:00:00,45.064517333333136
2019-03-27 22:00:00,35.382914666666345
2019-03-27 23:00:00,25.64021777777777
2019-03-28 00:00:00,16.19359155555546
2019-03-28 01:00:00,17.259903555555574
2019-03-28 02:00:00,4.272337333333365
2019-03-28 03:00:00,0.0
2019-03-28 04:00:00,0.0
2019-03-28 05:00:00,0.0
2019-03-28 06:00:00,0.0
2019-03-28 07:00:00,0.0
2019-03-28 08:00:00,0.0
2019-03-28 09:00:00,0.0
2019-03-28 10:00:00,0.0
2019-03-28 11:00:00,0.0
2019-03-28 12:00:00,3.3084942222222242
2019-03-28 13:00:00,26.326889333333344
2019-03-28 14:00:00,76.27064755555531
2019-03-28 15:00:00,76.85144711111079
2019-03-28 16:00:00,76.11146399999966
2019-03-28 17:00:00,71.23044933333314
2019-03-28 18:00:00,50.526683999999776
2019-03-28 19:00:00,46.800225333333294
2019-03-28 20:00:00,44.46792133333325
2019-03-28 21:00:00,28.081825777777727
2019-03-28 22:00:00,25.114798222222184
2019-03-28 23:00:00,24.10416666666669
2019-03-29 00:00:00,19.0518177777778
2019-03-29 01:00:00,7.204860000000038
2019-03-29 02:00:00,2.9920568888888814
2019-03-29 03:00:00,8.439478666666677
2019-03-29 04:00:00,6.410935555555587
2019-03-29 05:00:00,6.329497777777812
2019-03-29 06:00:00,1.6603080000000057
2019-03-29 07:00:00,0.0
2019-03-29 08:00:00,0.0
2019-03-29 09:00:00,0.0
2019-03-29 10:00:00,0.0
2019-03-29 11:00:00,0.0
2019-03-29 12:00:00,1.092340888888888
2019-03-29 13:00:00,8.637824000000137
2019-03-29 14:00:00,16.00140533333332
2019-03-29 15:00:00,20.78899911111107
2019-03-29 16:00:00,35.952857777777695
2019-03-29 17:00:00,41.86249599999997
2019-03-29 18:00:00,32.42782977777761
2019-03-29 19:00:00,32.10665466666657
2019-03-29 20:00:00,34.92968266666663
2019-03-29 21:00:00,43.20715822222205
2019-03-29 22:00:00,26.14839644444449
2019-03-29 23:00:00,10.820356444444416
2019-03-30 00:00:00,6.081267111111169
2019-03-30 01:00:00,6.146076444444437
2019-03-30 02:00:00,3.6066448888888925
2019-03-30 03:00:00,0.0
2019-03-30 04:00:00,0.0
2019-03-30 05:00:00,0.0
2019-03-30 06:00:00,0.0
2019-03-30 07:00:00,0.0
2019-03-30 08:00:00,0.0
2019-03-30 09:00:00,0.0
2019-03-30 10:00:00,0.0
2019-03-30 11:00:00,0.0
2019-03-30 12:00:00,0.0
2019-03-30 13:00:00,0.0
2019-03-30 14:00:00,0.7065471111111105
2019-03-30 15:00:00,3.1252520000000286
2019-03-30 16:00:00,3.1250151111111433
2019-03-30 17:00:00,3.121040000000034
2019-03-30 18:00:00,3.7289026666666807
2019-03-30 19:00:00,6.270425777777833
2019-03-30 20:00:00,5.229472444444433
2019-03-30 21:00:00,5.969201333333256
2019-03-30 22:00:00,5.731792444444457
2019-03-30 23:00:00,5.249267111111138
2019-03-31 00:00:00,5.1729253333332945
2019-03-31 01:00:00,5.307154666666605
2019-03-31 02:00:00,3.710685333333336
2019-03-31 03:00:00,3.5196604444444524
2019-03-31 04:00:00,0.0
2019-03-31 05:00:00,0.0
2019-03-31 06:00:00,0.0
2019-03-31 07:00:00,0.0
2019-03-31 08:00:00,0.0
2019-03-31 09:00:00,0.0
2019-03-31 10:00:00,0.0
2019-03-31 11:00:00,0.0
2019-03-31 12:00:00,0.0
2019-03-31 13:00:00,0.0
2019-03-31 14:00:00,0.303512444444445
2019-03-31 15:00:00,0.49973155555555515
2019-03-31 16:00:00,0.0
2019-03-31 17:00:00,0.0
2019-03-31 18:00:00,3.2553964444444565
2019-03-31 19:00:00,6.23874622222229
2019-03-31 20:00:00,8.491883111111122
2019-03-31 21:00:00,6.239202666666733
2019-03-31 22:00:00,4.915097777777823
2019-03-31 23:00:00,0.0
2019-04-01 00:00:00,0.0
2019-04-01 01:00:00,0.0
2019-04-01 02:00:00,0.0
2019-04-01 03:00:00,0.0
2019-04-01 04:00:00,0.0
2019-04-01 05:00:00,0.0
2019-04-01 06:00:00,0.0
2019-04-01 07:00:00,0.0
2019-04-01 08:00:00,0.0
2019-04-01 09:00:00,0.0
2019-04-01 10:00:00,0.0
2019-04-01 11:00:00,0.0
2019-04-01 12:00:00,4.120393333333319
2019-04-01 13:00:00,22.52846844444448
2019-04-01 14:00:00,76.1492102222223
2019-04-01 15:00:00,84.79414088888875
2019-04-01 16:00:00,76.98555511111091
2019-04-01 17:00:00,74.86943822222202
2019-04-01 18:00:00,60.70005644444439
2019-04-01 19:00:00,59.00920711111108
2019-04-01 20:00:00,42.6921675555554
2019-04-01 21:00:00,17.34189599999994
2019-04-01 22:00:00,15.20849777777775
2019-04-01 23:00:00,11.258970666666674
2019-04-02 00:00:00,8.44869422222223
2019-04-02 01:00:00,6.877727999999932
2019-04-02 02:00:00,9.368816888888798
2019-04-02 03:00:00,9.038166222222095
2019-04-02 04:00:00,0.0
2019-04-02 05:00:00,0.0
2019-04-02 06:00:00,0.0
2019-04-02 07:00:00,0.0
2019-04-02 08:00:00,0.0
2019-04-02 09:00:00,0.0
2019-04-02 10:00:00,0.0
2019-04-02 11:00:00,0.0
2019-04-02 12:00:00,0.963415555555552
2019-04-02 13:00:00,23.438271999999998
2019-04-02 14:00:00,64.36678444444443
2019-04-02 15:00:00,88.50561777777756
2019-04-02 16:00:00,93.39371599999981
2019-04-02 17:00:00,81.75522044444392
2019-04-02 18:00:00,66.17431599999969
2019-04-02 19:00:00,59.54246133333295
2019-04-02 20:00:00,55.95759866666644
2019-04-02 21:00:00,34.070735111111034
2019-04-02 22:00:00,25.37509866666661
2019-04-02 23:00:00,29.073454222222132
2019-04-03 00:00:00,25.398833777777746
2019-04-03 01:00:00,13.283267111111057
2019-04-03 02:00:00,8.647524888888913
2019-04-03 03:00:00,1.6008604444444465
2019-04-03 04:00:00,0.0
2019-04-03 05:00:00,0.0
2019-04-03 06:00:00,0.0
2019-04-03 07:00:00,0.0
2019-04-03 08:00:00,0.0
2019-04-03 09:00:00,0.0
2019-04-03 10:00:00,0.0
2019-04-03 11:00:00,0.0
2019-04-03 12:00:00,6.845776888888902
2019-04-03 13:00:00,35.12142399999995
2019-04-03 14:00:00,70.19096933333303
2019-04-03 15:00:00,72.04584977777742
2019-04-03 16:00:00,73.84042755555532
2019-04-03 17:00:00,55.74890533333329
2019-04-03 18:00:00,49.70835422222205
2019-04-03 19:00:00,34.04299599999978
2019-04-03 20:00:00,28.048511111111075
2019-04-03 21:00:00,20.356994666666687
2019-04-03 22:00:00,19.118291111111137
2019-04-03 23:00:00,28.042051555555485
2019-04-04 00:00:00,23.106309777777717
2019-04-04 01:00:00,10.330707111111073
2019-04-04 02:00:00,10.387814666666529
2019-04-04 03:00:00,6.867946222222161
2019-04-04 04:00:00,0.11968088888888745
2019-04-04 05:00:00,0.0
2019-04-04 06:00:00,0.0
2019-04-04 07:00:00,0.0
2019-04-04 08:00:00,0.0
2019-04-04 09:00:00,0.0
2019-04-04 10:00:00,0.0
2019-04-04 11:00:00,0.0
2019-04-04 12:00:00,4.853368
2019-04-04 13:00:00,36.030667111111114
2019-04-04 14:00:00,77.11486755555558
2019-04-04 15:00:00,91.77309555555547
2019-04-04 16:00:00,87.32127733333321
2019-04-04 17:00:00,76.1280115555553
2019-04-04 18:00:00,70.29854577777755
2019-04-04 19:00:00,58.7758426666665
2019-04-04 20:00:00,44.91614399999995
2019-04-04 21:00:00,43.33878177777766
2019-04-04 22:00:00,29.553916888888814
2019-04-04 23:00:00,16.593171111111058
2019-04-05 00:00:00,7.916843999999977
2019-04-05 01:00:00,0.02304177777777778
2019-04-05 02:00:00,0.0
2019-04-05 03:00:00,0.0
2019-04-05 04:00:00,0.0
2019-04-05 05:00:00,0.0
2019-04-05 06:00:00,0.0
2019-04-05 07:00:00,0.0
2019-04-05 08:00:00,0.0
2019-04-05 09:00:00,0.0
2019-04-05 10:00:00,0.0
2019-04-05 11:00:00,0.0
2019-04-05 12:00:00,0.8715604444444394
2019-04-05 13:00:00,26.684262222222266
2019-04-05 14:00:00,75.97400488888886
2019-04-05 15:00:00,98.09204311111088
2019-04-05 16:00:00,90.56268577777747
2019-04-05 17:00:00,73.94038311111085
2019-04-05 18:00:00,37.08703555555542
2019-04-05 19:00:00,32.941040888888836
2019-04-05 20:00:00,44.99186755555549
2019-04-05 21:00:00,48.20638622222217
2019-04-05 22:00:00,44.357681333333
2019-04-05 23:00:00,29.63378311111114
2019-04-06 00:00:00,7.308322666666749
2019-04-06 01:00:00,0.24043066666666674
2019-04-06 02:00:00,0.0
2019-04-06 03:00:00,0.0
2019-04-06 04:00:00,0.0
2019-04-06 05:00:00,0.0
2019-04-06 06:00:00,0.0
2019-04-06 07:00:00,0.0
2019-04-06 08:00:00,0.0
2019-04-06 09:00:00,0.0
2019-04-06 10:00:00,0.0
2019-04-06 11:00:00,0.0
2019-04-06 12:00:00,0.6525999999999978
2019-04-06 13:00:00,3.1002573333333743
2019-04-06 14:00:00,6.048449333333366
2019-04-06 15:00:00,6.034282222222259
2019-04-06 16:00:00,4.936839555555556
2019-04-06 17:00:00,1.9451871111111152
2019-04-06 18:00:00,4.10498400000003
2019-04-06 19:00:00,8.277151999999948
2019-04-06 20:00:00,8.025321777777691
2019-04-06 21:00:00,6.594616888888877
2019-04-06 22:00:00,5.507129333333367
2019-04-06 23:00:00,0.0
2019-04-07 00:00:00,0.0
2019-04-07 01:00:00,0.0
2019-04-07 02:00:00,0.0
2019-04-07 03:00:00,0.0
2019-04-07 04:00:00,0.0
2019-04-07 05:00:00,0.0
2019-04-07 06:00:00,0.0
2019-04-07 07:00:00,0.0
2019-04-07 08:00:00,0.0
2019-04-07 09:00:00,0.0
2019-04-07 10:00:00,0.0
2019-04-07 11:00:00,0.0
2019-04-07 12:00:00,0.0
2019-04-07 13:00:00,0.0
2019-04-07 14:00:00,0.0
2019-04-07 15:00:00,0.0
2019-04-07 16:00:00,0.0
2019-04-07 17:00:00,0.0
2019-04-07 18:00:00,0.5080977777777774
2019-04-07 19:00:00,2.9156400000000273
2019-04-07 20:00:00,3.081219555555582
2019-04-07 21:00:00,0.24937466666666722
2019-04-07 22:00:00,0.0
2019-04-07 23:00:00,0.0
2019-04-08 00:00:00,2.3839111111111033
2019-04-08 01:00:00,6.195031555555499
2019-04-08 02:00:00,6.062714666666604
2019-04-08 03:00:00,6.50006933333322
2019-04-08 04:00:00,6.496348444444334
2019-04-08 05:00:00,6.033063111111035
2019-04-08 06:00:00,0.0
2019-04-08 07:00:00,0.0
2019-04-08 08:00:00,0.0
2019-04-08 09:00:00,0.0
2019-04-08 10:00:00,0.0
2019-04-08 11:00:00,0.0
2019-04-08 12:00:00,8.317752444444434
2019-04-08 13:00:00,27.857006666666663
2019-04-08 14:00:00,74.45075733333331
2019-04-08 15:00:00,98.24734977777777
2019-04-08 16:00:00,96.46232266666622
2019-04-08 17:00:00,0.0
2019-04-08 18:00:00,46.62519333333321
2019-04-08 19:00:00,60.06930799999945
2019-04-08 20:00:00,53.37128044444433
2019-04-08 21:00:00,53.100799555555454
2019-04-08 22:00:00,49.013085333333464
2019-04-08 23:00:00,51.02582622222216
2019-04-09 00:00:00,35.423896444444495
2019-04-09 01:00:00,18.297355555555534
2019-04-09 02:00:00,11.44963155555553
2019-04-09 03:00:00,3.6153577777777923
2019-04-09 04:00:00,1.076440444444443
2019-04-09 05:00:00,1.2424764444444498
2019-04-09 06:00:00,3.091105333333308
2019-04-09 07:00:00,0.009706666666666652
2019-04-09 08:00:00,0.0
2019-04-09 09:00:00,0.0
2019-04-09 10:00:00,0.0
2019-04-09 11:00:00,0.0
2019-04-09 12:00:00,3.096963999999998
2019-04-09 13:00:00,24.49061333333334
2019-04-09 14:00:00,45.86240533333346
2019-04-09 15:00:00,88.22093511111098
2019-04-09 16:00:00,77.28378088888877
2019-04-09 17:00:00,68.17565733333306
2019-04-09 18:00:00,38.9570942222222
2019-04-09 19:00:00,46.523157777777826
2019-04-09 20:00:00,52.43439644444429
2019-04-09 21:00:00,52.51761955555562
2019-04-09 22:00:00,32.869639111110985
2019-04-09 23:00:00,14.128192000000098
2019-04-10 00:00:00,20.841883111111088
2019-04-10 01:00:00,14.187113777777801
2019-04-10 02:00:00,9.896114222222142
2019-04-10 03:00:00,15.329599999999886
2019-04-10 04:00:00,14.084413777777648
2019-04-10 05:00:00,5.47426533333332
2019-04-10 06:00:00,0.0
2019-04-10 07:00:00,0.0
2019-04-10 08:00:00,0.0
2019-04-10 09:00:00,0.0
2019-04-10 10:00:00,0.0
2019-04-10 11:00:00,0.0
2019-04-10 12:00:00,1.8997506666666641
2019-04-10 13:00:00,29.158745777777764
2019-04-10 14:00:00,72.01389288888882
2019-04-10 15:00:00,93.21811199999988
2019-04-10 16:00:00,92.70009955555531
2019-04-10 17:00:00,76.26564977777727
2019-04-10 18:00:00,65.13823333333306
2019-04-10 19:00:00,52.612305777777536
2019-04-10 20:00:00,51.86262755555535
2019-04-10 21:00:00,37.95926622222214
2019-04-10 22:00:00,47.867531111110836
2019-04-10 23:00:00,54.19284577777775
2019-04-11 00:00:00,32.062674222222185
2019-04-11 01:00:00,12.550379111111045
2019-04-11 02:00:00,7.542935111111108
2019-04-11 03:00:00,9.688911555555451
2019-04-11 04:00:00,8.286159555555454
2019-04-11 05:00:00,1.035285333333332
2019-04-11 06:00:00,0.0
2019-04-11 07:00:00,0.0
2019-04-11 08:00:00,0.0
2019-04-11 09:00:00,0.0
2019-04-11 10:00:00,0.0
2019-04-11 11:00:00,0.0
2019-04-11 12:00:00,4.3831319999999945
2019-04-11 13:00:00,27.626207555555535
2019-04-11 14:00:00,64.26493377777767
2019-04-11 15:00:00,86.63843644444438
2019-04-11 16:00:00,89.81189244444414
2019-04-11 17:00:00,82.5165177777774
2019-04-11 18:00:00,66.02567688888877
2019-04-11 19:00:00,40.35797999999986
2019-04-11 20:00:00,36.94866933333334
2019-04-11 21:00:00,28.653652444444504
2019-04-11 22:00:00,26.859710222222255
2019-04-11 23:00:00,29.712828888888954
2019-04-12 00:00:00,23.176688888888712
2019-04-12 01:00:00,20.63756933333321
2019-04-12 02:00:00,12.112989777777731
2019-04-12 03:00:00,12.12705288888878
2019-04-12 04:00:00,12.127376444444337
2019-04-12 05:00:00,10.383284888888795
2019-04-12 06:00:00,3.5674888888889127
2019-04-12 07:00:00,0.0
2019-04-12 08:00:00,0.0
2019-04-12 09:00:00,0.0
2019-04-12 10:00:00,0.0
2019-04-12 11:00:00,0.0
2019-04-12 12:00:00,1.2792462222222207
2019-04-12 13:00:00,4.631431999999989
2019-04-12 14:00:00,12.559831555555611
2019-04-12 15:00:00,20.381324888889026
2019-04-12 16:00:00,18.69915377777777
2019-04-12 17:00:00,20.619120888888936
2019-04-12 18:00:00,20.66340177777776
2019-04-12 19:00:00,16.002422222222172
2019-04-12 20:00:00,14.964594666666647
2019-04-12 21:00:00,16.31839733333332
2019-04-12 22:00:00,17.0942026666666
2019-04-12 23:00:00,10.55710933333334
2019-04-13 00:00:00,0.09732088888888776
2019-04-13 01:00:00,0.0
2019-04-13 02:00:00,0.0
2019-04-13 03:00:00,0.0
2019-04-13 04:00:00,0.0
2019-04-13 05:00:00,0.0
2019-04-13 06:00:00,0.0002773333333333333
2019-04-13 07:00:00,0.0
2019-04-13 08:00:00,0.0
2019-04-13 09:00:00,0.0
2019-04-13 10:00:00,0.0
2019-04-13 11:00:00,0.0
2019-04-13 12:00:00,0.0
2019-04-13 13:00:00,0.0
2019-04-13 14:00:00,3.1854333333333016
2019-04-13 15:00:00,6.040972888888852
2019-04-13 16:00:00,6.6815031111110805
2019-04-13 17:00:00,5.60126666666665
2019-04-13 18:00:00,5.21622977777777
2019-04-13 19:00:00,6.57087599999992
2019-04-13 20:00:00,2.085766222222229
2019-04-13 21:00:00,0.0
2019-04-13 22:00:00,0.0
2019-04-13 23:00:00,0.0
2019-04-14 00:00:00,0.0
2019-04-14 01:00:00,0.0
2019-04-14 02:00:00,0.0
2019-04-14 03:00:00,0.0
2019-04-14 04:00:00,0.0
2019-04-14 05:00:00,0.0
2019-04-14 06:00:00,0.0
2019-04-14 07:00:00,0.0
2019-04-14 08:00:00,0.0
2019-04-14 09:00:00,0.0
2019-04-14 10:00:00,0.0
2019-04-14 11:00:00,0.0
2019-04-14 12:00:00,0.0
2019-04-14 13:00:00,0.0
2019-04-14 14:00:00,0.0
2019-04-14 15:00:00,0.0
2019-04-14 16:00:00,0.0
2019-04-14 17:00:00,0.0
2019-04-14 18:00:00,0.0
2019-04-14 19:00:00,0.0
2019-04-14 20:00:00,0.0
2019-04-14 21:00:00,0.0
2019-04-14 22:00:00,0.0
2019-04-14 23:00:00,0.0
2019-04-15 00:00:00,0.0
2019-04-15 01:00:00,0.0
2019-04-15 02:00:00,0.0
2019-04-15 03:00:00,0.0
2019-04-15 04:00:00,0.0
2019-04-15 05:00:00,0.0
2019-04-15 06:00:00,0.0
2019-04-15 07:00:00,0.0
2019-04-15 08:00:00,0.0
2019-04-15 09:00:00,0.0
2019-04-15 10:00:00,0.0
2019-04-15 11:00:00,0.0
2019-04-15 12:00:00,0.0
2019-04-15 13:00:00,0.0
2019-04-15 14:00:00,0.0
2019-04-15 15:00:00,0.0
2019-04-15 16:00:00,14.260578222222225
2019-04-15 17:00:00,96.53312355555516
2019-04-15 18:00:00,81.45310044444416
2019-04-15 19:00:00,74.77064399999982
2019-04-15 20:00:00,73.30112400000006
2019-04-15 21:00:00,59.99603422222217
2019-04-15 22:00:00,46.597217333333255
2019-04-15 23:00:00,46.97384177777778
2019-04-16 00:00:00,29.83786577777776
2019-04-16 01:00:00,19.70085288888884
2019-04-16 02:00:00,12.854850666666657
2019-04-16 03:00:00,7.899874666666667
2019-04-16 04:00:00,6.252624444444431
2019-04-16 05:00:00,6.500127111111029
2019-04-16 06:00:00,6.197059555555544
2019-04-16 07:00:00,3.3579751111111116
2019-04-16 08:00:00,0.0
2019-04-16 09:00:00,0.0
2019-04-16 10:00:00,0.0
2019-04-16 11:00:00,0.0
2019-04-16 12:00:00,0.9354568888888862
2019-04-16 13:00:00,21.18778133333327
2019-04-16 14:00:00,73.22994755555555
2019-04-16 15:00:00,87.31719244444439
2019-04-16 16:00:00,92.73534977777766
2019-04-16 17:00:00,90.2792106666665
2019-04-16 18:00:00,89.75030711111064
2019-04-16 19:00:00,76.83281377777735
2019-04-16 20:00:00,73.53021866666622
2019-04-16 21:00:00,45.063662222222135
2019-04-16 22:00:00,29.355802666666598
2019-04-16 23:00:00,33.08862844444433
2019-04-17 00:00:00,23.177081777777737
2019-04-17 01:00:00,16.602276888888916
2019-04-17 02:00:00,6.805823555555606
2019-04-17 03:00:00,6.395243111111043
2019-04-17 04:00:00,6.495683999999896
2019-04-17 05:00:00,6.492009333333216
2019-04-17 06:00:00,6.495406666666556
2019-04-17 07:00:00,6.341434666666678
2019-04-17 08:00:00,4.510110222222198
2019-04-17 09:00:00,0.0
2019-04-17 10:00:00,0.0
2019-04-17 11:00:00,0.0
2019-04-17 12:00:00,4.253178222222231
2019-04-17 13:00:00,21.08817822222227
2019-04-17 14:00:00,61.76113955555543
2019-04-17 15:00:00,78.91412533333325
2019-04-17 16:00:00,85.33183244444453
2019-04-17 17:00:00,91.83755822222194
2019-04-17 18:00:00,76.63955288888867
2019-04-17 19:00:00,52.80641022222213
2019-04-17 20:00:00,34.18333244444433
2019-04-17 21:00:00,33.05550444444435
2019-04-17 22:00:00,17.72060622222218
2019-04-17 23:00:00,14.996089333333302
2019-04-18 00:00:00,13.016911555555518
2019-04-18 01:00:00,3.4386964444444534
2019-04-18 02:00:00,2.8801066666666313
2019-04-18 03:00:00,2.893187555555569
2019-04-18 04:00:00,2.339127555555552
2019-04-18 05:00:00,0.0
2019-04-18 06:00:00,0.0
2019-04-18 07:00:00,0.0
2019-04-18 08:00:00,0.0
2019-04-18 09:00:00,0.0
2019-04-18 10:00:00,0.0
2019-04-18 11:00:00,0.0
2019-04-18 12:00:00,8.145476444444405
2019-04-18 13:00:00,27.10292577777776
2019-04-18 14:00:00,74.89623555555539
2019-04-18 15:00:00,90.6056839999999
2019-04-18 16:00:00,85.69563599999978
2019-04-18 17:00:00,76.4271906666665
2019-04-18 18:00:00,63.7420564444443
2019-04-18 19:00:00,48.46644399999984
2019-04-18 20:00:00,39.09628666666647
2019-04-18 21:00:00,33.357607111111086
2019-04-18 22:00:00,25.97554844444438
2019-04-18 23:00:00,35.12121022222213
2019-04-19 00:00:00,21.425669777777824
2019-04-19 01:00:00,6.311927555555609
2019-04-19 02:00:00,2.7319586666666744
2019-04-19 03:00:00,3.3045595555555196
2019-04-19 04:00:00,2.951872444444474
2019-04-19 05:00:00,0.0
2019-04-19 06:00:00,0.0
2019-04-19 07:00:00,0.0
2019-04-19 08:00:00,0.0
2019-04-19 09:00:00,0.0
2019-04-19 10:00:00,0.0
2019-04-19 11:00:00,0.19872088888888892
2019-04-19 12:00:00,15.927744444444489
2019-04-19 13:00:00,37.25778044444436
2019-04-19 14:00:00,70.94432222222217
2019-04-19 15:00:00,83.56244000000012
2019-04-19 16:00:00,82.44584399999994
2019-04-19 17:00:00,70.68255422222221
2019-04-19 18:00:00,63.887142222222124
2019-04-19 19:00:00,58.598840444444406
2019-04-19 20:00:00,36.9536671111111
2019-04-19 21:00:00,46.05391555555553
2019-04-19 22:00:00,51.163083111110886
2019-04-19 23:00:00,43.77621155555535
2019-04-20 00:00:00,25.130664000000003
2019-04-20 01:00:00,11.213615111111128
2019-04-20 02:00:00,0.30758577777777774
2019-04-20 03:00:00,1.7114413333333311
2019-04-20 04:00:00,3.2775137777777585
2019-04-20 05:00:00,0.4155031111111116
2019-04-20 06:00:00,0.0
2019-04-20 07:00:00,0.0
2019-04-20 08:00:00,0.0
2019-04-20 09:00:00,0.0
2019-04-20 10:00:00,0.0
2019-04-20 11:00:00,0.0
2019-04-20 12:00:00,0.0
2019-04-20 13:00:00,0.0
2019-04-20 14:00:00,0.0
2019-04-20 15:00:00,0.0
2019-04-20 16:00:00,0.0
2019-04-20 17:00:00,0.0
2019-04-20 18:00:00,0.0
2019-04-20 19:00:00,0.0
2019-04-20 20:00:00,1.5245995555555654
2019-04-20 21:00:00,0.6913053333333328
2019-04-20 22:00:00,0.0
2019-04-20 23:00:00,0.0
2019-04-21 00:00:00,0.0
2019-04-21 01:00:00,0.0
2019-04-21 02:00:00,0.0
2019-04-21 03:00:00,0.0
2019-04-21 04:00:00,0.0
2019-04-21 05:00:00,0.0
2019-04-21 06:00:00,0.0
2019-04-21 07:00:00,0.0
2019-04-21 08:00:00,0.0
2019-04-21 09:00:00,0.0
2019-04-21 10:00:00,0.0
2019-04-21 11:00:00,0.0
2019-04-21 12:00:00,0.0
2019-04-21 13:00:00,0.0
2019-04-21 14:00:00,0.0
2019-04-21 15:00:00,0.0
2019-04-21 16:00:00,0.0
2019-04-21 17:00:00,0.0
2019-04-21 18:00:00,0.0
2019-04-21 19:00:00,0.0
2019-04-21 20:00:00,0.0
2019-04-21 21:00:00,2.86213777777777
2019-04-21 22:00:00,2.157277777777772
2019-04-21 23:00:00,0.009151999999999999
2019-04-22 00:00:00,0.0
2019-04-22 01:00:00,0.0
2019-04-22 02:00:00,0.0
2019-04-22 03:00:00,0.0
2019-04-22 04:00:00,0.0
2019-04-22 05:00:00,0.0
2019-04-22 06:00:00,0.0
2019-04-22 07:00:00,0.0
2019-04-22 08:00:00,0.0
2019-04-22 09:00:00,0.0
2019-04-22 10:00:00,0.0
2019-04-22 11:00:00,0.0
2019-04-22 12:00:00,6.360397333333355
2019-04-22 13:00:00,29.012365777777767
2019-04-22 14:00:00,82.24215999999994
2019-04-22 15:00:00,89.85667599999977
2019-04-22 16:00:00,91.91084933333309
2019-04-22 17:00:00,85.90896311111091
2019-04-22 18:00:00,79.7560515555551
2019-04-22 19:00:00,62.50298888888877
2019-04-22 20:00:00,42.405607111111216
2019-04-22 21:00:00,36.86382266666652
2019-04-22 22:00:00,44.71533155555542
2019-04-22 23:00:00,43.74069555555549
2019-04-23 00:00:00,23.209940000000007
2019-04-23 01:00:00,12.765849777777781
2019-04-23 02:00:00,8.997507999999936
2019-04-23 03:00:00,2.2535182222222265
2019-04-23 04:00:00,2.7364537777777502
2019-04-23 05:00:00,2.599098666666641
2019-04-23 06:00:00,0.0
2019-04-23 07:00:00,0.0
2019-04-23 08:00:00,0.0
2019-04-23 09:00:00,0.0
2019-04-23 10:00:00,0.0
2019-04-23 11:00:00,0.0
2019-04-23 12:00:00,6.727534666666664
2019-04-23 13:00:00,29.301728444444453
2019-04-23 14:00:00,83.49937555555546
2019-04-23 15:00:00,87.46685999999987
2019-04-23 16:00:00,77.78547111111085
2019-04-23 17:00:00,60.39120533333297
2019-04-23 18:00:00,58.60841422222198
2019-04-23 19:00:00,59.27005066666644
2019-04-23 20:00:00,38.00299244444442
2019-04-23 21:00:00,29.11514088888882
2019-04-23 22:00:00,26.346551111111157
2019-04-23 23:00:00,27.455994222222174
2019-04-24 00:00:00,17.85476044444446
2019-04-24 01:00:00,15.214599111111088
2019-04-24 02:00:00,16.299769777777897
2019-04-24 03:00:00,9.978540000000045
2019-04-24 04:00:00,7.282767555555553
2019-04-24 05:00:00,3.400511111111105
2019-04-24 06:00:00,0.0
2019-04-24 07:00:00,0.0
2019-04-24 08:00:00,0.0
2019-04-24 09:00:00,0.0
2019-04-24 10:00:00,0.0
2019-04-24 11:00:00,0.0
2019-04-24 12:00:00,0.014438666666666667
2019-04-24 13:00:00,22.707469777777796
2019-04-24 14:00:00,78.11828844444425
2019-04-24 15:00:00,87.1052808888888
2019-04-24 16:00:00,85.46246222222221
2019-04-24 17:00:00,77.38642888888886
2019-04-24 18:00:00,79.06944933333318
2019-04-24 19:00:00,74.24394177777765
2019-04-24 20:00:00,70.16949333333304
2019-04-24 21:00:00,66.41214666666647
2019-04-24 22:00:00,70.91998622222202
2019-04-24 23:00:00,66.4992928888889
2019-04-25 00:00:00,35.00117688888883
2019-04-25 01:00:00,16.25407333333317
2019-04-25 02:00:00,9.099289333333289
2019-04-25 03:00:00,1.5127608888888875
2019-04-25 04:00:00,0.0
2019-04-25 05:00:00,1.9526173333333476
2019-04-25 06:00:00,3.265738666666639
2019-04-25 07:00:00,0.4282604444444443
2019-04-25 08:00:00,0.0
2019-04-25 09:00:00,0.0
2019-04-25 10:00:00,0.0
2019-04-25 11:00:00,0.0
2019-04-25 12:00:00,1.0763306666666643
2019-04-25 13:00:00,27.641784444444486
2019-04-25 14:00:00,72.32315999999992
2019-04-25 15:00:00,91.49434088888881
2019-04-25 16:00:00,83.731226222222
2019-04-25 17:00:00,71.9058657777775
2019-04-25 18:00:00,56.01379333333307
2019-04-25 19:00:00,48.272564888888866
2019-04-25 20:00:00,44.280247555555334
2019-04-25 21:00:00,27.677641333333174
2019-04-25 22:00:00,22.411601333333227
2019-04-25 23:00:00,22.863781777777785
2019-04-26 00:00:00,18.138570666666606
2019-04-26 01:00:00,13.782513333333224
2019-04-26 02:00:00,4.736292888888879
2019-04-26 03:00:00,0.0
2019-04-26 04:00:00,2.709962666666664
2019-04-26 05:00:00,2.945291555555524
2019-04-26 06:00:00,0.0
2019-04-26 07:00:00,0.0
2019-04-26 08:00:00,0.0
2019-04-26 09:00:00,0.0
2019-04-26 10:00:00,0.0
2019-04-26 11:00:00,0.0
2019-04-26 12:00:00,0.6454875555555544
2019-04-26 13:00:00,3.105515111111147
2019-04-26 14:00:00,6.258592888888909
2019-04-26 15:00:00,16.933609333333344
2019-04-26 16:00:00,22.395596888888992
2019-04-26 17:00:00,32.886446666666735
2019-04-26 18:00:00,31.592097333333356
2019-04-26 19:00:00,24.26685733333333
2019-04-26 20:00:00,22.492605777777733
2019-04-26 21:00:00,20.40003333333331
2019-04-26 22:00:00,11.839747111111132
2019-04-26 23:00:00,9.496228444444398
2019-04-27 00:00:00,6.1615031111111165
2019-04-27 01:00:00,0.03634222222222221
2019-04-27 02:00:00,0.0
2019-04-27 03:00:00,0.0
2019-04-27 04:00:00,0.0
2019-04-27 05:00:00,0.0
2019-04-27 06:00:00,0.0
2019-04-27 07:00:00,0.0
2019-04-27 08:00:00,0.0
2019-04-27 09:00:00,0.0
2019-04-27 10:00:00,0.0
2019-04-27 11:00:00,0.0
2019-04-27 12:00:00,0.0
2019-04-27 13:00:00,0.0
2019-04-27 14:00:00,0.0
2019-04-27 15:00:00,0.0
2019-04-27 16:00:00,0.0
2019-04-27 17:00:00,0.0
2019-04-27 18:00:00,0.0
2019-04-27 19:00:00,3.759888888888908
2019-04-27 20:00:00,6.285598222222263
2019-04-27 21:00:00,9.067372888888926
2019-04-27 22:00:00,10.036566222222302
2019-04-27 23:00:00,3.9436857777777825
2019-04-28 00:00:00,0.0
2019-04-28 01:00:00,0.0
2019-04-28 02:00:00,0.0
2019-04-28 03:00:00,0.0
2019-04-28 04:00:00,0.0
2019-04-28 05:00:00,0.0
2019-04-28 06:00:00,0.0
2019-04-28 07:00:00,0.0
2019-04-28 08:00:00,0.0
2019-04-28 09:00:00,0.0
2019-04-28 10:00:00,0.0
2019-04-28 11:00:00,0.0
2019-04-28 12:00:00,0.0
2019-04-28 13:00:00,0.0
2019-04-28 14:00:00,0.0
2019-04-28 15:00:00,0.0
2019-04-28 16:00:00,0.0
2019-04-28 17:00:00,0.0
2019-04-28 18:00:00,0.0
2019-04-28 19:00:00,0.0
2019-04-28 20:00:00,0.0
2019-04-28 21:00:00,0.0
2019-04-28 22:00:00,0.0
2019-04-28 23:00:00,0.0
2019-04-29 00:00:00,0.0
2019-04-29 01:00:00,0.0
2019-04-29 02:00:00,0.0
2019-04-29 03:00:00,0.0
2019-04-29 04:00:00,0.0
2019-04-29 05:00:00,0.0
2019-04-29 06:00:00,0.0
2019-04-29 07:00:00,0.0
2019-04-29 08:00:00,0.0
2019-04-29 09:00:00,0.0
2019-04-29 10:00:00,0.0
2019-04-29 11:00:00,0.0
2019-04-29 12:00:00,2.8582955555555554
2019-04-29 13:00:00,31.133243555555485
2019-04-29 14:00:00,79.23253866666641
2019-04-29 15:00:00,102.47483422222194
2019-04-29 16:00:00,98.68732755555519
2019-04-29 17:00:00,91.8102062222221
2019-04-29 18:00:00,61.38407599999966
2019-04-29 19:00:00,46.889717333333074
2019-04-29 20:00:00,40.72109599999976
2019-04-29 21:00:00,37.9218839999997
2019-04-29 22:00:00,43.726129777777544
2019-04-29 23:00:00,54.97374711111087
2019-04-30 00:00:00,32.696825777777654
2019-04-30 01:00:00,19.211411555555454
2019-04-30 02:00:00,4.455729777777786
2019-04-30 03:00:00,3.135501777777782
2019-04-30 04:00:00,4.203789777777791
2019-04-30 05:00:00,2.171156000000016
2019-04-30 06:00:00,0.0
2019-04-30 07:00:00,0.0
2019-04-30 08:00:00,0.0
2019-04-30 09:00:00,0.0
2019-04-30 10:00:00,0.0
2019-04-30 11:00:00,0.0
2019-04-30 12:00:00,0.0
2019-04-30 13:00:00,13.415878666666666
2019-04-30 14:00:00,82.94641333333314
2019-04-30 15:00:00,97.13027422222183
2019-04-30 16:00:00,97.60856444444428
2019-04-30 17:00:00,89.1935951111108
2019-04-30 18:00:00,77.51171422222204
2019-04-30 19:00:00,61.66910533333298
2019-04-30 20:00:00,56.26001333333327
2019-04-30 21:00:00,45.589197333333246
2019-04-30 22:00:00,40.79655955555551
2019-04-30 23:00:00,35.161764444444415
2019-05-01 00:00:00,22.926245333333252
2019-05-01 01:00:00,6.966867555555515
2019-05-01 02:00:00,0.7088697777777775
2019-05-01 03:00:00,1.2230804444444454
2019-05-01 04:00:00,2.8469999999999884
2019-05-01 05:00:00,1.7631177777777747
2019-05-01 06:00:00,0.07369555555555561
2019-05-01 07:00:00,0.0
2019-05-01 08:00:00,0.0
2019-05-01 09:00:00,0.0
2019-05-01 10:00:00,0.0
2019-05-01 11:00:00,0.0
2019-05-01 12:00:00,4.065885777777783
2019-05-01 13:00:00,31.839975555555593
2019-05-01 14:00:00,76.79973599999997
2019-05-01 15:00:00,78.19796977777777
2019-05-01 16:00:00,97.02363377777758
2019-05-01 17:00:00,96.5693675555553
2019-05-01 18:00:00,87.37824044444419
2019-05-01 19:00:00,61.86943822222197
2019-05-01 20:00:00,46.172284888888676
2019-05-01 21:00:00,39.352721777777454
2019-05-01 22:00:00,47.39768222222214
2019-05-01 23:00:00,44.00949511111108
2019-05-02 00:00:00,35.836510666666626
2019-05-02 01:00:00,15.744941333333255
2019-05-02 02:00:00,5.811704888888868
2019-05-02 03:00:00,1.9288995555555433
2019-05-02 04:00:00,0.0
2019-05-02 05:00:00,0.0
2019-05-02 06:00:00,0.0
2019-05-02 07:00:00,0.0
2019-05-02 08:00:00,0.0
2019-05-02 09:00:00,0.0
2019-05-02 10:00:00,0.0
2019-05-02 11:00:00,0.0
2019-05-02 12:00:00,5.3794751111111285
2019-05-02 13:00:00,41.41680977777781
2019-05-02 14:00:00,82.68120755555556
2019-05-02 15:00:00,90.55737599999972
2019-05-02 16:00:00,96.04130177777748
2019-05-02 17:00:00,90.78632044444379
2019-05-02 18:00:00,75.74492177777779
2019-05-02 19:00:00,66.88940266666663
2019-05-02 20:00:00,57.4206706666667
2019-05-02 21:00:00,25.89510444444445
2019-05-02 22:00:00,26.442797333333324
2019-05-02 23:00:00,24.352056444444482
2019-05-03 00:00:00,19.625273777777792
2019-05-03 01:00:00,19.74831733333334
2019-05-03 02:00:00,8.719666222222255
2019-05-03 03:00:00,0.0
2019-05-03 04:00:00,0.0
2019-05-03 05:00:00,0.0
2019-05-03 06:00:00,0.0
2019-05-03 07:00:00,0.0
2019-05-03 08:00:00,0.0
2019-05-03 09:00:00,0.0
2019-05-03 10:00:00,0.0
2019-05-03 11:00:00,0.0
2019-05-03 12:00:00,8.868553777777766
2019-05-03 13:00:00,42.38913466666672
2019-05-03 14:00:00,86.90224977777775
2019-05-03 15:00:00,87.21312888888885
2019-05-03 16:00:00,85.10733688888901
2019-05-03 17:00:00,79.0621751111109
2019-05-03 18:00:00,54.29122977777761
2019-05-03 19:00:00,33.54166399999996
2019-05-03 20:00:00,43.33105688888885
2019-05-03 21:00:00,43.16414844444437
2019-05-03 22:00:00,34.76730399999995
2019-05-03 23:00:00,33.330699999999986
2019-05-04 00:00:00,22.12597688888887
2019-05-04 01:00:00,11.103502222222266
2019-05-04 02:00:00,3.546989333333356
2019-05-04 03:00:00,1.5788182222222258
2019-05-04 04:00:00,0.0
2019-05-04 05:00:00,0.0
2019-05-04 06:00:00,0.07752044444444443
2019-05-04 07:00:00,6.098045777777822
2019-05-04 08:00:00,6.024974222222199
2019-05-04 09:00:00,4.586815999999958
2019-05-04 10:00:00,0.0
2019-05-04 11:00:00,0.0
2019-05-04 12:00:00,0.9316840000000011
2019-05-04 13:00:00,3.246036444444434
2019-05-04 14:00:00,5.291433333333322
2019-05-04 15:00:00,4.324192888888883
2019-05-04 16:00:00,4.190714666666686
2019-05-04 17:00:00,5.400777777777801
2019-05-04 18:00:00,6.642237333333334
2019-05-04 19:00:00,6.960350222222226
2019-05-04 20:00:00,4.352163111111156
2019-05-04 21:00:00,3.8820253333333508
2019-05-04 22:00:00,5.603335111111088
2019-05-04 23:00:00,4.678601777777771
2019-05-05 00:00:00,4.487859999999987
2019-05-05 01:00:00,1.0857426666666696
2019-05-05 02:00:00,0.0
2019-05-05 03:00:00,0.0
2019-05-05 04:00:00,0.0
2019-05-05 05:00:00,0.0
2019-05-05 06:00:00,0.0
2019-05-05 07:00:00,0.0
2019-05-05 08:00:00,0.0
2019-05-05 09:00:00,0.0
2019-05-05 10:00:00,0.0
2019-05-05 11:00:00,0.0
2019-05-05 12:00:00,0.0
2019-05-05 13:00:00,0.0
2019-05-05 14:00:00,0.0
2019-05-05 15:00:00,0.0
2019-05-05 16:00:00,0.0
2019-05-05 17:00:00,0.0
2019-05-05 18:00:00,0.0
2019-05-05 19:00:00,2.3263066666666656
2019-05-05 20:00:00,0.0
2019-05-05 21:00:00,0.0
2019-05-05 22:00:00,0.0
2019-05-05 23:00:00,1.255488
2019-05-06 00:00:00,5.114101777777784
2019-05-06 01:00:00,5.181846222222279
2019-05-06 02:00:00,0.0
2019-05-06 03:00:00,0.0
2019-05-06 04:00:00,0.0
2019-05-06 05:00:00,0.0
2019-05-06 06:00:00,0.0
2019-05-06 07:00:00,0.0
2019-05-06 08:00:00,0.0
2019-05-06 09:00:00,0.0
2019-05-06 10:00:00,0.0
2019-05-06 11:00:00,0.0
2019-05-06 12:00:00,5.316688000000005
2019-05-06 13:00:00,27.28980800000003
2019-05-06 14:00:00,83.32949155555555
2019-05-06 15:00:00,94.69823422222213
2019-05-06 16:00:00,88.78697244444413
2019-05-06 17:00:00,83.68529866666636
2019-05-06 18:00:00,75.4846328888886
2019-05-06 19:00:00,61.65324533333314
2019-05-06 20:00:00,48.39233244444432
2019-05-06 21:00:00,36.05268622222209
2019-05-06 22:00:00,30.18911999999989
2019-05-06 23:00:00,26.868440444444417
2019-05-07 00:00:00,27.879921333333208
2019-05-07 01:00:00,20.908217777777736
2019-05-07 02:00:00,11.295451555555502
2019-05-07 03:00:00,12.656921333333337
2019-05-07 04:00:00,6.430233333333273
2019-05-07 05:00:00,5.48288577777772
2019-05-07 06:00:00,0.0
2019-05-07 07:00:00,0.0
2019-05-07 08:00:00,0.0
2019-05-07 09:00:00,0.0
2019-05-07 10:00:00,0.0
2019-05-07 11:00:00,0.0
2019-05-07 12:00:00,1.2969377777777762
2019-05-07 13:00:00,31.615341333333348
2019-05-07 14:00:00,74.45038755555541
2019-05-07 15:00:00,89.05513644444422
2019-05-07 16:00:00,81.16578888888853
2019-05-07 17:00:00,54.300121777777676
2019-05-07 18:00:00,30.076083555555442
2019-05-07 19:00:00,31.030936444444194
2019-05-07 20:00:00,31.06531422222205
2019-05-07 21:00:00,27.73349511111113
2019-05-07 22:00:00,26.893209777777745
2019-05-07 23:00:00,22.987622666666688
2019-05-08 00:00:00,20.000078222222207
2019-05-08 01:00:00,1.8932159999999993
2019-05-08 02:00:00,0.0
2019-05-08 03:00:00,0.0
2019-05-08 04:00:00,0.0
2019-05-08 05:00:00,0.0
2019-05-08 06:00:00,0.0
2019-05-08 07:00:00,0.0
2019-05-08 08:00:00,0.0
2019-05-08 09:00:00,0.0
2019-05-08 10:00:00,0.0
2019-05-08 11:00:00,0.0
2019-05-08 12:00:00,2.2616995555555595
2019-05-08 13:00:00,37.975235999999846
2019-05-08 14:00:00,82.05981333333305
2019-05-08 15:00:00,96.3391751111109
2019-05-08 16:00:00,100.7024777777777
2019-05-08 17:00:00,76.57301599999975
2019-05-08 18:00:00,58.22847911111086
2019-05-08 19:00:00,49.32948799999976
2019-05-08 20:00:00,48.62075111111073
2019-05-08 21:00:00,47.32281955555534
2019-05-08 22:00:00,45.89596266666663
2019-05-08 23:00:00,40.48009333333328
2019-05-09 00:00:00,37.85873866666662
2019-05-09 01:00:00,32.96129200000008
2019-05-09 02:00:00,16.218389777777666
2019-05-09 03:00:00,9.198412888888907
2019-05-09 04:00:00,6.419867999999938
2019-05-09 05:00:00,6.439044444444383
2019-05-09 06:00:00,0.44873111111111097
2019-05-09 07:00:00,0.0
2019-05-09 08:00:00,0.0
2019-05-09 09:00:00,0.0
2019-05-09 10:00:00,0.0
2019-05-09 11:00:00,0.0
2019-05-09 12:00:00,7.518258222222227
2019-05-09 13:00:00,33.11555288888886
2019-05-09 14:00:00,87.05582311111101
2019-05-09 15:00:00,97.87678622222205
2019-05-09 16:00:00,102.22745288888858
2019-05-09 17:00:00,92.29521022222181
2019-05-09 18:00:00,69.13023288888873
2019-05-09 19:00:00,49.61511244444448
2019-05-09 20:00:00,48.79291155555539
2019-05-09 21:00:00,31.166171111111076
2019-05-09 22:00:00,27.616339111111117
2019-05-09 23:00:00,25.53618311111104
2019-05-10 00:00:00,28.835161333333232
2019-05-10 01:00:00,20.69909688888884
2019-05-10 02:00:00,12.629661777777677
2019-05-10 03:00:00,1.6376822222222265
2019-05-10 04:00:00,0.0
2019-05-10 05:00:00,0.0
2019-05-10 06:00:00,0.0
2019-05-10 07:00:00,0.0
2019-05-10 08:00:00,0.0
2019-05-10 09:00:00,0.0
2019-05-10 10:00:00,0.0
2019-05-10 11:00:00,0.0
2019-05-10 12:00:00,0.8214786666666676
2019-05-10 13:00:00,6.226716888888964
2019-05-10 14:00:00,8.554450666666677
2019-05-10 15:00:00,15.725140888888852
2019-05-10 16:00:00,31.09080577777762
2019-05-10 17:00:00,40.993356444444395
2019-05-10 18:00:00,47.274130222222205
2019-05-10 19:00:00,42.31148133333342
2019-05-10 20:00:00,34.33930933333325
2019-05-10 21:00:00,31.04744355555551
2019-05-10 22:00:00,17.852928888888865
2019-05-10 23:00:00,10.05658622222216
2019-05-11 00:00:00,5.493499555555532
2019-05-11 01:00:00,0.29605333333333317
2019-05-11 02:00:00,0.0
2019-05-11 03:00:00,0.0
2019-05-11 04:00:00,0.0
2019-05-11 05:00:00,0.0
2019-05-11 06:00:00,0.0
2019-05-11 07:00:00,0.0
2019-05-11 08:00:00,0.0
2019-05-11 09:00:00,0.0
2019-05-11 10:00:00,0.0
2019-05-11 11:00:00,0.0
2019-05-11 12:00:00,0.0
2019-05-11 13:00:00,2.5151880000000015
2019-05-11 14:00:00,6.525335555555503
2019-05-11 15:00:00,11.016610222222287
2019-05-11 16:00:00,5.606495555555538
2019-05-11 17:00:00,5.406376444444437
2019-05-11 18:00:00,0.0
2019-05-11 19:00:00,0.8259911111111071
2019-05-11 20:00:00,3.117168888888921
2019-05-11 21:00:00,3.961995555555557
2019-05-11 22:00:00,3.1619408888888962
2019-05-11 23:00:00,3.1517488888889007
2019-05-12 00:00:00,3.0174271111111253
2019-05-12 01:00:00,0.3227928888888889
2019-05-12 02:00:00,0.0
2019-05-12 03:00:00,0.0
2019-05-12 04:00:00,0.0
2019-05-12 05:00:00,0.0
2019-05-12 06:00:00,0.0
2019-05-12 07:00:00,0.0
2019-05-12 08:00:00,0.0
2019-05-12 09:00:00,0.0
2019-05-12 10:00:00,0.0
2019-05-12 11:00:00,0.0
2019-05-12 12:00:00,0.0
2019-05-12 13:00:00,0.0
2019-05-12 14:00:00,0.0
2019-05-12 15:00:00,2.445773777777771
2019-05-12 16:00:00,0.2142168888888888
2019-05-12 17:00:00,0.0
2019-05-12 18:00:00,0.5634315555555551
2019-05-12 19:00:00,9.348536888888871
2019-05-12 20:00:00,11.686127555555556
2019-05-12 21:00:00,7.9056235555555325
2019-05-12 22:00:00,8.356873777777738
2019-05-12 23:00:00,3.154198666666679
2019-05-13 00:00:00,3.1518124444444586
2019-05-13 01:00:00,1.4636440000000073
2019-05-13 02:00:00,0.0
2019-05-13 03:00:00,0.0
2019-05-13 04:00:00,0.0
2019-05-13 05:00:00,0.0
2019-05-13 06:00:00,0.0
2019-05-13 07:00:00,0.0
2019-05-13 08:00:00,0.0
2019-05-13 09:00:00,0.0
2019-05-13 10:00:00,0.0
2019-05-13 11:00:00,0.0
2019-05-13 12:00:00,4.555471555555554
2019-05-13 13:00:00,34.183344000000005
2019-05-13 14:00:00,75.0461400000001
2019-05-13 15:00:00,82.72614711111098
2019-05-13 16:00:00,83.2659648888886
2019-05-13 17:00:00,83.13125599999965
2019-05-13 18:00:00,76.4518906666664
2019-05-13 19:00:00,62.46078222222215
2019-05-13 20:00:00,51.69021288888868
2019-05-13 21:00:00,50.550540444444266
2019-05-13 22:00:00,41.367981777777615
2019-05-13 23:00:00,60.07105288888897
2019-05-14 00:00:00,37.69758488888885
2019-05-14 01:00:00,18.635499999999986
2019-05-14 02:00:00,7.108538666666658
2019-05-14 03:00:00,0.6186151111110884
2019-05-14 04:00:00,2.1959426666666633
2019-05-14 05:00:00,6.130805777777796
2019-05-14 06:00:00,2.3795257777777596
2019-05-14 07:00:00,0.10446799999999994
2019-05-14 08:00:00,0.0
2019-05-14 09:00:00,0.0
2019-05-14 10:00:00,0.0
2019-05-14 11:00:00,0.0
2019-05-14 12:00:00,8.292809777777759
2019-05-14 13:00:00,33.093071555555426
2019-05-14 14:00:00,79.22247377777784
2019-05-14 15:00:00,89.07922399999998
2019-05-14 16:00:00,88.5502106666666
2019-05-14 17:00:00,73.24416666666656
2019-05-14 18:00:00,48.42974933333325
2019-05-14 19:00:00,56.41712844444429
2019-05-14 20:00:00,50.60733599999985
2019-05-14 21:00:00,43.56825777777771
2019-05-14 22:00:00,56.14854266666675
2019-05-14 23:00:00,52.72336044444441
2019-05-15 00:00:00,49.527862222222076
2019-05-15 01:00:00,26.1448777777776
2019-05-15 02:00:00,6.553767999999936
2019-05-15 03:00:00,6.3737439999999825
2019-05-15 04:00:00,3.545504444444421
2019-05-15 05:00:00,0.0
2019-05-15 06:00:00,0.0
2019-05-15 07:00:00,0.0
2019-05-15 08:00:00,0.0
2019-05-15 09:00:00,0.0
2019-05-15 10:00:00,0.0
2019-05-15 11:00:00,0.0
2019-05-15 12:00:00,0.0
2019-05-15 13:00:00,32.551682222222254
2019-05-15 14:00:00,86.09858399999979
2019-05-15 15:00:00,84.0277764444441
2019-05-15 16:00:00,88.99229733333286
2019-05-15 17:00:00,86.90145244444405
2019-05-15 18:00:00,73.06244977777753
2019-05-15 19:00:00,60.28663911111078
2019-05-15 20:00:00,40.14482622222217
2019-05-15 21:00:00,26.911115111110934
2019-05-15 22:00:00,31.571430222221984
2019-05-15 23:00:00,43.50131644444431
2019-05-16 00:00:00,32.850046666666515
2019-05-16 01:00:00,18.972679555555448
2019-05-16 02:00:00,11.0955057777777
2019-05-16 03:00:00,9.044903111111049
2019-05-16 04:00:00,7.9660417777776935
2019-05-16 05:00:00,6.560279555555579
2019-05-16 06:00:00,1.9812751111111166
2019-05-16 07:00:00,0.0755155555555555
2019-05-16 08:00:00,0.0
2019-05-16 09:00:00,0.0
2019-05-16 10:00:00,0.0
2019-05-16 11:00:00,0.0
2019-05-16 12:00:00,4.6756782222221815
2019-05-16 13:00:00,16.67825466666673
2019-05-16 14:00:00,61.48760799999985
2019-05-16 15:00:00,76.36388933333299
2019-05-16 16:00:00,68.83235955555527
2019-05-16 17:00:00,58.005497333333
2019-05-16 18:00:00,42.617588000000154
2019-05-16 19:00:00,31.581743555555462
2019-05-16 20:00:00,29.330790666666555
2019-05-16 21:00:00,30.888323555555367
2019-05-16 22:00:00,31.71598444444437
2019-05-16 23:00:00,34.61759599999996
2019-05-17 00:00:00,38.669776888888784
2019-05-17 01:00:00,20.346444444444426
2019-05-17 02:00:00,15.197011555555507
2019-05-17 03:00:00,15.419415555555451
2019-05-17 04:00:00,10.393794666666684
2019-05-17 05:00:00,2.600167555555558
2019-05-17 06:00:00,0.0
2019-05-17 07:00:00,0.0
2019-05-17 08:00:00,0.0
2019-05-17 09:00:00,0.0
2019-05-17 10:00:00,0.0
2019-05-17 11:00:00,0.0
2019-05-17 12:00:00,0.10221466666666663
2019-05-17 13:00:00,21.283548000000017
2019-05-17 14:00:00,78.51142577777763
2019-05-17 15:00:00,89.8195537777776
2019-05-17 16:00:00,81.64150222222213
2019-05-17 17:00:00,69.42210311111074
2019-05-17 18:00:00,58.23840533333307
2019-05-17 19:00:00,47.17577511111089
2019-05-17 20:00:00,27.782473333333243
2019-05-17 21:00:00,22.86954799999997
2019-05-17 22:00:00,38.445500888888866
2019-05-17 23:00:00,36.146407555555584
2019-05-18 00:00:00,21.66160533333327
2019-05-18 01:00:00,0.5186942222222221
2019-05-18 02:00:00,0.0
2019-05-18 03:00:00,0.0
2019-05-18 04:00:00,0.0
2019-05-18 05:00:00,0.0
2019-05-18 06:00:00,0.0
2019-05-18 07:00:00,0.0
2019-05-18 08:00:00,0.0
2019-05-18 09:00:00,0.0
2019-05-18 10:00:00,0.0
2019-05-18 11:00:00,0.0
2019-05-18 12:00:00,0.0
2019-05-18 13:00:00,0.0
2019-05-18 14:00:00,0.0
2019-05-18 15:00:00,0.0
2019-05-18 16:00:00,3.5294191111111126
2019-05-18 17:00:00,3.1133324444444375
2019-05-18 18:00:00,1.369789777777779
2019-05-18 19:00:00,6.515259111111116
2019-05-18 20:00:00,10.145985777777739
2019-05-18 21:00:00,7.283686222222158
2019-05-18 22:00:00,6.426096444444412
2019-05-18 23:00:00,2.3768275555555536
2019-05-19 00:00:00,0.0
2019-05-19 01:00:00,0.0
2019-05-19 02:00:00,0.0
2019-05-19 03:00:00,0.0
2019-05-19 04:00:00,0.0
2019-05-19 05:00:00,0.0
2019-05-19 06:00:00,0.0
2019-05-19 07:00:00,0.0
2019-05-19 08:00:00,0.0
2019-05-19 09:00:00,0.0
2019-05-19 10:00:00,0.0
2019-05-19 11:00:00,0.0
2019-05-19 12:00:00,0.0
2019-05-19 13:00:00,0.0
2019-05-19 14:00:00,2.7450915555555366
2019-05-19 15:00:00,6.879888888888929
2019-05-19 16:00:00,14.30877644444438
2019-05-19 17:00:00,17.87428355555547
2019-05-19 18:00:00,11.459765777777735
2019-05-19 19:00:00,10.295901777777768
2019-05-19 20:00:00,3.4945097777777727
2019-05-19 21:00:00,0.011659555555555558
2019-05-19 22:00:00,0.005916444444444445
2019-05-19 23:00:00,0.0
2019-05-20 00:00:00,0.0
2019-05-20 01:00:00,0.0
2019-05-20 02:00:00,0.0
2019-05-20 03:00:00,0.0
2019-05-20 04:00:00,0.0
2019-05-20 05:00:00,0.0
2019-05-20 06:00:00,0.0
2019-05-20 07:00:00,0.0
2019-05-20 08:00:00,0.0
2019-05-20 09:00:00,0.0
2019-05-20 10:00:00,0.0
2019-05-20 11:00:00,0.0
2019-05-20 12:00:00,1.1631648888888875
2019-05-20 13:00:00,31.658582222222236
2019-05-20 14:00:00,93.48906088888894
2019-05-20 15:00:00,101.47110133333321
2019-05-20 16:00:00,99.75809422222214
2019-05-20 17:00:00,93.90837733333318
2019-05-20 18:00:00,81.7519906666665
2019-05-20 19:00:00,74.64738666666612
2019-05-20 20:00:00,47.17318088888863
2019-05-20 21:00:00,33.54944666666652
2019-05-20 22:00:00,32.4831866666665
2019-05-20 23:00:00,22.545183555555447
2019-05-21 00:00:00,21.520471555555485
2019-05-21 01:00:00,21.816305333333244
2019-05-21 02:00:00,11.579313777777756
2019-05-21 03:00:00,6.50292355555548
2019-05-21 04:00:00,6.480199555555558
2019-05-21 05:00:00,6.488340444444383
2019-05-21 06:00:00,2.5534715555555603
2019-05-21 07:00:00,0.0
2019-05-21 08:00:00,0.0
2019-05-21 09:00:00,0.0
2019-05-21 10:00:00,0.0
2019-05-21 11:00:00,0.0
2019-05-21 12:00:00,1.8379111111111135
2019-05-21 13:00:00,37.9061799999999
2019-05-21 14:00:00,79.09568044444424
2019-05-21 15:00:00,86.47458444444436
2019-05-21 16:00:00,84.68284933333317
2019-05-21 17:00:00,65.96970177777753
2019-05-21 18:00:00,56.44347511111084
2019-05-21 19:00:00,37.80092622222199
2019-05-21 20:00:00,33.276024888888834
2019-05-21 21:00:00,32.66509422222217
2019-05-21 22:00:00,31.02123555555555
2019-05-21 23:00:00,29.70733999999984
2019-05-22 00:00:00,11.360561333333298
2019-05-22 01:00:00,0.042050666666666604
2019-05-22 02:00:00,0.0
2019-05-22 03:00:00,0.0
2019-05-22 04:00:00,0.0
2019-05-22 05:00:00,0.0
2019-05-22 06:00:00,0.0
2019-05-22 07:00:00,0.0
2019-05-22 08:00:00,0.0
2019-05-22 09:00:00,0.0
2019-05-22 10:00:00,0.0
2019-05-22 11:00:00,0.0
2019-05-22 12:00:00,1.1430582222222228
2019-05-22 13:00:00,19.798705333333285
2019-05-22 14:00:00,67.13981733333324
2019-05-22 15:00:00,79.85563733333304
2019-05-22 16:00:00,75.38549777777749
2019-05-22 17:00:00,73.12167777777752
2019-05-22 18:00:00,67.17793333333299
2019-05-22 19:00:00,44.28577111111085
2019-05-22 20:00:00,45.25329466666635
2019-05-22 21:00:00,34.60322088888898
2019-05-22 22:00:00,16.646800444444416
2019-05-22 23:00:00,19.46060133333339
2019-05-23 00:00:00,13.352063111111057
2019-05-23 01:00:00,9.77645066666662
2019-05-23 02:00:00,3.9485159999999664
2019-05-23 03:00:00,0.1521231111111112
2019-05-23 04:00:00,0.0
2019-05-23 05:00:00,0.0
2019-05-23 06:00:00,0.0
2019-05-23 07:00:00,0.0
2019-05-23 08:00:00,0.0
2019-05-23 09:00:00,0.0
2019-05-23 10:00:00,0.0
2019-05-23 11:00:00,0.0
2019-05-23 12:00:00,0.8917017777777803
2019-05-23 13:00:00,25.71134222222219
2019-05-23 14:00:00,63.16671111111122
2019-05-23 15:00:00,86.46130711111095
2019-05-23 16:00:00,82.7558391111109
2019-05-23 17:00:00,68.63157599999977
2019-05-23 18:00:00,50.36423022222208
2019-05-23 19:00:00,33.643514666666626
2019-05-23 20:00:00,31.181256888888907
2019-05-23 21:00:00,18.74979599999995
2019-05-23 22:00:00,23.172130222222226
2019-05-23 23:00:00,37.634191111110916
2019-05-24 00:00:00,35.97517155555546
2019-05-24 01:00:00,21.17768755555549
2019-05-24 02:00:00,17.374332444444356
2019-05-24 03:00:00,9.308092444444451
2019-05-24 04:00:00,0.0
2019-05-24 05:00:00,0.0
2019-05-24 06:00:00,0.0
2019-05-24 07:00:00,0.0
2019-05-24 08:00:00,0.0
2019-05-24 09:00:00,0.0
2019-05-24 10:00:00,0.0
2019-05-24 11:00:00,0.0
2019-05-24 12:00:00,0.0
2019-05-24 13:00:00,0.1597497777777777
2019-05-24 14:00:00,10.265354666666639
2019-05-24 15:00:00,27.59839333333321
2019-05-24 16:00:00,31.609424888888828
2019-05-24 17:00:00,29.78409777777766
2019-05-24 18:00:00,31.534700888888818
2019-05-24 19:00:00,30.83659511111106
2019-05-24 20:00:00,20.552092888888886
2019-05-24 21:00:00,20.336651111111095
2019-05-24 22:00:00,15.226830666666611
2019-05-24 23:00:00,18.77522399999993
2019-05-25 00:00:00,15.320621333333325
2019-05-25 01:00:00,3.3286297777777842
2019-05-25 02:00:00,0.0
2019-05-25 03:00:00,0.0
2019-05-25 04:00:00,0.0
2019-05-25 05:00:00,0.0
2019-05-25 06:00:00,0.0
2019-05-25 07:00:00,0.0
2019-05-25 08:00:00,0.0
2019-05-25 09:00:00,0.0
2019-05-25 10:00:00,0.0
2019-05-25 11:00:00,0.0
2019-05-25 12:00:00,0.0
2019-05-25 13:00:00,0.0
2019-05-25 14:00:00,0.0
2019-05-25 15:00:00,0.0
2019-05-25 16:00:00,0.0
2019-05-25 17:00:00,0.0
2019-05-25 18:00:00,0.0
2019-05-25 19:00:00,0.0
2019-05-25 20:00:00,0.0
2019-05-25 21:00:00,0.0
2019-05-25 22:00:00,0.0
2019-05-25 23:00:00,0.0
2019-05-26 00:00:00,3.3005324444444613
2019-05-26 01:00:00,6.0771764444444845
2019-05-26 02:00:00,5.970154666666703
2019-05-26 03:00:00,0.0
2019-05-26 04:00:00,0.0
2019-05-26 05:00:00,0.0
2019-05-26 06:00:00,0.0
2019-05-26 07:00:00,0.0
2019-05-26 08:00:00,0.0
2019-05-26 09:00:00,0.0
2019-05-26 10:00:00,0.0
2019-05-26 11:00:00,0.0
2019-05-26 12:00:00,0.0
2019-05-26 13:00:00,0.0
2019-05-26 14:00:00,0.0
2019-05-26 15:00:00,0.0
2019-05-26 16:00:00,0.0
2019-05-26 17:00:00,0.0
2019-05-26 18:00:00,0.0
2019-05-26 19:00:00,0.0
2019-05-26 20:00:00,0.0
2019-05-26 21:00:00,0.0
2019-05-26 22:00:00,0.0
2019-05-26 23:00:00,0.0
2019-05-27 00:00:00,0.0
2019-05-27 01:00:00,0.0
2019-05-27 02:00:00,0.0
2019-05-27 03:00:00,0.0
2019-05-27 04:00:00,0.0
2019-05-27 05:00:00,0.0
2019-05-27 06:00:00,0.0
2019-05-27 07:00:00,0.0
2019-05-27 08:00:00,0.0
2019-05-27 09:00:00,0.0
2019-05-27 10:00:00,0.0
2019-05-27 11:00:00,0.0
2019-05-27 12:00:00,0.0
2019-05-27 13:00:00,0.0
2019-05-27 14:00:00,0.0
2019-05-27 15:00:00,0.0
2019-05-27 16:00:00,0.0
2019-05-27 17:00:00,0.0
2019-05-27 18:00:00,0.0
2019-05-27 19:00:00,9.173597333333358
2019-05-27 20:00:00,11.221357333333376
2019-05-27 21:00:00,5.514640444444506
2019-05-27 22:00:00,5.11243200000005
2019-05-27 23:00:00,0.0
2019-05-28 00:00:00,0.0
2019-05-28 01:00:00,0.0
2019-05-28 02:00:00,0.0
2019-05-28 03:00:00,0.0
2019-05-28 04:00:00,0.0
2019-05-28 05:00:00,0.0
2019-05-28 06:00:00,0.0
2019-05-28 07:00:00,0.0
2019-05-28 08:00:00,0.0
2019-05-28 09:00:00,0.0
2019-05-28 10:00:00,0.0
2019-05-28 11:00:00,0.0
2019-05-28 12:00:00,2.966756000000004
2019-05-28 13:00:00,33.19519955555546
2019-05-28 14:00:00,80.41836977777785
2019-05-28 15:00:00,87.41287822222209
2019-05-28 16:00:00,76.92615377777757
2019-05-28 17:00:00,64.34968222222211
2019-05-28 18:00:00,50.03111244444437
2019-05-28 19:00:00,44.418671555555434
2019-05-28 20:00:00,32.24918088888863
2019-05-28 21:00:00,28.305211999999926
2019-05-28 22:00:00,20.13437111111108
2019-05-28 23:00:00,22.716113333333272
2019-05-29 00:00:00,25.542411555555518
2019-05-29 01:00:00,17.1073066666666
2019-05-29 02:00:00,9.012027555555472
2019-05-29 03:00:00,0.7990320000000003
2019-05-29 04:00:00,0.0
2019-05-29 05:00:00,0.0
2019-05-29 06:00:00,0.0
2019-05-29 07:00:00,0.0
2019-05-29 08:00:00,0.0
2019-05-29 09:00:00,0.0
2019-05-29 10:00:00,0.0
2019-05-29 11:00:00,4.464454222222191
2019-05-29 12:00:00,1.0569520000000008
2019-05-29 13:00:00,26.040040000000005
2019-05-29 14:00:00,76.87367422222212
2019-05-29 15:00:00,94.92090977777715
2019-05-29 16:00:00,84.96980844444404
2019-05-29 17:00:00,64.95471955555533
2019-05-29 18:00:00,49.73167911111111
2019-05-29 19:00:00,40.8326359999999
2019-05-29 20:00:00,30.372027111110935
2019-05-29 21:00:00,23.44198133333327
2019-05-29 22:00:00,22.024495999999903
2019-05-29 23:00:00,42.428533333333164
2019-05-30 00:00:00,32.87111244444438
2019-05-30 01:00:00,11.644562222222213
2019-05-30 02:00:00,1.512968888888892
2019-05-30 03:00:00,0.0
2019-05-30 04:00:00,0.0
2019-05-30 05:00:00,0.0
2019-05-30 06:00:00,0.0
2019-05-30 07:00:00,0.0
2019-05-30 08:00:00,0.0
2019-05-30 09:00:00,0.0
2019-05-30 10:00:00,0.0
2019-05-30 11:00:00,0.0
2019-05-30 12:00:00,1.6972280000000035
2019-05-30 13:00:00,22.668568000000025
2019-05-30 14:00:00,69.01736977777773
2019-05-30 15:00:00,85.52719066666644
2019-05-30 16:00:00,80.98459199999982
2019-05-30 17:00:00,59.82406444444428
2019-05-30 18:00:00,56.72575422222209
2019-05-30 19:00:00,46.58959066666652
2019-05-30 20:00:00,49.071232888888765
2019-05-30 21:00:00,36.36880577777775
2019-05-30 22:00:00,35.727137333333204
2019-05-30 23:00:00,32.7787026666666
2019-05-31 00:00:00,23.810973333333276
2019-05-31 01:00:00,6.917710222222173
2019-05-31 02:00:00,0.3585631111111113
2019-05-31 03:00:00,0.21863111111111072
2019-05-31 04:00:00,0.23557733333333356
2019-05-31 05:00:00,0.23385555555555515
2019-05-31 06:00:00,0.22770800000000022
2019-05-31 07:00:00,0.23558888888888904
2019-05-31 08:00:00,0.0
2019-05-31 09:00:00,0.0
2019-05-31 10:00:00,0.0
2019-05-31 11:00:00,0.0
2019-05-31 12:00:00,0.2439435555555554
2019-05-31 13:00:00,21.959311111111063
2019-05-31 14:00:00,70.57642799999998
2019-05-31 15:00:00,88.49240977777755
2019-05-31 16:00:00,82.71868799999996
2019-05-31 17:00:00,57.28317111111083
2019-05-31 18:00:00,48.83097555555546
2019-05-31 19:00:00,44.954964888888874
2019-05-31 20:00:00,32.4749475555556
2019-05-31 21:00:00,31.322893333333322
2019-05-31 22:00:00,23.424908000000066
2019-05-31 23:00:00,22.543791111111194
2019-06-01 00:00:00,23.48519333333339
2019-06-01 01:00:00,10.057903555555523
2019-06-01 02:00:00,0.0
2019-06-01 03:00:00,0.0
2019-06-01 04:00:00,0.0
2019-06-01 05:00:00,0.0
2019-06-01 06:00:00,0.0
2019-06-01 07:00:00,0.0
2019-06-01 08:00:00,0.0
2019-06-01 09:00:00,0.0
2019-06-01 10:00:00,0.0
2019-06-01 11:00:00,0.0
2019-06-01 12:00:00,0.0
2019-06-01 13:00:00,0.0
2019-06-01 14:00:00,0.0
2019-06-01 15:00:00,0.0
2019-06-01 16:00:00,0.0
2019-06-01 17:00:00,0.0
2019-06-01 18:00:00,0.0
2019-06-01 19:00:00,0.0
2019-06-01 20:00:00,0.0
2019-06-01 21:00:00,0.0
2019-06-01 22:00:00,0.0
2019-06-01 23:00:00,0.0
2019-06-02 00:00:00,0.0
2019-06-02 01:00:00,0.0
2019-06-02 02:00:00,0.0
2019-06-02 03:00:00,0.0
2019-06-02 04:00:00,0.0
2019-06-02 05:00:00,0.0
2019-06-02 06:00:00,0.0
2019-06-02 07:00:00,0.0
2019-06-02 08:00:00,0.0
2019-06-02 09:00:00,0.0
2019-06-02 10:00:00,0.0
2019-06-02 11:00:00,0.0
2019-06-02 12:00:00,0.0
2019-06-02 13:00:00,0.0
2019-06-02 14:00:00,0.0
2019-06-02 15:00:00,0.0
2019-06-02 16:00:00,0.0
2019-06-02 17:00:00,0.0
2019-06-02 18:00:00,0.0
2019-06-02 19:00:00,0.0
2019-06-02 20:00:00,0.0
2019-06-02 21:00:00,0.0
2019-06-02 22:00:00,1.7141626666666732
2019-06-02 23:00:00,5.604519555555537
2019-06-03 00:00:00,8.873961777777772
2019-06-03 01:00:00,8.508367111111099
2019-06-03 02:00:00,0.1826239999999999
2019-06-03 03:00:00,0.0
2019-06-03 04:00:00,0.0
2019-06-03 05:00:00,0.0
2019-06-03 06:00:00,0.0
2019-06-03 07:00:00,0.0
2019-06-03 08:00:00,0.0
2019-06-03 09:00:00,0.0
2019-06-03 10:00:00,0.0
2019-06-03 11:00:00,0.0
2019-06-03 12:00:00,0.9796453333333333
2019-06-03 13:00:00,27.264692000000014
2019-06-03 14:00:00,73.05744044444438
2019-06-03 15:00:00,80.63913866666658
2019-06-03 16:00:00,86.92570755555548
2019-06-03 17:00:00,74.4371217777777
2019-06-03 18:00:00,66.28021111111103
2019-06-03 19:00:00,66.51247777777763
2019-06-03 20:00:00,53.20126355555537
2019-06-03 21:00:00,33.09810399999986
2019-06-03 22:00:00,28.887785333333202
2019-06-03 23:00:00,28.18060266666662
2019-06-04 00:00:00,23.488919999999922
2019-06-04 01:00:00,9.571639999999958
2019-06-04 02:00:00,6.5189684444443925
2019-06-04 03:00:00,1.5788991111111093
2019-06-04 04:00:00,0.0
2019-06-04 05:00:00,0.0
2019-06-04 06:00:00,0.0
2019-06-04 07:00:00,0.0
2019-06-04 08:00:00,0.0
2019-06-04 09:00:00,0.0
2019-06-04 10:00:00,0.0
2019-06-04 11:00:00,0.0
2019-06-04 12:00:00,1.9536284444444438
2019-06-04 13:00:00,25.45919999999997
2019-06-04 14:00:00,73.1060315555556
2019-06-04 15:00:00,82.31909688888885
2019-06-04 16:00:00,69.76837111111098
2019-06-04 17:00:00,45.652175111110836
2019-06-04 18:00:00,37.62788177777763
2019-06-04 19:00:00,31.967271555555367
2019-06-04 20:00:00,28.20022977777774
2019-06-04 21:00:00,21.735046666666666
2019-06-04 22:00:00,17.839697777777765
2019-06-04 23:00:00,23.39061688888883
2019-06-05 00:00:00,20.349235111111
2019-06-05 01:00:00,12.65589288888883
2019-06-05 02:00:00,6.794152444444425
2019-06-05 03:00:00,6.392879999999961
2019-06-05 04:00:00,6.495429777777737
2019-06-05 05:00:00,5.441256888888865
2019-06-05 06:00:00,0.23111688888888912
2019-06-05 07:00:00,0.0
2019-06-05 08:00:00,0.0
2019-06-05 09:00:00,0.0
2019-06-05 10:00:00,0.0
2019-06-05 11:00:00,0.0
2019-06-05 12:00:00,0.12475955555555557
2019-06-05 13:00:00,32.543107999999954
2019-06-05 14:00:00,73.99695333333324
2019-06-05 15:00:00,80.97157466666647
2019-06-05 16:00:00,76.40143911111103
2019-06-05 17:00:00,75.24677911111095
2019-06-05 18:00:00,65.58001955555555
2019-06-05 19:00:00,58.801727111111134
2019-06-05 20:00:00,43.158838666666654
2019-06-05 21:00:00,26.496912000000005
2019-06-05 22:00:00,23.536164888888926
2019-06-05 23:00:00,30.138177333333175
2019-06-06 00:00:00,23.397642666666613
2019-06-06 01:00:00,4.301827111111113
2019-06-06 02:00:00,0.0
2019-06-06 03:00:00,0.0
2019-06-06 04:00:00,0.0
2019-06-06 05:00:00,0.0
2019-06-06 06:00:00,0.0
2019-06-06 07:00:00,0.0
2019-06-06 08:00:00,0.0
2019-06-06 09:00:00,0.0
2019-06-06 10:00:00,0.0
2019-06-06 11:00:00,0.0
2019-06-06 12:00:00,2.144393333333333
2019-06-06 13:00:00,28.636631111111114
2019-06-06 14:00:00,80.2963373333335
2019-06-06 15:00:00,91.31207511111104
2019-06-06 16:00:00,77.35944088888861
2019-06-06 17:00:00,63.776723111110876
2019-06-06 18:00:00,41.52839599999989
2019-06-06 19:00:00,44.62801199999979
2019-06-06 20:00:00,45.0590053333333
2019-06-06 21:00:00,41.27802177777758
2019-06-06 22:00:00,37.80041777777767
2019-06-06 23:00:00,27.986186222222305
2019-06-07 00:00:00,17.866755111111043
2019-06-07 01:00:00,19.195447555555596
2019-06-07 02:00:00,8.684543111111122
2019-06-07 03:00:00,4.668461777777745
2019-06-07 04:00:00,0.0
2019-06-07 05:00:00,0.0
2019-06-07 06:00:00,0.0
2019-06-07 07:00:00,0.0
2019-06-07 08:00:00,0.0
2019-06-07 09:00:00,0.0
2019-06-07 10:00:00,0.0
2019-06-07 11:00:00,0.0
2019-06-07 12:00:00,0.0
2019-06-07 13:00:00,7.502646666666676
2019-06-07 14:00:00,9.778467111111125
2019-06-07 15:00:00,11.952373333333327
2019-06-07 16:00:00,16.47999599999997
2019-06-07 17:00:00,24.463024444444464
2019-06-07 18:00:00,22.60267822222224
2019-06-07 19:00:00,20.830038666666642
2019-06-07 20:00:00,26.110303555555586
2019-06-07 21:00:00,22.032879555555475
2019-06-07 22:00:00,18.538179111111127
2019-06-07 23:00:00,13.366062666666696
2019-06-08 00:00:00,3.327087111111111
2019-06-08 01:00:00,3.0270066666666344
2019-06-08 02:00:00,0.0
2019-06-08 03:00:00,0.0
2019-06-08 04:00:00,0.0
2019-06-08 05:00:00,0.0
2019-06-08 06:00:00,0.0
2019-06-08 07:00:00,0.0
2019-06-08 08:00:00,0.0
2019-06-08 09:00:00,0.0
2019-06-08 10:00:00,0.0
2019-06-08 11:00:00,0.0
2019-06-08 12:00:00,0.0
2019-06-08 13:00:00,0.0
2019-06-08 14:00:00,0.0
2019-06-08 15:00:00,0.0
2019-06-08 16:00:00,0.0
2019-06-08 17:00:00,0.0
2019-06-08 18:00:00,0.0
2019-06-08 19:00:00,0.0
2019-06-08 20:00:00,0.0
2019-06-08 21:00:00,0.0
2019-06-08 22:00:00,0.0
2019-06-08 23:00:00,0.0
2019-06-09 00:00:00,0.0
2019-06-09 01:00:00,0.0
2019-06-09 02:00:00,0.0
2019-06-09 03:00:00,0.0
2019-06-09 04:00:00,0.0
2019-06-09 05:00:00,0.0
2019-06-09 06:00:00,0.0
2019-06-09 07:00:00,0.0
2019-06-09 08:00:00,0.0
2019-06-09 09:00:00,0.0
2019-06-09 10:00:00,0.0
2019-06-09 11:00:00,0.0
2019-06-09 12:00:00,0.0
2019-06-09 13:00:00,0.0
2019-06-09 14:00:00,0.0
2019-06-09 15:00:00,0.0
2019-06-09 16:00:00,0.0
2019-06-09 17:00:00,0.0
2019-06-09 18:00:00,0.0
2019-06-09 19:00:00,3.95629288888893
2019-06-09 20:00:00,2.685545777777795
2019-06-09 21:00:00,2.34049111111109
2019-06-09 22:00:00,6.254461777777781
2019-06-09 23:00:00,7.0463293333332935
2019-06-10 00:00:00,0.46150000000000024
2019-06-10 01:00:00,0.0
2019-06-10 02:00:00,0.0
2019-06-10 03:00:00,0.0
2019-06-10 04:00:00,0.0
2019-06-10 05:00:00,0.0
2019-06-10 06:00:00,0.0
2019-06-10 07:00:00,0.0
2019-06-10 08:00:00,0.0
2019-06-10 09:00:00,0.0
2019-06-10 10:00:00,0.0
2019-06-10 11:00:00,0.0
2019-06-10 12:00:00,3.0835884444444406
2019-06-10 13:00:00,30.57723644444445
2019-06-10 14:00:00,74.65882088888891
2019-06-10 15:00:00,78.48006977777781
2019-06-10 16:00:00,81.33208488888872
2019-06-10 17:00:00,76.28950622222212
2019-06-10 18:00:00,74.7136577777777
2019-06-10 19:00:00,67.6942759999999
2019-06-10 20:00:00,56.09067244444418
2019-06-10 21:00:00,52.01108755555529
2019-06-10 22:00:00,49.167756444444336
2019-06-10 23:00:00,41.29859644444425
2019-06-11 00:00:00,25.767565777777644
2019-06-11 01:00:00,5.328665333333302
2019-06-11 02:00:00,2.383466222222197
2019-06-11 03:00:00,3.2197648888888435
2019-06-11 04:00:00,1.155705777777786
2019-06-11 05:00:00,0.0
2019-06-11 06:00:00,0.0
2019-06-11 07:00:00,0.0
2019-06-11 08:00:00,0.0
2019-06-11 09:00:00,0.0
2019-06-11 10:00:00,0.0
2019-06-11 11:00:00,0.0
2019-06-11 12:00:00,1.4804862222222246
2019-06-11 13:00:00,27.051330222222155
2019-06-11 14:00:00,65.85572933333329
2019-06-11 15:00:00,83.84382933333299
2019-06-11 16:00:00,84.50314888888869
2019-06-11 17:00:00,65.30964266666665
2019-06-11 18:00:00,63.124406222221964
2019-06-11 19:00:00,58.116280444444314
2019-06-11 20:00:00,41.22384355555545
2019-06-11 21:00:00,20.404459111111073
2019-06-11 22:00:00,19.76957955555552
2019-06-11 23:00:00,26.51336711111093
2019-06-12 00:00:00,18.867535555555474
2019-06-12 01:00:00,7.625297333333274
2019-06-12 02:00:00,3.0460040000000053
2019-06-12 03:00:00,0.0
2019-06-12 04:00:00,0.0
2019-06-12 05:00:00,0.0
2019-06-12 06:00:00,0.0
2019-06-12 07:00:00,0.0
2019-06-12 08:00:00,0.0
2019-06-12 09:00:00,0.0
2019-06-12 10:00:00,0.0
2019-06-12 11:00:00,0.0
2019-06-12 12:00:00,3.4494835555555707
2019-06-12 13:00:00,30.490384888888777
2019-06-12 14:00:00,67.18588933333334
2019-06-12 15:00:00,83.37675955555521
2019-06-12 16:00:00,78.99168044444424
2019-06-12 17:00:00,76.26801288888859
2019-06-12 18:00:00,54.42742355555533
2019-06-12 19:00:00,39.89630666666649
2019-06-12 20:00:00,25.89119866666661
2019-06-12 21:00:00,31.908413333333222
2019-06-12 22:00:00,32.98797955555555
2019-06-12 23:00:00,23.41063111111107
2019-06-13 00:00:00,21.988719999999947
2019-06-13 01:00:00,12.713185333333332
2019-06-13 02:00:00,0.0
2019-06-13 03:00:00,0.0
2019-06-13 04:00:00,0.0
2019-06-13 05:00:00,0.0
2019-06-13 06:00:00,0.0
2019-06-13 07:00:00,0.0
2019-06-13 08:00:00,0.0
2019-06-13 09:00:00,0.0
2019-06-13 10:00:00,0.0
2019-06-13 11:00:00,0.0
2019-06-13 12:00:00,2.4235177777777746
2019-06-13 13:00:00,23.623478666666635
2019-06-13 14:00:00,69.97309511111092
2019-06-13 15:00:00,87.76741999999948
2019-06-13 16:00:00,73.77017555555511
2019-06-13 17:00:00,54.231695555555156
2019-06-13 18:00:00,41.754665333333115
2019-06-13 19:00:00,34.74206088888874
2019-06-13 20:00:00,39.24205999999982
2019-06-13 21:00:00,40.78565688888885
2019-06-13 22:00:00,33.96879199999986
2019-06-13 23:00:00,23.729575999999863
2019-06-14 00:00:00,16.473883111111
2019-06-14 01:00:00,11.707730666666647
2019-06-14 02:00:00,1.0475920000000023
2019-06-14 03:00:00,0.0
2019-06-14 04:00:00,0.0
2019-06-14 05:00:00,0.0
2019-06-14 06:00:00,0.0
2019-06-14 07:00:00,0.0
2019-06-14 08:00:00,0.0
2019-06-14 09:00:00,0.0
2019-06-14 10:00:00,0.0
2019-06-14 11:00:00,0.13149066666666664
2019-06-14 12:00:00,4.321205777777768
2019-06-14 13:00:00,34.343891111111105
2019-06-14 14:00:00,82.67672400000009
2019-06-14 15:00:00,91.43623377777776
2019-06-14 16:00:00,91.05306888888883
2019-06-14 17:00:00,64.56973466666665
2019-06-14 18:00:00,30.915294222222247
2019-06-14 19:00:00,18.346379999999996
2019-06-14 20:00:00,10.950951555555534
2019-06-14 21:00:00,13.478324888888789
2019-06-14 22:00:00,7.6302604444443665
2019-06-14 23:00:00,9.947883111111121
2019-06-15 00:00:00,6.402095555555499
2019-06-15 01:00:00,6.3727213333333435
2019-06-15 02:00:00,0.24242399999999992
2019-06-15 03:00:00,0.0
2019-06-15 04:00:00,0.0
2019-06-15 05:00:00,0.0
2019-06-15 06:00:00,0.0
2019-06-15 07:00:00,0.0
2019-06-15 08:00:00,0.0
2019-06-15 09:00:00,0.0
2019-06-15 10:00:00,0.0
2019-06-15 11:00:00,0.0
2019-06-15 12:00:00,0.0
2019-06-15 13:00:00,4.571429777777792
2019-06-15 14:00:00,5.88895955555551
2019-06-15 15:00:00,9.306341777777739
2019-06-15 16:00:00,0.3533573333333333
2019-06-15 17:00:00,0.0
2019-06-15 18:00:00,3.7010711111110948
2019-06-15 19:00:00,0.12491555555555506
2019-06-15 20:00:00,0.0
2019-06-15 21:00:00,0.0
2019-06-15 22:00:00,0.0
2019-06-15 23:00:00,0.0
2019-06-16 00:00:00,0.0
2019-06-16 01:00:00,0.0
2019-06-16 02:00:00,0.0
2019-06-16 03:00:00,0.0
2019-06-16 04:00:00,0.0
2019-06-16 05:00:00,0.0
2019-06-16 06:00:00,0.0
2019-06-16 07:00:00,0.0
2019-06-16 08:00:00,0.0
2019-06-16 09:00:00,0.0
2019-06-16 10:00:00,0.0
2019-06-16 11:00:00,0.0
2019-06-16 12:00:00,0.0
2019-06-16 13:00:00,0.0
2019-06-16 14:00:00,0.0
2019-06-16 15:00:00,0.0
2019-06-16 16:00:00,0.0
2019-06-16 17:00:00,0.6148537777777782
2019-06-16 18:00:00,5.992208444444548
2019-06-16 19:00:00,5.976342666666559
2019-06-16 20:00:00,1.916569777777788
2019-06-16 21:00:00,0.0
2019-06-16 22:00:00,0.0
2019-06-16 23:00:00,0.0
2019-06-17 00:00:00,0.0
2019-06-17 01:00:00,0.0
2019-06-17 02:00:00,0.0
2019-06-17 03:00:00,0.0
2019-06-17 04:00:00,0.0
2019-06-17 05:00:00,0.0
2019-06-17 06:00:00,0.0
2019-06-17 07:00:00,0.0
2019-06-17 08:00:00,0.0
2019-06-17 09:00:00,0.0
2019-06-17 10:00:00,0.0
2019-06-17 11:00:00,0.0
2019-06-17 12:00:00,0.031598666666666664
2019-06-17 13:00:00,18.14620888888892
2019-06-17 14:00:00,12.857340888888887
2019-06-17 15:00:00,77.1232973333333
2019-06-17 16:00:00,82.57260844444431
2019-06-17 17:00:00,74.90420311111117
2019-06-17 18:00:00,59.52647999999982
2019-06-17 19:00:00,51.962594666666476
2019-06-17 20:00:00,53.12803599999984
2019-06-17 21:00:00,48.055915555555266
2019-06-17 22:00:00,32.92381155555555
2019-06-17 23:00:00,30.466996444444376
2019-06-18 00:00:00,7.422670666666667
2019-06-18 01:00:00,4.901225333333378
2019-06-18 02:00:00,2.8621146666666633
2019-06-18 03:00:00,0.0
2019-06-18 04:00:00,0.0
2019-06-18 05:00:00,0.0
2019-06-18 06:00:00,0.0
2019-06-18 07:00:00,0.0
2019-06-18 08:00:00,0.0
2019-06-18 09:00:00,0.0
2019-06-18 10:00:00,0.0
2019-06-18 11:00:00,0.18055555555555547
2019-06-18 12:00:00,6.050252000000003
2019-06-18 13:00:00,29.62424399999991
2019-06-18 14:00:00,79.09362933333324
2019-06-18 15:00:00,79.28954222222185
2019-06-18 16:00:00,81.36329644444422
2019-06-18 17:00:00,65.7609275555552
2019-06-18 18:00:00,34.94935599999989
2019-06-18 19:00:00,26.88181599999985
2019-06-18 20:00:00,26.460540888888676
2019-06-18 21:00:00,19.09878533333321
2019-06-18 22:00:00,23.963541333333275
2019-06-18 23:00:00,25.42896488888879
2019-06-19 00:00:00,20.761779999999867
2019-06-19 01:00:00,10.644428888888811
2019-06-19 02:00:00,3.1137542222222145
2019-06-19 03:00:00,0.0
2019-06-19 04:00:00,0.0
2019-06-19 05:00:00,0.0
2019-06-19 06:00:00,0.0
2019-06-19 07:00:00,0.0
2019-06-19 08:00:00,0.0
2019-06-19 09:00:00,0.0
2019-06-19 10:00:00,0.0
2019-06-19 11:00:00,0.0
2019-06-19 12:00:00,0.2573248888888889
2019-06-19 13:00:00,16.647401333333278
2019-06-19 14:00:00,68.21550666666637
2019-06-19 15:00:00,77.92811288888885
2019-06-19 16:00:00,73.92365644444425
2019-06-19 17:00:00,56.56855244444441
2019-06-19 18:00:00,55.608557333333145
2019-06-19 19:00:00,57.89056577777734
2019-06-19 20:00:00,52.59226844444429
2019-06-19 21:00:00,36.21486266666652
2019-06-19 22:00:00,26.024110666666505
2019-06-19 23:00:00,22.683786666666634
2019-06-20 00:00:00,12.492826666666616
2019-06-20 01:00:00,8.275031555555575
2019-06-20 02:00:00,0.17050222222222214
2019-06-20 03:00:00,0.0
2019-06-20 04:00:00,0.0
2019-06-20 05:00:00,0.0
2019-06-20 06:00:00,0.0
2019-06-20 07:00:00,0.0
2019-06-20 08:00:00,0.0
2019-06-20 09:00:00,0.0
2019-06-20 10:00:00,0.0
2019-06-20 11:00:00,0.0
2019-06-20 12:00:00,4.671339111111133
2019-06-20 13:00:00,26.787875111111124
2019-06-20 14:00:00,43.59574266666674
2019-06-20 15:00:00,82.30966177777748
2019-06-20 16:00:00,77.62416133333299
2019-06-20 17:00:00,78.55390977777732
2019-06-20 18:00:00,69.95492399999958
2019-06-20 19:00:00,35.62381333333329
2019-06-20 20:00:00,24.283612888888833
2019-06-20 21:00:00,25.71047555555547
2019-06-20 22:00:00,22.94483822222211
2019-06-20 23:00:00,28.412828888888864
2019-06-21 00:00:00,15.561785777777686
2019-06-21 01:00:00,0.1437626666666668
2019-06-21 02:00:00,0.0
2019-06-21 03:00:00,0.0
2019-06-21 04:00:00,0.0
2019-06-21 05:00:00,0.0
2019-06-21 06:00:00,0.0
2019-06-21 07:00:00,0.0
2019-06-21 08:00:00,0.0
2019-06-21 09:00:00,0.0
2019-06-21 10:00:00,0.0
2019-06-21 11:00:00,0.0
2019-06-21 12:00:00,0.11497777777777785
2019-06-21 13:00:00,4.854257777777763
2019-06-21 14:00:00,14.66019822222219
2019-06-21 15:00:00,24.356499555555562
2019-06-21 16:00:00,29.55810577777769
2019-06-21 17:00:00,29.55125911111097
2019-06-21 18:00:00,32.51719466666663
2019-06-21 19:00:00,39.73726755555546
2019-06-21 20:00:00,39.95087199999982
2019-06-21 21:00:00,21.419239111111118
2019-06-21 22:00:00,16.150870666666588
2019-06-21 23:00:00,9.421908888888844
2019-06-22 00:00:00,2.124049777777783
2019-06-22 01:00:00,0.15878488888888903
2019-06-22 02:00:00,0.0
2019-06-22 03:00:00,0.0
2019-06-22 04:00:00,0.0
2019-06-22 05:00:00,0.0
2019-06-22 06:00:00,0.0
2019-06-22 07:00:00,0.0
2019-06-22 08:00:00,0.0
2019-06-22 09:00:00,0.0
2019-06-22 10:00:00,0.0
2019-06-22 11:00:00,0.0
2019-06-22 12:00:00,0.0
2019-06-22 13:00:00,0.0
2019-06-22 14:00:00,3.7500608888889184
2019-06-22 15:00:00,1.416901777777772
2019-06-22 16:00:00,0.0
2019-06-22 17:00:00,0.0
2019-06-22 18:00:00,0.0
2019-06-22 19:00:00,0.0
2019-06-22 20:00:00,0.0
2019-06-22 21:00:00,0.0
2019-06-22 22:00:00,0.0
2019-06-22 23:00:00,0.0
2019-06-23 00:00:00,0.0
2019-06-23 01:00:00,0.0
2019-06-23 02:00:00,0.0
2019-06-23 03:00:00,0.0
2019-06-23 04:00:00,0.0
2019-06-23 05:00:00,0.0
2019-06-23 06:00:00,0.0
2019-06-23 07:00:00,0.0
2019-06-23 08:00:00,0.0
2019-06-23 09:00:00,0.0
2019-06-23 10:00:00,0.0
2019-06-23 11:00:00,0.0
2019-06-23 12:00:00,0.0
2019-06-23 13:00:00,0.0
2019-06-23 14:00:00,3.5449497777777634
2019-06-23 15:00:00,6.474855111111082
2019-06-23 16:00:00,6.544858666666625
2019-06-23 17:00:00,10.573714666666588
2019-06-23 18:00:00,7.60460133333338
2019-06-23 19:00:00,0.3813622222222218
2019-06-23 20:00:00,1.0255902222222235
2019-06-23 21:00:00,6.307623111111077
2019-06-23 22:00:00,3.4114195555555384
2019-06-23 23:00:00,0.0
2019-06-24 00:00:00,0.0
2019-06-24 01:00:00,0.0
2019-06-24 02:00:00,0.0
2019-06-24 03:00:00,0.0
2019-06-24 04:00:00,0.0
2019-06-24 05:00:00,0.0
2019-06-24 06:00:00,0.0
2019-06-24 07:00:00,0.0
2019-06-24 08:00:00,0.0
2019-06-24 09:00:00,0.0
2019-06-24 10:00:00,0.0
2019-06-24 11:00:00,0.0
2019-06-24 12:00:00,1.5554759999999996
2019-06-24 13:00:00,32.90267644444444
2019-06-24 14:00:00,75.12042488888893
2019-06-24 15:00:00,76.29037866666664
2019-06-24 16:00:00,70.72371511111115
2019-06-24 17:00:00,68.11082488888884
2019-06-24 18:00:00,66.87167644444433
2019-06-24 19:00:00,64.4955826666665
2019-06-24 20:00:00,52.49480888888863
2019-06-24 21:00:00,42.976376444444355
2019-06-24 22:00:00,22.52352266666661
2019-06-24 23:00:00,23.17533111111098
2019-06-25 00:00:00,25.238766222222097
2019-06-25 01:00:00,7.563301777777754
2019-06-25 02:00:00,0.06074177777777772
2019-06-25 03:00:00,0.0
2019-06-25 04:00:00,0.0
2019-06-25 05:00:00,0.0
2019-06-25 06:00:00,0.0
2019-06-25 07:00:00,0.0
2019-06-25 08:00:00,0.0
2019-06-25 09:00:00,0.0
2019-06-25 10:00:00,0.0
2019-06-25 11:00:00,0.0
2019-06-25 12:00:00,1.4860733333333336
2019-06-25 13:00:00,23.801734666666693
2019-06-25 14:00:00,57.623765333333424
2019-06-25 15:00:00,70.16172222222193
2019-06-25 16:00:00,64.67273511111088
2019-06-25 17:00:00,52.53797466666655
2019-06-25 18:00:00,41.97216399999968
2019-06-25 19:00:00,28.25946933333314
2019-06-25 20:00:00,18.55217866666653
2019-06-25 21:00:00,9.74014888888886
2019-06-25 22:00:00,16.554968444444455
2019-06-25 23:00:00,7.365580444444399
2019-06-26 00:00:00,6.5893533333332535
2019-06-26 01:00:00,3.689509777777772
2019-06-26 02:00:00,0.48570888888888913
2019-06-26 03:00:00,0.0
2019-06-26 04:00:00,0.0
2019-06-26 05:00:00,0.0
2019-06-26 06:00:00,0.0
2019-06-26 07:00:00,0.0
2019-06-26 08:00:00,0.0
2019-06-26 09:00:00,0.0
2019-06-26 10:00:00,0.0
2019-06-26 11:00:00,0.0
2019-06-26 12:00:00,1.4530764444444457
2019-06-26 13:00:00,37.178538222222244
2019-06-26 14:00:00,78.11167288888872
2019-06-26 15:00:00,78.15391422222214
2019-06-26 16:00:00,71.55496400000001
2019-06-26 17:00:00,65.0843497777777
2019-06-26 18:00:00,63.60883244444416
2019-06-26 19:00:00,66.45607511111076
2019-06-26 20:00:00,58.958056444444296
2019-06-26 21:00:00,36.945035111111025
2019-06-26 22:00:00,36.00932400000007
2019-06-26 23:00:00,37.30002755555542
2019-06-27 00:00:00,36.2514186666664
2019-06-27 01:00:00,16.514073333333315
2019-06-27 02:00:00,6.418198222222201
2019-06-27 03:00:00,2.854118222222225
2019-06-27 04:00:00,0.0
2019-06-27 05:00:00,0.0
2019-06-27 06:00:00,0.0
2019-06-27 07:00:00,0.0
2019-06-27 08:00:00,0.0
2019-06-27 09:00:00,0.0
2019-06-27 10:00:00,0.0
2019-06-27 11:00:00,0.0
2019-06-27 12:00:00,5.557904444444466
2019-06-27 13:00:00,26.103734222222197
2019-06-27 14:00:00,71.38891644444436
2019-06-27 15:00:00,81.22553688888878
2019-06-27 16:00:00,82.42395199999982
2019-06-27 17:00:00,79.51915111111096
2019-06-27 18:00:00,62.600910666666316
2019-06-27 19:00:00,67.09434044444424
2019-06-27 20:00:00,54.767988888888574
2019-06-27 21:00:00,42.809496888888674
2019-06-27 22:00:00,38.293181333333266
2019-06-27 23:00:00,32.88326888888872
2019-06-28 00:00:00,22.222725777777725
2019-06-28 01:00:00,15.726134666666685
2019-06-28 02:00:00,7.56255066666662
2019-06-28 03:00:00,2.6060031111111033
2019-06-28 04:00:00,0.0
2019-06-28 05:00:00,0.0
2019-06-28 06:00:00,0.0
2019-06-28 07:00:00,0.0
2019-06-28 08:00:00,0.0
2019-06-28 09:00:00,0.0
2019-06-28 10:00:00,0.0
2019-06-28 11:00:00,0.0
2019-06-28 12:00:00,4.93919688888889
2019-06-28 13:00:00,34.17574622222223
2019-06-28 14:00:00,71.57540000000002
2019-06-28 15:00:00,72.27253511111113
2019-06-28 16:00:00,74.63526488888895
2019-06-28 17:00:00,68.07150133333339
2019-06-28 18:00:00,65.66008222222209
2019-06-28 19:00:00,60.93315511111101
2019-06-28 20:00:00,54.73613022222216
2019-06-28 21:00:00,62.023184888888665
2019-06-28 22:00:00,59.48638222222214
2019-06-28 23:00:00,34.95467155555556
2019-06-29 00:00:00,14.730877777777796
2019-06-29 01:00:00,6.362587111111098
2019-06-29 02:00:00,1.1736168888888907
2019-06-29 03:00:00,0.0
2019-06-29 04:00:00,0.0
2019-06-29 05:00:00,0.0
2019-06-29 06:00:00,0.0
2019-06-29 07:00:00,0.0
2019-06-29 08:00:00,0.0
2019-06-29 09:00:00,0.0
2019-06-29 10:00:00,0.0
2019-06-29 11:00:00,0.0
2019-06-29 12:00:00,0.0
2019-06-29 13:00:00,0.0
2019-06-29 14:00:00,1.463233777777774
2019-06-29 15:00:00,3.7548506666666643
2019-06-29 16:00:00,1.365676
2019-06-29 17:00:00,0.298948
2019-06-29 18:00:00,0.0
2019-06-29 19:00:00,0.0
2019-06-29 20:00:00,0.0
2019-06-29 21:00:00,0.0
2019-06-29 22:00:00,0.0
2019-06-29 23:00:00,0.0
2019-06-30 00:00:00,0.0
2019-06-30 01:00:00,0.0
2019-06-30 02:00:00,0.0
2019-06-30 03:00:00,0.0
2019-06-30 04:00:00,0.0
2019-06-30 05:00:00,0.0
2019-06-30 06:00:00,0.0
2019-06-30 07:00:00,0.0
2019-06-30 08:00:00,0.0
2019-06-30 09:00:00,0.0
2019-06-30 10:00:00,0.0
2019-06-30 11:00:00,0.0
2019-06-30 12:00:00,0.0
2019-06-30 13:00:00,0.0
2019-06-30 14:00:00,2.6016871111110795
2019-06-30 15:00:00,3.213253333333288
2019-06-30 16:00:00,0.5243217777777761
2019-06-30 17:00:00,0.0
2019-06-30 18:00:00,0.0
2019-06-30 19:00:00,0.0
2019-06-30 20:00:00,0.0
2019-06-30 21:00:00,0.0
2019-06-30 22:00:00,0.0
2019-06-30 23:00:00,0.0
2019-07-01 00:00:00,0.0
2019-07-01 01:00:00,0.0
2019-07-01 02:00:00,0.0
2019-07-01 03:00:00,0.0
2019-07-01 04:00:00,0.0
2019-07-01 05:00:00,0.0
2019-07-01 06:00:00,0.0
2019-07-01 07:00:00,0.0
2019-07-01 08:00:00,0.0
2019-07-01 09:00:00,0.0
2019-07-01 10:00:00,0.0
2019-07-01 11:00:00,0.0
2019-07-01 12:00:00,0.06730533333333333
2019-07-01 13:00:00,19.893934666666677
2019-07-01 14:00:00,67.31245155555521
2019-07-01 15:00:00,82.71182977777771
2019-07-01 16:00:00,83.7839426666667
2019-07-01 17:00:00,79.81519866666652
2019-07-01 18:00:00,81.67332044444422
2019-07-01 19:00:00,82.12323599999957
2019-07-01 20:00:00,60.386288444444006
2019-07-01 21:00:00,42.90290044444428
2019-07-01 22:00:00,41.49381599999988
2019-07-01 23:00:00,21.645392888888793
2019-07-02 00:00:00,13.734985333333238
2019-07-02 01:00:00,8.324125333333296
2019-07-02 02:00:00,2.25653422222222
2019-07-02 03:00:00,0.0
2019-07-02 04:00:00,0.0
2019-07-02 05:00:00,0.0
2019-07-02 06:00:00,0.0
2019-07-02 07:00:00,0.0
2019-07-02 08:00:00,0.0
2019-07-02 09:00:00,0.0
2019-07-02 10:00:00,0.0
2019-07-02 11:00:00,0.0
2019-07-02 12:00:00,6.58896044444446
2019-07-02 13:00:00,29.84951955555551
2019-07-02 14:00:00,60.3351839999999
2019-07-02 15:00:00,69.31471155555552
2019-07-02 16:00:00,64.85253955555547
2019-07-02 17:00:00,59.11646577777761
2019-07-02 18:00:00,45.60212222222223
2019-07-02 19:00:00,52.27985244444442
2019-07-02 20:00:00,64.14003555555541
2019-07-02 21:00:00,38.79457688888883
2019-07-02 22:00:00,22.94404088888887
2019-07-02 23:00:00,12.174754222222173
2019-07-03 00:00:00,5.819424000000005
2019-07-03 01:00:00,1.9144262222222181
2019-07-03 02:00:00,0.0
2019-07-03 03:00:00,0.0
2019-07-03 04:00:00,0.0
2019-07-03 05:00:00,0.0
2019-07-03 06:00:00,0.0
2019-07-03 07:00:00,0.0
2019-07-03 08:00:00,0.0
2019-07-03 09:00:00,0.0
2019-07-03 10:00:00,0.0
2019-07-03 11:00:00,0.0
2019-07-03 12:00:00,0.0
2019-07-03 13:00:00,5.59049688888892
2019-07-03 14:00:00,9.288655999999962
2019-07-03 15:00:00,11.131917333333316
2019-07-03 16:00:00,18.8328111111111
2019-07-03 17:00:00,22.496881333333317
2019-07-03 18:00:00,23.34996444444443
2019-07-03 19:00:00,23.295185333333336
2019-07-03 20:00:00,11.688877777777767
2019-07-03 21:00:00,9.209511999999982
2019-07-03 22:00:00,4.03035244444443
2019-07-03 23:00:00,2.7243031111110994
2019-07-04 00:00:00,0.8616919999999998
2019-07-04 01:00:00,0.0
2019-07-04 02:00:00,0.8108879999999979
2019-07-04 03:00:00,1.6088106666666493
2019-07-04 04:00:00,1.5583764444444403
2019-07-04 05:00:00,6.475016888888807
2019-07-04 06:00:00,6.459873333333305
2019-07-04 07:00:00,6.523163111111042
2019-07-04 08:00:00,3.607459555555558
2019-07-04 09:00:00,0.0
2019-07-04 10:00:00,0.0
2019-07-04 11:00:00,0.0
2019-07-04 12:00:00,0.0
2019-07-04 13:00:00,0.0
2019-07-04 14:00:00,0.0
2019-07-04 15:00:00,2.77046177777778
2019-07-04 16:00:00,0.11980799999999998
2019-07-04 17:00:00,0.0
2019-07-04 18:00:00,4.975937777777763
2019-07-04 19:00:00,5.590768444444465
2019-07-04 20:00:00,5.467285777777755
2019-07-04 21:00:00,0.9592959999999999
2019-07-04 22:00:00,0.0
2019-07-04 23:00:00,2.7517533333333235
2019-07-05 00:00:00,6.280785333333331
2019-07-05 01:00:00,4.191171111111092
2019-07-05 02:00:00,0.0
2019-07-05 03:00:00,0.0
2019-07-05 04:00:00,0.0
2019-07-05 05:00:00,0.0
2019-07-05 06:00:00,0.0
2019-07-05 07:00:00,0.0
2019-07-05 08:00:00,0.0
2019-07-05 09:00:00,0.0
2019-07-05 10:00:00,0.0
2019-07-05 11:00:00,0.0
2019-07-05 12:00:00,0.0
2019-07-05 13:00:00,0.0
2019-07-05 14:00:00,0.0
2019-07-05 15:00:00,0.0
2019-07-05 16:00:00,0.0
2019-07-05 17:00:00,2.0725293333333306
2019-07-05 18:00:00,9.785949333333344
2019-07-05 19:00:00,10.124966222222202
2019-07-05 20:00:00,12.619770222222286
2019-07-05 21:00:00,12.59323288888887
2019-07-05 22:00:00,12.825227999999946
2019-07-05 23:00:00,6.894113777777732
2019-07-06 00:00:00,6.4727057777777235
2019-07-06 01:00:00,4.552547999999995
2019-07-06 02:00:00,0.038324
2019-07-06 03:00:00,0.0
2019-07-06 04:00:00,0.0
2019-07-06 05:00:00,0.0
2019-07-06 06:00:00,0.0
2019-07-06 07:00:00,0.0
2019-07-06 08:00:00,0.0
2019-07-06 09:00:00,0.0
2019-07-06 10:00:00,0.0
2019-07-06 11:00:00,0.0
2019-07-06 12:00:00,0.0
2019-07-06 13:00:00,0.1624191111111112
2019-07-06 14:00:00,1.6052284444444254
2019-07-06 15:00:00,0.8669671111111044
2019-07-06 16:00:00,0.0
2019-07-06 17:00:00,0.0
2019-07-06 18:00:00,0.0
2019-07-06 19:00:00,0.0
2019-07-06 20:00:00,0.0
2019-07-06 21:00:00,0.0
2019-07-06 22:00:00,0.0
2019-07-06 23:00:00,0.0
2019-07-07 00:00:00,0.0
2019-07-07 01:00:00,0.0
2019-07-07 02:00:00,0.0
2019-07-07 03:00:00,0.0
2019-07-07 04:00:00,0.0
2019-07-07 05:00:00,0.0
2019-07-07 06:00:00,0.0
2019-07-07 07:00:00,0.0
2019-07-07 08:00:00,0.0
2019-07-07 09:00:00,0.0
2019-07-07 10:00:00,0.0
2019-07-07 11:00:00,0.0
2019-07-07 12:00:00,0.0
2019-07-07 13:00:00,0.002854222222222223
2019-07-07 14:00:00,1.5839662222222124
2019-07-07 15:00:00,6.8030039999999925
2019-07-07 16:00:00,7.210036888888842
2019-07-07 17:00:00,6.3951044444443905
2019-07-07 18:00:00,6.489513333333232
2019-07-07 19:00:00,6.46350755555547
2019-07-07 20:00:00,6.481620888888806
2019-07-07 21:00:00,6.469406666666583
2019-07-07 22:00:00,6.3663137777777585
2019-07-07 23:00:00,0.06297777777777776
2019-07-08 00:00:00,0.0
2019-07-08 01:00:00,0.0
2019-07-08 02:00:00,0.0
2019-07-08 03:00:00,0.0
2019-07-08 04:00:00,0.0
2019-07-08 05:00:00,0.0
2019-07-08 06:00:00,0.0
2019-07-08 07:00:00,0.0
2019-07-08 08:00:00,0.0
2019-07-08 09:00:00,0.0
2019-07-08 10:00:00,0.0
2019-07-08 11:00:00,0.0
2019-07-08 12:00:00,0.23991644444444485
2019-07-08 13:00:00,31.379775555555508
2019-07-08 14:00:00,22.519062222222242
2019-07-08 15:00:00,52.651357777777704
2019-07-08 16:00:00,80.17719377777752
2019-07-08 17:00:00,70.53022888888863
2019-07-08 18:00:00,28.764164000000015
2019-07-08 19:00:00,40.62984177777767
2019-07-08 20:00:00,41.256095111110945
2019-07-08 21:00:00,41.628825333333154
2019-07-08 22:00:00,34.68748399999991
2019-07-08 23:00:00,29.073500444444353
2019-07-09 00:00:00,16.181729777777768
2019-07-09 01:00:00,2.780318666666659
2019-07-09 02:00:00,0.0
2019-07-09 03:00:00,0.0
2019-07-09 04:00:00,0.0
2019-07-09 05:00:00,0.0
2019-07-09 06:00:00,0.0
2019-07-09 07:00:00,0.0
2019-07-09 08:00:00,0.0
2019-07-09 09:00:00,0.0
2019-07-09 10:00:00,0.0
2019-07-09 11:00:00,0.0
2019-07-09 12:00:00,2.4194386666666676
2019-07-09 13:00:00,42.388857333333306
2019-07-09 14:00:00,87.60916666666657
2019-07-09 15:00:00,89.97346799999994
2019-07-09 16:00:00,86.69146488888896
2019-07-09 17:00:00,72.9484022222222
2019-07-09 18:00:00,51.848645333333195
2019-07-09 19:00:00,46.594449777777804
2019-07-09 20:00:00,44.85510755555548
2019-07-09 21:00:00,40.811223555555415
2019-07-09 22:00:00,31.656421333333245
2019-07-09 23:00:00,24.681563111111117
2019-07-10 00:00:00,21.779529777777665
2019-07-10 01:00:00,19.052349333333233
2019-07-10 02:00:00,9.557183999999989
2019-07-10 03:00:00,0.0
2019-07-10 04:00:00,1.8605657777777795
2019-07-10 05:00:00,12.310971111111131
2019-07-10 06:00:00,6.384126666666654
2019-07-10 07:00:00,0.0
2019-07-10 08:00:00,0.0
2019-07-10 09:00:00,0.0
2019-07-10 10:00:00,0.0
2019-07-10 11:00:00,0.0
2019-07-10 12:00:00,1.8891831111111086
2019-07-10 13:00:00,32.78797599999988
2019-07-10 14:00:00,71.14210711111116
2019-07-10 15:00:00,84.1288991111111
2019-07-10 16:00:00,85.30746177777783
2019-07-10 17:00:00,85.93818133333315
2019-07-10 18:00:00,64.4028088888885
2019-07-10 19:00:00,47.129824444444175
2019-07-10 20:00:00,46.82790666666642
2019-07-10 21:00:00,40.965328444444395
2019-07-10 22:00:00,41.109033333333336
2019-07-10 23:00:00,37.61461600000004
2019-07-11 00:00:00,23.015540888888832
2019-07-11 01:00:00,15.293067111111013
2019-07-11 02:00:00,7.536094222222153
2019-07-11 03:00:00,11.199043555555502
2019-07-11 04:00:00,9.5303173333333
2019-07-11 05:00:00,6.718475111111099
2019-07-11 06:00:00,1.0531560000000006
2019-07-11 07:00:00,0.0
2019-07-11 08:00:00,0.0
2019-07-11 09:00:00,0.0
2019-07-11 10:00:00,0.0
2019-07-11 11:00:00,0.4531222222222221
2019-07-11 12:00:00,6.9274862222221785
2019-07-11 13:00:00,30.31631199999991
2019-07-11 14:00:00,79.58762355555548
2019-07-11 15:00:00,87.11508577777778
2019-07-11 16:00:00,83.01056399999999
2019-07-11 17:00:00,73.62927866666662
2019-07-11 18:00:00,46.783648888888834
2019-07-11 19:00:00,39.84801022222214
2019-07-11 20:00:00,28.031183555555504
2019-07-11 21:00:00,21.243715999999985
2019-07-11 22:00:00,20.60900399999995
2019-07-11 23:00:00,29.133768444444392
2019-07-12 00:00:00,33.63375022222218
2019-07-12 01:00:00,24.84678444444445
2019-07-12 02:00:00,7.14484044444446
2019-07-12 03:00:00,6.124357777777739
2019-07-12 04:00:00,0.0
2019-07-12 05:00:00,0.0
2019-07-12 06:00:00,0.0
2019-07-12 07:00:00,0.0
2019-07-12 08:00:00,0.0
2019-07-12 09:00:00,0.0
2019-07-12 10:00:00,0.0
2019-07-12 11:00:00,3.0421271111110806
2019-07-12 12:00:00,5.92484533333329
2019-07-12 13:00:00,26.58179333333331
2019-07-12 14:00:00,62.442986666666506
2019-07-12 15:00:00,80.44177555555558
2019-07-12 16:00:00,85.70652711111099
2019-07-12 17:00:00,77.552251111111
2019-07-12 18:00:00,71.12313288888862
2019-07-12 19:00:00,62.17034488888876
2019-07-12 20:00:00,50.44596844444444
2019-07-12 21:00:00,47.27221200000007
2019-07-12 22:00:00,28.666970222222286
2019-07-12 23:00:00,29.349504888888937
2019-07-13 00:00:00,17.63146666666663
2019-07-13 01:00:00,2.8532804444444544
2019-07-13 02:00:00,0.0
2019-07-13 03:00:00,0.0
2019-07-13 04:00:00,0.0
2019-07-13 05:00:00,0.0
2019-07-13 06:00:00,0.0
2019-07-13 07:00:00,0.0
2019-07-13 08:00:00,0.0
2019-07-13 09:00:00,0.0
2019-07-13 10:00:00,0.0
2019-07-13 11:00:00,0.0
2019-07-13 12:00:00,0.0
2019-07-13 13:00:00,0.0
2019-07-13 14:00:00,0.0
2019-07-13 15:00:00,2.71524355555556
2019-07-13 16:00:00,0.0
2019-07-13 17:00:00,0.0
2019-07-13 18:00:00,0.0
2019-07-13 19:00:00,0.313924
2019-07-13 20:00:00,0.0
2019-07-13 21:00:00,0.0
2019-07-13 22:00:00,0.0
2019-07-13 23:00:00,0.0
2019-07-14 00:00:00,0.0
2019-07-14 01:00:00,0.0
2019-07-14 02:00:00,0.0
2019-07-14 03:00:00,0.0
2019-07-14 04:00:00,0.0
2019-07-14 05:00:00,0.0
2019-07-14 06:00:00,0.0
2019-07-14 07:00:00,0.0
2019-07-14 08:00:00,0.0
2019-07-14 09:00:00,0.0
2019-07-14 10:00:00,0.0
2019-07-14 11:00:00,0.0
2019-07-14 12:00:00,0.0
2019-07-14 13:00:00,0.0
2019-07-14 14:00:00,0.0
2019-07-14 15:00:00,0.0
2019-07-14 16:00:00,0.8785919999999973
2019-07-14 17:00:00,0.0
2019-07-14 18:00:00,0.010238222222222221
2019-07-14 19:00:00,0.003489777777777778
2019-07-14 20:00:00,0.0
2019-07-14 21:00:00,2.804099999999965
2019-07-14 22:00:00,3.164610222222182
2019-07-14 23:00:00,0.18573822222222264
2019-07-15 00:00:00,0.012468444444444445
2019-07-15 01:00:00,0.0
2019-07-15 02:00:00,0.0
2019-07-15 03:00:00,0.0
2019-07-15 04:00:00,0.0
2019-07-15 05:00:00,0.0
2019-07-15 06:00:00,0.0
2019-07-15 07:00:00,0.0
2019-07-15 08:00:00,0.0
2019-07-15 09:00:00,0.0
2019-07-15 10:00:00,0.0
2019-07-15 11:00:00,0.0
2019-07-15 12:00:00,0.8834973333333354
2019-07-15 13:00:00,27.927795999999933
2019-07-15 14:00:00,68.29465066666664
2019-07-15 15:00:00,75.6830417777778
2019-07-15 16:00:00,76.83916355555547
2019-07-15 17:00:00,71.61767022222206
2019-07-15 18:00:00,47.76411466666652
2019-07-15 19:00:00,41.05655377777763
2019-07-15 20:00:00,34.69407644444435
2019-07-15 21:00:00,24.42957688888885
2019-07-15 22:00:00,14.818324444444372
2019-07-15 23:00:00,18.99521866666658
2019-07-16 00:00:00,18.362263111111115
2019-07-16 01:00:00,5.657599999999986
2019-07-16 02:00:00,1.7457151111111133
2019-07-16 03:00:00,4.022483111111059
2019-07-16 04:00:00,1.186143111111104
2019-07-16 05:00:00,0.0
2019-07-16 06:00:00,0.0
2019-07-16 07:00:00,0.0
2019-07-16 08:00:00,0.0
2019-07-16 09:00:00,0.0
2019-07-16 10:00:00,0.0
2019-07-16 11:00:00,0.0
2019-07-16 12:00:00,1.7262671111111112
2019-07-16 13:00:00,34.31490400000002
2019-07-16 14:00:00,69.91110533333335
2019-07-16 15:00:00,81.72716355555558
2019-07-16 16:00:00,83.39341111111095
2019-07-16 17:00:00,73.82651466666653
2019-07-16 18:00:00,61.97573777777745
2019-07-16 19:00:00,42.010401333333036
2019-07-16 20:00:00,44.704763999999884
2019-07-16 21:00:00,30.02073244444435
2019-07-16 22:00:00,18.4146386666666
2019-07-16 23:00:00,23.629314222222252
2019-07-17 00:00:00,19.230813333333376
2019-07-17 01:00:00,15.202644888888889
2019-07-17 02:00:00,5.90595200000001
2019-07-17 03:00:00,3.1180066666666435
2019-07-17 04:00:00,0.15530088888888893
2019-07-17 05:00:00,0.0
2019-07-17 06:00:00,0.0
2019-07-17 07:00:00,0.0
2019-07-17 08:00:00,0.0
2019-07-17 09:00:00,0.0
2019-07-17 10:00:00,0.0
2019-07-17 11:00:00,0.0
2019-07-17 12:00:00,4.943564888888919
2019-07-17 13:00:00,31.63452355555547
2019-07-17 14:00:00,82.93118888888895
2019-07-17 15:00:00,93.08738399999982
2019-07-17 16:00:00,92.19586133333326
2019-07-17 17:00:00,85.16707911111084
2019-07-17 18:00:00,62.46416222222218
2019-07-17 19:00:00,52.03495555555543
2019-07-17 20:00:00,34.839774666666685
2019-07-17 21:00:00,39.775325777777844
2019-07-17 22:00:00,38.40254311111124
2019-07-17 23:00:00,29.3114062222222
2019-07-18 00:00:00,10.852914222222186
2019-07-18 01:00:00,6.418752888888868
2019-07-18 02:00:00,0.04895511111111114
2019-07-18 03:00:00,0.0
2019-07-18 04:00:00,0.0
2019-07-18 05:00:00,0.0
2019-07-18 06:00:00,0.0
2019-07-18 07:00:00,0.0
2019-07-18 08:00:00,0.0
2019-07-18 09:00:00,0.0
2019-07-18 10:00:00,0.0
2019-07-18 11:00:00,0.0
2019-07-18 12:00:00,0.9622600000000018
2019-07-18 13:00:00,34.22921955555547
2019-07-18 14:00:00,76.44425822222229
2019-07-18 15:00:00,82.4343982222224
2019-07-18 16:00:00,86.24047466666684
2019-07-18 17:00:00,68.98158799999992
2019-07-18 18:00:00,63.204873333333076
2019-07-18 19:00:00,37.81435377777751
2019-07-18 20:00:00,31.13077066666644
2019-07-18 21:00:00,36.421741777777555
2019-07-18 22:00:00,41.44497066666643
2019-07-18 23:00:00,43.73402799999993
2019-07-19 00:00:00,43.90507333333317
2019-07-19 01:00:00,27.70315599999995
2019-07-19 02:00:00,21.870916888888736
2019-07-19 03:00:00,13.452243999999933
2019-07-19 04:00:00,6.441892888888799
2019-07-19 05:00:00,3.7685151111111237
2019-07-19 06:00:00,0.0
2019-07-19 07:00:00,0.0
2019-07-19 08:00:00,0.0
2019-07-19 09:00:00,0.0
2019-07-19 10:00:00,0.0
2019-07-19 11:00:00,0.0
2019-07-19 12:00:00,0.30537288888888897
2019-07-19 13:00:00,12.430022222222242
2019-07-19 14:00:00,20.442546222222223
2019-07-19 15:00:00,25.745459999999948
2019-07-19 16:00:00,32.65054000000001
2019-07-19 17:00:00,26.724342666666566
2019-07-19 18:00:00,16.775841333333226
2019-07-19 19:00:00,11.46803955555554
2019-07-19 20:00:00,10.463601777777809
2019-07-19 21:00:00,6.189508000000032
2019-07-19 22:00:00,6.259632888888926
2019-07-19 23:00:00,10.226759111111184
2019-07-20 00:00:00,7.698854222222259
2019-07-20 01:00:00,0.0
2019-07-20 02:00:00,0.0
2019-07-20 03:00:00,0.0
2019-07-20 04:00:00,0.0
2019-07-20 05:00:00,0.0
2019-07-20 06:00:00,0.0
2019-07-20 07:00:00,0.0
2019-07-20 08:00:00,0.0
2019-07-20 09:00:00,0.0
2019-07-20 10:00:00,0.0
2019-07-20 11:00:00,0.0
2019-07-20 12:00:00,0.0
2019-07-20 13:00:00,2.183456888888871
2019-07-20 14:00:00,3.19527866666663
2019-07-20 15:00:00,0.8481546666666612
2019-07-20 16:00:00,0.0
2019-07-20 17:00:00,1.5747102222222111
2019-07-20 18:00:00,1.1800475555555598
2019-07-20 19:00:00,0.0
2019-07-20 20:00:00,0.0
2019-07-20 21:00:00,0.0
2019-07-20 22:00:00,0.0
2019-07-20 23:00:00,0.0
2019-07-21 00:00:00,0.0
2019-07-21 01:00:00,0.0
2019-07-21 02:00:00,0.0
2019-07-21 03:00:00,0.0
2019-07-21 04:00:00,0.0
2019-07-21 05:00:00,0.0
2019-07-21 06:00:00,0.0
2019-07-21 07:00:00,0.0
2019-07-21 08:00:00,0.0
2019-07-21 09:00:00,0.0
2019-07-21 10:00:00,0.0
2019-07-21 11:00:00,0.0
2019-07-21 12:00:00,0.0
2019-07-21 13:00:00,2.1649968888888975
2019-07-21 14:00:00,3.104151555555579
2019-07-21 15:00:00,2.729959555555568
2019-07-21 16:00:00,0.0
2019-07-21 17:00:00,0.20867600000000033
2019-07-21 18:00:00,0.6180026666666669
2019-07-21 19:00:00,0.0
2019-07-21 20:00:00,0.0
2019-07-21 21:00:00,0.0
2019-07-21 22:00:00,0.0
2019-07-21 23:00:00,0.0
2019-07-22 00:00:00,0.0
2019-07-22 01:00:00,0.0
2019-07-22 02:00:00,0.0
2019-07-22 03:00:00,0.0
2019-07-22 04:00:00,0.0
2019-07-22 05:00:00,0.0
2019-07-22 06:00:00,0.0
2019-07-22 07:00:00,0.0
2019-07-22 08:00:00,0.0
2019-07-22 09:00:00,0.0
2019-07-22 10:00:00,0.0
2019-07-22 11:00:00,0.0
2019-07-22 12:00:00,4.13102444444447
2019-07-22 13:00:00,40.48384311111109
2019-07-22 14:00:00,78.88415022222219
2019-07-22 15:00:00,81.06491466666651
2019-07-22 16:00:00,80.14205333333311
2019-07-22 17:00:00,82.74872666666656
2019-07-22 18:00:00,72.05771155555556
2019-07-22 19:00:00,66.66605111111119
2019-07-22 20:00:00,55.66357333333342
2019-07-22 21:00:00,38.55613955555546
2019-07-22 22:00:00,32.254975999999935
2019-07-22 23:00:00,22.391766222222163
2019-07-23 00:00:00,18.38269911111104
2019-07-23 01:00:00,16.896452444444375
2019-07-23 02:00:00,12.822570222222112
2019-07-23 03:00:00,7.394839111111011
2019-07-23 04:00:00,6.417741777777717
2019-07-23 05:00:00,6.454898666666596
2019-07-23 06:00:00,6.379151999999967
2019-07-23 07:00:00,4.773322666666609
2019-07-23 08:00:00,0.0
2019-07-23 09:00:00,0.0
2019-07-23 10:00:00,0.0
2019-07-23 11:00:00,0.0
2019-07-23 12:00:00,1.3274733333333346
2019-07-23 13:00:00,30.30554222222219
2019-07-23 14:00:00,67.42185377777771
2019-07-23 15:00:00,79.63030977777751
2019-07-23 16:00:00,70.84858444444419
2019-07-23 17:00:00,53.81900622222189
2019-07-23 18:00:00,26.293499555555485
2019-07-23 19:00:00,30.31865199999993
2019-07-23 20:00:00,28.10970933333325
2019-07-23 21:00:00,32.22385111111092
2019-07-23 22:00:00,23.23833777777772
2019-07-23 23:00:00,27.980789777777655
2019-07-24 00:00:00,25.29069688888881
2019-07-24 01:00:00,14.863067555555464
2019-07-24 02:00:00,7.682295111111037
2019-07-24 03:00:00,2.6657915555555523
2019-07-24 04:00:00,0.0
2019-07-24 05:00:00,0.0
2019-07-24 06:00:00,0.0
2019-07-24 07:00:00,0.0
2019-07-24 08:00:00,0.0
2019-07-24 09:00:00,0.0
2019-07-24 10:00:00,0.0
2019-07-24 11:00:00,0.0
2019-07-24 12:00:00,1.11360311111111
2019-07-24 13:00:00,31.746681777777788
2019-07-24 14:00:00,68.53984800000002
2019-07-24 15:00:00,85.26576933333342
2019-07-24 16:00:00,88.03246977777793
2019-07-24 17:00:00,86.63195955555554
2019-07-24 18:00:00,63.19316177777744
2019-07-24 19:00:00,46.6919439999999
2019-07-24 20:00:00,28.43488844444437
2019-07-24 21:00:00,32.34553111111096
2019-07-24 22:00:00,26.87132355555544
2019-07-24 23:00:00,32.67052533333323
2019-07-25 00:00:00,29.40705155555559
2019-07-25 01:00:00,14.997285333333311
2019-07-25 02:00:00,9.56289244444443
2019-07-25 03:00:00,5.190050666666673
2019-07-25 04:00:00,0.47923777777777776
2019-07-25 05:00:00,0.0
2019-07-25 06:00:00,0.0
2019-07-25 07:00:00,0.0
2019-07-25 08:00:00,0.0
2019-07-25 09:00:00,0.0
2019-07-25 10:00:00,0.0
2019-07-25 11:00:00,0.0
2019-07-25 12:00:00,0.703508
2019-07-25 13:00:00,28.15894177777786
2019-07-25 14:00:00,74.49782311111099
2019-07-25 15:00:00,86.05195733333319
2019-07-25 16:00:00,80.26543199999983
2019-07-25 17:00:00,82.9374346666663
2019-07-25 18:00:00,78.68646355555529
2019-07-25 19:00:00,66.29950311111122
2019-07-25 20:00:00,58.753112888888566
2019-07-25 21:00:00,45.53027555555548
2019-07-25 22:00:00,33.45877599999993
2019-07-25 23:00:00,19.05650933333332
2019-07-26 00:00:00,12.48348399999993
2019-07-26 01:00:00,15.722165333333272
2019-07-26 02:00:00,4.503587111111096
2019-07-26 03:00:00,0.0
2019-07-26 04:00:00,0.0
2019-07-26 05:00:00,0.0
2019-07-26 06:00:00,0.0
2019-07-26 07:00:00,0.0
2019-07-26 08:00:00,0.0
2019-07-26 09:00:00,0.0
2019-07-26 10:00:00,0.0
2019-07-26 11:00:00,0.0
2019-07-26 12:00:00,0.19968
2019-07-26 13:00:00,21.108914666666692
2019-07-26 14:00:00,54.98834755555545
2019-07-26 15:00:00,62.52072666666661
2019-07-26 16:00:00,67.72902355555527
2019-07-26 17:00:00,57.79562533333324
2019-07-26 18:00:00,53.282429777777686
2019-07-26 19:00:00,30.639688444444378
2019-07-26 20:00:00,37.498569333333414
2019-07-26 21:00:00,40.00903688888892
2019-07-26 22:00:00,31.104331555555376
2019-07-26 23:00:00,33.6045955555554
2019-07-27 00:00:00,20.92145466666652
2019-07-27 01:00:00,7.041383555555468
2019-07-27 02:00:00,4.150137333333322
2019-07-27 03:00:00,0.0
2019-07-27 04:00:00,0.0
2019-07-27 05:00:00,0.0
2019-07-27 06:00:00,0.0
2019-07-27 07:00:00,0.0
2019-07-27 08:00:00,0.0
2019-07-27 09:00:00,0.0
2019-07-27 10:00:00,0.0
2019-07-27 11:00:00,0.0
2019-07-27 12:00:00,0.0
2019-07-27 13:00:00,0.0
2019-07-27 14:00:00,0.0
2019-07-27 15:00:00,0.0
2019-07-27 16:00:00,0.0
2019-07-27 17:00:00,0.0
2019-07-27 18:00:00,0.0
2019-07-27 19:00:00,0.0
2019-07-27 20:00:00,0.0
2019-07-27 21:00:00,0.0
2019-07-27 22:00:00,2.436748888888885
2019-07-27 23:00:00,5.868829777777721
2019-07-28 00:00:00,3.833694222222246
2019-07-28 01:00:00,0.0
2019-07-28 02:00:00,0.0
2019-07-28 03:00:00,0.0
2019-07-28 04:00:00,0.0
2019-07-28 05:00:00,0.0
2019-07-28 06:00:00,0.0
2019-07-28 07:00:00,0.0
2019-07-28 08:00:00,0.0
2019-07-28 09:00:00,0.0
2019-07-28 10:00:00,0.766589777777778
2019-07-28 11:00:00,3.275104444444414
2019-07-28 12:00:00,2.3144506666666707
2019-07-28 13:00:00,0.0
2019-07-28 14:00:00,0.0
2019-07-28 15:00:00,0.0
2019-07-28 16:00:00,0.0
2019-07-28 17:00:00,0.0
2019-07-28 18:00:00,0.0
2019-07-28 19:00:00,0.0
2019-07-28 20:00:00,0.0
2019-07-28 21:00:00,0.0
2019-07-28 22:00:00,0.0
2019-07-28 23:00:00,0.0
2019-07-29 00:00:00,0.0
2019-07-29 01:00:00,0.0
2019-07-29 02:00:00,0.0
2019-07-29 03:00:00,0.0
2019-07-29 04:00:00,0.0
2019-07-29 05:00:00,0.0
2019-07-29 06:00:00,0.0
2019-07-29 07:00:00,0.0
2019-07-29 08:00:00,0.0
2019-07-29 09:00:00,0.0
2019-07-29 10:00:00,0.0
2019-07-29 11:00:00,0.0
2019-07-29 12:00:00,0.22652355555555548
2019-07-29 13:00:00,33.821106222222156
2019-07-29 14:00:00,66.27167155555556
2019-07-29 15:00:00,78.72976800000006
2019-07-29 16:00:00,72.99276400000007
2019-07-29 17:00:00,63.12353377777772
2019-07-29 18:00:00,44.11272666666651
2019-07-29 19:00:00,33.21320888888877
2019-07-29 20:00:00,31.349731111111065
2019-07-29 21:00:00,22.671757333333183
2019-07-29 22:00:00,23.769101777777692
2019-07-29 23:00:00,16.99493466666665
2019-07-30 00:00:00,11.59044177777779
2019-07-30 01:00:00,1.4509964444444472
2019-07-30 02:00:00,0.0
2019-07-30 03:00:00,0.0
2019-07-30 04:00:00,0.0
2019-07-30 05:00:00,0.0
2019-07-30 06:00:00,0.0
2019-07-30 07:00:00,0.0
2019-07-30 08:00:00,0.0
2019-07-30 09:00:00,0.0
2019-07-30 10:00:00,0.0
2019-07-30 11:00:00,0.0
2019-07-30 12:00:00,2.1665222222222225
2019-07-30 13:00:00,30.68009244444444
2019-07-30 14:00:00,65.7637239999999
2019-07-30 15:00:00,67.413938222222
2019-07-30 16:00:00,70.50782266666648
2019-07-30 17:00:00,61.64862311111108
2019-07-30 18:00:00,42.01352711111099
2019-07-30 19:00:00,22.77956488888873
2019-07-30 20:00:00,19.377291555555537
2019-07-30 21:00:00,18.604479111111022
2019-07-30 22:00:00,20.214549333333267
2019-07-30 23:00:00,16.124963111110993
2019-07-31 00:00:00,11.431795555555532
2019-07-31 01:00:00,7.267115555555561
2019-07-31 02:00:00,3.6559928888889006
2019-07-31 03:00:00,0.0
2019-07-31 04:00:00,0.0
2019-07-31 05:00:00,0.0
2019-07-31 06:00:00,0.0
2019-07-31 07:00:00,0.0
2019-07-31 08:00:00,0.0
2019-07-31 09:00:00,0.0
2019-07-31 10:00:00,0.0
2019-07-31 11:00:00,0.0
2019-07-31 12:00:00,1.5626808888888881
2019-07-31 13:00:00,20.55863333333328
2019-07-31 14:00:00,63.5715946666666
2019-07-31 15:00:00,78.50399555555553
2019-07-31 16:00:00,71.2891342222219
2019-07-31 17:00:00,65.12589199999968
2019-07-31 18:00:00,47.1128262222221
2019-07-31 19:00:00,35.911321333333156
2019-07-31 20:00:00,27.359083555555443
2019-07-31 21:00:00,22.564712444444364
2019-07-31 22:00:00,19.641307111111093
2019-07-31 23:00:00,21.777582666666667
2019-08-01 00:00:00,20.064269333333225
2019-08-01 01:00:00,9.63963288888883
2019-08-01 02:00:00,1.5896746666666728
2019-08-01 03:00:00,0.0
2019-08-01 04:00:00,0.0
2019-08-01 05:00:00,0.0
2019-08-01 06:00:00,0.0
2019-08-01 07:00:00,0.0
2019-08-01 08:00:00,0.0
2019-08-01 09:00:00,0.0
2019-08-01 10:00:00,0.0
2019-08-01 11:00:00,0.0
2019-08-01 12:00:00,0.18327688888888893
2019-08-01 13:00:00,32.330404888888836
2019-08-01 14:00:00,59.071636000000034
2019-08-01 15:00:00,72.07264711111117
2019-08-01 16:00:00,67.26201733333336
2019-08-01 17:00:00,64.99082488888882
2019-08-01 18:00:00,46.126391999999896
2019-08-01 19:00:00,46.063471999999905
2019-08-01 20:00:00,29.74286755555545
2019-08-01 21:00:00,15.172045777777715
2019-08-01 22:00:00,15.210421777777688
2019-08-01 23:00:00,16.732149777777792
2019-08-02 00:00:00,18.33366888888879
2019-08-02 01:00:00,9.377367999999926
2019-08-02 02:00:00,6.434953777777725
2019-08-02 03:00:00,6.470221333333257
2019-08-02 04:00:00,6.434364444444398
2019-08-02 05:00:00,6.401852888888821
2019-08-02 06:00:00,6.24788666666658
2019-08-02 07:00:00,5.090724888888874
2019-08-02 08:00:00,0.0
2019-08-02 09:00:00,0.0
2019-08-02 10:00:00,0.0
2019-08-02 11:00:00,0.0
2019-08-02 12:00:00,0.4150177777777781
2019-08-02 13:00:00,10.177561333333319
2019-08-02 14:00:00,21.02626933333335
2019-08-02 15:00:00,17.52114000000003
2019-08-02 16:00:00,7.323893777777776
2019-08-02 17:00:00,9.50041733333342
2019-08-02 18:00:00,11.370949777777842
2019-08-02 19:00:00,14.67305377777779
2019-08-02 20:00:00,9.385179555555602
2019-08-02 21:00:00,6.310147999999961
2019-08-02 22:00:00,4.576878222222224
2019-08-02 23:00:00,0.0
2019-08-03 00:00:00,0.00041600000000000003
2019-08-03 01:00:00,0.0
2019-08-03 02:00:00,0.0
2019-08-03 03:00:00,0.0
2019-08-03 04:00:00,0.0
2019-08-03 05:00:00,0.0
2019-08-03 06:00:00,0.0
2019-08-03 07:00:00,0.0
2019-08-03 08:00:00,0.0
2019-08-03 09:00:00,0.0
2019-08-03 10:00:00,0.0
2019-08-03 11:00:00,0.0
2019-08-03 12:00:00,0.0
2019-08-03 13:00:00,0.0
2019-08-03 14:00:00,0.0
2019-08-03 15:00:00,0.0
2019-08-03 16:00:00,0.0
2019-08-03 17:00:00,0.0
2019-08-03 18:00:00,0.0
2019-08-03 19:00:00,0.0
2019-08-03 20:00:00,0.0
2019-08-03 21:00:00,1.1767946666666655
2019-08-03 22:00:00,3.1046773333333086
2019-08-03 23:00:00,1.7887191111111147
2019-08-04 00:00:00,0.0
2019-08-04 01:00:00,0.0
2019-08-04 02:00:00,0.0
2019-08-04 03:00:00,0.0
2019-08-04 04:00:00,0.0
2019-08-04 05:00:00,0.0
2019-08-04 06:00:00,0.0
2019-08-04 07:00:00,0.0
2019-08-04 08:00:00,0.0
2019-08-04 09:00:00,0.0
2019-08-04 10:00:00,0.0
2019-08-04 11:00:00,0.0
2019-08-04 12:00:00,0.0
2019-08-04 13:00:00,0.0
2019-08-04 14:00:00,0.0
2019-08-04 15:00:00,0.0
2019-08-04 16:00:00,0.0
2019-08-04 17:00:00,0.0
2019-08-04 18:00:00,0.0
2019-08-04 19:00:00,0.0
2019-08-04 20:00:00,5.45399688888889
2019-08-04 21:00:00,8.875614222222156
2019-08-04 22:00:00,2.5887853333333375
2019-08-04 23:00:00,0.0
2019-08-05 00:00:00,0.0
2019-08-05 01:00:00,0.0
2019-08-05 02:00:00,0.0
2019-08-05 03:00:00,0.0
2019-08-05 04:00:00,0.0
2019-08-05 05:00:00,0.0
2019-08-05 06:00:00,0.0
2019-08-05 07:00:00,0.0
2019-08-05 08:00:00,0.0
2019-08-05 09:00:00,0.0
2019-08-05 10:00:00,0.0
2019-08-05 11:00:00,0.0
2019-08-05 12:00:00,2.7796946666666704
2019-08-05 13:00:00,35.50142844444441
2019-08-05 14:00:00,67.75165511111105
2019-08-05 15:00:00,78.41345199999974
2019-08-05 16:00:00,76.66511955555528
2019-08-05 17:00:00,68.80229777777741
2019-08-05 18:00:00,65.86657999999989
2019-08-05 19:00:00,51.09910577777758
2019-08-05 20:00:00,42.264282666666546
2019-08-05 21:00:00,32.539849333333166
2019-08-05 22:00:00,18.068047111111003
2019-08-05 23:00:00,24.97417866666661
2019-08-06 00:00:00,30.46628000000007
2019-08-06 01:00:00,17.58100355555556
2019-08-06 02:00:00,2.855516444444442
2019-08-06 03:00:00,0.0
2019-08-06 04:00:00,0.0
2019-08-06 05:00:00,0.0
2019-08-06 06:00:00,0.0
2019-08-06 07:00:00,0.0
2019-08-06 08:00:00,0.0
2019-08-06 09:00:00,0.0
2019-08-06 10:00:00,0.0
2019-08-06 11:00:00,0.0
2019-08-06 12:00:00,1.5976017777777791
2019-08-06 13:00:00,32.95538133333328
2019-08-06 14:00:00,73.41124266666667
2019-08-06 15:00:00,74.17685022222189
2019-08-06 16:00:00,69.90949911111095
2019-08-06 17:00:00,68.58780933333311
2019-08-06 18:00:00,40.90590399999993
2019-08-06 19:00:00,33.967359111110845
2019-08-06 20:00:00,29.051810666666682
2019-08-06 21:00:00,27.680824888888917
2019-08-06 22:00:00,22.896333777777695
2019-08-06 23:00:00,23.11445066666647
2019-08-07 00:00:00,23.059290222222096
2019-08-07 01:00:00,15.658702222222189
2019-08-07 02:00:00,8.629763999999987
2019-08-07 03:00:00,6.332184444444422
2019-08-07 04:00:00,6.449588888888843
2019-08-07 05:00:00,6.464668888888797
2019-08-07 06:00:00,6.53349955555551
2019-08-07 07:00:00,6.363667555555508
2019-08-07 08:00:00,6.528074222222149
2019-08-07 09:00:00,6.473046666666612
2019-08-07 10:00:00,1.2842959999999997
2019-08-07 11:00:00,0.0
2019-08-07 12:00:00,6.523752444444393
2019-08-07 13:00:00,35.71387733333321
2019-08-07 14:00:00,64.13267466666674
2019-08-07 15:00:00,72.8998053333333
2019-08-07 16:00:00,68.20761422222222
2019-08-07 17:00:00,61.79396311111071
2019-08-07 18:00:00,55.337094222221864
2019-08-07 19:00:00,35.418777333333125
2019-08-07 20:00:00,16.64323555555557
2019-08-07 21:00:00,18.288954666666587
2019-08-07 22:00:00,15.980016000000038
2019-08-07 23:00:00,16.62433066666658
2019-08-08 00:00:00,8.693383111111075
2019-08-08 01:00:00,0.0
2019-08-08 02:00:00,0.0
2019-08-08 03:00:00,0.0
2019-08-08 04:00:00,0.0
2019-08-08 05:00:00,0.0
2019-08-08 06:00:00,0.0
2019-08-08 07:00:00,0.0
2019-08-08 08:00:00,0.0
2019-08-08 09:00:00,0.0
2019-08-08 10:00:00,0.0
2019-08-08 11:00:00,0.0
2019-08-08 12:00:00,2.9183151111111094
2019-08-08 13:00:00,27.21332177777778
2019-08-08 14:00:00,70.27497822222229
2019-08-08 15:00:00,78.95992577777741
2019-08-08 16:00:00,76.27547777777744
2019-08-08 17:00:00,60.88147288888869
2019-08-08 18:00:00,56.86069999999971
2019-08-08 19:00:00,46.15807733333327
2019-08-08 20:00:00,47.595854222221995
2019-08-08 21:00:00,41.71594266666654
2019-08-08 22:00:00,41.22268222222224
2019-08-08 23:00:00,34.10612977777782
2019-08-09 00:00:00,20.46267022222216
2019-08-09 01:00:00,5.353573333333349
2019-08-09 02:00:00,1.6313324444444526
2019-08-09 03:00:00,0.0
2019-08-09 04:00:00,0.0
2019-08-09 05:00:00,0.0
2019-08-09 06:00:00,0.0
2019-08-09 07:00:00,0.0
2019-08-09 08:00:00,0.0
2019-08-09 09:00:00,0.0
2019-08-09 10:00:00,0.0
2019-08-09 11:00:00,0.0
2019-08-09 12:00:00,1.68498488888889
2019-08-09 13:00:00,27.774950666666598
2019-08-09 14:00:00,69.24002799999994
2019-08-09 15:00:00,86.06420622222213
2019-08-09 16:00:00,79.59023511111074
2019-08-09 17:00:00,77.95374311111087
2019-08-09 18:00:00,74.58644844444413
2019-08-09 19:00:00,62.557190222221905
2019-08-09 20:00:00,56.57755999999979
2019-08-09 21:00:00,56.04444444444417
2019-08-09 22:00:00,36.12126266666652
2019-08-09 23:00:00,25.75395333333332
2019-08-10 00:00:00,13.425071111111052
2019-08-10 01:00:00,9.972496444444396
2019-08-10 02:00:00,7.534360888888805
2019-08-10 03:00:00,6.449941333333286
2019-08-10 04:00:00,6.456435555555484
2019-08-10 05:00:00,6.465148444444412
2019-08-10 06:00:00,6.442054666666636
2019-08-10 07:00:00,3.3243253333333174
2019-08-10 08:00:00,0.0
2019-08-10 09:00:00,0.0
2019-08-10 10:00:00,0.0
2019-08-10 11:00:00,0.0
2019-08-10 12:00:00,0.0
2019-08-10 13:00:00,0.0
2019-08-10 14:00:00,0.14261288888888893
2019-08-10 15:00:00,2.695714666666669
2019-08-10 16:00:00,4.265559999999978
2019-08-10 17:00:00,3.1517662222222214
2019-08-10 18:00:00,3.155851111111116
2019-08-10 19:00:00,3.146733777777788
2019-08-10 20:00:00,4.279241777777789
2019-08-10 21:00:00,3.119393333333358
2019-08-10 22:00:00,1.4810120000000013
2019-08-10 23:00:00,0.0
2019-08-11 00:00:00,0.0
2019-08-11 01:00:00,0.0
2019-08-11 02:00:00,0.0
2019-08-11 03:00:00,0.0
2019-08-11 04:00:00,0.0
2019-08-11 05:00:00,0.0
2019-08-11 06:00:00,0.0
2019-08-11 07:00:00,0.0
2019-08-11 08:00:00,0.0
2019-08-11 09:00:00,0.0
2019-08-11 10:00:00,0.0
2019-08-11 11:00:00,0.0
2019-08-11 12:00:00,0.0
2019-08-11 13:00:00,0.0
2019-08-11 14:00:00,0.0
2019-08-11 15:00:00,0.0
2019-08-11 16:00:00,0.0
2019-08-11 17:00:00,0.0
2019-08-11 18:00:00,0.0
2019-08-11 19:00:00,0.0
2019-08-11 20:00:00,0.0
2019-08-11 21:00:00,0.0
2019-08-11 22:00:00,0.0
2019-08-11 23:00:00,0.0
2019-08-12 00:00:00,0.0
2019-08-12 01:00:00,0.0
2019-08-12 02:00:00,0.0
2019-08-12 03:00:00,0.0
2019-08-12 04:00:00,0.0
2019-08-12 05:00:00,0.0
2019-08-12 06:00:00,0.0
2019-08-12 07:00:00,0.0
2019-08-12 08:00:00,0.0
2019-08-12 09:00:00,0.0
2019-08-12 10:00:00,0.0
2019-08-12 11:00:00,0.0
2019-08-12 12:00:00,0.0
2019-08-12 13:00:00,20.24992666666663
2019-08-12 14:00:00,71.87006666666663
2019-08-12 15:00:00,69.64298755555551
2019-08-12 16:00:00,66.19405866666663
2019-08-12 17:00:00,56.2221342222222
2019-08-12 18:00:00,49.80587733333336
2019-08-12 19:00:00,43.47812444444453
2019-08-12 20:00:00,32.66702399999991
2019-08-12 21:00:00,24.978194222222164
2019-08-12 22:00:00,25.753144444444413
2019-08-12 23:00:00,24.44483022222225
2019-08-13 00:00:00,18.96222177777779
2019-08-13 01:00:00,6.75098088888884
2019-08-13 02:00:00,0.2017657777777778
2019-08-13 03:00:00,0.0
2019-08-13 04:00:00,0.0
2019-08-13 05:00:00,0.0
2019-08-13 06:00:00,0.0
2019-08-13 07:00:00,0.0
2019-08-13 08:00:00,0.0
2019-08-13 09:00:00,0.0
2019-08-13 10:00:00,0.0
2019-08-13 11:00:00,0.0
2019-08-13 12:00:00,1.2719835555555572
2019-08-13 13:00:00,29.735916888888802
2019-08-13 14:00:00,70.2835062222222
2019-08-13 15:00:00,75.6399626666667
2019-08-13 16:00:00,64.72812088888858
2019-08-13 17:00:00,51.16615111111115
2019-08-13 18:00:00,43.27645688888896
2019-08-13 19:00:00,38.09648266666669
2019-08-13 20:00:00,23.225904000000064
2019-08-13 21:00:00,22.12783155555556
2019-08-13 22:00:00,19.082463111111075
2019-08-13 23:00:00,22.949986222222222
2019-08-14 00:00:00,15.450604000000027
2019-08-14 01:00:00,8.830507111111114
2019-08-14 02:00:00,5.385605333333297
2019-08-14 03:00:00,1.3127920000000066
2019-08-14 04:00:00,0.0
2019-08-14 05:00:00,0.0
2019-08-14 06:00:00,0.0
2019-08-14 07:00:00,0.0
2019-08-14 08:00:00,0.0
2019-08-14 09:00:00,0.0
2019-08-14 10:00:00,0.0
2019-08-14 11:00:00,0.0
2019-08-14 12:00:00,1.0445875555555582
2019-08-14 13:00:00,31.71750400000002
2019-08-14 14:00:00,70.06508888888898
2019-08-14 15:00:00,77.77641155555527
2019-08-14 16:00:00,71.98770799999953
2019-08-14 17:00:00,76.02320266666631
2019-08-14 18:00:00,76.74561555555506
2019-08-14 19:00:00,66.53607999999986
2019-08-14 20:00:00,40.629916888888886
2019-08-14 21:00:00,27.78260622222218
2019-08-14 22:00:00,11.635115555555554
2019-08-14 23:00:00,13.904441777777736
2019-08-15 00:00:00,20.593507999999957
2019-08-15 01:00:00,13.04251866666666
2019-08-15 02:00:00,6.39601155555555
2019-08-15 03:00:00,1.343882222222222
2019-08-15 04:00:00,2.1448613333333437
2019-08-15 05:00:00,0.0
2019-08-15 06:00:00,0.0
2019-08-15 07:00:00,0.0
2019-08-15 08:00:00,0.0
2019-08-15 09:00:00,0.0
2019-08-15 10:00:00,0.0
2019-08-15 11:00:00,0.0
2019-08-15 12:00:00,3.819983555555573
2019-08-15 13:00:00,29.553656888888835
2019-08-15 14:00:00,65.63517999999988
2019-08-15 15:00:00,68.99321866666668
2019-08-15 16:00:00,49.369880444444554
2019-08-15 17:00:00,43.06474755555565
2019-08-15 18:00:00,41.78759866666641
2019-08-15 19:00:00,34.582449777777676
2019-08-15 20:00:00,21.02470355555552
2019-08-15 21:00:00,10.360890222222162
2019-08-15 22:00:00,7.92143155555555
2019-08-15 23:00:00,34.64675066666663
2019-08-16 00:00:00,36.25641644444433
2019-08-16 01:00:00,14.857208888888838
2019-08-16 02:00:00,5.148433333333339
2019-08-16 03:00:00,6.345583111111139
2019-08-16 04:00:00,6.341815999999999
2019-08-16 05:00:00,6.426125333333292
2019-08-16 06:00:00,3.9925311111111017
2019-08-16 07:00:00,0.0
2019-08-16 08:00:00,0.0
2019-08-16 09:00:00,0.0
2019-08-16 10:00:00,0.0
2019-08-16 11:00:00,0.0
2019-08-16 12:00:00,3.8837240000000004
2019-08-16 13:00:00,13.521444444444386
2019-08-16 14:00:00,20.367787555555587
2019-08-16 15:00:00,18.852935111111044
2019-08-16 16:00:00,19.480615555555588
2019-08-16 17:00:00,24.477468888888787
2019-08-16 18:00:00,19.690851555555476
2019-08-16 19:00:00,13.120512888888886
2019-08-16 20:00:00,16.158046666666614
2019-08-16 21:00:00,16.311157777777737
2019-08-16 22:00:00,5.839617333333349
2019-08-16 23:00:00,0.23473955555555553
2019-08-17 00:00:00,0.23430044444444467
2019-08-17 01:00:00,0.230897333333333
2019-08-17 02:00:00,0.23408088888888892
2019-08-17 03:00:00,0.2268124444444445
2019-08-17 04:00:00,0.0
2019-08-17 05:00:00,0.0
2019-08-17 06:00:00,0.0
2019-08-17 07:00:00,0.0
2019-08-17 08:00:00,0.0
2019-08-17 09:00:00,0.0
2019-08-17 10:00:00,0.0
2019-08-17 11:00:00,0.0
2019-08-17 12:00:00,0.0
2019-08-17 13:00:00,1.6059044444444477
2019-08-17 14:00:00,6.429407111111034
2019-08-17 15:00:00,6.434306666666588
2019-08-17 16:00:00,4.612735111111104
2019-08-17 17:00:00,0.0
2019-08-17 18:00:00,0.0
2019-08-17 19:00:00,0.0
2019-08-17 20:00:00,0.0
2019-08-17 21:00:00,0.0
2019-08-17 22:00:00,0.0
2019-08-17 23:00:00,0.0
2019-08-18 00:00:00,0.0
2019-08-18 01:00:00,0.0
2019-08-18 02:00:00,0.0
2019-08-18 03:00:00,0.0
2019-08-18 04:00:00,0.0
2019-08-18 05:00:00,0.0
2019-08-18 06:00:00,0.0
2019-08-18 07:00:00,0.0
2019-08-18 08:00:00,0.0
2019-08-18 09:00:00,0.0
2019-08-18 10:00:00,0.0
2019-08-18 11:00:00,0.0
2019-08-18 12:00:00,0.0
2019-08-18 13:00:00,0.0
2019-08-18 14:00:00,0.0
2019-08-18 15:00:00,0.0
2019-08-18 16:00:00,0.0
2019-08-18 17:00:00,0.0
2019-08-18 18:00:00,0.0
2019-08-18 19:00:00,0.0
2019-08-18 20:00:00,0.0
2019-08-18 21:00:00,0.0
2019-08-18 22:00:00,0.0
2019-08-18 23:00:00,0.0
2019-08-19 00:00:00,0.0
2019-08-19 01:00:00,0.0
2019-08-19 02:00:00,0.0
2019-08-19 03:00:00,0.0
2019-08-19 04:00:00,0.0
2019-08-19 05:00:00,0.0
2019-08-19 06:00:00,0.0
2019-08-19 07:00:00,0.0
2019-08-19 08:00:00,0.0
2019-08-19 09:00:00,0.0
2019-08-19 10:00:00,0.0
2019-08-19 11:00:00,0.1987902222222224
2019-08-19 12:00:00,1.381004444444444
2019-08-19 13:00:00,28.900097777777766
2019-08-19 14:00:00,71.76345511111118
2019-08-19 15:00:00,78.54448622222229
2019-08-19 16:00:00,79.44129555555548
2019-08-19 17:00:00,71.47717777777756
2019-08-19 18:00:00,58.91881377777748
2019-08-19 19:00:00,47.118973777777626
2019-08-19 20:00:00,32.08963333333342
2019-08-19 21:00:00,40.53221466666675
2019-08-19 22:00:00,43.28609422222215
2019-08-19 23:00:00,30.07055422222216
2019-08-20 00:00:00,6.61938622222219
2019-08-20 01:00:00,5.163074222222189
2019-08-20 02:00:00,0.01482577777777778
2019-08-20 03:00:00,0.0
2019-08-20 04:00:00,0.0
2019-08-20 05:00:00,0.0
2019-08-20 06:00:00,0.0
2019-08-20 07:00:00,0.0
2019-08-20 08:00:00,0.0
2019-08-20 09:00:00,0.0
2019-08-20 10:00:00,0.0
2019-08-20 11:00:00,0.0
2019-08-20 12:00:00,8.911563555555498
2019-08-20 13:00:00,32.18266711111107
2019-08-20 14:00:00,66.63059866666664
2019-08-20 15:00:00,53.56232844444443
2019-08-20 16:00:00,9.122186666666666
2019-08-20 17:00:00,57.41220044444436
2019-08-20 18:00:00,47.61964711111091
2019-08-20 19:00:00,37.915147111111075
2019-08-20 20:00:00,37.02859911111106
2019-08-20 21:00:00,28.364601777777647
2019-08-20 22:00:00,35.34789555555542
2019-08-20 23:00:00,27.245891111111007
2019-08-21 00:00:00,13.35350177777775
2019-08-21 01:00:00,12.93368266666656
2019-08-21 02:00:00,5.652919999999989
2019-08-21 03:00:00,3.4378702222222106
2019-08-21 04:00:00,0.0
2019-08-21 05:00:00,0.0
2019-08-21 06:00:00,0.0
2019-08-21 07:00:00,0.0
2019-08-21 08:00:00,0.0
2019-08-21 09:00:00,0.0
2019-08-21 10:00:00,0.0
2019-08-21 11:00:00,0.0
2019-08-21 12:00:00,8.433932000000002
2019-08-21 13:00:00,41.58615066666663
2019-08-21 14:00:00,79.92948311111074
2019-08-21 15:00:00,77.01547244444431
2019-08-21 16:00:00,40.811119555555535
2019-08-21 17:00:00,78.02738088888886
2019-08-21 18:00:00,51.171663111110966
2019-08-21 19:00:00,40.5864679999998
2019-08-21 20:00:00,30.702024888888836
2019-08-21 21:00:00,15.243875111111127
2019-08-21 22:00:00,20.098849333333348
2019-08-21 23:00:00,33.92143155555552
2019-08-22 00:00:00,15.803724444444397
2019-08-22 01:00:00,2.590449333333338
2019-08-22 02:00:00,0.0
2019-08-22 03:00:00,0.0
2019-08-22 04:00:00,0.0
2019-08-22 05:00:00,0.0
2019-08-22 06:00:00,0.0
2019-08-22 07:00:00,0.0
2019-08-22 08:00:00,0.0
2019-08-22 09:00:00,0.0
2019-08-22 10:00:00,0.0
2019-08-22 11:00:00,0.0
2019-08-22 12:00:00,7.006855555555566
2019-08-22 13:00:00,20.973477777777724
2019-08-22 14:00:00,59.93231688888887
2019-08-22 15:00:00,77.41800444444412
2019-08-22 16:00:00,73.84163511111088
2019-08-22 17:00:00,65.25930088888853
2019-08-22 18:00:00,54.946464444444246
2019-08-22 19:00:00,41.658823555555436
2019-08-22 20:00:00,33.708849777777665
2019-08-22 21:00:00,26.159270222222105
2019-08-22 22:00:00,31.455591555555426
2019-08-22 23:00:00,34.2468995555554
2019-08-23 00:00:00,26.140885333333316
2019-08-23 01:00:00,8.644549333333291
2019-08-23 02:00:00,0.0018200000000000002
2019-08-23 03:00:00,0.0
2019-08-23 04:00:00,0.0
2019-08-23 05:00:00,0.0
2019-08-23 06:00:00,0.0
2019-08-23 07:00:00,0.0
2019-08-23 08:00:00,0.0
2019-08-23 09:00:00,0.0
2019-08-23 10:00:00,0.0
2019-08-23 11:00:00,0.0
2019-08-23 12:00:00,4.0890951111111296
2019-08-23 13:00:00,23.01786355555564
2019-08-23 14:00:00,64.58296000000014
2019-08-23 15:00:00,70.16695111111103
2019-08-23 16:00:00,63.570826222221925
2019-08-23 17:00:00,53.27543288888868
2019-08-23 18:00:00,35.32458799999995
2019-08-23 19:00:00,25.558311999999887
2019-08-23 20:00:00,22.893063555555525
2019-08-23 21:00:00,23.56363822222216
2019-08-23 22:00:00,33.25577377777769
2019-08-23 23:00:00,28.12041555555556
2019-08-24 00:00:00,23.75959733333331
2019-08-24 01:00:00,6.169412888888941
2019-08-24 02:00:00,0.43470266666666735
2019-08-24 03:00:00,0.0
2019-08-24 04:00:00,0.0
2019-08-24 05:00:00,0.0
2019-08-24 06:00:00,0.0
2019-08-24 07:00:00,0.0
2019-08-24 08:00:00,0.0
2019-08-24 09:00:00,0.0
2019-08-24 10:00:00,0.0
2019-08-24 11:00:00,0.0
2019-08-24 12:00:00,0.0
2019-08-24 13:00:00,0.0
2019-08-24 14:00:00,0.0
2019-08-24 15:00:00,0.0
2019-08-24 16:00:00,0.0
2019-08-24 17:00:00,0.0
2019-08-24 18:00:00,0.0
2019-08-24 19:00:00,0.0
2019-08-24 20:00:00,0.0
2019-08-24 21:00:00,0.0
2019-08-24 22:00:00,0.0
2019-08-24 23:00:00,0.0
2019-08-25 00:00:00,0.0
2019-08-25 01:00:00,0.0
2019-08-25 02:00:00,0.0
2019-08-25 03:00:00,0.0
2019-08-25 04:00:00,0.0
2019-08-25 05:00:00,0.0
2019-08-25 06:00:00,0.0
2019-08-25 07:00:00,0.0
2019-08-25 08:00:00,0.0
2019-08-25 09:00:00,0.0
2019-08-25 10:00:00,0.0
2019-08-25 11:00:00,0.0
2019-08-25 12:00:00,0.0
2019-08-25 13:00:00,0.0
2019-08-25 14:00:00,0.0
2019-08-25 15:00:00,0.0
2019-08-25 16:00:00,0.0
2019-08-25 17:00:00,0.0
2019-08-25 18:00:00,0.0
2019-08-25 19:00:00,0.0
2019-08-25 20:00:00,0.0
2019-08-25 21:00:00,0.0
2019-08-25 22:00:00,0.0
2019-08-25 23:00:00,0.0
2019-08-26 00:00:00,0.0
2019-08-26 01:00:00,0.0
2019-08-26 02:00:00,0.0
2019-08-26 03:00:00,0.0
2019-08-26 04:00:00,0.0
2019-08-26 05:00:00,0.0
2019-08-26 06:00:00,0.0
2019-08-26 07:00:00,0.0
2019-08-26 08:00:00,0.0
2019-08-26 09:00:00,0.0
2019-08-26 10:00:00,0.0
2019-08-26 11:00:00,0.0
2019-08-26 12:00:00,5.353053333333331
2019-08-26 13:00:00,29.498398222222157
2019-08-26 14:00:00,76.15234177777782
2019-08-26 15:00:00,82.97259244444443
2019-08-26 16:00:00,78.38465555555545
2019-08-26 17:00:00,69.37544177777733
2019-08-26 18:00:00,67.84153999999982
2019-08-26 19:00:00,59.096613333333075
2019-08-26 20:00:00,49.938893333333326
2019-08-26 21:00:00,42.281061333333156
2019-08-26 22:00:00,28.689000888888724
2019-08-26 23:00:00,18.848647999999994
2019-08-27 00:00:00,10.794888000000006
2019-08-27 01:00:00,5.960684888888894
2019-08-27 02:00:00,0.09687600000000009
2019-08-27 03:00:00,2.5796506666666663
2019-08-27 04:00:00,3.1435271111110934
2019-08-27 05:00:00,0.04523422222222216
2019-08-27 06:00:00,0.0
2019-08-27 07:00:00,0.0
2019-08-27 08:00:00,0.0
2019-08-27 09:00:00,0.0
2019-08-27 10:00:00,0.0
2019-08-27 11:00:00,0.0
2019-08-27 12:00:00,9.339933777777745
2019-08-27 13:00:00,43.176362666666606
2019-08-27 14:00:00,73.67333999999995
2019-08-27 15:00:00,63.14176266666652
2019-08-27 16:00:00,60.24828044444426
2019-08-27 17:00:00,50.41840844444442
2019-08-27 18:00:00,41.003889333333305
2019-08-27 19:00:00,34.66651644444436
2019-08-27 20:00:00,26.131351999999843
2019-08-27 21:00:00,31.621968444444317
2019-08-27 22:00:00,35.6612648888888
2019-08-27 23:00:00,29.309476444444368
2019-08-28 00:00:00,18.292947111111047
2019-08-28 01:00:00,9.190867111111093
2019-08-28 02:00:00,2.926138222222226
2019-08-28 03:00:00,0.0
2019-08-28 04:00:00,0.0
2019-08-28 05:00:00,0.0
2019-08-28 06:00:00,0.0
2019-08-28 07:00:00,0.0
2019-08-28 08:00:00,0.0
2019-08-28 09:00:00,0.0
2019-08-28 10:00:00,0.0
2019-08-28 11:00:00,0.0
2019-08-28 12:00:00,4.122935555555556
2019-08-28 13:00:00,29.786836444444422
2019-08-28 14:00:00,71.14214755555562
2019-08-28 15:00:00,78.25312444444441
2019-08-28 16:00:00,80.8968391111109
2019-08-28 17:00:00,60.277313777777536
2019-08-28 18:00:00,51.56677644444426
2019-08-28 19:00:00,44.998136444444214
2019-08-28 20:00:00,18.00982444444447
2019-08-28 21:00:00,10.958763111111113
2019-08-28 22:00:00,18.198642222222276
2019-08-28 23:00:00,16.991283111111212
2019-08-29 00:00:00,16.034026666666538
2019-08-29 01:00:00,12.384129333333238
2019-08-29 02:00:00,12.907763555555379
2019-08-29 03:00:00,4.085559111111109
2019-08-29 04:00:00,0.0
2019-08-29 05:00:00,0.0
2019-08-29 06:00:00,0.0
2019-08-29 07:00:00,0.0
2019-08-29 08:00:00,0.0
2019-08-29 09:00:00,0.0
2019-08-29 10:00:00,0.0
2019-08-29 11:00:00,0.0
2019-08-29 12:00:00,1.1147182222222227
2019-08-29 13:00:00,24.446869777777746
2019-08-29 14:00:00,69.1301808888888
2019-08-29 15:00:00,80.36769866666651
2019-08-29 16:00:00,74.37355466666642
2019-08-29 17:00:00,66.68830711111083
2019-08-29 18:00:00,59.165253333333375
2019-08-29 19:00:00,36.333104888888826
2019-08-29 20:00:00,10.18700799999994
2019-08-29 21:00:00,17.039562222222177
2019-08-29 22:00:00,31.51580755555532
2019-08-29 23:00:00,35.92848711111081
2019-08-30 00:00:00,30.75975644444432
2019-08-30 01:00:00,17.25251955555545
2019-08-30 02:00:00,4.034778222222247
2019-08-30 03:00:00,0.0
2019-08-30 04:00:00,0.0
2019-08-30 05:00:00,0.0
2019-08-30 06:00:00,0.0
2019-08-30 07:00:00,0.0
2019-08-30 08:00:00,0.0
2019-08-30 09:00:00,0.0
2019-08-30 10:00:00,0.0
2019-08-30 11:00:00,0.0
2019-08-30 12:00:00,4.5295408888888655
2019-08-30 13:00:00,6.943103555555593
2019-08-30 14:00:00,11.982036444444507
2019-08-30 15:00:00,17.052700888888793
2019-08-30 16:00:00,22.406308888888876
2019-08-30 17:00:00,29.46532622222212
2019-08-30 18:00:00,28.072454222222326
2019-08-30 19:00:00,19.748467555555592
2019-08-30 20:00:00,15.50426800000005
2019-08-30 21:00:00,9.249280444444441
2019-08-30 22:00:00,2.8625248888888803
2019-08-30 23:00:00,0.5671408888888884
2019-08-31 00:00:00,2.6588697777777703
2019-08-31 01:00:00,2.132075111111117
2019-08-31 02:00:00,0.0
2019-08-31 03:00:00,0.0
2019-08-31 04:00:00,0.0
2019-08-31 05:00:00,0.0
2019-08-31 06:00:00,0.0
2019-08-31 07:00:00,0.0
2019-08-31 08:00:00,0.0
2019-08-31 09:00:00,0.0
2019-08-31 10:00:00,0.0
2019-08-31 11:00:00,0.0
2019-08-31 12:00:00,0.0
2019-08-31 13:00:00,0.0
2019-08-31 14:00:00,0.0
2019-08-31 15:00:00,0.0
2019-08-31 16:00:00,0.0
2019-08-31 17:00:00,0.0
2019-08-31 18:00:00,0.0
2019-08-31 19:00:00,0.0
2019-08-31 20:00:00,0.0
2019-08-31 21:00:00,0.0
2019-08-31 22:00:00,0.0
2019-08-31 23:00:00,0.0
2019-09-01 00:00:00,0.0
2019-09-01 01:00:00,0.0
2019-09-01 02:00:00,0.0
2019-09-01 03:00:00,0.0
2019-09-01 04:00:00,0.0
2019-09-01 05:00:00,0.0
2019-09-01 06:00:00,0.0
2019-09-01 07:00:00,0.0
2019-09-01 08:00:00,0.0
2019-09-01 09:00:00,0.0
2019-09-01 10:00:00,0.0
2019-09-01 11:00:00,0.0
2019-09-01 12:00:00,0.0
2019-09-01 13:00:00,0.0
2019-09-01 14:00:00,0.0
2019-09-01 15:00:00,0.0
2019-09-01 16:00:00,0.0
2019-09-01 17:00:00,0.0
2019-09-01 18:00:00,0.0
2019-09-01 19:00:00,0.0
2019-09-01 20:00:00,0.0
2019-09-01 21:00:00,0.0
2019-09-01 22:00:00,0.0
2019-09-01 23:00:00,0.0
2019-09-02 00:00:00,0.0
2019-09-02 01:00:00,0.0
2019-09-02 02:00:00,0.0
2019-09-02 03:00:00,0.0
2019-09-02 04:00:00,0.0
2019-09-02 05:00:00,0.0
2019-09-02 06:00:00,0.0
2019-09-02 07:00:00,0.0
2019-09-02 08:00:00,0.0
2019-09-02 09:00:00,0.0
2019-09-02 10:00:00,0.0
2019-09-02 11:00:00,0.0
2019-09-02 12:00:00,0.0
2019-09-02 13:00:00,0.0
2019-09-02 14:00:00,0.0
2019-09-02 15:00:00,0.0
2019-09-02 16:00:00,0.0
2019-09-02 17:00:00,0.0
2019-09-02 18:00:00,0.0
2019-09-02 19:00:00,0.0
2019-09-02 20:00:00,0.0
2019-09-02 21:00:00,0.0
2019-09-02 22:00:00,0.0
2019-09-02 23:00:00,0.3324417777777778
2019-09-03 00:00:00,6.266242666666713
2019-09-03 01:00:00,6.329838666666638
2019-09-03 02:00:00,0.8595946666666665
2019-09-03 03:00:00,0.0
2019-09-03 04:00:00,0.0
2019-09-03 05:00:00,0.0
2019-09-03 06:00:00,0.0
2019-09-03 07:00:00,0.0
2019-09-03 08:00:00,0.0
2019-09-03 09:00:00,0.0
2019-09-03 10:00:00,0.0
2019-09-03 11:00:00,2.187281777777788
2019-09-03 12:00:00,7.962355555555546
2019-09-03 13:00:00,33.411883555555555
2019-09-03 14:00:00,69.30227200000002
2019-09-03 15:00:00,72.25292533333322
2019-09-03 16:00:00,69.85424622222193
2019-09-03 17:00:00,63.601419555555424
2019-09-03 18:00:00,56.10277688888873
2019-09-03 19:00:00,46.213070222221994
2019-09-03 20:00:00,37.357123555555425
2019-09-03 21:00:00,27.390451111111023
2019-09-03 22:00:00,13.792023555555518
2019-09-03 23:00:00,19.200739999999975
2019-09-04 00:00:00,25.62041155555547
2019-09-04 01:00:00,15.89298533333331
2019-09-04 02:00:00,9.793916888888793
2019-09-04 03:00:00,3.113107111111096
2019-09-04 04:00:00,0.0
2019-09-04 05:00:00,0.0
2019-09-04 06:00:00,0.0
2019-09-04 07:00:00,0.0
2019-09-04 08:00:00,0.0
2019-09-04 09:00:00,0.0
2019-09-04 10:00:00,0.832092444444444
2019-09-04 11:00:00,2.5287368888888846
2019-09-04 12:00:00,11.50888266666659
2019-09-04 13:00:00,29.629357333333402
2019-09-04 14:00:00,68.8461626666667
2019-09-04 15:00:00,71.84224666666677
2019-09-04 16:00:00,61.427409333333415
2019-09-04 17:00:00,62.50732799999979
2019-09-04 18:00:00,53.057165777777804
2019-09-04 19:00:00,37.373312888888705
2019-09-04 20:00:00,29.50666044444437
2019-09-04 21:00:00,33.557102222222255
2019-09-04 22:00:00,26.55594355555555
2019-09-04 23:00:00,23.603730222222122
2019-09-05 00:00:00,13.387729333333217
2019-09-05 01:00:00,3.3970675555555543
2019-09-05 02:00:00,0.0
2019-09-05 03:00:00,0.0
2019-09-05 04:00:00,0.0
2019-09-05 05:00:00,0.0
2019-09-05 06:00:00,0.0
2019-09-05 07:00:00,0.0
2019-09-05 08:00:00,0.0
2019-09-05 09:00:00,0.0
2019-09-05 10:00:00,0.0
2019-09-05 11:00:00,0.0
2019-09-05 12:00:00,1.9741915555555514
2019-09-05 13:00:00,21.343336444444343
2019-09-05 14:00:00,62.52436666666661
2019-09-05 15:00:00,83.00303555555534
2019-09-05 16:00:00,82.32847422222183
2019-09-05 17:00:00,74.05382399999972
2019-09-05 18:00:00,66.8111022222221
2019-09-05 19:00:00,59.18274844444429
2019-09-05 20:00:00,49.27940622222201
2019-09-05 21:00:00,26.723308444444385
2019-09-05 22:00:00,25.226442222222015
2019-09-05 23:00:00,26.704270666666524
2019-09-06 00:00:00,11.710983555555549
2019-09-06 01:00:00,0.0
2019-09-06 02:00:00,0.0
2019-09-06 03:00:00,0.0
2019-09-06 04:00:00,0.0
2019-09-06 05:00:00,0.0
2019-09-06 06:00:00,0.0
2019-09-06 07:00:00,0.0
2019-09-06 08:00:00,0.0
2019-09-06 09:00:00,0.0
2019-09-06 10:00:00,0.0
2019-09-06 11:00:00,0.0
2019-09-06 12:00:00,2.6050208888888964
2019-09-06 13:00:00,23.692228444444453
2019-09-06 14:00:00,50.970567555555554
2019-09-06 15:00:00,67.28733555555542
2019-09-06 16:00:00,60.567028888888636
2019-09-06 17:00:00,46.379285333333215
2019-09-06 18:00:00,31.143562666666554
2019-09-06 19:00:00,26.352427111110995
2019-09-06 20:00:00,20.419342666666672
2019-09-06 21:00:00,13.061891555555542
2019-09-06 22:00:00,22.303811111111045
2019-09-06 23:00:00,31.568327555555566
2019-09-07 00:00:00,28.800621777777693
2019-09-07 01:00:00,13.844537777777743
2019-09-07 02:00:00,6.35620844444445
2019-09-07 03:00:00,1.6731057777777751
2019-09-07 04:00:00,0.0
2019-09-07 05:00:00,0.0
2019-09-07 06:00:00,0.0
2019-09-07 07:00:00,0.0
2019-09-07 08:00:00,0.0
2019-09-07 09:00:00,0.0
2019-09-07 10:00:00,0.0
2019-09-07 11:00:00,0.0
2019-09-07 12:00:00,0.0
2019-09-07 13:00:00,0.0
2019-09-07 14:00:00,0.0
2019-09-07 15:00:00,0.0
2019-09-07 16:00:00,0.0
2019-09-07 17:00:00,0.0
2019-09-07 18:00:00,0.0
2019-09-07 19:00:00,0.0
2019-09-07 20:00:00,0.0
2019-09-07 21:00:00,0.0
2019-09-07 22:00:00,0.0
2019-09-07 23:00:00,0.0
2019-09-08 00:00:00,0.0
2019-09-08 01:00:00,0.0
2019-09-08 02:00:00,0.0
2019-09-08 03:00:00,0.0
2019-09-08 04:00:00,0.0
2019-09-08 05:00:00,0.0
2019-09-08 06:00:00,0.0
2019-09-08 07:00:00,0.0
2019-09-08 08:00:00,0.0
2019-09-08 09:00:00,0.0
2019-09-08 10:00:00,0.0
2019-09-08 11:00:00,0.0
2019-09-08 12:00:00,0.0
2019-09-08 13:00:00,0.0
2019-09-08 14:00:00,0.0
2019-09-08 15:00:00,0.0
2019-09-08 16:00:00,0.0
2019-09-08 17:00:00,0.0
2019-09-08 18:00:00,0.3371564444444443
2019-09-08 19:00:00,5.821324888888875
2019-09-08 20:00:00,0.11996400000000002
2019-09-08 21:00:00,0.0
2019-09-08 22:00:00,0.0
2019-09-08 23:00:00,0.0
2019-09-09 00:00:00,0.0
2019-09-09 01:00:00,0.0
2019-09-09 02:00:00,0.0
2019-09-09 03:00:00,0.0
2019-09-09 04:00:00,0.0
2019-09-09 05:00:00,0.0
2019-09-09 06:00:00,0.0
2019-09-09 07:00:00,0.0
2019-09-09 08:00:00,0.0
2019-09-09 09:00:00,0.0
2019-09-09 10:00:00,0.0
2019-09-09 11:00:00,0.0
2019-09-09 12:00:00,0.4813871111111101
2019-09-09 13:00:00,25.33675155555548
2019-09-09 14:00:00,58.944056888888824
2019-09-09 15:00:00,76.34418711111101
2019-09-09 16:00:00,64.59672266666631
2019-09-09 17:00:00,49.13268533333314
2019-09-09 18:00:00,47.912580444444274
2019-09-09 19:00:00,44.24881066666661
2019-09-09 20:00:00,30.70802799999992
2019-09-09 21:00:00,28.009262666666576
2019-09-09 22:00:00,26.148113333333256
2019-09-09 23:00:00,16.59061733333331
2019-09-10 00:00:00,4.031155555555566
2019-09-10 01:00:00,0.0
2019-09-10 02:00:00,0.0
2019-09-10 03:00:00,3.211479555555563
2019-09-10 04:00:00,6.277740444444489
2019-09-10 05:00:00,6.272020444444495
2019-09-10 06:00:00,5.930958222222265
2019-09-10 07:00:00,0.0
2019-09-10 08:00:00,0.0
2019-09-10 09:00:00,0.0
2019-09-10 10:00:00,0.0
2019-09-10 11:00:00,0.5550826666666667
2019-09-10 12:00:00,7.735005777777737
2019-09-10 13:00:00,26.61089022222217
2019-09-10 14:00:00,63.80748399999992
2019-09-10 15:00:00,74.65620933333304
2019-09-10 16:00:00,59.72284355555532
2019-09-10 17:00:00,47.32594533333309
2019-09-10 18:00:00,30.711927999999943
2019-09-10 19:00:00,21.675027111110985
2019-09-10 20:00:00,8.96432044444441
2019-09-10 21:00:00,9.090195111111065
2019-09-10 22:00:00,17.113223111111026
2019-09-10 23:00:00,25.490631111111092
2019-09-11 00:00:00,16.511097777777735
2019-09-11 01:00:00,9.530011111111081
2019-09-11 02:00:00,3.2273164444444364
2019-09-11 03:00:00,0.0
2019-09-11 04:00:00,0.0
2019-09-11 05:00:00,0.0
2019-09-11 06:00:00,0.0
2019-09-11 07:00:00,0.0
2019-09-11 08:00:00,0.0
2019-09-11 09:00:00,0.0
2019-09-11 10:00:00,0.0
2019-09-11 11:00:00,0.0
2019-09-11 12:00:00,6.418827999999951
2019-09-11 13:00:00,32.29417822222215
2019-09-11 14:00:00,70.81977066666663
2019-09-11 15:00:00,69.90969555555546
2019-09-11 16:00:00,72.07614266666654
2019-09-11 17:00:00,64.0994062222219
2019-09-11 18:00:00,45.17792355555539
2019-09-11 19:00:00,27.747107555555345
2019-09-11 20:00:00,28.131711111111105
2019-09-11 21:00:00,31.835278222222108
2019-09-11 22:00:00,34.403136444444385
2019-09-11 23:00:00,26.82283644444432
2019-09-12 00:00:00,10.829704888888832
2019-09-12 01:00:00,0.0
2019-09-12 02:00:00,0.0
2019-09-12 03:00:00,0.0
2019-09-12 04:00:00,0.0
2019-09-12 05:00:00,0.0
2019-09-12 06:00:00,0.0
2019-09-12 07:00:00,0.0
2019-09-12 08:00:00,0.0
2019-09-12 09:00:00,0.0
2019-09-12 10:00:00,0.0
2019-09-12 11:00:00,0.0
2019-09-12 12:00:00,4.401545777777772
2019-09-12 13:00:00,22.984531555555503
2019-09-12 14:00:00,68.14894666666656
2019-09-12 15:00:00,75.66633822222215
2019-09-12 16:00:00,43.59241466666662
2019-09-12 17:00:00,26.688503111111118
2019-09-12 18:00:00,23.04440088888882
2019-09-12 19:00:00,21.846274666666563
2019-09-12 20:00:00,19.948384444444347
2019-09-12 21:00:00,18.76850444444445
2019-09-12 22:00:00,19.004416888888866
2019-09-12 23:00:00,28.843504444444424
2019-09-13 00:00:00,22.00333777777783
2019-09-13 01:00:00,1.7845360000000028
2019-09-13 02:00:00,0.0
2019-09-13 03:00:00,0.0071875555555555555
2019-09-13 04:00:00,5.315434222222256
2019-09-13 05:00:00,6.268195555555618
2019-09-13 06:00:00,6.211376888888957
2019-09-13 07:00:00,0.6874977777777769
2019-09-13 08:00:00,0.0
2019-09-13 09:00:00,0.0
2019-09-13 10:00:00,0.0
2019-09-13 11:00:00,0.0
2019-09-13 12:00:00,0.0
2019-09-13 13:00:00,8.021468000000008
2019-09-13 14:00:00,18.20751688888885
2019-09-13 15:00:00,19.20375599999999
2019-09-13 16:00:00,20.683797333333292
2019-09-13 17:00:00,18.359726666666557
2019-09-13 18:00:00,18.31628355555557
2019-09-13 19:00:00,22.166635111111116
2019-09-13 20:00:00,14.758605333333353
2019-09-13 21:00:00,17.25525244444447
2019-09-13 22:00:00,7.372427111111111
2019-09-13 23:00:00,0.7326453333333317
2019-09-14 00:00:00,0.018916444444444454
2019-09-14 01:00:00,0.0
2019-09-14 02:00:00,0.0
2019-09-14 03:00:00,0.0
2019-09-14 04:00:00,0.0
2019-09-14 05:00:00,0.0
2019-09-14 06:00:00,0.0
2019-09-14 07:00:00,0.0
2019-09-14 08:00:00,0.0
2019-09-14 09:00:00,0.0
2019-09-14 10:00:00,0.0
2019-09-14 11:00:00,0.0
2019-09-14 12:00:00,0.0
2019-09-14 13:00:00,0.0
2019-09-14 14:00:00,1.1415906666666669
2019-09-14 15:00:00,6.454840888888863
2019-09-14 16:00:00,6.430637777777752
2019-09-14 17:00:00,6.534406666666617
2019-09-14 18:00:00,6.439448888888849
2019-09-14 19:00:00,2.7526488888888965
2019-09-14 20:00:00,1.0455004444444465
2019-09-14 21:00:00,0.37990044444444404
2019-09-14 22:00:00,0.0
2019-09-14 23:00:00,0.0
2019-09-15 00:00:00,0.0
2019-09-15 01:00:00,0.0
2019-09-15 02:00:00,0.0
2019-09-15 03:00:00,0.0
2019-09-15 04:00:00,0.0
2019-09-15 05:00:00,0.0
2019-09-15 06:00:00,0.0
2019-09-15 07:00:00,0.0
2019-09-15 08:00:00,0.0
2019-09-15 09:00:00,0.0
2019-09-15 10:00:00,0.0
2019-09-15 11:00:00,0.0
2019-09-15 12:00:00,0.0
2019-09-15 13:00:00,0.0
2019-09-15 14:00:00,0.0
2019-09-15 15:00:00,0.0
2019-09-15 16:00:00,0.0
2019-09-15 17:00:00,0.0
2019-09-15 18:00:00,0.0
2019-09-15 19:00:00,0.0
2019-09-15 20:00:00,0.0
2019-09-15 21:00:00,0.0
2019-09-15 22:00:00,0.0
2019-09-15 23:00:00,0.0
2019-09-16 00:00:00,0.0
2019-09-16 01:00:00,0.0
2019-09-16 02:00:00,0.0
2019-09-16 03:00:00,0.0
2019-09-16 04:00:00,0.0
2019-09-16 05:00:00,0.0
2019-09-16 06:00:00,0.0
2019-09-16 07:00:00,0.0
2019-09-16 08:00:00,0.0
2019-09-16 09:00:00,0.0
2019-09-16 10:00:00,0.0
2019-09-16 11:00:00,0.0
2019-09-16 12:00:00,7.8321533333333075
2019-09-16 13:00:00,30.76153022222214
2019-09-16 14:00:00,64.84516711111105
2019-09-16 15:00:00,74.0407257777776
2019-09-16 16:00:00,65.29969333333321
2019-09-16 17:00:00,60.94516133333294
2019-09-16 18:00:00,58.09690755555531
2019-09-16 19:00:00,40.89519199999988
2019-09-16 20:00:00,34.916434222221966
2019-09-16 21:00:00,33.824156888888794
2019-09-16 22:00:00,30.557251111110993
2019-09-16 23:00:00,26.64838222222215
2019-09-17 00:00:00,17.943102666666512
2019-09-17 01:00:00,2.172057333333335
2019-09-17 02:00:00,0.0
2019-09-17 03:00:00,0.0
2019-09-17 04:00:00,0.0
2019-09-17 05:00:00,5.3713977777777835
2019-09-17 06:00:00,1.5627097777777796
2019-09-17 07:00:00,0.0
2019-09-17 08:00:00,0.0
2019-09-17 09:00:00,0.0
2019-09-17 10:00:00,0.0
2019-09-17 11:00:00,0.0
2019-09-17 12:00:00,2.0449462222222294
2019-09-17 13:00:00,25.021741333333352
2019-09-17 14:00:00,52.69224711111112
2019-09-17 15:00:00,61.19665644444423
2019-09-17 16:00:00,60.716759999999915
2019-09-17 17:00:00,52.75594133333322
2019-09-17 18:00:00,39.7475751111109
2019-09-17 19:00:00,27.51798977777772
2019-09-17 20:00:00,19.493343999999915
2019-09-17 21:00:00,14.77601377777767
2019-09-17 22:00:00,12.218734666666608
2019-09-17 23:00:00,15.93163288888887
2019-09-18 00:00:00,13.092739111111147
2019-09-18 01:00:00,15.956777777777729
2019-09-18 02:00:00,9.883247111111054
2019-09-18 03:00:00,0.35284888888888866
2019-09-18 04:00:00,0.0
2019-09-18 05:00:00,0.0
2019-09-18 06:00:00,0.0
2019-09-18 07:00:00,0.0
2019-09-18 08:00:00,0.0
2019-09-18 09:00:00,0.0
2019-09-18 10:00:00,0.0
2019-09-18 11:00:00,0.0
2019-09-18 12:00:00,2.950930666666667
2019-09-18 13:00:00,22.686646666666594
2019-09-18 14:00:00,51.13766088888877
2019-09-18 15:00:00,66.21267466666663
2019-09-18 16:00:00,68.5875377777777
2019-09-18 17:00:00,61.849782222222125
2019-09-18 18:00:00,50.813752888888665
2019-09-18 19:00:00,44.42099422222205
2019-09-18 20:00:00,33.309079555555435
2019-09-18 21:00:00,35.99748533333335
2019-09-18 22:00:00,37.079252888888774
2019-09-18 23:00:00,43.64070533333324
2019-09-19 00:00:00,34.350610666666455
2019-09-19 01:00:00,19.100056444444366
2019-09-19 02:00:00,7.264492444444451
2019-09-19 03:00:00,6.455089333333299
2019-09-19 04:00:00,1.5012573333333339
2019-09-19 05:00:00,6.283541333333376
2019-09-19 06:00:00,6.27983777777782
2019-09-19 07:00:00,6.278023555555597
2019-09-19 08:00:00,5.107463111111175
2019-09-19 09:00:00,0.5426835555555559
2019-09-19 10:00:00,0.0
2019-09-19 11:00:00,0.0
2019-09-19 12:00:00,1.638254222222225
2019-09-19 13:00:00,26.49644977777781
2019-09-19 14:00:00,53.693518666666606
2019-09-19 15:00:00,62.31325244444432
2019-09-19 16:00:00,61.80730977777761
2019-09-19 17:00:00,60.09266177777764
2019-09-19 18:00:00,44.938740888888766
2019-09-19 19:00:00,29.864229777777695
2019-09-19 20:00:00,17.745456444444415
2019-09-19 21:00:00,17.019108888888983
2019-09-19 22:00:00,13.415895999999972
2019-09-19 23:00:00,18.543910666666644
2019-09-20 00:00:00,13.052664444444435
2019-09-20 01:00:00,11.370447111111089
2019-09-20 02:00:00,9.23778844444441
2019-09-20 03:00:00,7.93568533333333
2019-09-20 04:00:00,6.516923111111052
2019-09-20 05:00:00,1.844919555555553
2019-09-20 06:00:00,0.0
2019-09-20 07:00:00,0.0
2019-09-20 08:00:00,0.0
2019-09-20 09:00:00,0.0
2019-09-20 10:00:00,0.0
2019-09-20 11:00:00,0.0
2019-09-20 12:00:00,1.6014497777777783
2019-09-20 13:00:00,23.632260888888865
2019-09-20 14:00:00,56.33708888888879
2019-09-20 15:00:00,60.83076133333332
2019-09-20 16:00:00,48.98168311111098
2019-09-20 17:00:00,47.27915688888875
2019-09-20 18:00:00,41.83910755555548
2019-09-20 19:00:00,31.8798711111111
2019-09-20 20:00:00,29.38164088888881
2019-09-20 21:00:00,22.58403911111098
2019-09-20 22:00:00,33.21465911111113
2019-09-20 23:00:00,27.74186133333342
2019-09-21 00:00:00,23.724878666666676
2019-09-21 01:00:00,14.85010222222229
2019-09-21 02:00:00,3.0792666666666744
2019-09-21 03:00:00,0.0018720000000000004
2019-09-21 04:00:00,0.0
2019-09-21 05:00:00,0.0
2019-09-21 06:00:00,0.0
2019-09-21 07:00:00,0.0
2019-09-21 08:00:00,0.0
2019-09-21 09:00:00,0.0
2019-09-21 10:00:00,0.0
2019-09-21 11:00:00,0.0
2019-09-21 12:00:00,0.0
2019-09-21 13:00:00,0.0
2019-09-21 14:00:00,0.0
2019-09-21 15:00:00,0.0
2019-09-21 16:00:00,0.0
2019-09-21 17:00:00,0.0
2019-09-21 18:00:00,0.0
2019-09-21 19:00:00,0.0
2019-09-21 20:00:00,2.7912444444444295
2019-09-21 21:00:00,3.326474666666618
2019-09-21 22:00:00,3.3087137777777382
2019-09-21 23:00:00,3.5546968888888513
2019-09-22 00:00:00,9.64368311111108
2019-09-22 01:00:00,7.19279022222226
2019-09-22 02:00:00,5.416273777777784
2019-09-22 03:00:00,0.0
2019-09-22 04:00:00,0.0
2019-09-22 05:00:00,0.0
2019-09-22 06:00:00,0.0
2019-09-22 07:00:00,0.0
2019-09-22 08:00:00,0.0
2019-09-22 09:00:00,0.0
2019-09-22 10:00:00,0.0
2019-09-22 11:00:00,0.0
2019-09-22 12:00:00,0.0
2019-09-22 13:00:00,0.0
2019-09-22 14:00:00,0.0
2019-09-22 15:00:00,0.0
2019-09-22 16:00:00,0.0
2019-09-22 17:00:00,0.0
2019-09-22 18:00:00,0.0
2019-09-22 19:00:00,0.0
2019-09-22 20:00:00,0.0
2019-09-22 21:00:00,0.0
2019-09-22 22:00:00,0.0
2019-09-22 23:00:00,0.0
2019-09-23 00:00:00,0.0
2019-09-23 01:00:00,0.0
2019-09-23 02:00:00,0.0
2019-09-23 03:00:00,0.0
2019-09-23 04:00:00,0.0
2019-09-23 05:00:00,0.0
2019-09-23 06:00:00,0.0
2019-09-23 07:00:00,0.0
2019-09-23 08:00:00,0.0
2019-09-23 09:00:00,0.0
2019-09-23 10:00:00,0.0
2019-09-23 11:00:00,0.0
2019-09-23 12:00:00,6.055827555555541
2019-09-23 13:00:00,36.365003999999914
2019-09-23 14:00:00,59.919987111111126
2019-09-23 15:00:00,69.23291555555552
2019-09-23 16:00:00,65.7042937777776
2019-09-23 17:00:00,45.74360266666659
2019-09-23 18:00:00,31.37346622222219
2019-09-23 19:00:00,22.389639999999996
2019-09-23 20:00:00,15.716948000000011
2019-09-23 21:00:00,14.835842666666657
2019-09-23 22:00:00,22.79347777777778
2019-09-23 23:00:00,25.957325333333323
2019-09-24 00:00:00,22.512908888888834
2019-09-24 01:00:00,11.527654666666656
2019-09-24 02:00:00,0.0019875555555555553
2019-09-24 03:00:00,0.0
2019-09-24 04:00:00,0.0
2019-09-24 05:00:00,0.0
2019-09-24 06:00:00,0.0
2019-09-24 07:00:00,0.0
2019-09-24 08:00:00,0.0
2019-09-24 09:00:00,0.0
2019-09-24 10:00:00,0.0
2019-09-24 11:00:00,0.0
2019-09-24 12:00:00,6.43786577777779
2019-09-24 13:00:00,36.607000444444466
2019-09-24 14:00:00,61.77222133333327
2019-09-24 15:00:00,29.456751999999998
2019-09-24 16:00:00,21.28403911111112
2019-09-24 17:00:00,49.719620888888684
2019-09-24 18:00:00,40.906949777777704
2019-09-24 19:00:00,40.076035999999945
2019-09-24 20:00:00,27.99119555555537
2019-09-24 21:00:00,24.424284444444332
2019-09-24 22:00:00,20.57902888888883
2019-09-24 23:00:00,11.499996444444447
2019-09-25 00:00:00,3.883643111111115
2019-09-25 01:00:00,0.0
2019-09-25 02:00:00,0.0
2019-09-25 03:00:00,1.4217955555555606
2019-09-25 04:00:00,6.28699644444448
2019-09-25 05:00:00,6.281952444444484
2019-09-25 06:00:00,6.285956444444487
2019-09-25 07:00:00,2.7182133333333462
2019-09-25 08:00:00,0.0
2019-09-25 09:00:00,0.0
2019-09-25 10:00:00,0.0
2019-09-25 11:00:00,0.0
2019-09-25 12:00:00,4.511710666666673
2019-09-25 13:00:00,32.881165777777746
2019-09-25 14:00:00,39.879701333333365
2019-09-25 15:00:00,53.92887644444448
2019-09-25 16:00:00,22.111856000000007
2019-09-25 17:00:00,18.926867555555553
2019-09-25 18:00:00,37.50658888888875
2019-09-25 19:00:00,24.447817333333337
2019-09-25 20:00:00,19.588798666666573
2019-09-25 21:00:00,12.790925333333227
2019-09-25 22:00:00,14.804538666666595
2019-09-25 23:00:00,21.907877333333385
2019-09-26 00:00:00,21.926267999999954
2019-09-26 01:00:00,8.444482222222245
2019-09-26 02:00:00,0.0
2019-09-26 03:00:00,0.0
2019-09-26 04:00:00,0.740508888888889
2019-09-26 05:00:00,8.190167555555615
2019-09-26 06:00:00,4.739054666666645
2019-09-26 07:00:00,0.42379999999999024
2019-09-26 08:00:00,0.05505066666666688
2019-09-26 09:00:00,0.0
2019-09-26 10:00:00,0.0
2019-09-26 11:00:00,0.0
2019-09-26 12:00:00,6.410213333333314
2019-09-26 13:00:00,30.958176888888918
2019-09-26 14:00:00,59.6539493333334
2019-09-26 15:00:00,66.4747488888888
2019-09-26 16:00:00,52.87271022222208
2019-09-26 17:00:00,48.991568888888786
2019-09-26 18:00:00,43.36277688888862
2019-09-26 19:00:00,28.501101777777617
2019-09-26 20:00:00,16.980819555555524
2019-09-26 21:00:00,13.125158222222161
2019-09-26 22:00:00,23.315372888888817
2019-09-26 23:00:00,26.073470222222102
2019-09-27 00:00:00,18.505170666666622
2019-09-27 01:00:00,14.356506666666753
2019-09-27 02:00:00,7.373623111111062
2019-09-27 03:00:00,6.5096488888888135
2019-09-27 04:00:00,3.3585471111111165
2019-09-27 05:00:00,0.0
2019-09-27 06:00:00,0.0
2019-09-27 07:00:00,0.0
2019-09-27 08:00:00,0.0
2019-09-27 09:00:00,0.0
2019-09-27 10:00:00,0.0
2019-09-27 11:00:00,0.0
2019-09-27 12:00:00,0.7299586666666638
2019-09-27 13:00:00,3.2573435555555887
2019-09-27 14:00:00,9.503023111111101
2019-09-27 15:00:00,15.998452888888918
2019-09-27 16:00:00,18.81424133333336
2019-09-27 17:00:00,29.55922088888892
2019-09-27 18:00:00,29.799068000000005
2019-09-27 19:00:00,30.9116946666668
2019-09-27 20:00:00,26.836304444444483
2019-09-27 21:00:00,19.429447555555527
2019-09-27 22:00:00,19.11539066666667
2019-09-27 23:00:00,11.370487555555478
2019-09-28 00:00:00,14.388163111111076
2019-09-28 01:00:00,11.080408444444426
2019-09-28 02:00:00,0.0
2019-09-28 03:00:00,0.0
2019-09-28 04:00:00,0.0
2019-09-28 05:00:00,0.0
2019-09-28 06:00:00,0.0
2019-09-28 07:00:00,0.0
2019-09-28 08:00:00,0.0
2019-09-28 09:00:00,0.0
2019-09-28 10:00:00,0.0
2019-09-28 11:00:00,0.0
2019-09-28 12:00:00,0.0
2019-09-28 13:00:00,0.0
2019-09-28 14:00:00,0.0
2019-09-28 15:00:00,0.0
2019-09-28 16:00:00,0.0
2019-09-28 17:00:00,0.0
2019-09-28 18:00:00,0.0
2019-09-28 19:00:00,0.0
2019-09-28 20:00:00,2.4429137777777847
2019-09-28 21:00:00,9.699028444444357
2019-09-28 22:00:00,8.856039111111034
2019-09-28 23:00:00,0.5042497777777779
2019-09-29 00:00:00,0.0
2019-09-29 01:00:00,0.0
2019-09-29 02:00:00,0.0
2019-09-29 03:00:00,0.0
2019-09-29 04:00:00,0.0
2019-09-29 05:00:00,0.0
2019-09-29 06:00:00,0.0
2019-09-29 07:00:00,0.0
2019-09-29 08:00:00,0.0
2019-09-29 09:00:00,0.0
2019-09-29 10:00:00,0.0
2019-09-29 11:00:00,0.0
2019-09-29 12:00:00,0.0
2019-09-29 13:00:00,0.0
2019-09-29 14:00:00,0.0
2019-09-29 15:00:00,0.0
2019-09-29 16:00:00,0.0
2019-09-29 17:00:00,5.456776000000074
2019-09-29 18:00:00,6.140541333333407
2019-09-29 19:00:00,6.5214933333332725
2019-09-29 20:00:00,6.494730666666584
2019-09-29 21:00:00,6.516576444444402
2019-09-29 22:00:00,4.49279422222221
2019-09-29 23:00:00,0.0
2019-09-30 00:00:00,0.0
2019-09-30 01:00:00,0.0
2019-09-30 02:00:00,0.0
2019-09-30 03:00:00,0.0
2019-09-30 04:00:00,0.0
2019-09-30 05:00:00,0.0
2019-09-30 06:00:00,0.0
2019-09-30 07:00:00,0.0
2019-09-30 08:00:00,0.0
2019-09-30 09:00:00,0.0
2019-09-30 10:00:00,0.0
2019-09-30 11:00:00,4.428366222222191
2019-09-30 12:00:00,11.49975955555558
2019-09-30 13:00:00,37.14581288888879
2019-09-30 14:00:00,66.6530626666666
2019-09-30 15:00:00,68.79992311111106
2019-09-30 16:00:00,71.04849555555543
2019-09-30 17:00:00,72.03454266666638
2019-09-30 18:00:00,66.00847644444406
2019-09-30 19:00:00,55.93333199999966
2019-09-30 20:00:00,52.4122791111108
2019-09-30 21:00:00,40.649711555555285
2019-09-30 22:00:00,32.153310222222146
2019-09-30 23:00:00,25.832837333333327
2019-10-01 00:00:00,20.03705599999988
2019-10-01 01:00:00,2.4396377777778087
2019-10-01 02:00:00,0.0
2019-10-01 03:00:00,0.0
2019-10-01 04:00:00,2.755913333333317
2019-10-01 05:00:00,1.0124631111111095
2019-10-01 06:00:00,0.0
2019-10-01 07:00:00,0.0
2019-10-01 08:00:00,0.0
2019-10-01 09:00:00,0.0
2019-10-01 10:00:00,0.0
2019-10-01 11:00:00,0.0
2019-10-01 12:00:00,2.890431555555561
2019-10-01 13:00:00,38.97752444444439
2019-10-01 14:00:00,72.32518799999995
2019-10-01 15:00:00,62.57937688888865
2019-10-01 16:00:00,55.997650222222006
2019-10-01 17:00:00,41.98109066666662
2019-10-01 18:00:00,28.806255111110975
2019-10-01 19:00:00,32.525063999999865
2019-10-01 20:00:00,18.74065555555557
2019-10-01 21:00:00,9.054476888888862
2019-10-01 22:00:00,6.279745333333331
2019-10-01 23:00:00,14.469739555555533
2019-10-02 00:00:00,19.015515999999977
2019-10-02 01:00:00,7.8816053333333045
2019-10-02 02:00:00,0.78624
2019-10-02 03:00:00,1.367288000000006
2019-10-02 04:00:00,3.2914844444444125
2019-10-02 05:00:00,0.8241768888888852
2019-10-02 06:00:00,0.0
2019-10-02 07:00:00,0.0
2019-10-02 08:00:00,0.0
2019-10-02 09:00:00,0.0
2019-10-02 10:00:00,0.0
2019-10-02 11:00:00,0.0
2019-10-02 12:00:00,3.4217559999999976
2019-10-02 13:00:00,22.739628888888905
2019-10-02 14:00:00,60.24917599999992
2019-10-02 15:00:00,63.15398266666648
2019-10-02 16:00:00,57.40530177777767
2019-10-02 17:00:00,43.76615822222211
2019-10-02 18:00:00,31.70892977777769
2019-10-02 19:00:00,30.147248444444447
2019-10-02 20:00:00,17.842124444444423
2019-10-02 21:00:00,10.57829066666666
2019-10-02 22:00:00,6.916300444444434
2019-10-02 23:00:00,24.31976444444444
2019-10-03 00:00:00,20.63101155555556
2019-10-03 01:00:00,11.633093333333402
2019-10-03 02:00:00,3.141412444444465
2019-10-03 03:00:00,4.334101777777778
2019-10-03 04:00:00,6.715696000000014
2019-10-03 05:00:00,6.278653333333377
2019-10-03 06:00:00,6.285829333333375
2019-10-03 07:00:00,2.3105911111111217
2019-10-03 08:00:00,0.0
2019-10-03 09:00:00,0.0
2019-10-03 10:00:00,0.0
2019-10-03 11:00:00,0.0
2019-10-03 12:00:00,6.373374222222229
2019-10-03 13:00:00,28.891604444444408
2019-10-03 14:00:00,66.90629688888886
2019-10-03 15:00:00,64.83777155555545
2019-10-03 16:00:00,53.57650133333317
2019-10-03 17:00:00,43.02054177777748
2019-10-03 18:00:00,30.71150044444425
2019-10-03 19:00:00,29.06124577777763
2019-10-03 20:00:00,22.33001333333318
2019-10-03 21:00:00,14.855856888888843
2019-10-03 22:00:00,10.197847111111123
2019-10-03 23:00:00,18.128320888888865
2019-10-04 00:00:00,28.20590933333327
2019-10-04 01:00:00,16.597949333333297
2019-10-04 02:00:00,12.826470222222182
2019-10-04 03:00:00,10.902533777777688
2019-10-04 04:00:00,6.491131111110998
2019-10-04 05:00:00,6.271223111111134
2019-10-04 06:00:00,6.313493333333352
2019-10-04 07:00:00,6.382219999999923
2019-10-04 08:00:00,1.254257333333335
2019-10-04 09:00:00,0.0
2019-10-04 10:00:00,0.0
2019-10-04 11:00:00,0.0
2019-10-04 12:00:00,4.045230222222216
2019-10-04 13:00:00,26.029599555555592
2019-10-04 14:00:00,66.30217244444458
2019-10-04 15:00:00,60.65113022222222
2019-10-04 16:00:00,47.09860133333314
2019-10-04 17:00:00,43.49176577777765
2019-10-04 18:00:00,45.28288844444431
2019-10-04 19:00:00,41.22227777777761
2019-10-04 20:00:00,32.425264444444444
2019-10-04 21:00:00,33.465743999999866
2019-10-04 22:00:00,27.07676977777772
2019-10-04 23:00:00,27.462136
2019-10-05 00:00:00,6.448340888888929
2019-10-05 01:00:00,6.4025751111111076
2019-10-05 02:00:00,5.210648444444465
2019-10-05 03:00:00,0.0
2019-10-05 04:00:00,0.0
2019-10-05 05:00:00,0.0
2019-10-05 06:00:00,0.0
2019-10-05 07:00:00,0.0
2019-10-05 08:00:00,0.0
2019-10-05 09:00:00,0.0
2019-10-05 10:00:00,0.0
2019-10-05 11:00:00,0.0
2019-10-05 12:00:00,0.7395497777777758
2019-10-05 13:00:00,3.0836751111111385
2019-10-05 14:00:00,3.0827506666666933
2019-10-05 15:00:00,3.09564088888891
2019-10-05 16:00:00,1.1982764444444427
2019-10-05 17:00:00,0.0
2019-10-05 18:00:00,0.0
2019-10-05 19:00:00,0.0
2019-10-05 20:00:00,0.0
2019-10-05 21:00:00,0.0
2019-10-05 22:00:00,0.0
2019-10-05 23:00:00,0.0
2019-10-06 00:00:00,0.0
2019-10-06 01:00:00,0.0
2019-10-06 02:00:00,0.0
2019-10-06 03:00:00,0.2658413333333332
2019-10-06 04:00:00,6.285240000000042
2019-10-06 05:00:00,4.764910222222251
2019-10-06 06:00:00,0.0
2019-10-06 07:00:00,0.0
2019-10-06 08:00:00,0.0
2019-10-06 09:00:00,0.0
2019-10-06 10:00:00,0.0
2019-10-06 11:00:00,0.0
2019-10-06 12:00:00,0.0
2019-10-06 13:00:00,0.0
2019-10-06 14:00:00,0.0
2019-10-06 15:00:00,0.0
2019-10-06 16:00:00,0.0
2019-10-06 17:00:00,3.68502044444445
2019-10-06 18:00:00,5.850491111111011
2019-10-06 19:00:00,4.871810666666628
2019-10-06 20:00:00,0.0
2019-10-06 21:00:00,0.0
2019-10-06 22:00:00,2.8211271111110867
2019-10-06 23:00:00,3.310452888888845
2019-10-07 00:00:00,1.9946795555555676
2019-10-07 01:00:00,0.0
2019-10-07 02:00:00,0.0
2019-10-07 03:00:00,0.0
2019-10-07 04:00:00,0.0
2019-10-07 05:00:00,0.0
2019-10-07 06:00:00,0.0
2019-10-07 07:00:00,0.0
2019-10-07 08:00:00,0.0
2019-10-07 09:00:00,0.0
2019-10-07 10:00:00,0.0
2019-10-07 11:00:00,0.0
2019-10-07 12:00:00,11.207767999999952
2019-10-07 13:00:00,39.99868888888892
2019-10-07 14:00:00,71.33799111111114
2019-10-07 15:00:00,72.43121600000003
2019-10-07 16:00:00,60.400617333333244
2019-10-07 17:00:00,62.298056888888745
2019-10-07 18:00:00,51.83213244444428
2019-10-07 19:00:00,37.710804444444406
2019-10-07 20:00:00,36.67515511111103
2019-10-07 21:00:00,35.04393822222211
2019-10-07 22:00:00,34.41543733333326
2019-10-07 23:00:00,27.49144666666648
2019-10-08 00:00:00,15.589316888888927
2019-10-08 01:00:00,15.554661777777733
2019-10-08 02:00:00,3.4856293333333115
2019-10-08 03:00:00,0.08402044444444455
2019-10-08 04:00:00,0.0
2019-10-08 05:00:00,0.9428697777777781
2019-10-08 06:00:00,3.2273742222222004
2019-10-08 07:00:00,0.07474711111111115
2019-10-08 08:00:00,0.0
2019-10-08 09:00:00,0.0
2019-10-08 10:00:00,0.0
2019-10-08 11:00:00,0.0
2019-10-08 12:00:00,7.5887933333333315
2019-10-08 13:00:00,29.31417377777775
2019-10-08 14:00:00,61.44882177777756
2019-10-08 15:00:00,66.52826266666655
2019-10-08 16:00:00,61.70409555555538
2019-10-08 17:00:00,44.92837555555547
2019-10-08 18:00:00,37.38637066666652
2019-10-08 19:00:00,43.35421999999983
2019-10-08 20:00:00,29.63275466666653
2019-10-08 21:00:00,27.75658888888896
2019-10-08 22:00:00,30.178887555555463
2019-10-08 23:00:00,20.4038582222222
2019-10-09 00:00:00,6.0715893333333275
2019-10-09 01:00:00,5.730688888888864
2019-10-09 02:00:00,1.145022666666667
2019-10-09 03:00:00,0.0
2019-10-09 04:00:00,0.9657902222222232
2019-10-09 05:00:00,3.2714586666666396
2019-10-09 06:00:00,1.2129577777777727
2019-10-09 07:00:00,0.0
2019-10-09 08:00:00,0.0
2019-10-09 09:00:00,0.0
2019-10-09 10:00:00,0.0
2019-10-09 11:00:00,0.0
2019-10-09 12:00:00,8.109348000000004
2019-10-09 13:00:00,28.978115111111123
2019-10-09 14:00:00,64.74515377777753
2019-10-09 15:00:00,47.128426222222245
2019-10-09 16:00:00,57.86878355555546
2019-10-09 17:00:00,60.78140177777767
2019-10-09 18:00:00,38.48892088888868
2019-10-09 19:00:00,25.350855111110945
2019-10-09 20:00:00,31.589832444444244
2019-10-09 21:00:00,31.064349333333197
2019-10-09 22:00:00,44.68447244444422
2019-10-09 23:00:00,41.232856888888776
2019-10-10 00:00:00,39.49727599999987
2019-10-10 01:00:00,15.792249777777833
2019-10-10 02:00:00,4.02516977777777
2019-10-10 03:00:00,2.9614751111110795
2019-10-10 04:00:00,0.11523199999999757
2019-10-10 05:00:00,0.0603026666666669
2019-10-10 06:00:00,0.0
2019-10-10 07:00:00,0.0
2019-10-10 08:00:00,0.0
2019-10-10 09:00:00,0.0
2019-10-10 10:00:00,0.0
2019-10-10 11:00:00,0.0
2019-10-10 12:00:00,8.763652444444428
2019-10-10 13:00:00,27.816047999999974
2019-10-10 14:00:00,67.87451955555555
2019-10-10 15:00:00,67.35403999999996
2019-10-10 16:00:00,62.809788888888725
2019-10-10 17:00:00,53.572231555555454
2019-10-10 18:00:00,39.8574973333333
2019-10-10 19:00:00,26.878823111111053
2019-10-10 20:00:00,24.495420444444353
2019-10-10 21:00:00,22.49620533333322
2019-10-10 22:00:00,30.392832888888815
2019-10-10 23:00:00,25.724700444444395
2019-10-11 00:00:00,20.685010666666635
2019-10-11 01:00:00,8.767194222222255
2019-10-11 02:00:00,3.890899999999965
2019-10-11 03:00:00,1.158126666666651
2019-10-11 04:00:00,3.947458666666689
2019-10-11 05:00:00,3.0332755555555746
2019-10-11 06:00:00,0.0
2019-10-11 07:00:00,0.0
2019-10-11 08:00:00,0.0
2019-10-11 09:00:00,0.0
2019-10-11 10:00:00,0.0
2019-10-11 11:00:00,0.0
2019-10-11 12:00:00,0.0
2019-10-11 13:00:00,0.0
2019-10-11 14:00:00,2.547878666666663
2019-10-11 15:00:00,18.461034222222267
2019-10-11 16:00:00,21.76238133333335
2019-10-11 17:00:00,17.886324444444483
2019-10-11 18:00:00,17.755977777777787
2019-10-11 19:00:00,19.631623555555592
2019-10-11 20:00:00,18.59565644444443
2019-10-11 21:00:00,8.601204444444447
2019-10-11 22:00:00,9.093465333333272
2019-10-11 23:00:00,9.67767377777772
2019-10-12 00:00:00,9.4167031111111
2019-10-12 01:00:00,0.04297511111111111
2019-10-12 02:00:00,0.0
2019-10-12 03:00:00,0.0
2019-10-12 04:00:00,0.0
2019-10-12 05:00:00,0.0
2019-10-12 06:00:00,0.0
2019-10-12 07:00:00,0.0
2019-10-12 08:00:00,0.0
2019-10-12 09:00:00,0.0
2019-10-12 10:00:00,0.0
2019-10-12 11:00:00,0.0
2019-10-12 12:00:00,0.7741124444444423
2019-10-12 13:00:00,4.64530444444448
2019-10-12 14:00:00,7.499515111111114
2019-10-12 15:00:00,12.61212622222222
2019-10-12 16:00:00,10.964251999999934
2019-10-12 17:00:00,8.622865333333266
2019-10-12 18:00:00,6.63434488888886
2019-10-12 19:00:00,12.386330666666524
2019-10-12 20:00:00,7.47194355555548
2019-10-12 21:00:00,5.942172888888801
2019-10-12 22:00:00,0.0
2019-10-12 23:00:00,0.0
2019-10-13 00:00:00,3.061644444444452
2019-10-13 01:00:00,3.0625631111111233
2019-10-13 02:00:00,0.0
2019-10-13 03:00:00,0.0
2019-10-13 04:00:00,0.0
2019-10-13 05:00:00,0.0
2019-10-13 06:00:00,0.0
2019-10-13 07:00:00,0.0
2019-10-13 08:00:00,0.0
2019-10-13 09:00:00,0.0
2019-10-13 10:00:00,0.0
2019-10-13 11:00:00,0.0
2019-10-13 12:00:00,0.0
2019-10-13 13:00:00,0.0
2019-10-13 14:00:00,0.0
2019-10-13 15:00:00,0.0
2019-10-13 16:00:00,0.0
2019-10-13 17:00:00,0.0
2019-10-13 18:00:00,3.209457333333294
2019-10-13 19:00:00,3.3198591111110645
2019-10-13 20:00:00,4.589537333333285
2019-10-13 21:00:00,9.798856888888817
2019-10-13 22:00:00,3.9370008888888615
2019-10-13 23:00:00,0.24326755555555515
2019-10-14 00:00:00,0.0
2019-10-14 01:00:00,0.0
2019-10-14 02:00:00,0.0
2019-10-14 03:00:00,0.0
2019-10-14 04:00:00,0.0
2019-10-14 05:00:00,0.0
2019-10-14 06:00:00,0.0
2019-10-14 07:00:00,0.0
2019-10-14 08:00:00,0.0
2019-10-14 09:00:00,0.0
2019-10-14 10:00:00,0.0
2019-10-14 11:00:00,0.0
2019-10-14 12:00:00,5.633726222222203
2019-10-14 13:00:00,30.053521333333304
2019-10-14 14:00:00,65.51426266666653
2019-10-14 15:00:00,64.55449288888889
2019-10-14 16:00:00,56.03977022222198
2019-10-14 17:00:00,53.84352133333326
2019-10-14 18:00:00,41.2962564444443
2019-10-14 19:00:00,34.97877066666661
2019-10-14 20:00:00,27.01799244444441
2019-10-14 21:00:00,11.680852444444412
2019-10-14 22:00:00,7.10214844444448
2019-10-14 23:00:00,2.8072257777777763
2019-10-15 00:00:00,3.2581177777777297
2019-10-15 01:00:00,0.9620115555555555
2019-10-15 02:00:00,0.0
2019-10-15 03:00:00,0.0
2019-10-15 04:00:00,2.4383204444444413
2019-10-15 05:00:00,2.349019111111122
2019-10-15 06:00:00,0.0
2019-10-15 07:00:00,0.0
2019-10-15 08:00:00,0.0
2019-10-15 09:00:00,0.0
2019-10-15 10:00:00,0.0
2019-10-15 11:00:00,0.0
2019-10-15 12:00:00,6.942635555555553
2019-10-15 13:00:00,41.14665822222221
2019-10-15 14:00:00,70.14594311111127
2019-10-15 15:00:00,73.37065955555533
2019-10-15 16:00:00,70.58905244444419
2019-10-15 17:00:00,48.167287999999886
2019-10-15 18:00:00,24.818531111111124
2019-10-15 19:00:00,40.32029155555545
2019-10-15 20:00:00,28.78535111111096
2019-10-15 21:00:00,11.644198222222201
2019-10-15 22:00:00,26.98295599999991
2019-10-15 23:00:00,23.47298488888881
2019-10-16 00:00:00,13.429473777777732
2019-10-16 01:00:00,18.316329777777728
2019-10-16 02:00:00,14.579650222222094
2019-10-16 03:00:00,1.0954724444444437
2019-10-16 04:00:00,0.0
2019-10-16 05:00:00,0.0
2019-10-16 06:00:00,0.0
2019-10-16 07:00:00,0.0
2019-10-16 08:00:00,0.0
2019-10-16 09:00:00,0.0
2019-10-16 10:00:00,0.0
2019-10-16 11:00:00,0.0
2019-10-16 12:00:00,8.125057777777773
2019-10-16 13:00:00,34.07416133333327
2019-10-16 14:00:00,70.8137328888887
2019-10-16 15:00:00,74.48557999999977
2019-10-16 16:00:00,76.5801746666663
2019-10-16 17:00:00,64.81025777777748
2019-10-16 18:00:00,55.50508888888869
2019-10-16 19:00:00,56.92928799999983
2019-10-16 20:00:00,46.60539866666651
2019-10-16 21:00:00,22.56199111111097
2019-10-16 22:00:00,11.10614266666664
2019-10-16 23:00:00,19.172307555555545
2019-10-17 00:00:00,13.757432000000033
2019-10-17 01:00:00,0.09394088888888888
2019-10-17 02:00:00,0.0
2019-10-17 03:00:00,0.0
2019-10-17 04:00:00,0.0
2019-10-17 05:00:00,0.0
2019-10-17 06:00:00,0.0
2019-10-17 07:00:00,0.0
2019-10-17 08:00:00,0.0
2019-10-17 09:00:00,0.0
2019-10-17 10:00:00,0.0
2019-10-17 11:00:00,0.0
2019-10-17 12:00:00,6.812895555555551
2019-10-17 13:00:00,35.94614977777774
2019-10-17 14:00:00,67.19583866666675
2019-10-17 15:00:00,25.14810711111113
2019-10-17 16:00:00,61.5964382222221
2019-10-17 17:00:00,51.74296399999985
2019-10-17 18:00:00,37.769148444444255
2019-10-17 19:00:00,20.373912
2019-10-17 20:00:00,29.78642044444436
2019-10-17 21:00:00,32.25070622222211
2019-10-17 22:00:00,34.34799333333324
2019-10-17 23:00:00,24.85207111111099
2019-10-18 00:00:00,14.275739111111093
2019-10-18 01:00:00,4.099298666666631
2019-10-18 02:00:00,0.1792555555555555
2019-10-18 03:00:00,3.2961702222221896
2019-10-18 04:00:00,2.036556888888863
2019-10-18 05:00:00,0.11000311111110936
2019-10-18 06:00:00,0.0119831111111111
2019-10-18 07:00:00,0.0
2019-10-18 08:00:00,0.0
2019-10-18 09:00:00,0.0
2019-10-18 10:00:00,0.0
2019-10-18 11:00:00,0.0
2019-10-18 12:00:00,7.618837777777783
2019-10-18 13:00:00,36.209668444444404
2019-10-18 14:00:00,80.91862133333314
2019-10-18 15:00:00,80.01738622222226
2019-10-18 16:00:00,72.0176946666665
2019-10-18 17:00:00,69.38183777777763
2019-10-18 18:00:00,56.042815111110926
2019-10-18 19:00:00,36.12755466666658
2019-10-18 20:00:00,33.284194666666544
2019-10-18 21:00:00,29.6261622222221
2019-10-18 22:00:00,23.532958222222117
2019-10-18 23:00:00,11.8493151111111
2019-10-19 00:00:00,6.986858666666647
2019-10-19 01:00:00,9.156136888888867
2019-10-19 02:00:00,4.380168000000005
2019-10-19 03:00:00,0.0
2019-10-19 04:00:00,0.477076888888889
2019-10-19 05:00:00,3.194030666666627
2019-10-19 06:00:00,4.366231999999976
2019-10-19 07:00:00,3.2718457777777576
2019-10-19 08:00:00,0.4667057777777781
2019-10-19 09:00:00,0.006754222222222217
2019-10-19 10:00:00,0.0
2019-10-19 11:00:00,0.0
2019-10-19 12:00:00,0.8508875555555521
2019-10-19 13:00:00,3.0970680000000357
2019-10-19 14:00:00,3.0964093333333764
2019-10-19 15:00:00,4.060131111111139
2019-10-19 16:00:00,2.854176
2019-10-19 17:00:00,0.0
2019-10-19 18:00:00,2.9835115555555576
2019-10-19 19:00:00,10.369279555555503
2019-10-19 20:00:00,11.159979999999967
2019-10-19 21:00:00,9.62532133333334
2019-10-19 22:00:00,9.554352888888863
2019-10-19 23:00:00,6.361004000000005
2019-10-20 00:00:00,0.0
2019-10-20 01:00:00,0.0
2019-10-20 02:00:00,0.0
2019-10-20 03:00:00,0.0
2019-10-20 04:00:00,0.0
2019-10-20 05:00:00,0.0
2019-10-20 06:00:00,0.0
2019-10-20 07:00:00,0.0
2019-10-20 08:00:00,0.0
2019-10-20 09:00:00,0.0
2019-10-20 10:00:00,0.0
2019-10-20 11:00:00,0.0
2019-10-20 12:00:00,0.0
2019-10-20 13:00:00,2.0673235555555496
2019-10-20 14:00:00,6.361211999999967
2019-10-20 15:00:00,2.229286222222217
2019-10-20 16:00:00,0.0
2019-10-20 17:00:00,0.0
2019-10-20 18:00:00,2.9408022222222487
2019-10-20 19:00:00,3.1190640000000323
2019-10-20 20:00:00,1.456155999999995
2019-10-20 21:00:00,2.036458666666664
2019-10-20 22:00:00,6.568264444444381
2019-10-20 23:00:00,6.588197777777709
2019-10-21 00:00:00,6.494239555555502
2019-10-21 01:00:00,3.5102542222222315
2019-10-21 02:00:00,0.0
2019-10-21 03:00:00,0.0
2019-10-21 04:00:00,0.0
2019-10-21 05:00:00,0.0
2019-10-21 06:00:00,0.0
2019-10-21 07:00:00,0.0
2019-10-21 08:00:00,0.0
2019-10-21 09:00:00,0.0
2019-10-21 10:00:00,0.007909777777777778
2019-10-21 11:00:00,3.4423075555555855
2019-10-21 12:00:00,8.043088444444441
2019-10-21 13:00:00,32.169204888888906
2019-10-21 14:00:00,71.01659066666669
2019-10-21 15:00:00,68.72203866666672
2019-10-21 16:00:00,68.00039422222204
2019-10-21 17:00:00,68.40526044444447
2019-10-21 18:00:00,70.5873364444442
2019-10-21 19:00:00,47.1406635555553
2019-10-21 20:00:00,43.21052666666659
2019-10-21 21:00:00,40.6896764444442
2019-10-21 22:00:00,34.3476697777777
2019-10-21 23:00:00,54.62612133333319
2019-10-22 00:00:00,38.65788622222205
2019-10-22 01:00:00,16.390475111111044
2019-10-22 02:00:00,8.197927111111103
2019-10-22 03:00:00,7.046889777777747
2019-10-22 04:00:00,8.760237777777771
2019-10-22 05:00:00,1.8336008888888997
2019-10-22 06:00:00,0.0
2019-10-22 07:00:00,0.0
2019-10-22 08:00:00,0.0
2019-10-22 09:00:00,0.0
2019-10-22 10:00:00,0.0
2019-10-22 11:00:00,0.0
2019-10-22 12:00:00,5.47287288888888
2019-10-22 13:00:00,31.24517066666663
2019-10-22 14:00:00,83.23573555555541
2019-10-22 15:00:00,81.28786755555541
2019-10-22 16:00:00,74.63971955555527
2019-10-22 17:00:00,67.73397511111078
2019-10-22 18:00:00,57.065701333333166
2019-10-22 19:00:00,52.31773155555531
2019-10-22 20:00:00,40.01198933333318
2019-10-22 21:00:00,30.43458311111095
2019-10-22 22:00:00,34.983658666666585
2019-10-22 23:00:00,27.78631555555554
2019-10-23 00:00:00,21.82607555555552
2019-10-23 01:00:00,14.571751999999911
2019-10-23 02:00:00,15.999868444444333
2019-10-23 03:00:00,12.835893777777798
2019-10-23 04:00:00,13.045274666666543
2019-10-23 05:00:00,12.914234666666527
2019-10-23 06:00:00,9.880184888888856
2019-10-23 07:00:00,6.501779555555463
2019-10-23 08:00:00,6.5800799999998905
2019-10-23 09:00:00,6.447393333333228
2019-10-23 10:00:00,0.0
2019-10-23 11:00:00,0.0
2019-10-23 12:00:00,3.157301333333342
2019-10-23 13:00:00,33.475005777777724
2019-10-23 14:00:00,77.58239955555548
2019-10-23 15:00:00,75.13947999999966
2019-10-23 16:00:00,70.41493911111084
2019-10-23 17:00:00,67.7251755555556
2019-10-23 18:00:00,53.86759733333335
2019-10-23 19:00:00,52.85128622222219
2019-10-23 20:00:00,60.0580355555555
2019-10-23 21:00:00,42.89873466666638
2019-10-23 22:00:00,35.08073111111085
2019-10-23 23:00:00,30.631842222222073
2019-10-24 00:00:00,23.5225697777776
2019-10-24 01:00:00,22.403419999999848
2019-10-24 02:00:00,9.856599999999972
2019-10-24 03:00:00,6.4623231111110275
2019-10-24 04:00:00,0.16555644444444445
2019-10-24 05:00:00,2.810767555555528
2019-10-24 06:00:00,2.7132675555555466
2019-10-24 07:00:00,0.0
2019-10-24 08:00:00,0.0
2019-10-24 09:00:00,0.0
2019-10-24 10:00:00,0.0
2019-10-24 11:00:00,0.0
2019-10-24 12:00:00,1.4510657777777778
2019-10-24 13:00:00,28.947677777777773
2019-10-24 14:00:00,77.6701986666664
2019-10-24 15:00:00,78.11283999999975
2019-10-24 16:00:00,71.34384399999966
2019-10-24 17:00:00,66.2744044444442
2019-10-24 18:00:00,58.66295644444424
2019-10-24 19:00:00,52.94748622222188
2019-10-24 20:00:00,37.87573111111104
2019-10-24 21:00:00,18.761952444444496
2019-10-24 22:00:00,25.240551555555555
2019-10-24 23:00:00,34.63480800000008
2019-10-25 00:00:00,22.708434666666598
2019-10-25 01:00:00,16.05878444444445
2019-10-25 02:00:00,7.710444444444412
2019-10-25 03:00:00,6.385189777777776
2019-10-25 04:00:00,1.2864857777777754
2019-10-25 05:00:00,0.0
2019-10-25 06:00:00,0.0
2019-10-25 07:00:00,0.0
2019-10-25 08:00:00,0.0
2019-10-25 09:00:00,0.0
2019-10-25 10:00:00,0.0
2019-10-25 11:00:00,0.0
2019-10-25 12:00:00,0.5474039999999993
2019-10-25 13:00:00,3.103105777777813
2019-10-25 14:00:00,8.077552888888933
2019-10-25 15:00:00,23.282480000000042
2019-10-25 16:00:00,28.676434222222248
2019-10-25 17:00:00,25.748343111111268
2019-10-25 18:00:00,26.677785333333276
2019-10-25 19:00:00,13.795750222222114
2019-10-25 20:00:00,7.21882488888884
2019-10-25 21:00:00,17.79715599999991
2019-10-25 22:00:00,18.14520933333326
2019-10-25 23:00:00,8.70687999999998
2019-10-26 00:00:00,6.198215111111123
2019-10-26 01:00:00,0.0
2019-10-26 02:00:00,0.0
2019-10-26 03:00:00,0.0
2019-10-26 04:00:00,0.0
2019-10-26 05:00:00,0.0
2019-10-26 06:00:00,0.0
2019-10-26 07:00:00,0.0
2019-10-26 08:00:00,0.0
2019-10-26 09:00:00,0.0
2019-10-26 10:00:00,0.0
2019-10-26 11:00:00,0.0
2019-10-26 12:00:00,0.6825751111111096
2019-10-26 13:00:00,3.088395555555587
2019-10-26 14:00:00,3.100586666666703
2019-10-26 15:00:00,3.098882222222255
2019-10-26 16:00:00,1.6244857777777795
2019-10-26 17:00:00,0.0
2019-10-26 18:00:00,3.6125728888889084
2019-10-26 19:00:00,4.38283155555556
2019-10-26 20:00:00,6.344560444444455
2019-10-26 21:00:00,6.253485333333265
2019-10-26 22:00:00,1.8618426666666625
2019-10-26 23:00:00,0.0
2019-10-27 00:00:00,0.0
2019-10-27 01:00:00,0.0
2019-10-27 02:00:00,0.0
2019-10-27 03:00:00,0.0
2019-10-27 04:00:00,0.0
2019-10-27 05:00:00,0.0
2019-10-27 06:00:00,0.0
2019-10-27 07:00:00,0.0
2019-10-27 08:00:00,0.0
2019-10-27 09:00:00,0.0
2019-10-27 10:00:00,0.0
2019-10-27 11:00:00,0.0
2019-10-27 12:00:00,0.0
2019-10-27 13:00:00,0.0
2019-10-27 14:00:00,2.013139555555559
2019-10-27 15:00:00,12.586553777777636
2019-10-27 16:00:00,9.390408444444422
2019-10-27 17:00:00,5.087535555555544
2019-10-27 18:00:00,9.122937777777725
2019-10-27 19:00:00,5.34331777777778
2019-10-27 20:00:00,0.18235244444444437
2019-10-27 21:00:00,1.9060137777777755
2019-10-27 22:00:00,7.349154222222191
2019-10-27 23:00:00,6.12730444444448
2019-10-28 00:00:00,3.4957866666666555
2019-10-28 01:00:00,0.05236977777777781
2019-10-28 02:00:00,0.0
2019-10-28 03:00:00,0.0
2019-10-28 04:00:00,0.0
2019-10-28 05:00:00,0.0
2019-10-28 06:00:00,0.0
2019-10-28 07:00:00,0.0
2019-10-28 08:00:00,0.0
2019-10-28 09:00:00,0.0
2019-10-28 10:00:00,0.0
2019-10-28 11:00:00,0.0
2019-10-28 12:00:00,9.222610222222215
2019-10-28 13:00:00,44.640226222222175
2019-10-28 14:00:00,84.94705555555555
2019-10-28 15:00:00,87.0297479999998
2019-10-28 16:00:00,76.29522622222194
2019-10-28 17:00:00,65.50201955555538
2019-10-28 18:00:00,65.76052311111087
2019-10-28 19:00:00,58.338170222221954
2019-10-28 20:00:00,38.71454311111095
2019-10-28 21:00:00,35.51256222222207
2019-10-28 22:00:00,27.306499999999907
2019-10-28 23:00:00,28.252062222222072
2019-10-29 00:00:00,18.003093333333283
2019-10-29 01:00:00,6.3905573333333905
2019-10-29 02:00:00,0.06518488888888889
2019-10-29 03:00:00,2.611289777777784
2019-10-29 04:00:00,9.184777333333265
2019-10-29 05:00:00,8.353944444444386
2019-10-29 06:00:00,1.4591084444444462
2019-10-29 07:00:00,0.0
2019-10-29 08:00:00,0.0
2019-10-29 09:00:00,0.0
2019-10-29 10:00:00,0.0
2019-10-29 11:00:00,0.0
2019-10-29 12:00:00,6.136935999999986
2019-10-29 13:00:00,32.375257777777676
2019-10-29 14:00:00,66.50943288888887
2019-10-29 15:00:00,68.91443866666656
2019-10-29 16:00:00,69.49778622222196
2019-10-29 17:00:00,64.63962844444411
2019-10-29 18:00:00,27.764735555555443
2019-10-29 19:00:00,17.88397288888884
2019-10-29 20:00:00,11.984387999999981
2019-10-29 21:00:00,16.4982364444445
2019-10-29 22:00:00,30.12695688888896
2019-10-29 23:00:00,31.703123111111125
2019-10-30 00:00:00,19.70360311111105
2019-10-30 01:00:00,12.59872755555541
2019-10-30 02:00:00,5.593767111111104
2019-10-30 03:00:00,0.1367946666666667
2019-10-30 04:00:00,3.2985853333332975
2019-10-30 05:00:00,2.1042955555555354
2019-10-30 06:00:00,0.11851377777777615
2019-10-30 07:00:00,0.00888044444444443
2019-10-30 08:00:00,0.0
2019-10-30 09:00:00,0.0
2019-10-30 10:00:00,0.0
2019-10-30 11:00:00,0.0
2019-10-30 12:00:00,7.976424444444466
2019-10-30 13:00:00,47.115062222222164
2019-10-30 14:00:00,85.60551422222227
2019-10-30 15:00:00,86.9269208888888
2019-10-30 16:00:00,79.47211422222222
2019-10-30 17:00:00,69.69571555555545
2019-10-30 18:00:00,60.15045688888874
2019-10-30 19:00:00,49.145165333332976
2019-10-30 20:00:00,29.569459111110987
2019-10-30 21:00:00,23.22898933333329
2019-10-30 22:00:00,37.70637288888878
2019-10-30 23:00:00,44.17531155555545
2019-10-31 00:00:00,22.614649777777736
2019-10-31 01:00:00,17.599712000000068
2019-10-31 02:00:00,8.011356888888868
2019-10-31 03:00:00,0.0002311111111111111
2019-10-31 04:00:00,0.0
2019-10-31 05:00:00,0.0
2019-10-31 06:00:00,0.0
2019-10-31 07:00:00,0.0
2019-10-31 08:00:00,0.0
2019-10-31 09:00:00,0.0
2019-10-31 10:00:00,0.0
2019-10-31 11:00:00,0.0
2019-10-31 12:00:00,5.21183866666666
2019-10-31 13:00:00,33.12725288888888
2019-10-31 14:00:00,70.14628399999991
2019-10-31 15:00:00,72.50150266666652
2019-10-31 16:00:00,60.53010311111099
2019-10-31 17:00:00,54.55555155555544
2019-10-31 18:00:00,54.535670222222144
2019-10-31 19:00:00,41.980645777777674
2019-10-31 20:00:00,33.27792577777762
2019-10-31 21:00:00,40.81147199999991
2019-10-31 22:00:00,45.079366222222134
2019-10-31 23:00:00,44.25529911111108
2019-11-01 00:00:00,28.66529466666658
2019-11-01 01:00:00,13.871150222222237
2019-11-01 02:00:00,2.286110666666668
2019-11-01 03:00:00,0.0
2019-11-01 04:00:00,0.12600755555555562
2019-11-01 05:00:00,2.9415417777777675
2019-11-01 06:00:00,2.3987311111111156
2019-11-01 07:00:00,0.09823955555555498
2019-11-01 08:00:00,0.0
2019-11-01 09:00:00,0.0
2019-11-01 10:00:00,0.0
2019-11-01 11:00:00,0.0
2019-11-01 12:00:00,4.765314666666656
2019-11-01 13:00:00,29.765874666666644
2019-11-01 14:00:00,74.35516399999995
2019-11-01 15:00:00,87.42328977777741
2019-11-01 16:00:00,78.9656457777776
2019-11-01 17:00:00,79.32958222222175
2019-11-01 18:00:00,72.96026977777743
2019-11-01 19:00:00,66.4275271111108
2019-11-01 20:00:00,68.63844577777765
2019-11-01 21:00:00,50.44168133333326
2019-11-01 22:00:00,31.521851111111094
2019-11-01 23:00:00,36.8559591111111
2019-11-02 00:00:00,20.49000488888876
2019-11-02 01:00:00,19.379804888888792
2019-11-02 02:00:00,13.068073777777649
2019-11-02 03:00:00,6.020964444444447
2019-11-02 04:00:00,1.2666333333333393
2019-11-02 05:00:00,3.2869777777777447
2019-11-02 06:00:00,3.7524702222222075
2019-11-02 07:00:00,6.548469777777705
2019-11-02 08:00:00,6.374235111111116
2019-11-02 09:00:00,6.4852319999999475
2019-11-02 10:00:00,6.442505333333297
2019-11-02 11:00:00,1.3998804444444457
2019-11-02 12:00:00,0.56318311111111
2019-11-02 13:00:00,5.742354222222259
2019-11-02 14:00:00,15.45702888888887
2019-11-02 15:00:00,15.980258666666597
2019-11-02 16:00:00,14.161991999999854
2019-11-02 17:00:00,12.870785777777677
2019-11-02 18:00:00,3.4402044444444413
2019-11-02 19:00:00,0.0
2019-11-02 20:00:00,0.0
2019-11-02 21:00:00,0.24231422222222154
2019-11-02 22:00:00,0.4791164444444434
2019-11-02 23:00:00,0.0
2019-11-03 00:00:00,0.0
2019-11-03 01:00:00,0.0
2019-11-03 02:00:00,0.0
2019-11-03 03:00:00,0.0
2019-11-03 04:00:00,0.0
2019-11-03 05:00:00,0.0
2019-11-03 06:00:00,0.0
2019-11-03 07:00:00,0.0
2019-11-03 08:00:00,0.0
2019-11-03 09:00:00,0.0
2019-11-03 10:00:00,0.0
2019-11-03 11:00:00,0.0
2019-11-03 12:00:00,0.0
2019-11-03 13:00:00,0.1681795555555555
2019-11-03 14:00:00,6.532107111111063
2019-11-03 15:00:00,6.439812888888908
2019-11-03 16:00:00,6.407035555555479
2019-11-03 17:00:00,10.384348000000024
2019-11-03 18:00:00,5.672668444444446
2019-11-03 19:00:00,7.161590222222182
2019-11-03 20:00:00,12.734395555555507
2019-11-03 21:00:00,13.207387555555506
2019-11-03 22:00:00,13.664103555555473
2019-11-03 23:00:00,12.17526266666663
2019-11-04 00:00:00,0.1546942222222222
2019-11-04 01:00:00,0.0
2019-11-04 02:00:00,0.0
2019-11-04 03:00:00,0.0
2019-11-04 04:00:00,0.0
2019-11-04 05:00:00,0.0
2019-11-04 06:00:00,0.0
2019-11-04 07:00:00,0.0
2019-11-04 08:00:00,0.0
2019-11-04 09:00:00,0.0
2019-11-04 10:00:00,0.0
2019-11-04 11:00:00,0.0
2019-11-04 12:00:00,0.0
2019-11-04 13:00:00,6.747600888888896
2019-11-04 14:00:00,52.350820888888926
2019-11-04 15:00:00,77.36658800000001
2019-11-04 16:00:00,72.14348844444444
2019-11-04 17:00:00,61.24972533333331
2019-11-04 18:00:00,56.32491511111099
2019-11-04 19:00:00,52.87276222222202
2019-11-04 20:00:00,56.052163555555104
2019-11-04 21:00:00,45.469516444444274
2019-11-04 22:00:00,37.91389333333313
2019-11-04 23:00:00,35.202347555555534
2019-11-05 00:00:00,47.63239866666665
2019-11-05 01:00:00,43.84195688888885
2019-11-05 02:00:00,16.25968355555554
2019-11-05 03:00:00,6.241687111111068
2019-11-05 04:00:00,0.0
2019-11-05 05:00:00,2.7426128888888783
2019-11-05 06:00:00,2.578367999999962
2019-11-05 07:00:00,0.10407511111110929
2019-11-05 08:00:00,0.02505244444444451
2019-11-05 09:00:00,0.0
2019-11-05 10:00:00,0.0
2019-11-05 11:00:00,0.0
2019-11-05 12:00:00,0.0
2019-11-05 13:00:00,7.345884000000001
2019-11-05 14:00:00,41.80238399999993
2019-11-05 15:00:00,70.09836888888906
2019-11-05 16:00:00,65.34588666666671
2019-11-05 17:00:00,65.77763111111096
2019-11-05 18:00:00,46.38068355555532
2019-11-05 19:00:00,28.89913288888875
2019-11-05 20:00:00,31.493597777777545
2019-11-05 21:00:00,29.704491555555425
2019-11-05 22:00:00,25.540909333333328
2019-11-05 23:00:00,33.67499199999994
2019-11-06 00:00:00,27.27107644444425
2019-11-06 01:00:00,18.88347644444439
2019-11-06 02:00:00,17.85690400000011
2019-11-06 03:00:00,4.264104000000005
2019-11-06 04:00:00,0.9224742222222275
2019-11-06 05:00:00,0.0
2019-11-06 06:00:00,0.0
2019-11-06 07:00:00,2.139435999999999
2019-11-06 08:00:00,3.2913862222221884
2019-11-06 09:00:00,0.14881244444444428
2019-11-06 10:00:00,0.0
2019-11-06 11:00:00,0.0
2019-11-06 12:00:00,0.0
2019-11-06 13:00:00,5.612879999999999
2019-11-06 14:00:00,31.15333866666667
2019-11-06 15:00:00,72.68133599999989
2019-11-06 16:00:00,72.46827466666645
2019-11-06 17:00:00,45.61092755555552
2019-11-06 18:00:00,60.18263333333329
2019-11-06 19:00:00,55.949486666666616
2019-11-06 20:00:00,59.295732888888665
2019-11-06 21:00:00,53.98954888888873
2019-11-06 22:00:00,32.34907288888864
2019-11-06 23:00:00,36.09584044444436
2019-11-07 00:00:00,30.29184311111105
2019-11-07 01:00:00,19.828772888888846
2019-11-07 02:00:00,8.016204444444448
2019-11-07 03:00:00,1.835056888888884
2019-11-07 04:00:00,0.0
2019-11-07 05:00:00,0.0
2019-11-07 06:00:00,2.0166582222222322
2019-11-07 07:00:00,3.2912302222221927
2019-11-07 08:00:00,0.16912133333333293
2019-11-07 09:00:00,0.0
2019-11-07 10:00:00,0.0
2019-11-07 11:00:00,0.0
2019-11-07 12:00:00,0.0
2019-11-07 13:00:00,5.700095555555533
2019-11-07 14:00:00,29.54319333333328
2019-11-07 15:00:00,58.512318222222234
2019-11-07 16:00:00,23.70729111111113
2019-11-07 17:00:00,67.64043288888894
2019-11-07 18:00:00,59.86539866666666
2019-11-07 19:00:00,15.045720444444445
2019-11-07 20:00:00,49.59519066666647
2019-11-07 21:00:00,41.222375999999905
2019-11-07 22:00:00,30.22125599999996
2019-11-07 23:00:00,29.080329777777703
2019-11-08 00:00:00,27.35897955555543
2019-11-08 01:00:00,12.570520444444451
2019-11-08 02:00:00,0.313502222222223
2019-11-08 03:00:00,0.0
2019-11-08 04:00:00,0.0
2019-11-08 05:00:00,0.0
2019-11-08 06:00:00,0.4309471111111116
2019-11-08 07:00:00,3.3049062222221868
2019-11-08 08:00:00,1.773402222222258
2019-11-08 09:00:00,0.06950666666666684
2019-11-08 10:00:00,0.0
2019-11-08 11:00:00,0.0
2019-11-08 12:00:00,0.0
2019-11-08 13:00:00,3.7085417777777634
2019-11-08 14:00:00,6.340111555555558
2019-11-08 15:00:00,5.233921333333369
2019-11-08 16:00:00,15.857446222222219
2019-11-08 17:00:00,11.085313777777785
2019-11-08 18:00:00,12.467704888888944
2019-11-08 19:00:00,12.590205333333369
2019-11-08 20:00:00,18.155372444444406
2019-11-08 21:00:00,16.45034444444442
2019-11-08 22:00:00,16.026989333333365
2019-11-08 23:00:00,13.881665777777734
2019-11-09 00:00:00,9.623975111111088
2019-11-09 01:00:00,8.600181777777768
2019-11-09 02:00:00,4.193291555555573
2019-11-09 03:00:00,3.0256488888889153
2019-11-09 04:00:00,6.257160000000071
2019-11-09 05:00:00,2.295280000000015
2019-11-09 06:00:00,0.0
2019-11-09 07:00:00,0.0
2019-11-09 08:00:00,0.0
2019-11-09 09:00:00,0.0
2019-11-09 10:00:00,0.0
2019-11-09 11:00:00,0.0
2019-11-09 12:00:00,0.0
2019-11-09 13:00:00,0.0
2019-11-09 14:00:00,3.688885777777765
2019-11-09 15:00:00,5.626440444444404
2019-11-09 16:00:00,6.053608888888886
2019-11-09 17:00:00,6.4811875555554765
2019-11-09 18:00:00,7.536706666666602
2019-11-09 19:00:00,7.653874222222204
2019-11-09 20:00:00,7.054770666666704
2019-11-09 21:00:00,3.342612000000027
2019-11-09 22:00:00,0.1095986666666666
2019-11-09 23:00:00,0.00020222222222222223
2019-11-10 00:00:00,0.0
2019-11-10 01:00:00,0.4377591111111111
2019-11-10 02:00:00,3.3174439999999548
2019-11-10 03:00:00,3.2965111111111236
2019-11-10 04:00:00,3.4537244444444224
2019-11-10 05:00:00,0.05061911111111111
2019-11-10 06:00:00,0.0
2019-11-10 07:00:00,0.0
2019-11-10 08:00:00,0.0
2019-11-10 09:00:00,0.0
2019-11-10 10:00:00,0.0
2019-11-10 11:00:00,0.0
2019-11-10 12:00:00,0.0
2019-11-10 13:00:00,0.0
2019-11-10 14:00:00,0.0
2019-11-10 15:00:00,0.0
2019-11-10 16:00:00,0.0
2019-11-10 17:00:00,0.0
2019-11-10 18:00:00,0.0
2019-11-10 19:00:00,0.0
2019-11-10 20:00:00,0.0
2019-11-10 21:00:00,0.026912888888888886
2019-11-10 22:00:00,4.148155555555572
2019-11-10 23:00:00,0.0
2019-11-11 00:00:00,4.826287555555555
2019-11-11 01:00:00,6.517963111111057
2019-11-11 02:00:00,6.482464444444394
2019-11-11 03:00:00,6.468303111111076
2019-11-11 04:00:00,6.4349422222221735
2019-11-11 05:00:00,5.213207999999994
2019-11-11 06:00:00,0.0
2019-11-11 07:00:00,0.0
2019-11-11 08:00:00,0.0
2019-11-11 09:00:00,0.0
2019-11-11 10:00:00,0.0
2019-11-11 11:00:00,0.0
2019-11-11 12:00:00,0.0
2019-11-11 13:00:00,5.0656897777777905
2019-11-11 14:00:00,35.49986266666671
2019-11-11 15:00:00,66.15379333333344
2019-11-11 16:00:00,63.515151555555526
2019-11-11 17:00:00,60.83848622222217
2019-11-11 18:00:00,59.8590026666666
2019-11-11 19:00:00,57.85477822222219
2019-11-11 20:00:00,53.57232399999976
2019-11-11 21:00:00,34.472024888888726
2019-11-11 22:00:00,16.776274666666595
2019-11-11 23:00:00,16.21074577777773
2019-11-12 00:00:00,21.62881066666667
2019-11-12 01:00:00,26.492018222222125
2019-11-12 02:00:00,6.885926666666666
2019-11-12 03:00:00,0.0
2019-11-12 04:00:00,0.0
2019-11-12 05:00:00,2.3388848888888902
2019-11-12 06:00:00,1.5397720000000001
2019-11-12 07:00:00,0.0
2019-11-12 08:00:00,0.0
2019-11-12 09:00:00,0.0
2019-11-12 10:00:00,0.0
2019-11-12 11:00:00,0.0
2019-11-12 12:00:00,0.0
2019-11-12 13:00:00,9.6011297777778
2019-11-12 14:00:00,30.788344888888812
2019-11-12 15:00:00,57.58966488888885
2019-11-12 16:00:00,57.019721777777725
2019-11-12 17:00:00,46.456678666666726
2019-11-12 18:00:00,44.333293333333444
2019-11-12 19:00:00,25.77638266666666
2019-11-12 20:00:00,39.52855688888873
2019-11-12 21:00:00,41.10946088888875
2019-11-12 22:00:00,39.11745644444431
2019-11-12 23:00:00,27.072540444444325
2019-11-13 00:00:00,25.92040533333325
2019-11-13 01:00:00,17.809670666666577
2019-11-13 02:00:00,5.928774222222199
2019-11-13 03:00:00,0.0
2019-11-13 04:00:00,0.0
2019-11-13 05:00:00,0.0
2019-11-13 06:00:00,0.0
2019-11-13 07:00:00,0.0
2019-11-13 08:00:00,0.0
2019-11-13 09:00:00,2.584735111111094
2019-11-13 10:00:00,2.829603111111072
2019-11-13 11:00:00,0.05807244444444466
2019-11-13 12:00:00,0.0
2019-11-13 13:00:00,4.758196444444431
2019-11-13 14:00:00,23.998554666666635
2019-11-13 15:00:00,64.48984533333329
2019-11-13 16:00:00,65.72322755555545
2019-11-13 17:00:00,67.32998711111094
2019-11-13 18:00:00,55.94827333333334
2019-11-13 19:00:00,45.03025511111097
2019-11-13 20:00:00,18.696565333333336
2019-11-13 21:00:00,11.305724444444447
2019-11-13 22:00:00,39.61754044444431
2019-11-13 23:00:00,33.342723555555416
2019-11-14 00:00:00,27.299942222222146
2019-11-14 01:00:00,27.3138146666666
2019-11-14 02:00:00,15.145196444444407
2019-11-14 03:00:00,8.975719999999967
2019-11-14 04:00:00,0.0
2019-11-14 05:00:00,0.0
2019-11-14 06:00:00,1.7399200000000083
2019-11-14 07:00:00,3.2717244444444202
2019-11-14 08:00:00,0.34492755555554405
2019-11-14 09:00:00,0.055120000000000204
2019-11-14 10:00:00,0.0
2019-11-14 11:00:00,0.0
2019-11-14 12:00:00,0.0
2019-11-14 13:00:00,9.050692444444437
2019-11-14 14:00:00,45.184585333333345
2019-11-14 15:00:00,70.06454000000006
2019-11-14 16:00:00,36.12722533333333
2019-11-14 17:00:00,0.0
2019-11-14 18:00:00,0.0
2019-11-14 19:00:00,20.523868444444435
2019-11-14 20:00:00,24.797465333333317
2019-11-14 21:00:00,14.452758666666574
2019-11-14 22:00:00,17.19257511111107
2019-11-14 23:00:00,35.47230266666668
2019-11-15 00:00:00,39.32460711111106
2019-11-15 01:00:00,29.072419999999994
2019-11-15 02:00:00,1.5371373333333347
2019-11-15 03:00:00,0.005887555555555556
2019-11-15 04:00:00,0.2634262222222226
2019-11-15 05:00:00,3.1342884444444277
2019-11-15 06:00:00,2.115521777777762
2019-11-15 07:00:00,0.04065822222222227
2019-11-15 08:00:00,0.0
2019-11-15 09:00:00,0.0
2019-11-15 10:00:00,0.0
2019-11-15 11:00:00,0.0
2019-11-15 12:00:00,0.0
2019-11-15 13:00:00,8.774104444444422
2019-11-15 14:00:00,33.657774222222265
2019-11-15 15:00:00,68.80740533333321
2019-11-15 16:00:00,77.74504977777751
2019-11-15 17:00:00,50.01916977777774
2019-11-15 18:00:00,75.13043777777766
2019-11-15 19:00:00,65.69976977777748
2019-11-15 20:00:00,52.66612577777776
2019-11-15 21:00:00,47.3350279999997
2019-11-15 22:00:00,41.60812355555537
2019-11-15 23:00:00,39.41382755555541
2019-11-16 00:00:00,23.40955066666665
2019-11-16 01:00:00,9.087745333333327
2019-11-16 02:00:00,4.4210053333333565
2019-11-16 03:00:00,4.106006666666668
2019-11-16 04:00:00,1.3632088888888887
2019-11-16 05:00:00,0.0
2019-11-16 06:00:00,0.0
2019-11-16 07:00:00,0.0
2019-11-16 08:00:00,0.0
2019-11-16 09:00:00,0.0
2019-11-16 10:00:00,0.0
2019-11-16 11:00:00,0.0
2019-11-16 12:00:00,0.0
2019-11-16 13:00:00,0.9014315555555531
2019-11-16 14:00:00,3.0969697777777996
2019-11-16 15:00:00,5.81807200000002
2019-11-16 16:00:00,13.078999555555484
2019-11-16 17:00:00,14.142948444444398
2019-11-16 18:00:00,12.218110666666638
2019-11-16 19:00:00,12.53351955555553
2019-11-16 20:00:00,10.14743599999994
2019-11-16 21:00:00,4.713239555555536
2019-11-16 22:00:00,6.933333333333333e-05
2019-11-16 23:00:00,0.00013866666666666666
2019-11-17 00:00:00,0.0
2019-11-17 01:00:00,3.5900799999999977
2019-11-17 02:00:00,2.8126164444444477
2019-11-17 03:00:00,5.143909333333314
2019-11-17 04:00:00,6.613065333333288
2019-11-17 05:00:00,10.560951555555537
2019-11-17 06:00:00,6.478529777777766
2019-11-17 07:00:00,6.282951999999991
2019-11-17 08:00:00,6.2197719999999395
2019-11-17 09:00:00,0.36633422222222234
2019-11-17 10:00:00,0.0
2019-11-17 11:00:00,0.0
2019-11-17 12:00:00,0.0
2019-11-17 13:00:00,0.0
2019-11-17 14:00:00,0.0
2019-11-17 15:00:00,0.0
2019-11-17 16:00:00,1.8551866666666652
2019-11-17 17:00:00,9.726599999999985
2019-11-17 18:00:00,12.240655555555506
2019-11-17 19:00:00,13.81810444444439
2019-11-17 20:00:00,6.42242755555554
2019-11-17 21:00:00,3.310140888888891
2019-11-17 22:00:00,0.0
2019-11-17 23:00:00,0.0
2019-11-18 00:00:00,3.6347248888888886
2019-11-18 01:00:00,1.0532600000000003
2019-11-18 02:00:00,2.37536
2019-11-18 03:00:00,6.509822222222179
2019-11-18 04:00:00,6.476472888888893
2019-11-18 05:00:00,6.486861333333322
2019-11-18 06:00:00,4.363608888888881
2019-11-18 07:00:00,0.0
2019-11-18 08:00:00,0.0
2019-11-18 09:00:00,0.0
2019-11-18 10:00:00,0.0
2019-11-18 11:00:00,0.0
2019-11-18 12:00:00,0.0
2019-11-18 13:00:00,5.323644444444428
2019-11-18 14:00:00,42.37081911111103
2019-11-18 15:00:00,73.77615555555558
2019-11-18 16:00:00,77.59553822222223
2019-11-18 17:00:00,75.54147466666667
2019-11-18 18:00:00,56.03760355555548
2019-11-18 19:00:00,37.52433822222204
2019-11-18 20:00:00,32.40470133333311
2019-11-18 21:00:00,20.962413333333256
2019-11-18 22:00:00,11.303101333333311
2019-11-18 23:00:00,33.313043111111085
2019-11-19 00:00:00,47.73737511111087
2019-11-19 01:00:00,24.744298222222135
2019-11-19 02:00:00,5.260822666666628
2019-11-19 03:00:00,4.501304888888871
2019-11-19 04:00:00,4.21064222222224
2019-11-19 05:00:00,0.22916977777777828
2019-11-19 06:00:00,1.1871600000000033
2019-11-19 07:00:00,2.021396000000013
2019-11-19 08:00:00,1.9886995555555695
2019-11-19 09:00:00,0.0
2019-11-19 10:00:00,0.0
2019-11-19 11:00:00,0.0
2019-11-19 12:00:00,0.0
2019-11-19 13:00:00,10.100653333333318
2019-11-19 14:00:00,42.426690222222255
2019-11-19 15:00:00,73.98901466666665
2019-11-19 16:00:00,69.62542311111113
2019-11-19 17:00:00,65.07801155555548
2019-11-19 18:00:00,52.36765155555543
2019-11-19 19:00:00,48.22610577777773
2019-11-19 20:00:00,39.07552133333332
2019-11-19 21:00:00,29.555725333333328
2019-11-19 22:00:00,31.827177777777766
2019-11-19 23:00:00,34.33375111111108
2019-11-20 00:00:00,22.742587111111046
2019-11-20 01:00:00,14.952068444444397
2019-11-20 02:00:00,5.008645777777783
2019-11-20 03:00:00,0.0
2019-11-20 04:00:00,0.0
2019-11-20 05:00:00,1.824755111111128
2019-11-20 06:00:00,3.2779817777777485
2019-11-20 07:00:00,0.4070213333333206
2019-11-20 08:00:00,0.06325511111111141
2019-11-20 09:00:00,0.0
2019-11-20 10:00:00,0.0
2019-11-20 11:00:00,0.6340822222222233
2019-11-20 12:00:00,3.7471720000000532
2019-11-20 13:00:00,5.546499111111117
2019-11-20 14:00:00,35.64090399999999
2019-11-20 15:00:00,76.00744088888892
2019-11-20 16:00:00,79.20461466666679
2019-11-20 17:00:00,76.68312311111102
2019-11-20 18:00:00,73.73590177777754
2019-11-20 19:00:00,57.93344844444437
2019-11-20 20:00:00,56.49993555555551
2019-11-20 21:00:00,52.8556484444443
2019-11-20 22:00:00,57.05063288888881
2019-11-20 23:00:00,52.8884257777779
2019-11-21 00:00:00,46.552543555555616
2019-11-21 01:00:00,49.09738311111105
2019-11-21 02:00:00,23.103380444444454
2019-11-21 03:00:00,9.683873333333427
2019-11-21 04:00:00,7.289891555555552
2019-11-21 05:00:00,3.1220511111111255
2019-11-21 06:00:00,4.805822666666641
2019-11-21 07:00:00,2.769179111111102
2019-11-21 08:00:00,3.4479293333333625
2019-11-21 09:00:00,6.2055528888889695
2019-11-21 10:00:00,2.8420368888889
2019-11-21 11:00:00,0.0
2019-11-21 12:00:00,0.07725466666666668
2019-11-21 13:00:00,9.139762666666646
2019-11-21 14:00:00,40.88083999999998
2019-11-21 15:00:00,76.2932502222223
2019-11-21 16:00:00,81.06107822222215
2019-11-21 17:00:00,72.7884328888887
2019-11-21 18:00:00,75.65710533333338
2019-11-21 19:00:00,68.30216177777761
2019-11-21 20:00:00,45.98774266666656
2019-11-21 21:00:00,35.465796888888754
2019-11-21 22:00:00,24.688663999999896
2019-11-21 23:00:00,13.246387555555572
2019-11-22 00:00:00,18.088275111111074
2019-11-22 01:00:00,21.45614177777766
2019-11-22 02:00:00,12.718703111111015
2019-11-22 03:00:00,7.1962337777777945
2019-11-22 04:00:00,0.0
2019-11-22 05:00:00,0.0
2019-11-22 06:00:00,1.5724048888888993
2019-11-22 07:00:00,3.2754742222221958
2019-11-22 08:00:00,0.607556444444434
2019-11-22 09:00:00,0.0
2019-11-22 10:00:00,0.0
2019-11-22 11:00:00,0.0
2019-11-22 12:00:00,0.07524399999999999
2019-11-22 13:00:00,5.704856444444432
2019-11-22 14:00:00,12.43384711111107
2019-11-22 15:00:00,12.240251111111192
2019-11-22 16:00:00,17.72700799999999
2019-11-22 17:00:00,27.154451999999957
2019-11-22 18:00:00,37.1577786666667
2019-11-22 19:00:00,37.346064888888904
2019-11-22 20:00:00,25.35806000000003
2019-11-22 21:00:00,36.14276177777776
2019-11-22 22:00:00,37.25681555555556
2019-11-22 23:00:00,33.97565022222218
2019-11-23 00:00:00,20.652533777777645
2019-11-23 01:00:00,5.081093333333355
2019-11-23 02:00:00,0.4192124444444444
2019-11-23 03:00:00,0.0
2019-11-23 04:00:00,0.0
2019-11-23 05:00:00,0.0
2019-11-23 06:00:00,0.0
2019-11-23 07:00:00,0.0
2019-11-23 08:00:00,0.0
2019-11-23 09:00:00,0.0
2019-11-23 10:00:00,0.0
2019-11-23 11:00:00,0.0
2019-11-23 12:00:00,0.0
2019-11-23 13:00:00,0.0
2019-11-23 14:00:00,0.0
2019-11-23 15:00:00,0.0
2019-11-23 16:00:00,0.0
2019-11-23 17:00:00,0.0
2019-11-23 18:00:00,0.0
2019-11-23 19:00:00,0.0
2019-11-23 20:00:00,0.0
2019-11-23 21:00:00,0.0
2019-11-23 22:00:00,0.0
2019-11-23 23:00:00,0.0
2019-11-24 00:00:00,0.0
2019-11-24 01:00:00,0.0
2019-11-24 02:00:00,0.0
2019-11-24 03:00:00,0.0
2019-11-24 04:00:00,0.0
2019-11-24 05:00:00,0.0
2019-11-24 06:00:00,0.0
2019-11-24 07:00:00,0.0
2019-11-24 08:00:00,0.0
2019-11-24 09:00:00,0.0
2019-11-24 10:00:00,0.0
2019-11-24 11:00:00,0.0
2019-11-24 12:00:00,0.0
2019-11-24 13:00:00,0.0
2019-11-24 14:00:00,0.0
2019-11-24 15:00:00,0.0
2019-11-24 16:00:00,0.0
2019-11-24 17:00:00,5.997177333333274
2019-11-24 18:00:00,10.517491111111166
2019-11-24 19:00:00,12.311751111111107
2019-11-24 20:00:00,9.519039111111034
2019-11-24 21:00:00,6.511237777777771
2019-11-24 22:00:00,6.3899622222221755
2019-11-24 23:00:00,6.533395555555506
2019-11-25 00:00:00,1.9759075555555479
2019-11-25 01:00:00,0.0
2019-11-25 02:00:00,0.0
2019-11-25 03:00:00,0.0
2019-11-25 04:00:00,0.0
2019-11-25 05:00:00,0.0
2019-11-25 06:00:00,0.0
2019-11-25 07:00:00,0.0
2019-11-25 08:00:00,0.0
2019-11-25 09:00:00,0.0
2019-11-25 10:00:00,0.0
2019-11-25 11:00:00,0.0
2019-11-25 12:00:00,0.826626666666669
2019-11-25 13:00:00,9.400248000000005
2019-11-25 14:00:00,33.69205377777771
2019-11-25 15:00:00,75.93407466666666
2019-11-25 16:00:00,69.45753822222224
2019-11-25 17:00:00,74.37520133333315
2019-11-25 18:00:00,69.06455111111102
2019-11-25 19:00:00,54.113586222222104
2019-11-25 20:00:00,42.036828888888785
2019-11-25 21:00:00,42.303276888888696
2019-11-25 22:00:00,39.02512177777764
2019-11-25 23:00:00,43.136484444444335
2019-11-26 00:00:00,34.33722355555545
2019-11-26 01:00:00,28.88879066666658
2019-11-26 02:00:00,10.805016444444405
2019-11-26 03:00:00,3.8508831111110893
2019-11-26 04:00:00,0.0
2019-11-26 05:00:00,0.0
2019-11-26 06:00:00,1.029652000000001
2019-11-26 07:00:00,3.2618906666666456
2019-11-26 08:00:00,1.3368679999999922
2019-11-26 09:00:00,0.0
2019-11-26 10:00:00,0.0
2019-11-26 11:00:00,0.9301355555555543
2019-11-26 12:00:00,6.4426208888888326
2019-11-26 13:00:00,9.695035999999975
2019-11-26 14:00:00,28.038163111111125
2019-11-26 15:00:00,74.03107111111106
2019-11-26 16:00:00,79.67638177777773
2019-11-26 17:00:00,78.60517022222211
2019-11-26 18:00:00,77.72919555555542
2019-11-26 19:00:00,55.13850622222195
2019-11-26 20:00:00,39.76416311111102
2019-11-26 21:00:00,34.97169288888889
2019-11-26 22:00:00,38.0872151111111
2019-11-26 23:00:00,17.934759555555566
2019-11-27 00:00:00,0.0
2019-11-27 01:00:00,0.0
2019-11-27 02:00:00,0.0
2019-11-27 03:00:00,0.0
2019-11-27 04:00:00,0.0
2019-11-27 05:00:00,0.0
2019-11-27 06:00:00,0.0
2019-11-27 07:00:00,0.0
2019-11-27 08:00:00,0.0
2019-11-27 09:00:00,0.0
2019-11-27 10:00:00,0.0
2019-11-27 11:00:00,0.0
2019-11-27 12:00:00,0.0
2019-11-27 13:00:00,0.0
2019-11-27 14:00:00,0.0
2019-11-27 15:00:00,0.0
2019-11-27 16:00:00,0.0
2019-11-27 17:00:00,0.0
2019-11-27 18:00:00,19.232246222222226
2019-11-27 19:00:00,45.66616311111106
2019-11-27 20:00:00,17.39408088888886
2019-11-27 21:00:00,21.92515288888883
2019-11-27 22:00:00,11.754010666666748
2019-11-27 23:00:00,13.127550222222265
2019-11-28 00:00:00,12.808241333333306
2019-11-28 01:00:00,11.936813777777797
2019-11-28 02:00:00,6.306791111111134
2019-11-28 03:00:00,6.439333333333252
2019-11-28 04:00:00,6.243356888888847
2019-11-28 05:00:00,6.2811031111110225
2019-11-28 06:00:00,0.0
2019-11-28 07:00:00,0.0
2019-11-28 08:00:00,0.0
2019-11-28 09:00:00,0.0
2019-11-28 10:00:00,0.0
2019-11-28 11:00:00,0.0
2019-11-28 12:00:00,0.0
2019-11-28 13:00:00,0.0
2019-11-28 14:00:00,0.0
2019-11-28 15:00:00,0.0
2019-11-28 16:00:00,0.0
2019-11-28 17:00:00,0.0
2019-11-28 18:00:00,0.0
2019-11-28 19:00:00,0.0
2019-11-28 20:00:00,0.0
2019-11-28 21:00:00,0.0
2019-11-28 22:00:00,0.0
2019-11-28 23:00:00,0.0
2019-11-29 00:00:00,0.0
2019-11-29 01:00:00,0.0
2019-11-29 02:00:00,0.0
2019-11-29 03:00:00,0.0
2019-11-29 04:00:00,0.0
2019-11-29 05:00:00,0.0
2019-11-29 06:00:00,0.0
2019-11-29 07:00:00,0.0
2019-11-29 08:00:00,0.0
2019-11-29 09:00:00,0.0
2019-11-29 10:00:00,0.0
2019-11-29 11:00:00,0.0
2019-11-29 12:00:00,0.0
2019-11-29 13:00:00,0.0
2019-11-29 14:00:00,0.0
2019-11-29 15:00:00,0.0
2019-11-29 16:00:00,0.0
2019-11-29 17:00:00,5.022518222222189
2019-11-29 18:00:00,5.537046666666623
2019-11-29 19:00:00,0.0
2019-11-29 20:00:00,0.0
2019-11-29 21:00:00,0.0
2019-11-29 22:00:00,0.0
2019-11-29 23:00:00,0.0
2019-11-30 00:00:00,0.0
2019-11-30 01:00:00,0.0
2019-11-30 02:00:00,0.0
2019-11-30 03:00:00,0.0
2019-11-30 04:00:00,0.0
2019-11-30 05:00:00,0.0
2019-11-30 06:00:00,0.0
2019-11-30 07:00:00,0.0
2019-11-30 08:00:00,0.0
2019-11-30 09:00:00,0.0
2019-11-30 10:00:00,0.0
2019-11-30 11:00:00,0.0
2019-11-30 12:00:00,0.0
2019-11-30 13:00:00,0.0
2019-11-30 14:00:00,0.0
2019-11-30 15:00:00,0.0
2019-11-30 16:00:00,0.0
2019-11-30 17:00:00,0.0
2019-11-30 18:00:00,0.0
2019-11-30 19:00:00,0.0
2019-11-30 20:00:00,0.0
2019-11-30 21:00:00,0.0
2019-11-30 22:00:00,0.0
2019-11-30 23:00:00,0.0
2019-12-01 00:00:00,0.0
2019-12-01 01:00:00,0.0
2019-12-01 02:00:00,0.0
2019-12-01 03:00:00,0.0
2019-12-01 04:00:00,0.0
2019-12-01 05:00:00,0.0
2019-12-01 06:00:00,0.0
2019-12-01 07:00:00,0.0
2019-12-01 08:00:00,0.0
2019-12-01 09:00:00,0.0
2019-12-01 10:00:00,0.0
2019-12-01 11:00:00,0.0
2019-12-01 12:00:00,0.0
2019-12-01 13:00:00,0.0
2019-12-01 14:00:00,0.0
2019-12-01 15:00:00,0.0
2019-12-01 16:00:00,0.0
2019-12-01 17:00:00,0.0
2019-12-01 18:00:00,0.0
2019-12-01 19:00:00,0.0
2019-12-01 20:00:00,0.0
2019-12-01 21:00:00,0.0
2019-12-01 22:00:00,0.0
2019-12-01 23:00:00,0.0
2019-12-02 00:00:00,0.0
2019-12-02 01:00:00,0.0
2019-12-02 02:00:00,0.0
2019-12-02 03:00:00,0.0
2019-12-02 04:00:00,0.0
2019-12-02 05:00:00,0.0
2019-12-02 06:00:00,0.0
2019-12-02 07:00:00,0.0
2019-12-02 08:00:00,0.0
2019-12-02 09:00:00,0.0
2019-12-02 10:00:00,0.0
2019-12-02 11:00:00,0.0
2019-12-02 12:00:00,0.0
2019-12-02 13:00:00,5.287926222222223
2019-12-02 14:00:00,45.42008177777776
2019-12-02 15:00:00,87.69572355555536
2019-12-02 16:00:00,85.93444888888882
2019-12-02 17:00:00,87.08805155555561
2019-12-02 18:00:00,76.45007066666638
2019-12-02 19:00:00,55.12946977777779
2019-12-02 20:00:00,49.53760933333333
2019-12-02 21:00:00,51.033106222222145
2019-12-02 22:00:00,55.55896666666648
2019-12-02 23:00:00,53.03745777777766
2019-12-03 00:00:00,40.02582133333338
2019-12-03 01:00:00,25.56773555555555
2019-12-03 02:00:00,9.540486222222228
2019-12-03 03:00:00,3.220151999999957
2019-12-03 04:00:00,0.9794662222222237
2019-12-03 05:00:00,0.0
2019-12-03 06:00:00,0.8022675555555552
2019-12-03 07:00:00,3.231724888888845
2019-12-03 08:00:00,0.2567124444444502
2019-12-03 09:00:00,0.06463600000000025
2019-12-03 10:00:00,0.0
2019-12-03 11:00:00,0.0
2019-12-03 12:00:00,0.0
2019-12-03 13:00:00,10.147337777777766
2019-12-03 14:00:00,37.59921244444442
2019-12-03 15:00:00,81.93682755555567
2019-12-03 16:00:00,81.6543346666668
2019-12-03 17:00:00,82.53705777777758
2019-12-03 18:00:00,79.29226933333312
2019-12-03 19:00:00,68.14141822222201
2019-12-03 20:00:00,56.972829333332896
2019-12-03 21:00:00,41.32550933333328
2019-12-03 22:00:00,21.070920000000008
2019-12-03 23:00:00,28.106329333333296
2019-12-04 00:00:00,44.0877319999999
2019-12-04 01:00:00,26.720616000000096
2019-12-04 02:00:00,8.445608888888865
2019-12-04 03:00:00,1.1401520000000018
2019-12-04 04:00:00,0.0
2019-12-04 05:00:00,0.48424711111111146
2019-12-04 06:00:00,3.306599111111073
2019-12-04 07:00:00,1.73676533333337
2019-12-04 08:00:00,0.07270755555555547
2019-12-04 09:00:00,0.0
2019-12-04 10:00:00,0.0
2019-12-04 11:00:00,0.0
2019-12-04 12:00:00,0.0
2019-12-04 13:00:00,4.535908000000001
2019-12-04 14:00:00,36.41339866666654
2019-12-04 15:00:00,83.91534666666674
2019-12-04 16:00:00,83.56028488888903
2019-12-04 17:00:00,76.85925866666656
2019-12-04 18:00:00,64.95291111111102
2019-12-04 19:00:00,61.6785173333331
2019-12-04 20:00:00,61.612205777777646
2019-12-04 21:00:00,66.35112755555534
2019-12-04 22:00:00,62.99596044444424
2019-12-04 23:00:00,48.51563599999982
2019-12-05 00:00:00,27.858416444444277
2019-12-05 01:00:00,18.82575066666668
2019-12-05 02:00:00,6.6887888888887845
2019-12-05 03:00:00,2.787771999999982
2019-12-05 04:00:00,0.0
2019-12-05 05:00:00,0.0
2019-12-05 06:00:00,0.0
2019-12-05 07:00:00,0.694425333333333
2019-12-05 08:00:00,1.8087853333333483
2019-12-05 09:00:00,0.0
2019-12-05 10:00:00,0.0
2019-12-05 11:00:00,0.0
2019-12-05 12:00:00,0.0
2019-12-05 13:00:00,0.0
2019-12-05 14:00:00,0.0
2019-12-05 15:00:00,0.0
2019-12-05 16:00:00,0.0
2019-12-05 17:00:00,0.0
2019-12-05 18:00:00,0.0
2019-12-05 19:00:00,0.0
2019-12-05 20:00:00,0.0
2019-12-05 21:00:00,0.0
2019-12-05 22:00:00,0.0
2019-12-05 23:00:00,0.0
2019-12-06 00:00:00,0.0
2019-12-06 01:00:00,0.0
2019-12-06 02:00:00,0.0
2019-12-06 03:00:00,0.0
2019-12-06 04:00:00,0.0
2019-12-06 05:00:00,0.0
2019-12-06 06:00:00,0.0
2019-12-06 07:00:00,0.0
2019-12-06 08:00:00,0.0
2019-12-06 09:00:00,0.0
2019-12-06 10:00:00,0.0
2019-12-06 11:00:00,0.0
2019-12-06 12:00:00,0.0
2019-12-06 13:00:00,0.0
2019-12-06 14:00:00,0.0
2019-12-06 15:00:00,0.0
2019-12-06 16:00:00,0.0
2019-12-06 17:00:00,0.0
2019-12-06 18:00:00,0.0
2019-12-06 19:00:00,0.0
2019-12-06 20:00:00,0.0
2019-12-06 21:00:00,0.0
2019-12-06 22:00:00,0.0
2019-12-06 23:00:00,0.0
2019-12-07 00:00:00,0.0
2019-12-07 01:00:00,0.0
2019-12-07 02:00:00,0.0
2019-12-07 03:00:00,0.0
2019-12-07 04:00:00,0.0
2019-12-07 05:00:00,0.0
2019-12-07 06:00:00,0.0
2019-12-07 07:00:00,0.0
2019-12-07 08:00:00,0.0
2019-12-07 09:00:00,0.0
2019-12-07 10:00:00,0.0
2019-12-07 11:00:00,0.0
2019-12-07 12:00:00,0.0
2019-12-07 13:00:00,0.0
2019-12-07 14:00:00,0.0
2019-12-07 15:00:00,0.0
2019-12-07 16:00:00,0.0
2019-12-07 17:00:00,0.0
2019-12-07 18:00:00,0.0
2019-12-07 19:00:00,0.0
2019-12-07 20:00:00,0.0
2019-12-07 21:00:00,0.0
2019-12-07 22:00:00,0.0
2019-12-07 23:00:00,0.0
2019-12-08 00:00:00,0.0
2019-12-08 01:00:00,0.0
2019-12-08 02:00:00,0.0
2019-12-08 03:00:00,0.0
2019-12-08 04:00:00,0.0
2019-12-08 05:00:00,0.0
2019-12-08 06:00:00,0.0
2019-12-08 07:00:00,0.0
2019-12-08 08:00:00,0.0
2019-12-08 09:00:00,0.0
2019-12-08 10:00:00,0.0
2019-12-08 11:00:00,0.0
2019-12-08 12:00:00,0.0
2019-12-08 13:00:00,0.0
2019-12-08 14:00:00,0.0
2019-12-08 15:00:00,0.0
2019-12-08 16:00:00,0.0
2019-12-08 17:00:00,0.0
2019-12-08 18:00:00,0.0
2019-12-08 19:00:00,0.0
2019-12-08 20:00:00,0.0
2019-12-08 21:00:00,0.0
2019-12-08 22:00:00,0.0
2019-12-08 23:00:00,0.0
2019-12-09 00:00:00,0.0
2019-12-09 01:00:00,0.0
2019-12-09 02:00:00,0.0
2019-12-09 03:00:00,0.0
2019-12-09 04:00:00,0.0
2019-12-09 05:00:00,0.0
2019-12-09 06:00:00,0.0
2019-12-09 07:00:00,0.0
2019-12-09 08:00:00,0.0
2019-12-09 09:00:00,0.0
2019-12-09 10:00:00,0.0
2019-12-09 11:00:00,0.0
2019-12-09 12:00:00,0.0
2019-12-09 13:00:00,0.0
2019-12-09 14:00:00,0.0
2019-12-09 15:00:00,0.0
2019-12-09 16:00:00,0.0
2019-12-09 17:00:00,0.0
2019-12-09 18:00:00,0.0
2019-12-09 19:00:00,0.0
2019-12-09 20:00:00,0.0
2019-12-09 21:00:00,0.0
2019-12-09 22:00:00,0.0
2019-12-09 23:00:00,0.0
2019-12-10 00:00:00,0.0
2019-12-10 01:00:00,0.0
2019-12-10 02:00:00,0.0
2019-12-10 03:00:00,0.0
2019-12-10 04:00:00,0.0
2019-12-10 05:00:00,0.0
2019-12-10 06:00:00,0.0
2019-12-10 07:00:00,0.0
2019-12-10 08:00:00,0.0
2019-12-10 09:00:00,0.0
2019-12-10 10:00:00,0.0
2019-12-10 11:00:00,0.0
2019-12-10 12:00:00,0.0
2019-12-10 13:00:00,0.0
2019-12-10 14:00:00,0.0
2019-12-10 15:00:00,0.0
2019-12-10 16:00:00,0.0
2019-12-10 17:00:00,0.0
2019-12-10 18:00:00,0.0
2019-12-10 19:00:00,0.0
2019-12-10 20:00:00,0.0
2019-12-10 21:00:00,0.0
2019-12-10 22:00:00,0.0
2019-12-10 23:00:00,0.0
2019-12-11 00:00:00,0.0
2019-12-11 01:00:00,0.0
2019-12-11 02:00:00,0.0
2019-12-11 03:00:00,0.0
2019-12-11 04:00:00,0.0
2019-12-11 05:00:00,0.0
2019-12-11 06:00:00,0.0
2019-12-11 07:00:00,0.0
2019-12-11 08:00:00,0.0
2019-12-11 09:00:00,0.0
2019-12-11 10:00:00,0.0
2019-12-11 11:00:00,0.0
2019-12-11 12:00:00,0.0
2019-12-11 13:00:00,0.0
2019-12-11 14:00:00,0.0
2019-12-11 15:00:00,0.0
2019-12-11 16:00:00,0.0
2019-12-11 17:00:00,17.531170222222222
2019-12-11 18:00:00,76.7162528888886
2019-12-11 19:00:00,64.98246444444409
2019-12-11 20:00:00,58.1458395555552
2019-12-11 21:00:00,46.27207866666652
2019-12-11 22:00:00,34.654770222222254
2019-12-11 23:00:00,28.26260088888887
2019-12-12 00:00:00,25.598276888888876
2019-12-12 01:00:00,21.12368266666661
2019-12-12 02:00:00,4.926780444444468
2019-12-12 03:00:00,2.1312200000000074
2019-12-12 04:00:00,0.0
2019-12-12 05:00:00,4.1885711111111
2019-12-12 06:00:00,8.87638266666669
2019-12-12 07:00:00,6.3736168888889315
2019-12-12 08:00:00,2.5386631111111084
2019-12-12 09:00:00,0.0
2019-12-12 10:00:00,0.0
2019-12-12 11:00:00,0.0
2019-12-12 12:00:00,0.0
2019-12-12 13:00:00,5.106382666666654
2019-12-12 14:00:00,31.890739111111067
2019-12-12 15:00:00,80.31203555555572
2019-12-12 16:00:00,79.54803999999997
2019-12-12 17:00:00,79.65806622222233
2019-12-12 18:00:00,76.4341644444443
2019-12-12 19:00:00,61.23828533333341
2019-12-12 20:00:00,54.10207688888885
2019-12-12 21:00:00,42.34431644444436
2019-12-12 22:00:00,34.75375511111104
2019-12-12 23:00:00,29.979496444444386
2019-12-13 00:00:00,25.362323999999987
2019-12-13 01:00:00,17.995743999999934
2019-12-13 02:00:00,1.8098195555555545
2019-12-13 03:00:00,0.0
2019-12-13 04:00:00,0.031332888888888896
2019-12-13 05:00:00,3.2732266666666505
2019-12-13 06:00:00,2.2332266666666682
2019-12-13 07:00:00,0.0
2019-12-13 08:00:00,0.0
2019-12-13 09:00:00,0.0
2019-12-13 10:00:00,0.0
2019-12-13 11:00:00,0.0
2019-12-13 12:00:00,0.0
2019-12-13 13:00:00,5.291358222222216
2019-12-13 14:00:00,30.11129333333333
2019-12-13 15:00:00,69.55460488888887
2019-12-13 16:00:00,75.79009244444438
2019-12-13 17:00:00,77.16921911111108
2019-12-13 18:00:00,70.25164177777773
2019-12-13 19:00:00,61.17471244444435
2019-12-13 20:00:00,55.02187022222211
2019-12-13 21:00:00,38.46561911111104
2019-12-13 22:00:00,20.308565333333288
2019-12-13 23:00:00,16.671448444444465
2019-12-14 00:00:00,19.842177333333346
2019-12-14 01:00:00,24.984913777777784
2019-12-14 02:00:00,16.40380444444442
2019-12-14 03:00:00,4.143516000000015
2019-12-14 04:00:00,3.1951862222222
2019-12-14 05:00:00,0.12883866666666624
2019-12-14 06:00:00,4.501460888888906
2019-12-14 07:00:00,6.209886222222247
2019-12-14 08:00:00,6.248239111111156
2019-12-14 09:00:00,0.4391919999999999
2019-12-14 10:00:00,0.0
2019-12-14 11:00:00,0.0
2019-12-14 12:00:00,0.0
2019-12-14 13:00:00,0.5303306666666665
2019-12-14 14:00:00,3.0884417777777884
2019-12-14 15:00:00,3.33409555555557
2019-12-14 16:00:00,9.28035333333335
2019-12-14 17:00:00,12.21032222222217
2019-12-14 18:00:00,7.340065777777743
2019-12-14 19:00:00,6.413679999999957
2019-12-14 20:00:00,5.991786666666666
2019-12-14 21:00:00,2.845705777777792
2019-12-14 22:00:00,5.200502666666657
2019-12-14 23:00:00,6.36936444444443
2019-12-15 00:00:00,3.6924564444444514
2019-12-15 01:00:00,0.27081600000000006
2019-12-15 02:00:00,6.554929333333281
2019-12-15 03:00:00,2.6944955555555574
2019-12-15 04:00:00,0.0
2019-12-15 05:00:00,0.0
2019-12-15 06:00:00,0.0
2019-12-15 07:00:00,0.0
2019-12-15 08:00:00,0.0
2019-12-15 09:00:00,0.0
2019-12-15 10:00:00,0.0
2019-12-15 11:00:00,0.0
2019-12-15 12:00:00,0.0
2019-12-15 13:00:00,0.0
2019-12-15 14:00:00,0.0
2019-12-15 15:00:00,0.0
2019-12-15 16:00:00,0.0
2019-12-15 17:00:00,0.0
2019-12-15 18:00:00,0.0
2019-12-15 19:00:00,0.0
2019-12-15 20:00:00,0.0
2019-12-15 21:00:00,2.564466666666652
2019-12-15 22:00:00,7.2630306666666655
2019-12-15 23:00:00,4.492632444444445
2019-12-16 00:00:00,0.0
2019-12-16 01:00:00,0.0
2019-12-16 02:00:00,0.0
2019-12-16 03:00:00,0.0
2019-12-16 04:00:00,0.0
2019-12-16 05:00:00,0.0
2019-12-16 06:00:00,0.0
2019-12-16 07:00:00,0.0
2019-12-16 08:00:00,0.0
2019-12-16 09:00:00,0.0
2019-12-16 10:00:00,0.0
2019-12-16 11:00:00,0.0
2019-12-16 12:00:00,0.0
2019-12-16 13:00:00,4.710148444444435
2019-12-16 14:00:00,38.530035555555564
2019-12-16 15:00:00,88.68348666666661
2019-12-16 16:00:00,87.75341466666688
2019-12-16 17:00:00,79.88474000000005
2019-12-16 18:00:00,72.78160933333325
2019-12-16 19:00:00,74.05321155555535
2019-12-16 20:00:00,66.9391262222221
2019-12-16 21:00:00,62.69507111111109
2019-12-16 22:00:00,62.8606795555553
2019-12-16 23:00:00,62.885252444444156
2019-12-17 00:00:00,55.49832311111092
2019-12-17 01:00:00,40.21866044444445
2019-12-17 02:00:00,18.619143111111125
2019-12-17 03:00:00,10.963304444444397
2019-12-17 04:00:00,4.135161333333303
2019-12-17 05:00:00,0.0
2019-12-17 06:00:00,0.5753915555555558
2019-12-17 07:00:00,3.260781333333302
2019-12-17 08:00:00,0.30218355555555027
2019-12-17 09:00:00,0.038185333333333474
2019-12-17 10:00:00,0.0
2019-12-17 11:00:00,0.0
2019-12-17 12:00:00,0.0
2019-12-17 13:00:00,9.703985777777696
2019-12-17 14:00:00,31.303017777777733
2019-12-17 15:00:00,71.97924355555567
2019-12-17 16:00:00,68.01325555555549
2019-12-17 17:00:00,79.39160666666663
2019-12-17 18:00:00,73.0075146666664
2019-12-17 19:00:00,63.90083555555524
2019-12-17 20:00:00,32.30955288888872
2019-12-17 21:00:00,22.507668444444366
2019-12-17 22:00:00,5.513097777777777
2019-12-17 23:00:00,5.387379111111116
2019-12-18 00:00:00,31.00719555555552
2019-12-18 01:00:00,15.486316444444448
2019-12-18 02:00:00,9.732065777777697
2019-12-18 03:00:00,6.154575555555527
2019-12-18 04:00:00,6.450790666666595
2019-12-18 05:00:00,4.036089777777796
2019-12-18 06:00:00,3.2659466666666463
2019-12-18 07:00:00,0.5431919999999864
2019-12-18 08:00:00,0.010157333333333336
2019-12-18 09:00:00,0.0
2019-12-18 10:00:00,0.0
2019-12-18 11:00:00,0.0
2019-12-18 12:00:00,0.0
2019-12-18 13:00:00,4.77212666666666
2019-12-18 14:00:00,27.351676444444387
2019-12-18 15:00:00,72.60783688888891
2019-12-18 16:00:00,73.52905733333343
2019-12-18 17:00:00,70.42297022222229
2019-12-18 18:00:00,67.8650208888889
2019-12-18 19:00:00,53.01676755555525
2019-12-18 20:00:00,39.32094399999971
2019-12-18 21:00:00,40.17024844444428
2019-12-18 22:00:00,39.898906666666555
2019-12-18 23:00:00,28.948527111111026
2019-12-19 00:00:00,37.89795244444431
2019-12-19 01:00:00,23.32265866666662
2019-12-19 02:00:00,0.003039111111111112
2019-12-19 03:00:00,0.0
2019-12-19 04:00:00,0.0
2019-12-19 05:00:00,0.0
2019-12-19 06:00:00,0.0
2019-12-19 07:00:00,0.0
2019-12-19 08:00:00,0.0
2019-12-19 09:00:00,0.0
2019-12-19 10:00:00,0.0
2019-12-19 11:00:00,0.0
2019-12-19 12:00:00,0.0
2019-12-19 13:00:00,4.206112444444433
2019-12-19 14:00:00,33.00533022222227
2019-12-19 15:00:00,72.22175999999999
2019-12-19 16:00:00,73.48165066666682
2019-12-19 17:00:00,79.08588711111135
2019-12-19 18:00:00,74.73745644444443
2019-12-19 19:00:00,46.796596888888814
2019-12-19 20:00:00,49.653615555555476
2019-12-19 21:00:00,46.647593777777416
2019-12-19 22:00:00,42.61383822222216
2019-12-19 23:00:00,54.63687377777769
2019-12-20 00:00:00,39.17868355555539
2019-12-20 01:00:00,27.568319999999893
2019-12-20 02:00:00,10.065859555555516
2019-12-20 03:00:00,6.700535111111098
2019-12-20 04:00:00,0.43400933333333347
2019-12-20 05:00:00,0.0
2019-12-20 06:00:00,0.0
2019-12-20 07:00:00,0.0
2019-12-20 08:00:00,0.0
2019-12-20 09:00:00,0.0
2019-12-20 10:00:00,0.0
2019-12-20 11:00:00,0.0
2019-12-20 12:00:00,0.0
2019-12-20 13:00:00,1.616812888888896
2019-12-20 14:00:00,9.567861333333308
2019-12-20 15:00:00,16.839720444444335
2019-12-20 16:00:00,24.50583777777777
2019-12-20 17:00:00,20.398698666666604
2019-12-20 18:00:00,14.495710666666675
2019-12-20 19:00:00,15.422818666666688
2019-12-20 20:00:00,22.696006666666626
2019-12-20 21:00:00,26.28583244444444
2019-12-20 22:00:00,27.80449822222227
2019-12-20 23:00:00,11.881520444444442
2019-12-21 00:00:00,1.9032346666666657
2019-12-21 01:00:00,0.0
2019-12-21 02:00:00,0.0
2019-12-21 03:00:00,0.0
2019-12-21 04:00:00,0.0
2019-12-21 05:00:00,0.0
2019-12-21 06:00:00,0.0
2019-12-21 07:00:00,0.0
2019-12-21 08:00:00,0.0
2019-12-21 09:00:00,0.0
2019-12-21 10:00:00,0.0
2019-12-21 11:00:00,0.0
2019-12-21 12:00:00,0.0
2019-12-21 13:00:00,0.0
2019-12-21 14:00:00,0.0
2019-12-21 15:00:00,0.0
2019-12-21 16:00:00,0.7634408888888886
2019-12-21 17:00:00,0.0
2019-12-21 18:00:00,0.0
2019-12-21 19:00:00,5.860018666666646
2019-12-21 20:00:00,9.293931111111004
2019-12-21 21:00:00,9.471713333333213
2019-12-21 22:00:00,6.5166573333332884
2019-12-21 23:00:00,1.1103502222222226
2019-12-22 00:00:00,0.0
2019-12-22 01:00:00,0.0
2019-12-22 02:00:00,0.0
2019-12-22 03:00:00,0.0
2019-12-22 04:00:00,0.0
2019-12-22 05:00:00,0.0
2019-12-22 06:00:00,0.0
2019-12-22 07:00:00,0.0
2019-12-22 08:00:00,0.0
2019-12-22 09:00:00,0.0
2019-12-22 10:00:00,0.0
2019-12-22 11:00:00,0.0
2019-12-22 12:00:00,0.0
2019-12-22 13:00:00,0.0
2019-12-22 14:00:00,0.0
2019-12-22 15:00:00,0.0
2019-12-22 16:00:00,0.0
2019-12-22 17:00:00,0.0
2019-12-22 18:00:00,0.0
2019-12-22 19:00:00,0.0
2019-12-22 20:00:00,0.0
2019-12-22 21:00:00,0.0
2019-12-22 22:00:00,0.0
2019-12-22 23:00:00,0.0
2019-12-23 00:00:00,0.0
2019-12-23 01:00:00,0.0
2019-12-23 02:00:00,0.0
2019-12-23 03:00:00,0.0
2019-12-23 04:00:00,0.0
2019-12-23 05:00:00,0.0
2019-12-23 06:00:00,0.0
2019-12-23 07:00:00,0.0
2019-12-23 08:00:00,0.0
2019-12-23 09:00:00,0.0
2019-12-23 10:00:00,0.0
2019-12-23 11:00:00,0.0
2019-12-23 12:00:00,2.783571555555565
2019-12-23 13:00:00,9.433880444444426
2019-12-23 14:00:00,22.96299777777776
2019-12-23 15:00:00,70.97056488888894
2019-12-23 16:00:00,85.81583688888894
2019-12-23 17:00:00,81.97865288888883
2019-12-23 18:00:00,76.43417599999994
2019-12-23 19:00:00,71.37058355555538
2019-12-23 20:00:00,49.6261364444444
2019-12-23 21:00:00,7.916497333333333
2019-12-23 22:00:00,8.820355555555558
2019-12-23 23:00:00,53.889477777777664
2019-12-24 00:00:00,29.589704444444468
2019-12-24 01:00:00,10.464739999999967
2019-12-24 02:00:00,0.07152888888888888
2019-12-24 03:00:00,0.0
2019-12-24 04:00:00,0.0
2019-12-24 05:00:00,0.0
2019-12-24 06:00:00,0.0
2019-12-24 07:00:00,0.0
2019-12-24 08:00:00,0.0
2019-12-24 09:00:00,0.0
2019-12-24 10:00:00,0.0
2019-12-24 11:00:00,0.0
2019-12-24 12:00:00,0.8311911111111151
2019-12-24 13:00:00,3.756884444444439
2019-12-24 14:00:00,14.06052266666666
2019-12-24 15:00:00,56.544476444444406
2019-12-24 16:00:00,85.79930666666641
2019-12-24 17:00:00,85.30407599999971
2019-12-24 18:00:00,69.37051911111091
2019-12-24 19:00:00,47.22192799999984
2019-12-24 20:00:00,21.93254844444432
2019-12-24 21:00:00,14.162823999999985
2019-12-24 22:00:00,11.455195555555584
2019-12-24 23:00:00,3.8867919999999745
2019-12-25 00:00:00,0.0
2019-12-25 01:00:00,0.0
2019-12-25 02:00:00,0.0
2019-12-25 03:00:00,0.0
2019-12-25 04:00:00,0.0
2019-12-25 05:00:00,0.0
2019-12-25 06:00:00,0.0
2019-12-25 07:00:00,0.0
2019-12-25 08:00:00,0.0
2019-12-25 09:00:00,0.0
2019-12-25 10:00:00,0.0
2019-12-25 11:00:00,0.0
2019-12-25 12:00:00,0.0
2019-12-25 13:00:00,0.0
2019-12-25 14:00:00,0.0
2019-12-25 15:00:00,0.0
2019-12-25 16:00:00,0.0
2019-12-25 17:00:00,0.0
2019-12-25 18:00:00,0.0
2019-12-25 19:00:00,0.0
2019-12-25 20:00:00,0.0
2019-12-25 21:00:00,0.0
2019-12-25 22:00:00,0.0
2019-12-25 23:00:00,0.0
2019-12-26 00:00:00,0.0
2019-12-26 01:00:00,0.0
2019-12-26 02:00:00,0.0
2019-12-26 03:00:00,0.0
2019-12-26 04:00:00,0.0
2019-12-26 05:00:00,0.0
2019-12-26 06:00:00,0.0
2019-12-26 07:00:00,0.0
2019-12-26 08:00:00,0.0
2019-12-26 09:00:00,0.0
2019-12-26 10:00:00,0.0
2019-12-26 11:00:00,0.0
2019-12-26 12:00:00,0.0
2019-12-26 13:00:00,0.0
2019-12-26 14:00:00,0.0
2019-12-26 15:00:00,4.176674666666684
2019-12-26 16:00:00,0.3758097777777781
2019-12-26 17:00:00,0.0
2019-12-26 18:00:00,0.0
2019-12-26 19:00:00,2.666617777777762
2019-12-26 20:00:00,6.31407688888887
2019-12-26 21:00:00,3.1345946666666746
2019-12-26 22:00:00,0.0
2019-12-26 23:00:00,0.0
2019-12-27 00:00:00,0.0
2019-12-27 01:00:00,0.0
2019-12-27 02:00:00,0.0
2019-12-27 03:00:00,0.0
2019-12-27 04:00:00,0.0
2019-12-27 05:00:00,0.0
2019-12-27 06:00:00,0.0
2019-12-27 07:00:00,0.0
2019-12-27 08:00:00,0.0
2019-12-27 09:00:00,0.0
2019-12-27 10:00:00,0.0
2019-12-27 11:00:00,0.0
2019-12-27 12:00:00,0.0
2019-12-27 13:00:00,1.1470102222222223
2019-12-27 14:00:00,10.261200444444462
2019-12-27 15:00:00,45.636355555555454
2019-12-27 16:00:00,67.97490844444447
2019-12-27 17:00:00,76.8403942222221
2019-12-27 18:00:00,76.23554177777753
2019-12-27 19:00:00,52.80703422222212
2019-12-27 20:00:00,20.284194666666618
2019-12-27 21:00:00,23.71989822222214
2019-12-27 22:00:00,31.295957333333355
2019-12-27 23:00:00,13.497553333333315
2019-12-28 00:00:00,3.2665359999999617
2019-12-28 01:00:00,3.3174613333332896
2019-12-28 02:00:00,1.1221888888888953
2019-12-28 03:00:00,0.0
2019-12-28 04:00:00,0.0
2019-12-28 05:00:00,0.0
2019-12-28 06:00:00,0.0
2019-12-28 07:00:00,0.0
2019-12-28 08:00:00,0.0
2019-12-28 09:00:00,0.0
2019-12-28 10:00:00,0.0
2019-12-28 11:00:00,0.0
2019-12-28 12:00:00,0.0
2019-12-28 13:00:00,0.0
2019-12-28 14:00:00,0.0
2019-12-28 15:00:00,1.5919511111111133
2019-12-28 16:00:00,6.277203111111162
2019-12-28 17:00:00,4.553512888888859
2019-12-28 18:00:00,0.0
2019-12-28 19:00:00,0.019505777777777775
2019-12-28 20:00:00,0.0
2019-12-28 21:00:00,0.0
2019-12-28 22:00:00,0.0
2019-12-28 23:00:00,0.0
2019-12-29 00:00:00,0.0
2019-12-29 01:00:00,3.7374422222222137
2019-12-29 02:00:00,6.283518222222242
2019-12-29 03:00:00,3.3517986666666695
2019-12-29 04:00:00,0.0
2019-12-29 05:00:00,0.0
2019-12-29 06:00:00,0.0
2019-12-29 07:00:00,0.0
2019-12-29 08:00:00,0.0
2019-12-29 09:00:00,0.0
2019-12-29 10:00:00,0.0
2019-12-29 11:00:00,0.0
2019-12-29 12:00:00,0.0
2019-12-29 13:00:00,0.0
2019-12-29 14:00:00,0.0
2019-12-29 15:00:00,0.0
2019-12-29 16:00:00,0.0
2019-12-29 17:00:00,0.0
2019-12-29 18:00:00,0.0
2019-12-29 19:00:00,0.0
2019-12-29 20:00:00,0.0
2019-12-29 21:00:00,0.0
2019-12-29 22:00:00,0.0
2019-12-29 23:00:00,0.0
2019-12-30 00:00:00,0.0
2019-12-30 01:00:00,0.0
2019-12-30 02:00:00,0.0
2019-12-30 03:00:00,0.0
2019-12-30 04:00:00,0.0
2019-12-30 05:00:00,0.0
2019-12-30 06:00:00,0.0
2019-12-30 07:00:00,0.0
2019-12-30 08:00:00,0.0
2019-12-30 09:00:00,0.0
2019-12-30 10:00:00,0.0
2019-12-30 11:00:00,0.0
2019-12-30 12:00:00,0.0
2019-12-30 13:00:00,2.6136008888888904
2019-12-30 14:00:00,17.73877155555546
2019-12-30 15:00:00,62.15939599999992
2019-12-30 16:00:00,86.30012444444435
2019-12-30 17:00:00,89.84804977777752
2019-12-30 18:00:00,82.72621644444432
2019-12-30 19:00:00,76.17211333333293
2019-12-30 20:00:00,62.21247644444432
2019-12-30 21:00:00,51.435903999999525
2019-12-30 22:00:00,49.3544942222221
2019-12-30 23:00:00,26.598335111111037
2019-12-31 00:00:00,17.019836888888868
2019-12-31 01:00:00,8.974610666666608
2019-12-31 02:00:00,3.9265084444444667
2019-12-31 03:00:00,0.0
2019-12-31 04:00:00,4.789933777777736
2019-12-31 05:00:00,6.311049333333341
2019-12-31 06:00:00,2.4592359999999993
2019-12-31 07:00:00,0.0
2019-12-31 08:00:00,0.0
2019-12-31 09:00:00,0.0
2019-12-31 10:00:00,0.0
2019-12-31 11:00:00,0.0
2019-12-31 12:00:00,0.0
2019-12-31 13:00:00,2.389735111111116
2019-12-31 14:00:00,23.25583288888888
2019-12-31 15:00:00,51.704460888888704
2019-12-31 16:00:00,69.41458044444437
2019-12-31 17:00:00,81.8815111111112
2019-12-31 18:00:00,78.21123555555546
2019-12-31 19:00:00,50.0837942222222
2019-12-31 20:00:00,39.49867999999996
2019-12-31 21:00:00,31.473433333333308
2019-12-31 22:00:00,15.886982222222185
2019-12-31 23:00:00,13.3299746666665
2020-01-01 00:00:00,8.948021333333308
2020-01-01 01:00:00,7.232003999999952
2020-01-01 02:00:00,1.8187693333333546
2020-01-01 03:00:00,0.012572444444444452
2020-01-01 04:00:00,0.0
2020-01-01 05:00:00,0.0
2020-01-01 06:00:00,0.0
2020-01-01 07:00:00,0.0
2020-01-01 08:00:00,0.0
2020-01-01 09:00:00,0.0
2020-01-01 10:00:00,0.0
2020-01-01 11:00:00,0.0
2020-01-01 12:00:00,0.0
2020-01-01 13:00:00,0.0
2020-01-01 14:00:00,0.0
2020-01-01 15:00:00,0.0
2020-01-01 16:00:00,0.0
2020-01-01 17:00:00,0.0
2020-01-01 18:00:00,0.0
2020-01-01 19:00:00,0.0
2020-01-01 20:00:00,0.0
2020-01-01 21:00:00,0.0
2020-01-01 22:00:00,0.0
2020-01-01 23:00:00,0.0
2020-01-02 00:00:00,0.0
2020-01-02 01:00:00,0.0
2020-01-02 02:00:00,0.0
2020-01-02 03:00:00,0.0
2020-01-02 04:00:00,0.0
2020-01-02 05:00:00,0.0
2020-01-02 06:00:00,0.0
2020-01-02 07:00:00,0.0
2020-01-02 08:00:00,0.0
2020-01-02 09:00:00,0.0
2020-01-02 10:00:00,0.0
2020-01-02 11:00:00,0.0
2020-01-02 12:00:00,0.0
2020-01-02 13:00:00,6.781360444444422
2020-01-02 14:00:00,29.504973333333364
2020-01-02 15:00:00,42.76681644444457
2020-01-02 16:00:00,69.6501462222221
2020-01-02 17:00:00,77.83584755555528
2020-01-02 18:00:00,66.64181333333308
2020-01-02 19:00:00,79.48218488888857
2020-01-02 20:00:00,59.5249604444444
2020-01-02 21:00:00,35.925401777777786
2020-01-02 22:00:00,23.485574666666587
2020-01-02 23:00:00,29.77525777777749
2020-01-03 00:00:00,29.889247555555364
2020-01-03 01:00:00,25.579926666666577
2020-01-03 02:00:00,12.712936888888903
2020-01-03 03:00:00,0.0
2020-01-03 04:00:00,0.0
2020-01-03 05:00:00,0.0
2020-01-03 06:00:00,0.0
2020-01-03 07:00:00,0.0
2020-01-03 08:00:00,0.0
2020-01-03 09:00:00,0.0
2020-01-03 10:00:00,0.0
2020-01-03 11:00:00,0.0
2020-01-03 12:00:00,0.0
2020-01-03 13:00:00,0.0
2020-01-03 14:00:00,1.8811866666666595
2020-01-03 15:00:00,3.2188924444443954
2020-01-03 16:00:00,8.020289333333334
2020-01-03 17:00:00,14.788262666666597
2020-01-03 18:00:00,13.757564888888862
2020-01-03 19:00:00,17.33119555555543
2020-01-03 20:00:00,18.82987022222208
2020-01-03 21:00:00,19.43060311111112
2020-01-03 22:00:00,21.12516755555561
2020-01-03 23:00:00,11.442051111111041
2020-01-04 00:00:00,8.321675555555544
2020-01-04 01:00:00,9.73872177777765
2020-01-04 02:00:00,5.293969777777795
2020-01-04 03:00:00,0.46463733333333335
2020-01-04 04:00:00,0.0
2020-01-04 05:00:00,0.0
2020-01-04 06:00:00,0.0
2020-01-04 07:00:00,0.0
2020-01-04 08:00:00,0.0
2020-01-04 09:00:00,0.0
2020-01-04 10:00:00,0.0
2020-01-04 11:00:00,0.0
2020-01-04 12:00:00,0.0
2020-01-04 13:00:00,0.0
2020-01-04 14:00:00,0.25835333333333305
2020-01-04 15:00:00,3.2064817777777352
2020-01-04 16:00:00,2.7223213333332765
2020-01-04 17:00:00,0.0057777777777777775
2020-01-04 18:00:00,0.0
2020-01-04 19:00:00,0.0
2020-01-04 20:00:00,0.8871488888888887
2020-01-04 21:00:00,3.295170666666632
2020-01-04 22:00:00,1.340918222222252
2020-01-04 23:00:00,0.059696000000000256
2020-01-05 00:00:00,0.0
2020-01-05 01:00:00,0.0
2020-01-05 02:00:00,0.0
2020-01-05 03:00:00,0.0
2020-01-05 04:00:00,0.0
2020-01-05 05:00:00,0.0
2020-01-05 06:00:00,0.0
2020-01-05 07:00:00,0.0
2020-01-05 08:00:00,0.0
2020-01-05 09:00:00,0.0
2020-01-05 10:00:00,0.0
2020-01-05 11:00:00,0.0
2020-01-05 12:00:00,0.0
2020-01-05 13:00:00,0.0
2020-01-05 14:00:00,0.0
2020-01-05 15:00:00,0.6809804444444444
2020-01-05 16:00:00,1.0941897777777758
2020-01-05 17:00:00,0.0
2020-01-05 18:00:00,0.0
2020-01-05 19:00:00,0.0
2020-01-05 20:00:00,5.464974666666672
2020-01-05 21:00:00,6.406937333333312
2020-01-05 22:00:00,0.25039155555555537
2020-01-05 23:00:00,0.0
2020-01-06 00:00:00,4.6903942222222055
2020-01-06 01:00:00,6.440702666666571
2020-01-06 02:00:00,6.514074666666562
2020-01-06 03:00:00,5.78189155555553
2020-01-06 04:00:00,0.0
2020-01-06 05:00:00,0.0
2020-01-06 06:00:00,0.0
2020-01-06 07:00:00,0.0
2020-01-06 08:00:00,0.0
2020-01-06 09:00:00,0.0
2020-01-06 10:00:00,0.0
2020-01-06 11:00:00,0.0
2020-01-06 12:00:00,2.731669777777776
2020-01-06 13:00:00,11.981545333333328
2020-01-06 14:00:00,45.69454933333331
2020-01-06 15:00:00,88.66500933333323
2020-01-06 16:00:00,82.3373315555554
2020-01-06 17:00:00,86.19571422222207
2020-01-06 18:00:00,65.54906222222222
2020-01-06 19:00:00,51.30745822222211
2020-01-06 20:00:00,56.537826222222066
2020-01-06 21:00:00,51.42456222222203
2020-01-06 22:00:00,45.532078222222125
2020-01-06 23:00:00,37.81756044444429
2020-01-07 00:00:00,38.88155555555549
2020-01-07 01:00:00,22.103247111111134
2020-01-07 02:00:00,8.798463555555609
2020-01-07 03:00:00,1.2308400000000006
2020-01-07 04:00:00,0.0
2020-01-07 05:00:00,2.257689777777782
2020-01-07 06:00:00,1.674758222222244
2020-01-07 07:00:00,0.10407511111110936
2020-01-07 08:00:00,0.10402888888888712
2020-01-07 09:00:00,0.014773777777777787
2020-01-07 10:00:00,0.0
2020-01-07 11:00:00,0.0
2020-01-07 12:00:00,1.195352888888889
2020-01-07 13:00:00,13.04699066666673
2020-01-07 14:00:00,49.0244097777777
2020-01-07 15:00:00,83.04910755555542
2020-01-07 16:00:00,83.69581999999998
2020-01-07 17:00:00,75.14712400000002
2020-01-07 18:00:00,64.50599999999986
2020-01-07 19:00:00,51.63253333333321
2020-01-07 20:00:00,40.64293422222209
2020-01-07 21:00:00,33.734942222222244
2020-01-07 22:00:00,33.30391999999981
2020-01-07 23:00:00,36.16356177777774
2020-01-08 00:00:00,48.32658711111107
2020-01-08 01:00:00,35.72861644444441
2020-01-08 02:00:00,20.352782666666663
2020-01-08 03:00:00,6.991891111111091
2020-01-08 04:00:00,5.8466893333333045
2020-01-08 05:00:00,6.394763555555485
2020-01-08 06:00:00,0.5662742222222293
2020-01-08 07:00:00,0.07418666666666666
2020-01-08 08:00:00,0.0
2020-01-08 09:00:00,0.0
2020-01-08 10:00:00,0.0
2020-01-08 11:00:00,0.0
2020-01-08 12:00:00,1.6538773333333283
2020-01-08 13:00:00,7.459359555555541
2020-01-08 14:00:00,37.68320977777775
2020-01-08 15:00:00,86.77145822222207
2020-01-08 16:00:00,93.23218666666655
2020-01-08 17:00:00,94.11474800000003
2020-01-08 18:00:00,83.79237822222207
2020-01-08 19:00:00,59.70152355555551
2020-01-08 20:00:00,50.532964444444296
2020-01-08 21:00:00,48.995717333333076
2020-01-08 22:00:00,35.10387111111098
2020-01-08 23:00:00,39.20302533333336
2020-01-09 00:00:00,35.07430044444435
2020-01-09 01:00:00,17.763211555555582
2020-01-09 02:00:00,10.71273955555549
2020-01-09 03:00:00,4.723986222222198
2020-01-09 04:00:00,0.0
2020-01-09 05:00:00,0.06874400000000001
2020-01-09 06:00:00,3.310793777777728
2020-01-09 07:00:00,2.0643191111111245
2020-01-09 08:00:00,0.0
2020-01-09 09:00:00,0.0
2020-01-09 10:00:00,0.0
2020-01-09 11:00:00,3.572816000000077
2020-01-09 12:00:00,4.862479555555556
2020-01-09 13:00:00,11.292504888888867
2020-01-09 14:00:00,38.41149866666667
2020-01-09 15:00:00,81.85674755555547
2020-01-09 16:00:00,74.34442311111108
2020-01-09 17:00:00,71.83373599999966
2020-01-09 18:00:00,70.0112919999998
2020-01-09 19:00:00,66.96367022222208
2020-01-09 20:00:00,68.59341377777754
2020-01-09 21:00:00,44.395883999999796
2020-01-09 22:00:00,27.522421333333224
2020-01-09 23:00:00,26.920839111111068
2020-01-10 00:00:00,31.829113333333275
2020-01-10 01:00:00,24.056991111111273
2020-01-10 02:00:00,10.994157777777772
2020-01-10 03:00:00,0.9458395555555567
2020-01-10 04:00:00,0.4322644444444449
2020-01-10 05:00:00,3.3032133333332916
2020-01-10 06:00:00,1.772680000000034
2020-01-10 07:00:00,0.06449733333333374
2020-01-10 08:00:00,0.0
2020-01-10 09:00:00,0.0
2020-01-10 10:00:00,0.0
2020-01-10 11:00:00,0.0
2020-01-10 12:00:00,0.6341284444444449
2020-01-10 13:00:00,10.63252666666666
2020-01-10 14:00:00,39.672839555555676
2020-01-10 15:00:00,82.97242488888875
2020-01-10 16:00:00,85.10453466666654
2020-01-10 17:00:00,73.80482488888859
2020-01-10 18:00:00,65.27337555555512
2020-01-10 19:00:00,60.13381111111102
2020-01-10 20:00:00,42.34354799999988
2020-01-10 21:00:00,16.656697777777705
2020-01-10 22:00:00,16.437523555555458
2020-01-10 23:00:00,27.57620088888891
2020-01-11 00:00:00,32.23507733333311
2020-01-11 01:00:00,18.804453777777656
2020-01-11 02:00:00,11.238037777777802
2020-01-11 03:00:00,3.3885742222222204
2020-01-11 04:00:00,0.4571146666666664
2020-01-11 05:00:00,3.272781777777753
2020-01-11 06:00:00,1.857243555555564
2020-01-11 07:00:00,0.05094844444444462
2020-01-11 08:00:00,0.0
2020-01-11 09:00:00,0.0
2020-01-11 10:00:00,0.0
2020-01-11 11:00:00,0.0
2020-01-11 12:00:00,0.0
2020-01-11 13:00:00,0.0
2020-01-11 14:00:00,0.6289977777777787
2020-01-11 15:00:00,2.0171551111111232
2020-01-11 16:00:00,3.692415999999976
2020-01-11 17:00:00,8.82342355555555
2020-01-11 18:00:00,6.213647555555617
2020-01-11 19:00:00,6.414321333333302
2020-01-11 20:00:00,8.09349377777774
2020-01-11 21:00:00,10.877065333333322
2020-01-11 22:00:00,6.752321333333303
2020-01-11 23:00:00,3.199964444444406
2020-01-12 00:00:00,5.876831999999991
2020-01-12 01:00:00,6.3970284444443815
2020-01-12 02:00:00,6.480985333333287
2020-01-12 03:00:00,3.887462222222263
2020-01-12 04:00:00,0.0
2020-01-12 05:00:00,0.0
2020-01-12 06:00:00,0.0
2020-01-12 07:00:00,0.0
2020-01-12 08:00:00,0.0
2020-01-12 09:00:00,0.0
2020-01-12 10:00:00,0.0
2020-01-12 11:00:00,0.0
2020-01-12 12:00:00,0.0
2020-01-12 13:00:00,0.0
2020-01-12 14:00:00,0.0
2020-01-12 15:00:00,3.3006884444444595
2020-01-12 16:00:00,5.920610222222139
2020-01-12 17:00:00,5.9201826666666
2020-01-12 18:00:00,3.9521386666666802
2020-01-12 19:00:00,0.0
2020-01-12 20:00:00,2.215962666666662
2020-01-12 21:00:00,6.203981333333406
2020-01-12 22:00:00,10.445026222222088
2020-01-12 23:00:00,12.727075111111006
2020-01-13 00:00:00,2.30584755555556
2020-01-13 01:00:00,0.0
2020-01-13 02:00:00,0.0
2020-01-13 03:00:00,0.0
2020-01-13 04:00:00,0.0
2020-01-13 05:00:00,0.0
2020-01-13 06:00:00,0.0
2020-01-13 07:00:00,0.0
2020-01-13 08:00:00,0.0
2020-01-13 09:00:00,0.0
2020-01-13 10:00:00,0.0
2020-01-13 11:00:00,0.0
2020-01-13 12:00:00,0.07267866666666668
2020-01-13 13:00:00,5.35386799999997
2020-01-13 14:00:00,23.487741333333386
2020-01-13 15:00:00,78.67970355555585
2020-01-13 16:00:00,83.01561955555542
2020-01-13 17:00:00,78.81496711111119
2020-01-13 18:00:00,72.06742977777769
2020-01-13 19:00:00,52.295943555555176
2020-01-13 20:00:00,45.484486666666434
2020-01-13 21:00:00,36.66777111111092
2020-01-13 22:00:00,38.082812444444194
2020-01-13 23:00:00,27.430982222222124
2020-01-14 00:00:00,46.253740000000064
2020-01-14 01:00:00,32.83418666666663
2020-01-14 02:00:00,19.687540888888908
2020-01-14 03:00:00,9.725871999999931
2020-01-14 04:00:00,6.276989333333314
2020-01-14 05:00:00,0.0
2020-01-14 06:00:00,0.5406324444444446
2020-01-14 07:00:00,3.2107342222222015
2020-01-14 08:00:00,0.8082302222222257
2020-01-14 09:00:00,0.0
2020-01-14 10:00:00,0.0
2020-01-14 11:00:00,0.0
2020-01-14 12:00:00,0.17248977777777783
2020-01-14 13:00:00,16.54779822222212
2020-01-14 14:00:00,25.79804355555557
2020-01-14 15:00:00,77.43112577777778
2020-01-14 16:00:00,85.56673955555547
2020-01-14 17:00:00,65.29614577777751
2020-01-14 18:00:00,45.92999955555543
2020-01-14 19:00:00,39.899605777777616
2020-01-14 20:00:00,30.85871822222221
2020-01-14 21:00:00,20.415095999999977
2020-01-14 22:00:00,15.535415999999964
2020-01-14 23:00:00,26.549270222222138
2020-01-15 00:00:00,26.43355288888879
2020-01-15 01:00:00,23.48388177777777
2020-01-15 02:00:00,11.856612444444444
2020-01-15 03:00:00,1.4216164444444714
2020-01-15 04:00:00,0.0
2020-01-15 05:00:00,1.2810835555555593
2020-01-15 06:00:00,0.0
2020-01-15 07:00:00,1.1230497777777761
2020-01-15 08:00:00,0.10941377777777557
2020-01-15 09:00:00,0.0
2020-01-15 10:00:00,0.0
2020-01-15 11:00:00,0.0
2020-01-15 12:00:00,0.0
2020-01-15 13:00:00,8.481881777777737
2020-01-15 14:00:00,28.356478222222268
2020-01-15 15:00:00,84.70411733333337
2020-01-15 16:00:00,89.11759999999995
2020-01-15 17:00:00,88.9774253333335
2020-01-15 18:00:00,83.83483911111105
2020-01-15 19:00:00,79.55381199999958
2020-01-15 20:00:00,79.17597999999958
2020-01-15 21:00:00,68.15737066666631
2020-01-15 22:00:00,44.216039111111016
2020-01-15 23:00:00,44.299054222222146
2020-01-16 00:00:00,59.273159111110836
2020-01-16 01:00:00,41.21593955555558
2020-01-16 02:00:00,9.020798222222224
2020-01-16 03:00:00,2.639000000000016
2020-01-16 04:00:00,1.564830222222229
2020-01-16 05:00:00,1.573629777777792
2020-01-16 06:00:00,3.0494879999999966
2020-01-16 07:00:00,2.421258666666654
2020-01-16 08:00:00,0.0
2020-01-16 09:00:00,0.0
2020-01-16 10:00:00,0.0
2020-01-16 11:00:00,0.0
2020-01-16 12:00:00,0.0
2020-01-16 13:00:00,2.5299791111111114
2020-01-16 14:00:00,16.99517155555554
2020-01-16 15:00:00,41.8819728888888
2020-01-16 16:00:00,73.21754266666666
2020-01-16 17:00:00,82.31982488888902
2020-01-16 18:00:00,79.1998999999999
2020-01-16 19:00:00,75.36796222222185
2020-01-16 20:00:00,73.98698666666655
2020-01-16 21:00:00,58.94638533333321
2020-01-16 22:00:00,34.60535866666655
2020-01-16 23:00:00,29.712672888888793
2020-01-17 00:00:00,31.67179599999991
2020-01-17 01:00:00,37.52438444444431
2020-01-17 02:00:00,29.90585288888878
2020-01-17 03:00:00,9.164087111111078
2020-01-17 04:00:00,5.8402875555555935
2020-01-17 05:00:00,0.14126088888888905
2020-01-17 06:00:00,0.0
2020-01-17 07:00:00,0.0
2020-01-17 08:00:00,0.0
2020-01-17 09:00:00,0.0
2020-01-17 10:00:00,0.0
2020-01-17 11:00:00,0.0
2020-01-17 12:00:00,0.2945337777777775
2020-01-17 13:00:00,3.859191555555508
2020-01-17 14:00:00,8.849724000000002
2020-01-17 15:00:00,10.537355111111046
2020-01-17 16:00:00,23.533634222222243
2020-01-17 17:00:00,33.96774622222207
2020-01-17 18:00:00,31.284187999999954
2020-01-17 19:00:00,13.242452888888918
2020-01-17 20:00:00,6.431591111111114
2020-01-17 21:00:00,18.70642800000005
2020-01-17 22:00:00,27.859283111111022
2020-01-17 23:00:00,29.972343555555458
2020-01-18 00:00:00,30.005363555555487
2020-01-18 01:00:00,11.630787999999951
2020-01-18 02:00:00,3.458104000000012
2020-01-18 03:00:00,3.2777506666666385
2020-01-18 04:00:00,1.0112324444444385
2020-01-18 05:00:00,0.044795111111111216
2020-01-18 06:00:00,0.0
2020-01-18 07:00:00,0.0
2020-01-18 08:00:00,0.0
2020-01-18 09:00:00,0.0
2020-01-18 10:00:00,0.0
2020-01-18 11:00:00,0.0
2020-01-18 12:00:00,0.0
2020-01-18 13:00:00,0.0
2020-01-18 14:00:00,0.0
2020-01-18 15:00:00,0.0
2020-01-18 16:00:00,0.0
2020-01-18 17:00:00,0.0
2020-01-18 18:00:00,3.747622666666646
2020-01-18 19:00:00,0.4757422222222222
2020-01-18 20:00:00,0.0
2020-01-18 21:00:00,0.0
2020-01-18 22:00:00,0.0
2020-01-18 23:00:00,0.0
2020-01-19 00:00:00,0.0
2020-01-19 01:00:00,6.080481333333258
2020-01-19 02:00:00,5.79303111111105
2020-01-19 03:00:00,3.2508493333332913
2020-01-19 04:00:00,1.9277497777778072
2020-01-19 05:00:00,0.059025777777778045
2020-01-19 06:00:00,0.0
2020-01-19 07:00:00,0.0
2020-01-19 08:00:00,0.0
2020-01-19 09:00:00,0.0
2020-01-19 10:00:00,0.0
2020-01-19 11:00:00,0.0
2020-01-19 12:00:00,0.0
2020-01-19 13:00:00,0.0
2020-01-19 14:00:00,0.0
2020-01-19 15:00:00,0.0
2020-01-19 16:00:00,0.0
2020-01-19 17:00:00,0.0
2020-01-19 18:00:00,0.0
2020-01-19 19:00:00,0.0
2020-01-19 20:00:00,0.0
2020-01-19 21:00:00,0.0
2020-01-19 22:00:00,0.0
2020-01-19 23:00:00,0.0
2020-01-20 00:00:00,0.0
2020-01-20 01:00:00,0.0
2020-01-20 02:00:00,0.0
2020-01-20 03:00:00,0.0
2020-01-20 04:00:00,0.43463333333333337
2020-01-20 05:00:00,6.55138755555546
2020-01-20 06:00:00,6.622275111111024
2020-01-20 07:00:00,6.518269333333264
2020-01-20 08:00:00,1.5234035555555585
2020-01-20 09:00:00,0.0
2020-01-20 10:00:00,0.0
2020-01-20 11:00:00,0.0
2020-01-20 12:00:00,0.0
2020-01-20 13:00:00,0.0
2020-01-20 14:00:00,0.742889333333333
2020-01-20 15:00:00,2.4320631111111037
2020-01-20 16:00:00,1.2856826666666668
2020-01-20 17:00:00,0.0
2020-01-20 18:00:00,1.7457266666666773
2020-01-20 19:00:00,4.594511999999976
2020-01-20 20:00:00,3.09412133333337
2020-01-20 21:00:00,1.5365884444444504
2020-01-20 22:00:00,3.7605186666667003
2020-01-20 23:00:00,6.26652000000007
2020-01-21 00:00:00,6.256189333333404
2020-01-21 01:00:00,6.26501200000007
2020-01-21 02:00:00,3.6026755555555896
2020-01-21 03:00:00,0.0
2020-01-21 04:00:00,0.0
2020-01-21 05:00:00,0.0
2020-01-21 06:00:00,0.0
2020-01-21 07:00:00,0.0
2020-01-21 08:00:00,0.0
2020-01-21 09:00:00,0.0
2020-01-21 10:00:00,0.0
2020-01-21 11:00:00,0.0
2020-01-21 12:00:00,0.0
2020-01-21 13:00:00,12.287981333333324
2020-01-21 14:00:00,35.216780444444446
2020-01-21 15:00:00,88.54651288888887
2020-01-21 16:00:00,97.11034666666653
2020-01-21 17:00:00,90.98805155555564
2020-01-21 18:00:00,87.55862844444442
2020-01-21 19:00:00,86.90029111111073
2020-01-21 20:00:00,70.62207244444421
2020-01-21 21:00:00,49.802427999999765
2020-01-21 22:00:00,42.310227555555315
2020-01-21 23:00:00,28.09535733333329
2020-01-22 00:00:00,26.85477022222224
2020-01-22 01:00:00,25.4863728888889
2020-01-22 02:00:00,10.40746488888893
2020-01-22 03:00:00,4.371466666666657
2020-01-22 04:00:00,0.810870666666666
2020-01-22 05:00:00,3.285608444444415
2020-01-22 06:00:00,1.3111799999999991
2020-01-22 07:00:00,0.0
2020-01-22 08:00:00,0.0
2020-01-22 09:00:00,0.0
2020-01-22 10:00:00,0.0
2020-01-22 11:00:00,0.0
2020-01-22 12:00:00,0.2513391111111113
2020-01-22 13:00:00,12.025710666666663
2020-01-22 14:00:00,34.32492844444449
2020-01-22 15:00:00,86.22823155555547
2020-01-22 16:00:00,86.67710711111094
2020-01-22 17:00:00,77.27785866666682
2020-01-22 18:00:00,80.75699377777764
2020-01-22 19:00:00,76.6050017777774
2020-01-22 20:00:00,75.47419822222203
2020-01-22 21:00:00,58.228484888888666
2020-01-22 22:00:00,45.908823999999825
2020-01-22 23:00:00,43.030456444444376
2020-01-23 00:00:00,34.50355999999995
2020-01-23 01:00:00,38.335786666666515
2020-01-23 02:00:00,20.630919111111
2020-01-23 03:00:00,14.310995111111062
2020-01-23 04:00:00,6.929976444444389
2020-01-23 05:00:00,13.047614666666519
2020-01-23 06:00:00,13.468675999999876
2020-01-23 07:00:00,9.832731999999904
2020-01-23 08:00:00,6.467471111111104
2020-01-23 09:00:00,0.0
2020-01-23 10:00:00,0.0
2020-01-23 11:00:00,0.0
2020-01-23 12:00:00,1.6826795555555571
2020-01-23 13:00:00,11.397371555555559
2020-01-23 14:00:00,37.28846044444446
2020-01-23 15:00:00,86.94182177777762
2020-01-23 16:00:00,88.06889288888861
2020-01-23 17:00:00,80.29233333333329
2020-01-23 18:00:00,76.46341155555544
2020-01-23 19:00:00,86.54310311111054
2020-01-23 20:00:00,79.08076222222174
2020-01-23 21:00:00,67.0530351111108
2020-01-23 22:00:00,56.23352799999973
2020-01-23 23:00:00,39.34194044444432
2020-01-24 00:00:00,39.14395333333333
2020-01-24 01:00:00,21.328054222222192
2020-01-24 02:00:00,4.297909777777768
2020-01-24 03:00:00,0.0
2020-01-24 04:00:00,0.015085777777777776
2020-01-24 05:00:00,3.29457555555551
2020-01-24 06:00:00,2.0896373333333162
2020-01-24 07:00:00,0.009284888888888865
2020-01-24 08:00:00,0.0
2020-01-24 09:00:00,0.0
2020-01-24 10:00:00,0.0
2020-01-24 11:00:00,0.0
2020-01-24 12:00:00,0.09941244444444447
2020-01-24 13:00:00,4.340023999999976
2020-01-24 14:00:00,34.48931777777774
2020-01-24 15:00:00,74.99141866666666
2020-01-24 16:00:00,81.71417511111066
2020-01-24 17:00:00,85.88404933333311
2020-01-24 18:00:00,81.68674799999997
2020-01-24 19:00:00,65.00483600000003
2020-01-24 20:00:00,64.46345244444457
2020-01-24 21:00:00,73.14215422222213
2020-01-24 22:00:00,68.26798622222199
2020-01-24 23:00:00,53.63968711111093
2020-01-25 00:00:00,46.60906177777761
2020-01-25 01:00:00,21.73393155555551
2020-01-25 02:00:00,8.462803555555496
2020-01-25 03:00:00,6.492454222222152
2020-01-25 04:00:00,1.3382142222222226
2020-01-25 05:00:00,0.0
2020-01-25 06:00:00,0.0
2020-01-25 07:00:00,0.0
2020-01-25 08:00:00,0.0
2020-01-25 09:00:00,0.0
2020-01-25 10:00:00,0.0
2020-01-25 11:00:00,0.0
2020-01-25 12:00:00,0.0
2020-01-25 13:00:00,0.0
2020-01-25 14:00:00,6.1679626666666305
2020-01-25 15:00:00,12.345972888888918
2020-01-25 16:00:00,11.128294666666676
2020-01-25 17:00:00,12.264812444444438
2020-01-25 18:00:00,10.324368888888891
2020-01-25 19:00:00,1.6608164444444289
2020-01-25 20:00:00,5.823104444444428
2020-01-25 21:00:00,6.586169777777691
2020-01-25 22:00:00,0.3530973333333333
2020-01-25 23:00:00,3.610799111111139
2020-01-26 00:00:00,9.549736444444461
2020-01-26 01:00:00,8.367499111111144
2020-01-26 02:00:00,0.07670577777777779
2020-01-26 03:00:00,0.0
2020-01-26 04:00:00,0.0
2020-01-26 05:00:00,0.0
2020-01-26 06:00:00,0.0
2020-01-26 07:00:00,0.0
2020-01-26 08:00:00,0.0
2020-01-26 09:00:00,0.0
2020-01-26 10:00:00,0.0
2020-01-26 11:00:00,0.0
2020-01-26 12:00:00,0.0
2020-01-26 13:00:00,0.0
2020-01-26 14:00:00,0.0
2020-01-26 15:00:00,0.0
2020-01-26 16:00:00,0.0
2020-01-26 17:00:00,0.0
2020-01-26 18:00:00,0.0
2020-01-26 19:00:00,0.0
2020-01-26 20:00:00,0.0
2020-01-26 21:00:00,0.0
2020-01-26 22:00:00,0.0
2020-01-26 23:00:00,0.0
2020-01-27 00:00:00,5.116927111111101
2020-01-27 01:00:00,0.0
2020-01-27 02:00:00,0.0
2020-01-27 03:00:00,0.0
2020-01-27 04:00:00,0.0
2020-01-27 05:00:00,0.0
2020-01-27 06:00:00,0.0
2020-01-27 07:00:00,0.0
2020-01-27 08:00:00,0.0
2020-01-27 09:00:00,0.0
2020-01-27 10:00:00,0.0
2020-01-27 11:00:00,0.0
2020-01-27 12:00:00,1.5673608888888944
2020-01-27 13:00:00,11.680211111111113
2020-01-27 14:00:00,43.61675066666668
2020-01-27 15:00:00,79.7207724444443
2020-01-27 16:00:00,66.85590888888903
2020-01-27 17:00:00,60.7869022222224
2020-01-27 18:00:00,50.58329466666661
2020-01-27 19:00:00,49.47791333333315
2020-01-27 20:00:00,43.55615911111097
2020-01-27 21:00:00,34.95623733333313
2020-01-27 22:00:00,14.903119111111007
2020-01-27 23:00:00,14.972712444444497
2020-01-28 00:00:00,29.431965333333356
2020-01-28 01:00:00,29.5468564444444
2020-01-28 02:00:00,19.946113777777764
2020-01-28 03:00:00,8.977516888888891
2020-01-28 04:00:00,6.447422222222135
2020-01-28 05:00:00,8.860499555555522
2020-01-28 06:00:00,8.921645777777691
2020-01-28 07:00:00,6.51137644444435
2020-01-28 08:00:00,6.540843111111038
2020-01-28 09:00:00,0.25153555555555573
2020-01-28 10:00:00,0.0
2020-01-28 11:00:00,0.0
2020-01-28 12:00:00,2.001162222222238
2020-01-28 13:00:00,10.724052444444473
2020-01-28 14:00:00,37.92975333333328
2020-01-28 15:00:00,78.50192133333341
2020-01-28 16:00:00,85.74082400000005
2020-01-28 17:00:00,74.95238399999988
2020-01-28 18:00:00,77.50573999999966
2020-01-28 19:00:00,71.48849644444414
2020-01-28 20:00:00,69.02117733333314
2020-01-28 21:00:00,58.64277466666633
2020-01-28 22:00:00,48.657815555555416
2020-01-28 23:00:00,21.20933822222216
2020-01-29 00:00:00,23.707886222222186
2020-01-29 01:00:00,19.90709644444446
2020-01-29 02:00:00,11.53301066666663
2020-01-29 03:00:00,13.835784444444375
2020-01-29 04:00:00,12.425168888888832
2020-01-29 05:00:00,5.160116000000016
2020-01-29 06:00:00,0.0
2020-01-29 07:00:00,0.0
2020-01-29 08:00:00,0.0
2020-01-29 09:00:00,0.0
2020-01-29 10:00:00,0.0
2020-01-29 11:00:00,0.0
2020-01-29 12:00:00,1.8232471111111135
2020-01-29 13:00:00,5.248533333333356
2020-01-29 14:00:00,32.83233777777767
2020-01-29 15:00:00,71.74205422222225
2020-01-29 16:00:00,83.58703600000003
2020-01-29 17:00:00,80.79684311111106
2020-01-29 18:00:00,71.60694666666677
2020-01-29 19:00:00,65.47671288888878
2020-01-29 20:00:00,52.30760311111106
2020-01-29 21:00:00,43.278490666666734
2020-01-29 22:00:00,25.48715866666669
2020-01-29 23:00:00,29.843429777777793
2020-01-30 00:00:00,32.22310577777771
2020-01-30 01:00:00,25.88092577777767
2020-01-30 02:00:00,12.064023111111052
2020-01-30 03:00:00,7.033121333333308
2020-01-30 04:00:00,3.2265884444444657
2020-01-30 05:00:00,7.125565777777849
2020-01-30 06:00:00,6.306132444444412
2020-01-30 07:00:00,1.5038688888889098
2020-01-30 08:00:00,0.0
2020-01-30 09:00:00,0.0
2020-01-30 10:00:00,0.0
2020-01-30 11:00:00,0.0
2020-01-30 12:00:00,2.0613840000000128
2020-01-30 13:00:00,9.440299555555594
2020-01-30 14:00:00,44.342959555555524
2020-01-30 15:00:00,87.52915599999984
2020-01-30 16:00:00,87.23562755555535
2020-01-30 17:00:00,79.21849866666655
2020-01-30 18:00:00,69.1136911111109
2020-01-30 19:00:00,51.002738222222064
2020-01-30 20:00:00,47.564457777777626
2020-01-30 21:00:00,44.72539644444438
2020-01-30 22:00:00,18.700141777777674
2020-01-30 23:00:00,25.229406222222156
2020-01-31 00:00:00,32.47256711111102
2020-01-31 01:00:00,21.951002666666632
2020-01-31 02:00:00,8.54870755555553
2020-01-31 03:00:00,8.79778755555554
2020-01-31 04:00:00,9.842380888888872
2020-01-31 05:00:00,11.736810222222118
2020-01-31 06:00:00,13.17288266666652
2020-01-31 07:00:00,7.943843555555486
2020-01-31 08:00:00,5.847047555555571
2020-01-31 09:00:00,1.4011920000000422
2020-01-31 10:00:00,0.004766666666666663
2020-01-31 11:00:00,0.0
2020-01-31 12:00:00,0.0
2020-01-31 13:00:00,1.185108888888895
2020-01-31 14:00:00,7.116194222222168
2020-01-31 15:00:00,25.098695555555448
2020-01-31 16:00:00,31.319357333333265
2020-01-31 17:00:00,44.658946222222184
2020-01-31 18:00:00,47.29354933333325
2020-01-31 19:00:00,36.420204888888826
2020-01-31 20:00:00,29.546654222222116
2020-01-31 21:00:00,24.480351999999826
2020-01-31 22:00:00,23.16337111111106
2020-01-31 23:00:00,13.585231111111133
2020-02-01 00:00:00,15.830492888888788
2020-02-01 01:00:00,5.119573333333346
2020-02-01 02:00:00,0.0
2020-02-01 03:00:00,0.0
2020-02-01 04:00:00,2.125153333333344
2020-02-01 05:00:00,5.602295111111092
2020-02-01 06:00:00,0.17449466666666805
2020-02-01 07:00:00,0.0
2020-02-01 08:00:00,0.0
2020-02-01 09:00:00,0.0
2020-02-01 10:00:00,0.0
2020-02-01 11:00:00,0.0
2020-02-01 12:00:00,0.0
2020-02-01 13:00:00,0.0
2020-02-01 14:00:00,0.40497022222222234
2020-02-01 15:00:00,6.37838933333331
2020-02-01 16:00:00,6.3918977777776815
2020-02-01 17:00:00,1.2095084444444442
2020-02-01 18:00:00,0.0
2020-02-01 19:00:00,0.0
2020-02-01 20:00:00,0.0
2020-02-01 21:00:00,0.0
2020-02-01 22:00:00,1.140689333333334
2020-02-01 23:00:00,3.275872888888868
2020-02-02 00:00:00,1.1470333333333624
2020-02-02 01:00:00,0.016333777777777787
2020-02-02 02:00:00,0.0
2020-02-02 03:00:00,0.0
2020-02-02 04:00:00,0.0
2020-02-02 05:00:00,0.0
2020-02-02 06:00:00,0.0
2020-02-02 07:00:00,0.0
2020-02-02 08:00:00,0.0
2020-02-02 09:00:00,0.0
2020-02-02 10:00:00,0.0
2020-02-02 11:00:00,0.0
2020-02-02 12:00:00,0.0
2020-02-02 13:00:00,0.0
2020-02-02 14:00:00,1.9369075555555526
2020-02-02 15:00:00,6.342520888888928
2020-02-02 16:00:00,7.103887555555557
2020-02-02 17:00:00,8.141171999999957
2020-02-02 18:00:00,8.9732817777778
2020-02-02 19:00:00,3.6579399999999715
2020-02-02 20:00:00,0.0
2020-02-02 21:00:00,0.0
2020-02-02 22:00:00,0.0
2020-02-02 23:00:00,0.0
2020-02-03 00:00:00,0.0
2020-02-03 01:00:00,0.0
2020-02-03 02:00:00,0.0
2020-02-03 03:00:00,0.0
2020-02-03 04:00:00,0.0
2020-02-03 05:00:00,0.0
2020-02-03 06:00:00,0.0
2020-02-03 07:00:00,0.0
2020-02-03 08:00:00,0.0
2020-02-03 09:00:00,0.0
2020-02-03 10:00:00,0.0
2020-02-03 11:00:00,0.0
2020-02-03 12:00:00,2.195960000000015
2020-02-03 13:00:00,9.669076444444444
2020-02-03 14:00:00,40.32290888888886
2020-02-03 15:00:00,81.33644133333324
2020-02-03 16:00:00,87.31434399999998
2020-02-03 17:00:00,91.86311333333342
2020-02-03 18:00:00,90.16979688888883
2020-02-03 19:00:00,87.20597022222195
2020-02-03 20:00:00,79.21157111111083
2020-02-03 21:00:00,55.987446666666564
2020-02-03 22:00:00,39.31027244444442
2020-02-03 23:00:00,33.536966666666714
2020-02-04 00:00:00,30.514911555555592
2020-02-04 01:00:00,24.51884933333329
2020-02-04 02:00:00,11.515902666666584
2020-02-04 03:00:00,0.002056888888888889
2020-02-04 04:00:00,0.0
2020-02-04 05:00:00,0.0
2020-02-04 06:00:00,0.0
2020-02-04 07:00:00,0.0
2020-02-04 08:00:00,0.0
2020-02-04 09:00:00,0.0
2020-02-04 10:00:00,0.0
2020-02-04 11:00:00,0.0
2020-02-04 12:00:00,1.7210960000000115
2020-02-04 13:00:00,16.28956622222221
2020-02-04 14:00:00,39.20566577777783
2020-02-04 15:00:00,80.95481911111123
2020-02-04 16:00:00,83.55977644444442
2020-02-04 17:00:00,69.8862724444441
2020-02-04 18:00:00,64.21132177777754
2020-02-04 19:00:00,52.99697288888872
2020-02-04 20:00:00,51.080917333333076
2020-02-04 21:00:00,40.327900888888664
2020-02-04 22:00:00,46.95606355555532
2020-02-04 23:00:00,48.7105088888887
2020-02-05 00:00:00,58.74731777777745
2020-02-05 01:00:00,35.592260888888745
2020-02-05 02:00:00,16.061650222222127
2020-02-05 03:00:00,1.238755555555557
2020-02-05 04:00:00,0.8588839999999996
2020-02-05 05:00:00,1.038174222222222
2020-02-05 06:00:00,3.2585568888888603
2020-02-05 07:00:00,1.1284231111111402
2020-02-05 08:00:00,0.02745599999999991
2020-02-05 09:00:00,0.0
2020-02-05 10:00:00,0.0
2020-02-05 11:00:00,0.0
2020-02-05 12:00:00,1.9282813333333453
2020-02-05 13:00:00,16.463298222222218
2020-02-05 14:00:00,42.82247955555548
2020-02-05 15:00:00,83.27748577777764
2020-02-05 16:00:00,82.21662222222207
2020-02-05 17:00:00,79.40950622222192
2020-02-05 18:00:00,74.70363911111086
2020-02-05 19:00:00,71.31128622222181
2020-02-05 20:00:00,54.097327555555374
2020-02-05 21:00:00,52.20411733333315
2020-02-05 22:00:00,48.14950977777755
2020-02-05 23:00:00,38.22384799999999
2020-02-06 00:00:00,51.65688666666662
2020-02-06 01:00:00,31.183677777777678
2020-02-06 02:00:00,13.00811200000004
2020-02-06 03:00:00,5.365371555555591
2020-02-06 04:00:00,1.4260595555555602
2020-02-06 05:00:00,1.0279995555555645
2020-02-06 06:00:00,1.665265333333349
2020-02-06 07:00:00,3.2650279999999796
2020-02-06 08:00:00,0.4851715555555555
2020-02-06 09:00:00,0.0
2020-02-06 10:00:00,0.0
2020-02-06 11:00:00,0.0
2020-02-06 12:00:00,1.6434484444444535
2020-02-06 13:00:00,11.339287555555584
2020-02-06 14:00:00,43.129666666666715
2020-02-06 15:00:00,84.75497333333357
2020-02-06 16:00:00,77.58854133333321
2020-02-06 17:00:00,72.93369199999975
2020-02-06 18:00:00,72.9485351111106
2020-02-06 19:00:00,68.49385688888854
2020-02-06 20:00:00,54.79697599999947
2020-02-06 21:00:00,47.83039733333311
2020-02-06 22:00:00,47.77281022222202
2020-02-06 23:00:00,49.65295688888873
2020-02-07 00:00:00,52.6452679999999
2020-02-07 01:00:00,39.04319466666643
2020-02-07 02:00:00,25.23597555555539
2020-02-07 03:00:00,8.1677902222222
2020-02-07 04:00:00,0.042212444444444525
2020-02-07 05:00:00,0.0
2020-02-07 06:00:00,0.0
2020-02-07 07:00:00,0.0
2020-02-07 08:00:00,0.0
2020-02-07 09:00:00,0.0
2020-02-07 10:00:00,0.0
2020-02-07 11:00:00,0.0
2020-02-07 12:00:00,1.966790222222236
2020-02-07 13:00:00,7.064234666666685
2020-02-07 14:00:00,23.697278222222153
2020-02-07 15:00:00,77.6875666666668
2020-02-07 16:00:00,87.6697235555555
2020-02-07 17:00:00,78.529048
2020-02-07 18:00:00,74.06878266666642
2020-02-07 19:00:00,74.30919599999983
2020-02-07 20:00:00,59.95649111111099
2020-02-07 21:00:00,38.218064444444494
2020-02-07 22:00:00,18.701788444444418
2020-02-07 23:00:00,18.893506666666624
2020-02-08 00:00:00,23.124278666666584
2020-02-08 01:00:00,19.47508044444432
2020-02-08 02:00:00,18.810953777777733
2020-02-08 03:00:00,11.574749333333262
2020-02-08 04:00:00,6.525849777777701
2020-02-08 05:00:00,6.57107244444433
2020-02-08 06:00:00,6.36387555555549
2020-02-08 07:00:00,0.21784533333333284
2020-02-08 08:00:00,0.0
2020-02-08 09:00:00,0.0
2020-02-08 10:00:00,0.0
2020-02-08 11:00:00,0.0
2020-02-08 12:00:00,0.0
2020-02-08 13:00:00,0.0
2020-02-08 14:00:00,0.0
2020-02-08 15:00:00,0.0
2020-02-08 16:00:00,0.0
2020-02-08 17:00:00,0.0
2020-02-08 18:00:00,0.0
2020-02-08 19:00:00,0.0
2020-02-08 20:00:00,0.0
2020-02-08 21:00:00,0.0
2020-02-08 22:00:00,0.0
2020-02-08 23:00:00,0.0
2020-02-09 00:00:00,0.0
2020-02-09 01:00:00,0.0
2020-02-09 02:00:00,0.0
2020-02-09 03:00:00,0.0
2020-02-09 04:00:00,0.0
2020-02-09 05:00:00,0.0
2020-02-09 06:00:00,0.0
2020-02-09 07:00:00,0.0
2020-02-09 08:00:00,0.0
2020-02-09 09:00:00,0.0
2020-02-09 10:00:00,0.0
2020-02-09 11:00:00,0.0
2020-02-09 12:00:00,0.0
2020-02-09 13:00:00,0.0
2020-02-09 14:00:00,0.0
2020-02-09 15:00:00,0.0
2020-02-09 16:00:00,4.584002222222189
2020-02-09 17:00:00,0.0
2020-02-09 18:00:00,0.0
2020-02-09 19:00:00,0.9554306666666684
2020-02-09 20:00:00,1.4955951111111074
2020-02-09 21:00:00,3.978537333333367
2020-02-09 22:00:00,6.506164888888869
2020-02-09 23:00:00,6.421248888888834
2020-02-10 00:00:00,6.502883111111088
2020-02-10 01:00:00,5.454031555555575
2020-02-10 02:00:00,0.0
2020-02-10 03:00:00,0.0
2020-02-10 04:00:00,0.0
2020-02-10 05:00:00,0.0
2020-02-10 06:00:00,0.0
2020-02-10 07:00:00,0.0
2020-02-10 08:00:00,0.0
2020-02-10 09:00:00,0.0
2020-02-10 10:00:00,0.0
2020-02-10 11:00:00,0.0
2020-02-10 12:00:00,1.4537813333333334
2020-02-10 13:00:00,11.141843555555482
2020-02-10 14:00:00,48.13091688888896
2020-02-10 15:00:00,81.35729333333339
2020-02-10 16:00:00,82.3170168888889
2020-02-10 17:00:00,80.12470266666666
2020-02-10 18:00:00,81.60282577777745
2020-02-10 19:00:00,82.92276488888852
2020-02-10 20:00:00,73.74644044444416
2020-02-10 21:00:00,56.996928444444286
2020-02-10 22:00:00,51.758904888888665
2020-02-10 23:00:00,47.900868888888716
2020-02-11 00:00:00,44.776385333333344
2020-02-11 01:00:00,28.787858666666658
2020-02-11 02:00:00,17.390735555555487
2020-02-11 03:00:00,16.01105999999992
2020-02-11 04:00:00,12.330684888888786
2020-02-11 05:00:00,1.3096835555555542
2020-02-11 06:00:00,0.9306440000000011
2020-02-11 07:00:00,3.155354222222209
2020-02-11 08:00:00,0.04971199999999993
2020-02-11 09:00:00,0.0
2020-02-11 10:00:00,0.0
2020-02-11 11:00:00,0.0
2020-02-11 12:00:00,1.8094093333333403
2020-02-11 13:00:00,9.33706222222222
2020-02-11 14:00:00,36.13652177777778
2020-02-11 15:00:00,78.64573022222214
2020-02-11 16:00:00,86.88837155555558
2020-02-11 17:00:00,87.73693644444432
2020-02-11 18:00:00,77.00279599999982
2020-02-11 19:00:00,65.39745333333313
2020-02-11 20:00:00,49.768310222222134
2020-02-11 21:00:00,34.56021688888882
2020-02-11 22:00:00,44.13985911111083
2020-02-11 23:00:00,53.56470311111089
2020-02-12 00:00:00,50.46441688888877
2020-02-12 01:00:00,28.730080888888757
2020-02-12 02:00:00,7.489467555555517
2020-02-12 03:00:00,0.14203511111111106
2020-02-12 04:00:00,0.0
2020-02-12 05:00:00,0.0
2020-02-12 06:00:00,0.0
2020-02-12 07:00:00,2.498028000000004
2020-02-12 08:00:00,2.727191999999991
2020-02-12 09:00:00,0.0
2020-02-12 10:00:00,0.0
2020-02-12 11:00:00,0.0
2020-02-12 12:00:00,1.8840062222222298
2020-02-12 13:00:00,12.854717777777731
2020-02-12 14:00:00,25.315581777777766
2020-02-12 15:00:00,75.93374533333339
2020-02-12 16:00:00,81.20472533333349
2020-02-12 17:00:00,80.05495333333354
2020-02-12 18:00:00,77.71532888888883
2020-02-12 19:00:00,66.69749955555541
2020-02-12 20:00:00,45.626319555555554
2020-02-12 21:00:00,48.47372977777752
2020-02-12 22:00:00,45.13294355555538
2020-02-12 23:00:00,48.01261688888872
2020-02-13 00:00:00,37.60739955555525
2020-02-13 01:00:00,15.016479111111007
2020-02-13 02:00:00,9.613049333333336
2020-02-13 03:00:00,6.003925777777738
2020-02-13 04:00:00,4.916507555555538
2020-02-13 05:00:00,6.566866222222185
2020-02-13 06:00:00,6.559649777777698
2020-02-13 07:00:00,3.9371279999999986
2020-02-13 08:00:00,1.05494711111111
2020-02-13 09:00:00,6.172804444444517
2020-02-13 10:00:00,0.0
2020-02-13 11:00:00,0.0
2020-02-13 12:00:00,1.1899853333333335
2020-02-13 13:00:00,8.589868444444459
2020-02-13 14:00:00,44.11053111111111
2020-02-13 15:00:00,88.94958799999989
2020-02-13 16:00:00,91.23331244444441
2020-02-13 17:00:00,82.65803866666654
2020-02-13 18:00:00,78.85976222222212
2020-02-13 19:00:00,74.77755422222188
2020-02-13 20:00:00,55.04399911111086
2020-02-13 21:00:00,32.1893808888888
2020-02-13 22:00:00,27.04942355555549
2020-02-13 23:00:00,26.631360888888878
2020-02-14 00:00:00,25.80857066666654
2020-02-14 01:00:00,13.43647644444437
2020-02-14 02:00:00,4.199733777777781
2020-02-14 03:00:00,0.0
2020-02-14 04:00:00,0.0
2020-02-14 05:00:00,0.515071555555555
2020-02-14 06:00:00,3.281119111111085
2020-02-14 07:00:00,1.6184479999999934
2020-02-14 08:00:00,0.0
2020-02-14 09:00:00,0.0
2020-02-14 10:00:00,0.0
2020-02-14 11:00:00,0.0
2020-02-14 12:00:00,0.1426417777777778
2020-02-14 13:00:00,4.38714177777775
2020-02-14 14:00:00,4.654675999999967
2020-02-14 15:00:00,16.68510711111114
2020-02-14 16:00:00,22.624691555555607
2020-02-14 17:00:00,18.687153333333352
2020-02-14 18:00:00,29.617235555555496
2020-02-14 19:00:00,42.00767422222219
2020-02-14 20:00:00,34.784752888888704
2020-02-14 21:00:00,27.409275111110926
2020-02-14 22:00:00,20.453893777777704
2020-02-14 23:00:00,20.988101333333262
2020-02-15 00:00:00,9.088143999999971
2020-02-15 01:00:00,0.2333355555555552
2020-02-15 02:00:00,0.24244133333333284
2020-02-15 03:00:00,0.23206444444444418
2020-02-15 04:00:00,0.0
2020-02-15 05:00:00,0.0
2020-02-15 06:00:00,0.0
2020-02-15 07:00:00,0.0
2020-02-15 08:00:00,0.0
2020-02-15 09:00:00,0.0
2020-02-15 10:00:00,0.0
2020-02-15 11:00:00,0.0
2020-02-15 12:00:00,0.0
2020-02-15 13:00:00,0.0
2020-02-15 14:00:00,0.0
2020-02-15 15:00:00,0.0
2020-02-15 16:00:00,0.0
2020-02-15 17:00:00,0.0
2020-02-15 18:00:00,0.0
2020-02-15 19:00:00,0.0
2020-02-15 20:00:00,4.14656666666668
2020-02-15 21:00:00,6.553409777777704
2020-02-15 22:00:00,6.638354666666564
2020-02-15 23:00:00,7.815322666666617
2020-02-16 00:00:00,6.163502222222224
2020-02-16 01:00:00,2.570429333333348
2020-02-16 02:00:00,0.0
2020-02-16 03:00:00,0.0
2020-02-16 04:00:00,0.0
2020-02-16 05:00:00,0.0
2020-02-16 06:00:00,0.0
2020-02-16 07:00:00,0.0
2020-02-16 08:00:00,0.0
2020-02-16 09:00:00,0.0
2020-02-16 10:00:00,0.0
2020-02-16 11:00:00,0.0
2020-02-16 12:00:00,0.0
2020-02-16 13:00:00,0.0
2020-02-16 14:00:00,0.0
2020-02-16 15:00:00,0.0
2020-02-16 16:00:00,0.0
2020-02-16 17:00:00,0.2245995555555554
2020-02-16 18:00:00,4.078718222222185
2020-02-16 19:00:00,9.432158666666586
2020-02-16 20:00:00,4.911631111111083
2020-02-16 21:00:00,6.115662222222175
2020-02-16 22:00:00,6.466020888888819
2020-02-16 23:00:00,6.533181777777731
2020-02-17 00:00:00,2.105843999999999
2020-02-17 01:00:00,0.0
2020-02-17 02:00:00,0.0
2020-02-17 03:00:00,0.0
2020-02-17 04:00:00,0.0
2020-02-17 05:00:00,0.0
2020-02-17 06:00:00,0.0
2020-02-17 07:00:00,0.0
2020-02-17 08:00:00,0.0
2020-02-17 09:00:00,0.0
2020-02-17 10:00:00,0.0
2020-02-17 11:00:00,0.0
2020-02-17 12:00:00,0.0
2020-02-17 13:00:00,0.0
2020-02-17 14:00:00,0.0
2020-02-17 15:00:00,0.0
2020-02-17 16:00:00,0.0
2020-02-17 17:00:00,6.070225777777716
2020-02-17 18:00:00,12.91771866666647
2020-02-17 19:00:00,10.340124888888798
2020-02-17 20:00:00,12.931903111111016
2020-02-17 21:00:00,7.756192888888881
2020-02-17 22:00:00,1.3325577777777784
2020-02-17 23:00:00,3.2953497777777687
2020-02-18 00:00:00,0.0
2020-02-18 01:00:00,0.0
2020-02-18 02:00:00,0.0
2020-02-18 03:00:00,0.0
2020-02-18 04:00:00,0.0
2020-02-18 05:00:00,0.0
2020-02-18 06:00:00,0.0
2020-02-18 07:00:00,0.0
2020-02-18 08:00:00,0.0
2020-02-18 09:00:00,0.0
2020-02-18 10:00:00,0.0
2020-02-18 11:00:00,0.0
2020-02-18 12:00:00,1.559607111111115
2020-02-18 13:00:00,7.557535555555558
2020-02-18 14:00:00,23.806957777777747
2020-02-18 15:00:00,70.03935466666677
2020-02-18 16:00:00,71.81034177777798
2020-02-18 17:00:00,72.80305066666662
2020-02-18 18:00:00,70.37188888888879
2020-02-18 19:00:00,57.843401777777586
2020-02-18 20:00:00,60.2994657777777
2020-02-18 21:00:00,52.7368226666666
2020-02-18 22:00:00,50.31008088888867
2020-02-18 23:00:00,57.23652133333316
2020-02-19 00:00:00,61.17472400000004
2020-02-19 01:00:00,33.28760933333334
2020-02-19 02:00:00,12.591453333333266
2020-02-19 03:00:00,4.406358666666668
2020-02-19 04:00:00,3.2946564444444033
2020-02-19 05:00:00,1.9824826666666993
2020-02-19 06:00:00,0.11468888888888719
2020-02-19 07:00:00,0.026704888888888893
2020-02-19 08:00:00,0.0
2020-02-19 09:00:00,0.0
2020-02-19 10:00:00,0.0
2020-02-19 11:00:00,0.0
2020-02-19 12:00:00,1.8968271111111203
2020-02-19 13:00:00,8.077408444444458
2020-02-19 14:00:00,29.225091999999925
2020-02-19 15:00:00,69.28334977777776
2020-02-19 16:00:00,73.94149244444436
2020-02-19 17:00:00,59.731152000000016
2020-02-19 18:00:00,55.07739466666658
2020-02-19 19:00:00,50.849055111110914
2020-02-19 20:00:00,40.502459111111
2020-02-19 21:00:00,33.30512755555546
2020-02-19 22:00:00,20.80125377777764
2020-02-19 23:00:00,28.34416577777776
2020-02-20 00:00:00,35.27808266666649
2020-02-20 01:00:00,15.14628266666664
2020-02-20 02:00:00,7.432065333333292
2020-02-20 03:00:00,5.891836888888882
2020-02-20 04:00:00,0.5762697777777785
2020-02-20 05:00:00,0.0
2020-02-20 06:00:00,0.0
2020-02-20 07:00:00,0.0
2020-02-20 08:00:00,0.0
2020-02-20 09:00:00,0.0
2020-02-20 10:00:00,0.0
2020-02-20 11:00:00,0.0
2020-02-20 12:00:00,1.8915924444444516
2020-02-20 13:00:00,10.5637942222222
2020-02-20 14:00:00,32.005479999999906
2020-02-20 15:00:00,65.54015288888884
2020-02-20 16:00:00,72.25607422222194
2020-02-20 17:00:00,65.463811111111
2020-02-20 18:00:00,60.53911066666651
2020-02-20 19:00:00,51.16880888888869
2020-02-20 20:00:00,35.49826799999991
2020-02-20 21:00:00,42.37703599999995
2020-02-20 22:00:00,23.361964888888917
2020-02-20 23:00:00,18.66881466666668
2020-02-21 00:00:00,28.323591111111128
2020-02-21 01:00:00,30.576982222222163
2020-02-21 02:00:00,9.205161333333283
2020-02-21 03:00:00,0.0
2020-02-21 04:00:00,0.0
2020-02-21 05:00:00,0.018061333333333332
2020-02-21 06:00:00,3.2716146666666135
2020-02-21 07:00:00,1.4768751111111018
2020-02-21 08:00:00,0.0
2020-02-21 09:00:00,0.0
2020-02-21 10:00:00,0.0
2020-02-21 11:00:00,0.0
2020-02-21 12:00:00,2.068149777777785
2020-02-21 13:00:00,11.026802222222242
2020-02-21 14:00:00,34.272604888888864
2020-02-21 15:00:00,67.1323871111111
2020-02-21 16:00:00,79.48791066666678
2020-02-21 17:00:00,83.7067919999999
2020-02-21 18:00:00,77.42178311111093
2020-02-21 19:00:00,68.72430355555548
2020-02-21 20:00:00,49.9810653333332
2020-02-21 21:00:00,40.74562266666651
2020-02-21 22:00:00,42.677861777777736
2020-02-21 23:00:00,44.14252844444433
2020-02-22 00:00:00,26.750342666666583
2020-02-22 01:00:00,10.980551111111023
2020-02-22 02:00:00,8.556871555555492
2020-02-22 03:00:00,0.19457822222222212
2020-02-22 04:00:00,0.34997155555555565
2020-02-22 05:00:00,3.2884684444444177
2020-02-22 06:00:00,1.7128222222222238
2020-02-22 07:00:00,0.0
2020-02-22 08:00:00,0.0
2020-02-22 09:00:00,0.0
2020-02-22 10:00:00,0.0
2020-02-22 11:00:00,0.0
2020-02-22 12:00:00,0.0
2020-02-22 13:00:00,0.0
2020-02-22 14:00:00,1.7913480000000002
2020-02-22 15:00:00,5.549139555555579
2020-02-22 16:00:00,1.7590271111111138
2020-02-22 17:00:00,0.0
2020-02-22 18:00:00,5.5987360000000495
2020-02-22 19:00:00,3.232152444444442
2020-02-22 20:00:00,0.45040666666666684
2020-02-22 21:00:00,6.426633777777699
2020-02-22 22:00:00,3.6790288888888734
2020-02-22 23:00:00,0.0
2020-02-23 00:00:00,0.6526288888888884
2020-02-23 01:00:00,3.267541333333317
2020-02-23 02:00:00,0.6473999999999988
2020-02-23 03:00:00,3.3020982222221837
2020-02-23 04:00:00,1.4591777777778154
2020-02-23 05:00:00,0.08511244444444366
2020-02-23 06:00:00,0.0
2020-02-23 07:00:00,0.0
2020-02-23 08:00:00,0.0
2020-02-23 09:00:00,0.0
2020-02-23 10:00:00,0.0
2020-02-23 11:00:00,0.0
2020-02-23 12:00:00,0.0
2020-02-23 13:00:00,0.0
2020-02-23 14:00:00,0.0
2020-02-23 15:00:00,0.0
2020-02-23 16:00:00,0.0
2020-02-23 17:00:00,1.3735453333333274
2020-02-23 18:00:00,0.3461986666666668
2020-02-23 19:00:00,3.0731248888888802
2020-02-23 20:00:00,6.620998222222132
2020-02-23 21:00:00,6.931328444444418
2020-02-23 22:00:00,3.035251555555548
2020-02-23 23:00:00,3.4418626666666627
2020-02-24 00:00:00,6.1317186666667105
2020-02-24 01:00:00,0.08810533333333335
2020-02-24 02:00:00,0.0
2020-02-24 03:00:00,0.0
2020-02-24 04:00:00,0.0
2020-02-24 05:00:00,0.0
2020-02-24 06:00:00,0.0
2020-02-24 07:00:00,0.0
2020-02-24 08:00:00,0.0
2020-02-24 09:00:00,0.0
2020-02-24 10:00:00,0.0
2020-02-24 11:00:00,0.0
2020-02-24 12:00:00,1.7700511111111201
2020-02-24 13:00:00,8.155997777777774
2020-02-24 14:00:00,35.06652933333332
2020-02-24 15:00:00,71.91616177777762
2020-02-24 16:00:00,77.43073288888881
2020-02-24 17:00:00,67.76515777777794
2020-02-24 18:00:00,53.31246844444433
2020-02-24 19:00:00,40.62489022222208
2020-02-24 20:00:00,36.852359555555346
2020-02-24 21:00:00,32.59076888888871
2020-02-24 22:00:00,28.294187999999956
2020-02-24 23:00:00,33.30677999999982
2020-02-25 00:00:00,36.4671146666665
2020-02-25 01:00:00,32.219899111111054
2020-02-25 02:00:00,10.002136444444428
2020-02-25 03:00:00,6.396658666666633
2020-02-25 04:00:00,3.2344404444444574
2020-02-25 05:00:00,9.569802666666675
2020-02-25 06:00:00,6.976204444444474
2020-02-25 07:00:00,4.155920888888898
2020-02-25 08:00:00,0.0
2020-02-25 09:00:00,0.0
2020-02-25 10:00:00,0.0
2020-02-25 11:00:00,0.0
2020-02-25 12:00:00,1.735684888888895
2020-02-25 13:00:00,9.561996888888896
2020-02-25 14:00:00,33.9492342222222
2020-02-25 15:00:00,71.91194399999985
2020-02-25 16:00:00,74.22015466666667
2020-02-25 17:00:00,69.16938311111102
2020-02-25 18:00:00,42.85939377777771
2020-02-25 19:00:00,44.987129777777476
2020-02-25 20:00:00,48.077703555555274
2020-02-25 21:00:00,35.682908444444344
2020-02-25 22:00:00,18.07097644444439
2020-02-25 23:00:00,33.438230222222096
2020-02-26 00:00:00,41.366681777777835
2020-02-26 01:00:00,16.77783466666668
2020-02-26 02:00:00,0.08081955555555559
2020-02-26 03:00:00,1.957620888888893
2020-02-26 04:00:00,5.044184888888868
2020-02-26 05:00:00,0.0
2020-02-26 06:00:00,2.987087999999973
2020-02-26 07:00:00,2.2281768888888838
2020-02-26 08:00:00,0.05769688888888913
2020-02-26 09:00:00,0.0
2020-02-26 10:00:00,0.0
2020-02-26 11:00:00,0.0
2020-02-26 12:00:00,2.766677333333349
2020-02-26 13:00:00,7.091459555555575
2020-02-26 14:00:00,38.21210177777775
2020-02-26 15:00:00,74.63019199999997
2020-02-26 16:00:00,85.25804444444425
2020-02-26 17:00:00,67.94247199999977
2020-02-26 18:00:00,63.37859955555538
2020-02-26 19:00:00,54.892817777777566
2020-02-26 20:00:00,60.82331377777763
2020-02-26 21:00:00,53.21976399999983
2020-02-26 22:00:00,37.86496711111115
2020-02-26 23:00:00,31.677290666666583
2020-02-27 00:00:00,25.668003111111076
2020-02-27 01:00:00,19.255496000000058
2020-02-27 02:00:00,11.089069333333331
2020-02-27 03:00:00,2.385430666666668
2020-02-27 04:00:00,6.277867555555499
2020-02-27 05:00:00,6.607096888888814
2020-02-27 06:00:00,5.257436888888874
2020-02-27 07:00:00,9.814456888888776
2020-02-27 08:00:00,3.8155173333333336
2020-02-27 09:00:00,0.0
2020-02-27 10:00:00,0.0
2020-02-27 11:00:00,0.0
2020-02-27 12:00:00,1.837183111111125
2020-02-27 13:00:00,10.601840888888887
2020-02-27 14:00:00,39.68485733333335
2020-02-27 15:00:00,76.97412666666662
2020-02-27 16:00:00,74.49680044444436
2020-02-27 17:00:00,65.62822355555545
2020-02-27 18:00:00,64.65617599999968
2020-02-27 19:00:00,60.03666355555531
2020-02-27 20:00:00,39.70395866666668
2020-02-27 21:00:00,33.57162755555555
2020-02-27 22:00:00,29.849028444444436
2020-02-27 23:00:00,27.21666133333342
2020-02-28 00:00:00,27.75036622222227
2020-02-28 01:00:00,21.615244444444457
2020-02-28 02:00:00,9.298056444444388
2020-02-28 03:00:00,5.058311555555591
2020-02-28 04:00:00,0.0
2020-02-28 05:00:00,0.0
2020-02-28 06:00:00,0.0
2020-02-28 07:00:00,0.0
2020-02-28 08:00:00,0.0
2020-02-28 09:00:00,0.0
2020-02-28 10:00:00,0.0
2020-02-28 11:00:00,0.0
2020-02-28 12:00:00,0.0
2020-02-28 13:00:00,0.0
2020-02-28 14:00:00,3.9082448888888868
2020-02-28 15:00:00,10.686849333333353
2020-02-28 16:00:00,14.84893511111113
2020-02-28 17:00:00,28.331275555555518
2020-02-28 18:00:00,41.03663200000006
2020-02-28 19:00:00,40.642362222222204
2020-02-28 20:00:00,22.26603022222206
2020-02-28 21:00:00,18.91580311111107
2020-02-28 22:00:00,20.212550222222223
2020-02-28 23:00:00,22.658104444444348
2020-02-29 00:00:00,8.687478222222149
2020-02-29 01:00:00,6.5721875555554545
2020-02-29 02:00:00,2.1122111111111157
2020-02-29 03:00:00,0.0
2020-02-29 04:00:00,0.0
2020-02-29 05:00:00,0.0
2020-02-29 06:00:00,0.0
2020-02-29 07:00:00,0.0
2020-02-29 08:00:00,0.0
2020-02-29 09:00:00,0.0
2020-02-29 10:00:00,0.0
2020-02-29 11:00:00,0.0
2020-02-29 12:00:00,0.0
2020-02-29 13:00:00,0.0
2020-02-29 14:00:00,0.5627439999999999
2020-02-29 15:00:00,0.0
2020-02-29 16:00:00,0.0
2020-02-29 17:00:00,4.33504933333331
2020-02-29 18:00:00,5.020565333333303
2020-02-29 19:00:00,11.908277333333354
2020-02-29 20:00:00,8.435879111111095
2020-02-29 21:00:00,6.767932888888909
2020-02-29 22:00:00,3.445415999999992
2020-02-29 23:00:00,5.712719999999944
2020-03-01 00:00:00,0.0
2020-03-01 01:00:00,0.0
2020-03-01 02:00:00,0.0
2020-03-01 03:00:00,0.0
2020-03-01 04:00:00,0.0
2020-03-01 05:00:00,0.0
2020-03-01 06:00:00,0.0
2020-03-01 07:00:00,0.0
2020-03-01 08:00:00,0.0
2020-03-01 09:00:00,0.0
2020-03-01 10:00:00,0.0
2020-03-01 11:00:00,0.0
2020-03-01 12:00:00,0.0
2020-03-01 13:00:00,0.0
2020-03-01 14:00:00,0.0
2020-03-01 15:00:00,0.0
2020-03-01 16:00:00,0.0
2020-03-01 17:00:00,0.0
2020-03-01 18:00:00,0.0
2020-03-01 19:00:00,0.0
2020-03-01 20:00:00,0.0
2020-03-01 21:00:00,0.0
2020-03-01 22:00:00,0.0
2020-03-01 23:00:00,0.0
2020-03-02 00:00:00,0.0
2020-03-02 01:00:00,0.0
2020-03-02 02:00:00,0.0
2020-03-02 03:00:00,0.0
2020-03-02 04:00:00,0.0
2020-03-02 05:00:00,0.0
2020-03-02 06:00:00,0.0
2020-03-02 07:00:00,0.0
2020-03-02 08:00:00,0.0
2020-03-02 09:00:00,0.0
2020-03-02 10:00:00,0.0
2020-03-02 11:00:00,0.0
2020-03-02 12:00:00,1.511472444444445
2020-03-02 13:00:00,8.822216000000017
2020-03-02 14:00:00,42.29908222222218
2020-03-02 15:00:00,84.44846800000006
2020-03-02 16:00:00,86.10240888888868
2020-03-02 17:00:00,76.42376444444425
2020-03-02 18:00:00,72.00856577777766
2020-03-02 19:00:00,67.40291422222197
2020-03-02 20:00:00,69.97516933333294
2020-03-02 21:00:00,44.410738666666454
2020-03-02 22:00:00,31.870690222222223
2020-03-02 23:00:00,33.30320355555541
2020-03-03 00:00:00,44.13026799999989
2020-03-03 01:00:00,27.4578315555554
2020-03-03 02:00:00,12.587622666666574
2020-03-03 03:00:00,6.622812444444354
2020-03-03 04:00:00,1.110194222222223
2020-03-03 05:00:00,0.0
2020-03-03 06:00:00,1.558110666666676
2020-03-03 07:00:00,3.2765719999999843
2020-03-03 08:00:00,0.6088968888888805
2020-03-03 09:00:00,0.0
2020-03-03 10:00:00,0.0
2020-03-03 11:00:00,0.0
2020-03-03 12:00:00,1.6845053333333355
2020-03-03 13:00:00,7.0987973333333265
2020-03-03 14:00:00,34.93344400000008
2020-03-03 15:00:00,66.82048533333318
2020-03-03 16:00:00,64.71822355555555
2020-03-03 17:00:00,45.99769200000011
2020-03-03 18:00:00,31.704290222222294
2020-03-03 19:00:00,26.669084000000023
2020-03-03 20:00:00,23.978563555555525
2020-03-03 21:00:00,30.407779999999875
2020-03-03 22:00:00,35.3671066666666
2020-03-03 23:00:00,46.391753777777524
2020-03-04 00:00:00,48.21756044444428
2020-03-04 01:00:00,31.1094622222221
2020-03-04 02:00:00,15.180111555555442
2020-03-04 03:00:00,6.2574084444443905
2020-03-04 04:00:00,0.47972888888888926
2020-03-04 05:00:00,0.0
2020-03-04 06:00:00,2.5684648888888755
2020-03-04 07:00:00,2.811437777777763
2020-03-04 08:00:00,0.0
2020-03-04 09:00:00,0.0
2020-03-04 10:00:00,0.0
2020-03-04 11:00:00,0.0
2020-03-04 12:00:00,2.90609511111112
2020-03-04 13:00:00,16.227171999999975
2020-03-04 14:00:00,29.804100444444337
2020-03-04 15:00:00,71.58704222222222
2020-03-04 16:00:00,72.90586044444423
2020-03-04 17:00:00,61.82368399999973
2020-03-04 18:00:00,56.08278577777743
2020-03-04 19:00:00,48.603741333333026
2020-03-04 20:00:00,23.1767293333332
2020-03-04 21:00:00,13.066323111111082
2020-03-04 22:00:00,14.758535999999907
2020-03-04 23:00:00,18.89913422222217
2020-03-05 00:00:00,28.359736888888875
2020-03-05 01:00:00,18.874052888888826
2020-03-05 02:00:00,8.98260711111105
2020-03-05 03:00:00,3.65248577777779
2020-03-05 04:00:00,0.0
2020-03-05 05:00:00,0.0
2020-03-05 06:00:00,0.7564093333333334
2020-03-05 07:00:00,3.2757342222222086
2020-03-05 08:00:00,1.3317199999999962
2020-03-05 09:00:00,0.025711111111111108
2020-03-05 10:00:00,0.0
2020-03-05 11:00:00,0.0
2020-03-05 12:00:00,0.6235897777777794
2020-03-05 13:00:00,9.737849333333314
2020-03-05 14:00:00,27.845809333333293
2020-03-05 15:00:00,58.87649155555559
2020-03-05 16:00:00,67.49645066666666
2020-03-05 17:00:00,56.30984666666671
2020-03-05 18:00:00,46.02427555555549
2020-03-05 19:00:00,35.83924933333329
2020-03-05 20:00:00,25.200557777777707
2020-03-05 21:00:00,19.40364977777775
2020-03-05 22:00:00,13.260941777777749
2020-03-05 23:00:00,17.594171111111088
2020-03-06 00:00:00,12.306770666666635
2020-03-06 01:00:00,14.296371555555524
2020-03-06 02:00:00,20.93320088888878
2020-03-06 03:00:00,13.442236888888836
2020-03-06 04:00:00,0.3000573333333333
2020-03-06 05:00:00,0.0
2020-03-06 06:00:00,0.0
2020-03-06 07:00:00,0.0
2020-03-06 08:00:00,0.0
2020-03-06 09:00:00,0.0
2020-03-06 10:00:00,0.0
2020-03-06 11:00:00,0.0
2020-03-06 12:00:00,3.0339688888889067
2020-03-06 13:00:00,8.484637777777781
2020-03-06 14:00:00,28.923393777777747
2020-03-06 15:00:00,53.13539111111108
2020-03-06 16:00:00,67.29219466666659
2020-03-06 17:00:00,65.74764444444442
2020-03-06 18:00:00,54.48840799999997
2020-03-06 19:00:00,50.824389777777746
2020-03-06 20:00:00,27.26912355555553
2020-03-06 21:00:00,19.061871111111124
2020-03-06 22:00:00,17.37911066666666
2020-03-06 23:00:00,17.684315999999974
2020-03-07 00:00:00,9.917052888888866
2020-03-07 01:00:00,8.53723288888888
2020-03-07 02:00:00,5.58445333333332
2020-03-07 03:00:00,0.00034666666666666667
2020-03-07 04:00:00,5.9052297777777465
2020-03-07 05:00:00,9.778813777777712
2020-03-07 06:00:00,4.370657777777758
2020-03-07 07:00:00,0.018847111111111158
2020-03-07 08:00:00,0.0
2020-03-07 09:00:00,0.0
2020-03-07 10:00:00,0.0
2020-03-07 11:00:00,0.0
2020-03-07 12:00:00,0.0
2020-03-07 13:00:00,0.0
2020-03-07 14:00:00,4.4164408888888795
2020-03-07 15:00:00,6.7552968888888625
2020-03-07 16:00:00,7.605283111111119
2020-03-07 17:00:00,9.579324444444511
2020-03-07 18:00:00,6.71021288888891
2020-03-07 19:00:00,12.454121333333337
2020-03-07 20:00:00,6.327238666666709
2020-03-07 21:00:00,9.09614044444439
2020-03-07 22:00:00,2.715416888888865
2020-03-07 23:00:00,0.0
2020-03-08 00:00:00,0.0
2020-03-08 01:00:00,0.0009244444444444444
2020-03-08 02:00:00,0.0
2020-03-08 03:00:00,0.0
2020-03-08 04:00:00,0.0
2020-03-08 05:00:00,0.0
2020-03-08 06:00:00,0.0
2020-03-08 07:00:00,0.0
2020-03-08 08:00:00,0.0
2020-03-08 09:00:00,0.0
2020-03-08 10:00:00,0.0
2020-03-08 11:00:00,0.0
2020-03-08 12:00:00,0.0
2020-03-08 13:00:00,0.0
2020-03-08 14:00:00,0.0
2020-03-08 15:00:00,0.0
2020-03-08 16:00:00,0.0
2020-03-08 17:00:00,0.0
2020-03-08 18:00:00,0.0
2020-03-08 19:00:00,0.99628533333333
2020-03-08 20:00:00,3.1122751111111344
2020-03-08 21:00:00,3.111027111111148
2020-03-08 22:00:00,4.167990666666698
2020-03-08 23:00:00,4.9404564444444174
2020-03-09 00:00:00,2.0518391111111005
2020-03-09 01:00:00,0.0
2020-03-09 02:00:00,0.0
2020-03-09 03:00:00,0.0
2020-03-09 04:00:00,0.0
2020-03-09 05:00:00,0.0
2020-03-09 06:00:00,0.0
2020-03-09 07:00:00,0.0
2020-03-09 08:00:00,0.0
2020-03-09 09:00:00,0.0
2020-03-09 10:00:00,0.0
2020-03-09 11:00:00,5.719820888888902
2020-03-09 12:00:00,16.840402222222096
2020-03-09 13:00:00,38.15096133333323
2020-03-09 14:00:00,75.52009688888886
2020-03-09 15:00:00,80.94384711111101
2020-03-09 16:00:00,72.0840524444443
2020-03-09 17:00:00,71.7090631111109
2020-03-09 18:00:00,59.81634533333312
2020-03-09 19:00:00,44.78791199999982
2020-03-09 20:00:00,44.06222311111088
2020-03-09 21:00:00,49.71557066666646
2020-03-09 22:00:00,58.18712755555548
2020-03-09 23:00:00,56.715492888888704
2020-03-10 00:00:00,39.79100088888882
2020-03-10 01:00:00,11.41965644444437
2020-03-10 02:00:00,3.858035999999965
2020-03-10 03:00:00,0.3701533333333308
2020-03-10 04:00:00,0.0
2020-03-10 05:00:00,0.0
2020-03-10 06:00:00,0.0
2020-03-10 07:00:00,0.0
2020-03-10 08:00:00,0.0
2020-03-10 09:00:00,0.0
2020-03-10 10:00:00,0.0
2020-03-10 11:00:00,2.2813844444444484
2020-03-10 12:00:00,9.8067897777778
2020-03-10 13:00:00,20.527699111111076
2020-03-10 14:00:00,59.904184888888814
2020-03-10 15:00:00,80.07446488888888
2020-03-10 16:00:00,80.94455199999992
2020-03-10 17:00:00,71.6565893333333
2020-03-10 18:00:00,59.00746222222217
2020-03-10 19:00:00,51.393841777777766
2020-03-10 20:00:00,42.71793644444445
2020-03-10 21:00:00,38.26433288888888
2020-03-10 22:00:00,30.64216133333333
2020-03-10 23:00:00,24.64788444444443
2020-03-11 00:00:00,12.465717333333311
2020-03-11 01:00:00,6.16201155555554
2020-03-11 02:00:00,2.7597786666666697
2020-03-11 03:00:00,0.0
2020-03-11 04:00:00,0.0
2020-03-11 05:00:00,0.0
2020-03-11 06:00:00,0.0
2020-03-11 07:00:00,0.0
2020-03-11 08:00:00,0.0
2020-03-11 09:00:00,0.0
2020-03-11 10:00:00,0.0
2020-03-11 11:00:00,1.962347111111119
2020-03-11 12:00:00,9.249003111111112
2020-03-11 13:00:00,30.35640977777775
2020-03-11 14:00:00,67.60051422222223
2020-03-11 15:00:00,67.96372844444438
2020-03-11 16:00:00,63.44953911111107
2020-03-11 17:00:00,63.71627022222217
2020-03-11 18:00:00,55.817140888888744
2020-03-11 19:00:00,46.490420888888764
2020-03-11 20:00:00,47.409959999999906
2020-03-11 21:00:00,59.68186177777776
2020-03-11 22:00:00,57.85165822222217
2020-03-11 23:00:00,51.16816755555543
2020-03-12 00:00:00,30.218280444444396
2020-03-12 01:00:00,12.398198222222167
2020-03-12 02:00:00,6.945917333333281
2020-03-12 03:00:00,1.5119462222222246
2020-03-12 04:00:00,6.638354666666668
2020-03-12 05:00:00,10.896403555555512
2020-03-12 06:00:00,11.345099999999993
2020-03-12 07:00:00,5.220187555555566
2020-03-12 08:00:00,0.5036893333333335
2020-03-12 09:00:00,0.0
2020-03-12 10:00:00,0.0
2020-03-12 11:00:00,0.6780973333333331
2020-03-12 12:00:00,3.6799359999999917
2020-03-12 13:00:00,5.370479111111115
2020-03-12 14:00:00,13.273306222222203
2020-03-12 15:00:00,19.264399555555535
2020-03-12 16:00:00,23.14218399999996
2020-03-12 17:00:00,32.59006977777778
2020-03-12 18:00:00,16.80733599999998
2020-03-12 19:00:00,9.462156888888877
2020-03-12 20:00:00,6.253462222222233
2020-03-12 21:00:00,6.256414666666656
2020-03-12 22:00:00,14.042339999999996
2020-03-12 23:00:00,14.365548888888839
2020-03-13 00:00:00,13.999809777777731
2020-03-13 01:00:00,11.988380444444408
2020-03-13 02:00:00,5.691336444444451
2020-03-13 03:00:00,5.644091555555545
2020-03-13 04:00:00,1.048152444444453
2020-03-13 05:00:00,0.0
2020-03-13 06:00:00,0.0
2020-03-13 07:00:00,0.05685911111111108
2020-03-13 08:00:00,0.0
2020-03-13 09:00:00,0.0
2020-03-13 10:00:00,0.0
2020-03-13 11:00:00,0.0
2020-03-13 12:00:00,0.0
2020-03-13 13:00:00,2.626681777777776
2020-03-13 14:00:00,11.996781333333328
2020-03-13 15:00:00,17.188640444444403
2020-03-13 16:00:00,19.236654666666606
2020-03-13 17:00:00,20.022651999999997
2020-03-13 18:00:00,14.741219999999938
2020-03-13 19:00:00,14.457588888888825
2020-03-13 20:00:00,15.449904888888764
2020-03-13 21:00:00,18.334055999999947
2020-03-13 22:00:00,23.770135999999887
2020-03-13 23:00:00,13.947491999999997
2020-03-14 00:00:00,1.1974444444444454
2020-03-14 01:00:00,0.0
2020-03-14 02:00:00,0.3225791111111114
2020-03-14 03:00:00,0.0
2020-03-14 04:00:00,0.0
2020-03-14 05:00:00,0.0
2020-03-14 06:00:00,0.0
2020-03-14 07:00:00,0.0
2020-03-14 08:00:00,0.0
2020-03-14 09:00:00,0.0
2020-03-14 10:00:00,0.0
2020-03-14 11:00:00,0.0
2020-03-14 12:00:00,0.0
2020-03-14 13:00:00,0.0
2020-03-14 14:00:00,0.0
2020-03-14 15:00:00,0.0
2020-03-14 16:00:00,0.0
2020-03-14 17:00:00,0.0
2020-03-14 18:00:00,0.0
2020-03-14 19:00:00,0.0
2020-03-14 20:00:00,0.0
2020-03-14 21:00:00,4.091793333333332
2020-03-14 22:00:00,6.571540444444378
2020-03-14 23:00:00,2.344165777777774
2020-03-15 00:00:00,0.0
2020-03-15 01:00:00,0.0
2020-03-15 02:00:00,0.0
2020-03-15 03:00:00,0.0
2020-03-15 04:00:00,0.0
2020-03-15 05:00:00,0.0
2020-03-15 06:00:00,0.0
2020-03-15 07:00:00,0.0
2020-03-15 08:00:00,0.0
2020-03-15 09:00:00,0.0
2020-03-15 10:00:00,0.0
2020-03-15 11:00:00,0.0
2020-03-15 12:00:00,0.0
2020-03-15 13:00:00,0.0
2020-03-15 14:00:00,0.0
2020-03-15 15:00:00,0.0
2020-03-15 16:00:00,0.0
2020-03-15 17:00:00,0.0
2020-03-15 18:00:00,1.9874457777777745
2020-03-15 19:00:00,7.5402484444444795
2020-03-15 20:00:00,5.8406631111110965
2020-03-15 21:00:00,4.048870222222249
2020-03-15 22:00:00,8.585910666666653
2020-03-15 23:00:00,6.378285333333303
2020-03-16 00:00:00,6.409057777777764
2020-03-16 01:00:00,1.5346991111111068
2020-03-16 02:00:00,0.0
2020-03-16 03:00:00,0.0
2020-03-16 04:00:00,0.0
2020-03-16 05:00:00,0.0
2020-03-16 06:00:00,0.0
2020-03-16 07:00:00,0.0
2020-03-16 08:00:00,0.0
2020-03-16 09:00:00,0.0
2020-03-16 10:00:00,0.0
2020-03-16 11:00:00,1.5311573333333308
2020-03-16 12:00:00,11.517520444444475
2020-03-16 13:00:00,19.919570666666623
2020-03-16 14:00:00,48.43042533333332
2020-03-16 15:00:00,73.2512444444445
2020-03-16 16:00:00,76.59227333333335
2020-03-16 17:00:00,79.47960222222213
2020-03-16 18:00:00,62.70664977777767
2020-03-16 19:00:00,51.18598044444442
2020-03-16 20:00:00,32.80872977777772
2020-03-16 21:00:00,16.504152888888793
2020-03-16 22:00:00,15.855695555555524
2020-03-16 23:00:00,7.432914666666635
2020-03-17 00:00:00,0.26130577777777775
2020-03-17 01:00:00,0.30617599999999984
2020-03-17 02:00:00,3.308742666666626
2020-03-17 03:00:00,1.3613542222222297
2020-03-17 04:00:00,2.9170786666666464
2020-03-17 05:00:00,2.42764888888884
2020-03-17 06:00:00,0.0053386666666666634
2020-03-17 07:00:00,0.0
2020-03-17 08:00:00,0.0
2020-03-17 09:00:00,0.0
2020-03-17 10:00:00,0.0
2020-03-17 11:00:00,0.34792044444444425
2020-03-17 12:00:00,4.43321377777775
2020-03-17 13:00:00,9.478802666666638
2020-03-17 14:00:00,17.718971111111145
2020-03-17 15:00:00,22.08440577777774
2020-03-17 16:00:00,19.19574799999999
2020-03-17 17:00:00,20.41306222222211
2020-03-17 18:00:00,17.789662222222223
2020-03-17 19:00:00,14.649769333333307
2020-03-17 20:00:00,11.972734222222286
2020-03-17 21:00:00,12.691478222222184
2020-03-17 22:00:00,6.523226666666679
2020-03-17 23:00:00,6.8244048888888
2020-03-18 00:00:00,6.665030666666726
2020-03-18 01:00:00,6.614607999999938
2020-03-18 02:00:00,2.695379555555545
2020-03-18 03:00:00,0.0
2020-03-18 04:00:00,0.0
2020-03-18 05:00:00,0.0
2020-03-18 06:00:00,0.0
2020-03-18 07:00:00,0.0
2020-03-18 08:00:00,0.0
2020-03-18 09:00:00,0.0
2020-03-18 10:00:00,0.0
2020-03-18 11:00:00,0.0
2020-03-18 12:00:00,1.3011728888888885
2020-03-18 13:00:00,16.348511111111073
2020-03-18 14:00:00,24.366281333333312
2020-03-18 15:00:00,23.41202933333327
2020-03-18 16:00:00,20.05228622222221
2020-03-18 17:00:00,11.051704444444493
2020-03-18 18:00:00,12.160581333333319
2020-03-18 19:00:00,15.072084444444375
2020-03-18 20:00:00,10.970087555555462
2020-03-18 21:00:00,5.425373777777774
2020-03-18 22:00:00,2.820503111111111
2020-03-18 23:00:00,0.1344488888888889
2020-03-19 00:00:00,0.0
2020-03-19 01:00:00,0.0
2020-03-19 02:00:00,0.0
2020-03-19 03:00:00,0.0
2020-03-19 04:00:00,0.0
2020-03-19 05:00:00,0.0
2020-03-19 06:00:00,0.0
2020-03-19 07:00:00,0.0
2020-03-19 08:00:00,0.0
2020-03-19 09:00:00,0.0
2020-03-19 10:00:00,0.0
2020-03-19 11:00:00,0.0
2020-03-19 12:00:00,2.1506044444444528
2020-03-19 13:00:00,20.02613022222201
2020-03-19 14:00:00,29.146040444444306
2020-03-19 15:00:00,28.110171555555354
2020-03-19 16:00:00,19.774375111110917
2020-03-19 17:00:00,11.292100444444408
2020-03-19 18:00:00,11.053963555555534
2020-03-19 19:00:00,14.567383999999999
2020-03-19 20:00:00,10.110412
2020-03-19 21:00:00,3.7881248888888606
2020-03-19 22:00:00,3.4121879999999747
2020-03-19 23:00:00,0.9841635555555553
2020-03-20 00:00:00,0.0
2020-03-20 01:00:00,0.0
2020-03-20 02:00:00,0.0
2020-03-20 03:00:00,0.0
2020-03-20 04:00:00,0.0
2020-03-20 05:00:00,0.0
2020-03-20 06:00:00,0.0
2020-03-20 07:00:00,0.0
2020-03-20 08:00:00,0.0
2020-03-20 09:00:00,0.0
2020-03-20 10:00:00,0.0
2020-03-20 11:00:00,0.0
2020-03-20 12:00:00,1.4843746666666748
2020-03-20 13:00:00,8.007664888888867
2020-03-20 14:00:00,18.617467555555475
2020-03-20 15:00:00,26.617534666666444
2020-03-20 16:00:00,31.683969777777744
2020-03-20 17:00:00,21.71993777777765
2020-03-20 18:00:00,8.328216000000038
2020-03-20 19:00:00,4.1945973333333075
2020-03-20 20:00:00,0.14952311111111113
2020-03-20 21:00:00,0.0
2020-03-20 22:00:00,0.0
2020-03-20 23:00:00,0.0
2020-03-21 00:00:00,0.0
2020-03-21 01:00:00,0.0
2020-03-21 02:00:00,0.0
2020-03-21 03:00:00,0.0
2020-03-21 04:00:00,0.0
2020-03-21 05:00:00,0.0
2020-03-21 06:00:00,0.0
2020-03-21 07:00:00,0.0
2020-03-21 08:00:00,0.0
2020-03-21 09:00:00,0.0
2020-03-21 10:00:00,0.0
2020-03-21 11:00:00,0.0
2020-03-21 12:00:00,0.0
2020-03-21 13:00:00,0.0
2020-03-21 14:00:00,0.0
2020-03-21 15:00:00,0.0
2020-03-21 16:00:00,0.0
2020-03-21 17:00:00,0.0
2020-03-21 18:00:00,0.0
2020-03-21 19:00:00,0.0
2020-03-21 20:00:00,0.0
2020-03-21 21:00:00,0.0
2020-03-21 22:00:00,0.0
2020-03-21 23:00:00,0.0
2020-03-22 00:00:00,0.0
2020-03-22 01:00:00,0.0
2020-03-22 02:00:00,0.0
2020-03-22 03:00:00,0.0
2020-03-22 04:00:00,0.0
2020-03-22 05:00:00,0.0
2020-03-22 06:00:00,0.0
2020-03-22 07:00:00,0.0
2020-03-22 08:00:00,0.0
2020-03-22 09:00:00,0.0
2020-03-22 10:00:00,0.0
2020-03-22 11:00:00,0.0
2020-03-22 12:00:00,0.0
2020-03-22 13:00:00,0.0
2020-03-22 14:00:00,0.0
2020-03-22 15:00:00,0.0
2020-03-22 16:00:00,0.0
2020-03-22 17:00:00,0.0
2020-03-22 18:00:00,0.0
2020-03-22 19:00:00,0.0
2020-03-22 20:00:00,0.0
2020-03-22 21:00:00,0.0
2020-03-22 22:00:00,0.0
2020-03-22 23:00:00,0.0
2020-03-23 00:00:00,0.0
2020-03-23 01:00:00,0.0
2020-03-23 02:00:00,0.0
2020-03-23 03:00:00,0.0
2020-03-23 04:00:00,0.0
2020-03-23 05:00:00,0.0
2020-03-23 06:00:00,0.0
2020-03-23 07:00:00,0.0
2020-03-23 08:00:00,0.0
2020-03-23 09:00:00,0.0
2020-03-23 10:00:00,0.0
2020-03-23 11:00:00,0.0
2020-03-23 12:00:00,0.0
2020-03-23 13:00:00,1.3252893333333353
2020-03-23 14:00:00,0.3804377777777769
2020-03-23 15:00:00,5.686679555555509
2020-03-23 16:00:00,5.870430222222178
2020-03-23 17:00:00,1.1384822222222204
2020-03-23 18:00:00,0.0
2020-03-23 19:00:00,0.00016177777777777778
2020-03-23 20:00:00,6.236458222222186
2020-03-23 21:00:00,6.531159555555469
2020-03-23 22:00:00,6.584898666666589
2020-03-23 23:00:00,6.548752888888784
2020-03-24 00:00:00,4.171353333333328
2020-03-24 01:00:00,0.0
2020-03-24 02:00:00,0.0
2020-03-24 03:00:00,0.0
2020-03-24 04:00:00,0.0
2020-03-24 05:00:00,0.0
2020-03-24 06:00:00,0.0
2020-03-24 07:00:00,0.0
2020-03-24 08:00:00,0.0
2020-03-24 09:00:00,0.0
2020-03-24 10:00:00,0.0
2020-03-24 11:00:00,0.0
2020-03-24 12:00:00,0.0
2020-03-24 13:00:00,1.6558302222222219
2020-03-24 14:00:00,3.108866222222251
2020-03-24 15:00:00,5.141968000000021
2020-03-24 16:00:00,0.06495377777777779
2020-03-24 17:00:00,0.0
2020-03-24 18:00:00,0.0
2020-03-24 19:00:00,0.0
2020-03-24 20:00:00,0.0
2020-03-24 21:00:00,0.0
2020-03-24 22:00:00,0.0
2020-03-24 23:00:00,0.0
2020-03-25 00:00:00,0.0
2020-03-25 01:00:00,0.0
2020-03-25 02:00:00,0.0
2020-03-25 03:00:00,0.0
2020-03-25 04:00:00,0.0
2020-03-25 05:00:00,0.0
2020-03-25 06:00:00,0.0
2020-03-25 07:00:00,0.0
2020-03-25 08:00:00,0.0
2020-03-25 09:00:00,0.0
2020-03-25 10:00:00,0.0
2020-03-25 11:00:00,0.0
2020-03-25 12:00:00,0.0
2020-03-25 13:00:00,1.7193857777777812
2020-03-25 14:00:00,3.094924444444472
2020-03-25 15:00:00,4.839166222222248
2020-03-25 16:00:00,3.256268888888852
2020-03-25 17:00:00,0.3873075555555543
2020-03-25 18:00:00,1.3725688888888878
2020-03-25 19:00:00,6.373177777777756
2020-03-25 20:00:00,6.367544444444421
2020-03-25 21:00:00,6.380324888888861
2020-03-25 22:00:00,6.3653835555555345
2020-03-25 23:00:00,6.3768582222222
2020-03-26 00:00:00,5.452147999999982
2020-03-26 01:00:00,0.0
2020-03-26 02:00:00,0.0
2020-03-26 03:00:00,0.0
2020-03-26 04:00:00,0.0
2020-03-26 05:00:00,0.0
2020-03-26 06:00:00,0.0
2020-03-26 07:00:00,0.0
2020-03-26 08:00:00,0.0
2020-03-26 09:00:00,0.0
2020-03-26 10:00:00,0.0
2020-03-26 11:00:00,0.0
2020-03-26 12:00:00,0.0
2020-03-26 13:00:00,2.193908888888902
2020-03-26 14:00:00,5.239837777777794
2020-03-26 15:00:00,2.849420888888906
2020-03-26 16:00:00,0.0
2020-03-26 17:00:00,0.0
2020-03-26 18:00:00,0.0034666666666666665
2020-03-26 19:00:00,6.303133777777733
2020-03-26 20:00:00,0.0
2020-03-26 21:00:00,0.0
2020-03-26 22:00:00,0.0
2020-03-26 23:00:00,0.0
2020-03-27 00:00:00,0.0
2020-03-27 01:00:00,0.0
2020-03-27 02:00:00,0.0
2020-03-27 03:00:00,0.0
2020-03-27 04:00:00,0.0
2020-03-27 05:00:00,0.0
2020-03-27 06:00:00,0.0
2020-03-27 07:00:00,0.0
2020-03-27 08:00:00,0.0
2020-03-27 09:00:00,0.0
2020-03-27 10:00:00,0.0
2020-03-27 11:00:00,0.0
2020-03-27 12:00:00,0.0
2020-03-27 13:00:00,1.69587022222222
2020-03-27 14:00:00,6.301995555555567
2020-03-27 15:00:00,4.377781777777735
2020-03-27 16:00:00,0.0
2020-03-27 17:00:00,0.0
2020-03-27 18:00:00,0.0
2020-03-27 19:00:00,0.0
2020-03-27 20:00:00,0.0
2020-03-27 21:00:00,0.0
2020-03-27 22:00:00,0.0
2020-03-27 23:00:00,0.0
2020-03-28 00:00:00,0.0
2020-03-28 01:00:00,0.0
2020-03-28 02:00:00,0.0
2020-03-28 03:00:00,0.0
2020-03-28 04:00:00,0.0
2020-03-28 05:00:00,0.0
2020-03-28 06:00:00,0.0
2020-03-28 07:00:00,0.0
2020-03-28 08:00:00,0.0
2020-03-28 09:00:00,0.0
2020-03-28 10:00:00,0.0
2020-03-28 11:00:00,0.0
2020-03-28 12:00:00,0.0
2020-03-28 13:00:00,0.0
2020-03-28 14:00:00,0.0
2020-03-28 15:00:00,0.0
2020-03-28 16:00:00,0.0
2020-03-28 17:00:00,0.0
2020-03-28 18:00:00,0.0
2020-03-28 19:00:00,0.0
2020-03-28 20:00:00,0.0
2020-03-28 21:00:00,0.0
2020-03-28 22:00:00,0.0
2020-03-28 23:00:00,0.0
2020-03-29 00:00:00,0.0
2020-03-29 01:00:00,0.0
2020-03-29 02:00:00,0.0
2020-03-29 03:00:00,0.0
2020-03-29 04:00:00,0.0
2020-03-29 05:00:00,0.0
2020-03-29 06:00:00,0.0
2020-03-29 07:00:00,0.0
2020-03-29 08:00:00,0.0
2020-03-29 09:00:00,0.0
2020-03-29 10:00:00,0.0
2020-03-29 11:00:00,0.0
2020-03-29 12:00:00,0.0
2020-03-29 13:00:00,0.0
2020-03-29 14:00:00,0.0
2020-03-29 15:00:00,0.0
2020-03-29 16:00:00,0.0
2020-03-29 17:00:00,0.0
2020-03-29 18:00:00,0.0
2020-03-29 19:00:00,0.0
2020-03-29 20:00:00,0.0
2020-03-29 21:00:00,0.0
2020-03-29 22:00:00,0.0
2020-03-29 23:00:00,0.0
2020-03-30 00:00:00,0.0
2020-03-30 01:00:00,0.0
2020-03-30 02:00:00,0.0
2020-03-30 03:00:00,0.0
2020-03-30 04:00:00,0.0
2020-03-30 05:00:00,0.0
2020-03-30 06:00:00,0.0
2020-03-30 07:00:00,0.0
2020-03-30 08:00:00,0.0
2020-03-30 09:00:00,0.0
2020-03-30 10:00:00,0.0
2020-03-30 11:00:00,0.0
2020-03-30 12:00:00,0.0
2020-03-30 13:00:00,6.382653333333325
2020-03-30 14:00:00,10.055800444444424
2020-03-30 15:00:00,15.503060444444348
2020-03-30 16:00:00,20.783186666666467
2020-03-30 17:00:00,22.177214222222013
2020-03-30 18:00:00,10.71717111111105
2020-03-30 19:00:00,6.40861288888887
2020-03-30 20:00:00,7.792974222222256
2020-03-30 21:00:00,3.7612351111111137
2020-03-30 22:00:00,0.0
2020-03-30 23:00:00,0.0
2020-03-31 00:00:00,0.0
2020-03-31 01:00:00,0.0
2020-03-31 02:00:00,0.0
2020-03-31 03:00:00,0.0
2020-03-31 04:00:00,0.0
2020-03-31 05:00:00,0.0
2020-03-31 06:00:00,0.0
2020-03-31 07:00:00,0.0
2020-03-31 08:00:00,0.0
2020-03-31 09:00:00,0.0
2020-03-31 10:00:00,0.0
2020-03-31 11:00:00,0.0
2020-03-31 12:00:00,0.0
2020-03-31 13:00:00,0.2300595555555554
2020-03-31 14:00:00,5.770220444444421
2020-03-31 15:00:00,5.739378666666664
2020-03-31 16:00:00,8.451155555555504
2020-03-31 17:00:00,6.440494666666707
2020-03-31 18:00:00,1.0691084444444459
2020-03-31 19:00:00,0.003039111111111112
2020-03-31 20:00:00,0.0
2020-03-31 21:00:00,0.0
2020-03-31 22:00:00,0.0
2020-03-31 23:00:00,0.0002773333333333333
2020-04-01 00:00:00,0.0
2020-04-01 01:00:00,0.0
2020-04-01 02:00:00,0.0
2020-04-01 03:00:00,0.0
2020-04-01 04:00:00,0.0
2020-04-01 05:00:00,0.0
2020-04-01 06:00:00,0.0
2020-04-01 07:00:00,0.0
2020-04-01 08:00:00,0.0
2020-04-01 09:00:00,0.0
2020-04-01 10:00:00,0.0
2020-04-01 11:00:00,0.0
2020-04-01 12:00:00,0.0
2020-04-01 13:00:00,3.007183111111077
2020-04-01 14:00:00,3.3008097777777423
2020-04-01 15:00:00,0.6799808888888901
2020-04-01 16:00:00,0.0
2020-04-01 17:00:00,0.0
2020-04-01 18:00:00,0.0
2020-04-01 19:00:00,0.0
2020-04-01 20:00:00,0.0
2020-04-01 21:00:00,0.0
2020-04-01 22:00:00,0.0
2020-04-01 23:00:00,0.0
2020-04-02 00:00:00,0.0
2020-04-02 01:00:00,0.0
2020-04-02 02:00:00,0.0
2020-04-02 03:00:00,0.0
2020-04-02 04:00:00,0.0
2020-04-02 05:00:00,0.0
2020-04-02 06:00:00,0.0
2020-04-02 07:00:00,0.0
2020-04-02 08:00:00,0.0
2020-04-02 09:00:00,0.0
2020-04-02 10:00:00,0.0
2020-04-02 11:00:00,0.0
2020-04-02 12:00:00,0.0
2020-04-02 13:00:00,0.0
2020-04-02 14:00:00,0.0
2020-04-02 15:00:00,3.1235128888888934
2020-04-02 16:00:00,6.194973777777686
2020-04-02 17:00:00,6.503027555555502
2020-04-02 18:00:00,6.367434666666636
2020-04-02 19:00:00,2.1851786666666637
2020-04-02 20:00:00,0.0
2020-04-02 21:00:00,0.0
2020-04-02 22:00:00,0.0
2020-04-02 23:00:00,0.0
2020-04-03 00:00:00,0.0
2020-04-03 01:00:00,0.0
2020-04-03 02:00:00,0.0
2020-04-03 03:00:00,0.0
2020-04-03 04:00:00,0.0
2020-04-03 05:00:00,0.0
2020-04-03 06:00:00,0.0
2020-04-03 07:00:00,0.0
2020-04-03 08:00:00,0.0
2020-04-03 09:00:00,0.0
2020-04-03 10:00:00,0.0
2020-04-03 11:00:00,0.0
2020-04-03 12:00:00,0.0
2020-04-03 13:00:00,0.0
2020-04-03 14:00:00,0.0
2020-04-03 15:00:00,0.0
2020-04-03 16:00:00,0.0
2020-04-03 17:00:00,0.0
2020-04-03 18:00:00,5.810526222222156
2020-04-03 19:00:00,4.851617333333344
2020-04-03 20:00:00,2.667068444444448
2020-04-03 21:00:00,0.0
2020-04-03 22:00:00,0.0
2020-04-03 23:00:00,0.0
2020-04-04 00:00:00,0.0
2020-04-04 01:00:00,0.0
2020-04-04 02:00:00,0.0
2020-04-04 03:00:00,0.0
2020-04-04 04:00:00,0.0
2020-04-04 05:00:00,0.0
2020-04-04 06:00:00,0.0
2020-04-04 07:00:00,0.0
2020-04-04 08:00:00,0.0
2020-04-04 09:00:00,0.0
2020-04-04 10:00:00,0.0
2020-04-04 11:00:00,0.0
2020-04-04 12:00:00,0.0
2020-04-04 13:00:00,0.0
2020-04-04 14:00:00,0.0
2020-04-04 15:00:00,0.0
2020-04-04 16:00:00,0.0
2020-04-04 17:00:00,0.0
2020-04-04 18:00:00,0.0
2020-04-04 19:00:00,2.0467835555555665
2020-04-04 20:00:00,0.04491644444444444
2020-04-04 21:00:00,0.0
2020-04-04 22:00:00,0.0
2020-04-04 23:00:00,0.0
2020-04-05 00:00:00,0.0
2020-04-05 01:00:00,0.0
2020-04-05 02:00:00,0.0
2020-04-05 03:00:00,0.0
2020-04-05 04:00:00,0.0
2020-04-05 05:00:00,0.0
2020-04-05 06:00:00,0.0
2020-04-05 07:00:00,0.0
2020-04-05 08:00:00,0.0
2020-04-05 09:00:00,0.0
2020-04-05 10:00:00,0.0
2020-04-05 11:00:00,0.0
2020-04-05 12:00:00,0.0
2020-04-05 13:00:00,0.0
2020-04-05 14:00:00,0.0
2020-04-05 15:00:00,0.0
2020-04-05 16:00:00,2.4373671111111115
2020-04-05 17:00:00,6.536480888888832
2020-04-05 18:00:00,6.55134133333327
2020-04-05 19:00:00,6.559297333333275
2020-04-05 20:00:00,3.196665333333334
2020-04-05 21:00:00,0.0
2020-04-05 22:00:00,0.0
2020-04-05 23:00:00,0.0
2020-04-06 00:00:00,0.0
2020-04-06 01:00:00,0.0
2020-04-06 02:00:00,0.0
2020-04-06 03:00:00,0.0
2020-04-06 04:00:00,0.0
2020-04-06 05:00:00,0.0
2020-04-06 06:00:00,0.0
2020-04-06 07:00:00,0.0
2020-04-06 08:00:00,0.0
2020-04-06 09:00:00,0.0
2020-04-06 10:00:00,0.0
2020-04-06 11:00:00,0.0
2020-04-06 12:00:00,0.0
2020-04-06 13:00:00,3.7788400000000224
2020-04-06 14:00:00,5.81053777777773
2020-04-06 15:00:00,4.445150666666668
2020-04-06 16:00:00,0.0
2020-04-06 17:00:00,0.0
2020-04-06 18:00:00,0.0
2020-04-06 19:00:00,2.4803711111110958
2020-04-06 20:00:00,4.743659555555521
2020-04-06 21:00:00,1.7461484444444373
2020-04-06 22:00:00,1.6748795555555551
2020-04-06 23:00:00,0.0
2020-04-07 00:00:00,0.0
2020-04-07 01:00:00,0.0
2020-04-07 02:00:00,0.0
2020-04-07 03:00:00,0.0
2020-04-07 04:00:00,0.0
2020-04-07 05:00:00,0.0
2020-04-07 06:00:00,0.0
2020-04-07 07:00:00,0.0
2020-04-07 08:00:00,0.0
2020-04-07 09:00:00,0.0
2020-04-07 10:00:00,0.0
2020-04-07 11:00:00,0.0
2020-04-07 12:00:00,0.0
2020-04-07 13:00:00,5.706064000000021
2020-04-07 14:00:00,9.57579999999993
2020-04-07 15:00:00,7.113074222222218
2020-04-07 16:00:00,0.0
2020-04-07 17:00:00,0.0
2020-04-07 18:00:00,0.0
2020-04-07 19:00:00,0.0
2020-04-07 20:00:00,0.0
2020-04-07 21:00:00,0.0
2020-04-07 22:00:00,0.0
2020-04-07 23:00:00,0.0
2020-04-08 00:00:00,0.0
2020-04-08 01:00:00,0.0
2020-04-08 02:00:00,0.0
2020-04-08 03:00:00,0.0
2020-04-08 04:00:00,0.0
2020-04-08 05:00:00,0.0
2020-04-08 06:00:00,0.0
2020-04-08 07:00:00,0.0
2020-04-08 08:00:00,0.0
2020-04-08 09:00:00,0.0
2020-04-08 10:00:00,0.0
2020-04-08 11:00:00,0.0
2020-04-08 12:00:00,0.0
2020-04-08 13:00:00,5.570875555555559
2020-04-08 14:00:00,10.273351111111086
2020-04-08 15:00:00,9.959762222222206
2020-04-08 16:00:00,3.2036391111110802
2020-04-08 17:00:00,0.0
2020-04-08 18:00:00,0.0
2020-04-08 19:00:00,0.0
2020-04-08 20:00:00,0.0
2020-04-08 21:00:00,0.0
2020-04-08 22:00:00,0.0
2020-04-08 23:00:00,0.0
2020-04-09 00:00:00,0.0
2020-04-09 01:00:00,0.0
2020-04-09 02:00:00,0.0
2020-04-09 03:00:00,0.0
2020-04-09 04:00:00,0.0
2020-04-09 05:00:00,0.0
2020-04-09 06:00:00,0.0
2020-04-09 07:00:00,0.0
2020-04-09 08:00:00,0.0
2020-04-09 09:00:00,0.0
2020-04-09 10:00:00,0.0
2020-04-09 11:00:00,0.0
2020-04-09 12:00:00,0.0
2020-04-09 13:00:00,0.0
2020-04-09 14:00:00,0.0
2020-04-09 15:00:00,0.0
2020-04-09 16:00:00,0.0
2020-04-09 17:00:00,0.0
2020-04-09 18:00:00,0.0
2020-04-09 19:00:00,0.0
2020-04-09 20:00:00,0.0
2020-04-09 21:00:00,0.0
2020-04-09 22:00:00,0.0
2020-04-09 23:00:00,0.0
2020-04-10 00:00:00,0.0
2020-04-10 01:00:00,0.0
2020-04-10 02:00:00,0.0
2020-04-10 03:00:00,0.0
2020-04-10 04:00:00,0.0
2020-04-10 05:00:00,0.0
2020-04-10 06:00:00,0.0
2020-04-10 07:00:00,0.0
2020-04-10 08:00:00,0.0
2020-04-10 09:00:00,0.0
2020-04-10 10:00:00,0.0
2020-04-10 11:00:00,0.0
2020-04-10 12:00:00,0.0
2020-04-10 13:00:00,0.0
2020-04-10 14:00:00,0.0
2020-04-10 15:00:00,0.0
2020-04-10 16:00:00,0.0
2020-04-10 17:00:00,0.0
2020-04-10 18:00:00,0.0
2020-04-10 19:00:00,0.0
2020-04-10 20:00:00,0.0
2020-04-10 21:00:00,0.0
2020-04-10 22:00:00,0.0
2020-04-10 23:00:00,0.0
2020-04-11 00:00:00,0.0
2020-04-11 01:00:00,0.0
2020-04-11 02:00:00,0.0
2020-04-11 03:00:00,0.0
2020-04-11 04:00:00,0.0
2020-04-11 05:00:00,0.0
2020-04-11 06:00:00,0.0
2020-04-11 07:00:00,0.0
2020-04-11 08:00:00,0.0
2020-04-11 09:00:00,0.0
2020-04-11 10:00:00,0.0
2020-04-11 11:00:00,0.0
2020-04-11 12:00:00,0.0
2020-04-11 13:00:00,0.0
2020-04-11 14:00:00,0.0
2020-04-11 15:00:00,0.0
2020-04-11 16:00:00,0.0
2020-04-11 17:00:00,0.0
2020-04-11 18:00:00,0.0
2020-04-11 19:00:00,0.0
2020-04-11 20:00:00,0.0
2020-04-11 21:00:00,0.0
2020-04-11 22:00:00,0.0
2020-04-11 23:00:00,0.0
2020-04-12 00:00:00,0.0
2020-04-12 01:00:00,0.0
2020-04-12 02:00:00,0.0
2020-04-12 03:00:00,0.0
2020-04-12 04:00:00,0.0
2020-04-12 05:00:00,0.0
2020-04-12 06:00:00,0.0
2020-04-12 07:00:00,0.0
2020-04-12 08:00:00,0.0
2020-04-12 09:00:00,0.0
2020-04-12 10:00:00,0.0
2020-04-12 11:00:00,0.0
2020-04-12 12:00:00,0.0
2020-04-12 13:00:00,0.0
2020-04-12 14:00:00,0.0
2020-04-12 15:00:00,0.0
2020-04-12 16:00:00,0.0
2020-04-12 17:00:00,0.0
2020-04-12 18:00:00,0.0
2020-04-12 19:00:00,0.0
2020-04-12 20:00:00,0.0
2020-04-12 21:00:00,0.0
2020-04-12 22:00:00,0.0
2020-04-12 23:00:00,0.0
2020-04-13 00:00:00,0.0
2020-04-13 01:00:00,0.0
2020-04-13 02:00:00,0.0
2020-04-13 03:00:00,0.0
2020-04-13 04:00:00,0.0
2020-04-13 05:00:00,0.0
2020-04-13 06:00:00,0.0
2020-04-13 07:00:00,0.0
2020-04-13 08:00:00,0.0
2020-04-13 09:00:00,0.0
2020-04-13 10:00:00,0.0
2020-04-13 11:00:00,0.0
2020-04-13 12:00:00,0.0
2020-04-13 13:00:00,0.0
2020-04-13 14:00:00,0.0
2020-04-13 15:00:00,0.0
2020-04-13 16:00:00,0.0
2020-04-13 17:00:00,0.0
2020-04-13 18:00:00,0.0
2020-04-13 19:00:00,0.0
2020-04-13 20:00:00,0.0
2020-04-13 21:00:00,0.0
2020-04-13 22:00:00,0.0
2020-04-13 23:00:00,0.0
2020-04-14 00:00:00,0.0
2020-04-14 01:00:00,0.0
2020-04-14 02:00:00,0.0
2020-04-14 03:00:00,0.0
2020-04-14 04:00:00,0.0
2020-04-14 05:00:00,0.0
2020-04-14 06:00:00,0.0
2020-04-14 07:00:00,0.0
2020-04-14 08:00:00,0.0
2020-04-14 09:00:00,0.0
2020-04-14 10:00:00,0.0
2020-04-14 11:00:00,0.0
2020-04-14 12:00:00,0.0
2020-04-14 13:00:00,0.0
2020-04-14 14:00:00,0.0
2020-04-14 15:00:00,0.0
2020-04-14 16:00:00,0.0
2020-04-14 17:00:00,0.0
2020-04-14 18:00:00,0.0
2020-04-14 19:00:00,0.0
2020-04-14 20:00:00,0.0
2020-04-14 21:00:00,0.0
2020-04-14 22:00:00,0.0
2020-04-14 23:00:00,0.0
2020-04-15 00:00:00,0.0
2020-04-15 01:00:00,0.0
2020-04-15 02:00:00,0.0
2020-04-15 03:00:00,0.0
2020-04-15 04:00:00,0.0
2020-04-15 05:00:00,0.0
2020-04-15 06:00:00,0.0
2020-04-15 07:00:00,0.0
2020-04-15 08:00:00,0.0
2020-04-15 09:00:00,0.0
2020-04-15 10:00:00,0.0
2020-04-15 11:00:00,0.0
2020-04-15 12:00:00,0.0
2020-04-15 13:00:00,0.0
2020-04-15 14:00:00,0.0
2020-04-15 15:00:00,0.0
2020-04-15 16:00:00,0.0
2020-04-15 17:00:00,0.0
2020-04-15 18:00:00,0.0
2020-04-15 19:00:00,0.0
2020-04-15 20:00:00,0.0
2020-04-15 21:00:00,0.0
2020-04-15 22:00:00,0.0
2020-04-15 23:00:00,0.0
2020-04-16 00:00:00,0.0
2020-04-16 01:00:00,0.0
2020-04-16 02:00:00,0.0
2020-04-16 03:00:00,0.0
2020-04-16 04:00:00,0.0
2020-04-16 05:00:00,0.0
2020-04-16 06:00:00,0.0
2020-04-16 07:00:00,0.0
2020-04-16 08:00:00,0.0
2020-04-16 09:00:00,0.0
2020-04-16 10:00:00,0.0
2020-04-16 11:00:00,0.0
2020-04-16 12:00:00,0.0
2020-04-16 13:00:00,0.0
2020-04-16 14:00:00,0.0
2020-04-16 15:00:00,0.0
2020-04-16 16:00:00,0.0
2020-04-16 17:00:00,0.0
2020-04-16 18:00:00,0.0
2020-04-16 19:00:00,0.0
2020-04-16 20:00:00,0.0
2020-04-16 21:00:00,0.0
2020-04-16 22:00:00,0.0
2020-04-16 23:00:00,0.0
2020-04-17 00:00:00,0.0
2020-04-17 01:00:00,0.0
2020-04-17 02:00:00,0.0
2020-04-17 03:00:00,0.0
2020-04-17 04:00:00,0.0
2020-04-17 05:00:00,0.0
2020-04-17 06:00:00,0.0
2020-04-17 07:00:00,0.0
2020-04-17 08:00:00,0.0
2020-04-17 09:00:00,0.0
2020-04-17 10:00:00,0.0
2020-04-17 11:00:00,0.0
2020-04-17 12:00:00,0.0
2020-04-17 13:00:00,0.0
2020-04-17 14:00:00,0.0
2020-04-17 15:00:00,0.0
2020-04-17 16:00:00,0.0
2020-04-17 17:00:00,0.0
2020-04-17 18:00:00,0.0
2020-04-17 19:00:00,0.0
2020-04-17 20:00:00,0.0
2020-04-17 21:00:00,0.0
2020-04-17 22:00:00,0.0
2020-04-17 23:00:00,0.0
2020-04-18 00:00:00,0.0
2020-04-18 01:00:00,0.0
2020-04-18 02:00:00,0.0
2020-04-18 03:00:00,0.0
2020-04-18 04:00:00,0.0
2020-04-18 05:00:00,0.0
2020-04-18 06:00:00,0.0
2020-04-18 07:00:00,0.0
2020-04-18 08:00:00,0.0
2020-04-18 09:00:00,0.0
2020-04-18 10:00:00,0.0
2020-04-18 11:00:00,0.0
2020-04-18 12:00:00,0.0
2020-04-18 13:00:00,0.0
2020-04-18 14:00:00,0.0
2020-04-18 15:00:00,0.0
2020-04-18 16:00:00,0.0
2020-04-18 17:00:00,0.0
2020-04-18 18:00:00,0.0
2020-04-18 19:00:00,0.0
2020-04-18 20:00:00,0.0
2020-04-18 21:00:00,0.0
2020-04-18 22:00:00,0.0
2020-04-18 23:00:00,0.0
2020-04-19 00:00:00,0.0
2020-04-19 01:00:00,0.0
2020-04-19 02:00:00,0.0
2020-04-19 03:00:00,0.0
2020-04-19 04:00:00,0.0
2020-04-19 05:00:00,0.0
2020-04-19 06:00:00,0.0
2020-04-19 07:00:00,0.0
2020-04-19 08:00:00,0.0
2020-04-19 09:00:00,0.0
2020-04-19 10:00:00,0.0
2020-04-19 11:00:00,0.0
2020-04-19 12:00:00,0.0
2020-04-19 13:00:00,0.0
2020-04-19 14:00:00,0.0
2020-04-19 15:00:00,0.0
2020-04-19 16:00:00,0.0
2020-04-19 17:00:00,0.0
2020-04-19 18:00:00,0.0
2020-04-19 19:00:00,0.0
2020-04-19 20:00:00,0.0
2020-04-19 21:00:00,0.0
2020-04-19 22:00:00,0.0
2020-04-19 23:00:00,0.0
2020-04-20 00:00:00,0.0
2020-04-20 01:00:00,0.0
2020-04-20 02:00:00,0.0
2020-04-20 03:00:00,0.0
2020-04-20 04:00:00,0.0
2020-04-20 05:00:00,0.0
2020-04-20 06:00:00,0.0
2020-04-20 07:00:00,0.0
2020-04-20 08:00:00,0.0
2020-04-20 09:00:00,0.0
2020-04-20 10:00:00,0.0
2020-04-20 11:00:00,0.0
2020-04-20 12:00:00,0.0
2020-04-20 13:00:00,0.0
2020-04-20 14:00:00,0.0
2020-04-20 15:00:00,0.0
2020-04-20 16:00:00,0.0
2020-04-20 17:00:00,0.0
2020-04-20 18:00:00,0.0
2020-04-20 19:00:00,0.0
2020-04-20 20:00:00,0.0
2020-04-20 21:00:00,0.0
2020-04-20 22:00:00,0.0
2020-04-20 23:00:00,0.0
2020-04-21 00:00:00,0.0
2020-04-21 01:00:00,0.0
2020-04-21 02:00:00,0.0
2020-04-21 03:00:00,0.0
2020-04-21 04:00:00,0.0
2020-04-21 05:00:00,0.0
2020-04-21 06:00:00,0.0
2020-04-21 07:00:00,0.0
2020-04-21 08:00:00,0.0
2020-04-21 09:00:00,0.0
2020-04-21 10:00:00,0.0
2020-04-21 11:00:00,0.0
2020-04-21 12:00:00,0.0
2020-04-21 13:00:00,0.0
2020-04-21 14:00:00,0.0
2020-04-21 15:00:00,0.0
2020-04-21 16:00:00,0.0
2020-04-21 17:00:00,0.0
2020-04-21 18:00:00,0.0
2020-04-21 19:00:00,0.0
2020-04-21 20:00:00,0.0
2020-04-21 21:00:00,0.0
2020-04-21 22:00:00,0.0
2020-04-21 23:00:00,0.0
2020-04-22 00:00:00,0.0
2020-04-22 01:00:00,0.0
2020-04-22 02:00:00,0.0
2020-04-22 03:00:00,0.0
2020-04-22 04:00:00,0.0
2020-04-22 05:00:00,0.0
2020-04-22 06:00:00,0.0
2020-04-22 07:00:00,0.0
2020-04-22 08:00:00,0.0
2020-04-22 09:00:00,0.0
2020-04-22 10:00:00,0.0
2020-04-22 11:00:00,0.0
2020-04-22 12:00:00,0.0
2020-04-22 13:00:00,0.0
2020-04-22 14:00:00,0.0
2020-04-22 15:00:00,0.0
2020-04-22 16:00:00,0.0
2020-04-22 17:00:00,0.0
2020-04-22 18:00:00,0.0
2020-04-22 19:00:00,0.0
2020-04-22 20:00:00,0.0
2020-04-22 21:00:00,0.0
2020-04-22 22:00:00,0.0
2020-04-22 23:00:00,0.0
2020-04-23 00:00:00,0.0
2020-04-23 01:00:00,0.0
2020-04-23 02:00:00,0.0
2020-04-23 03:00:00,0.0
2020-04-23 04:00:00,0.0
2020-04-23 05:00:00,0.0
2020-04-23 06:00:00,0.0
2020-04-23 07:00:00,0.0
2020-04-23 08:00:00,0.0
2020-04-23 09:00:00,0.0
2020-04-23 10:00:00,0.0
2020-04-23 11:00:00,0.0
2020-04-23 12:00:00,0.0
2020-04-23 13:00:00,0.0
2020-04-23 14:00:00,0.0
2020-04-23 15:00:00,0.0
2020-04-23 16:00:00,0.0
2020-04-23 17:00:00,0.0
2020-04-23 18:00:00,0.0
2020-04-23 19:00:00,0.0
2020-04-23 20:00:00,0.0
2020-04-23 21:00:00,0.0
2020-04-23 22:00:00,0.0
2020-04-23 23:00:00,0.0
2020-04-24 00:00:00,0.0
2020-04-24 01:00:00,0.0
2020-04-24 02:00:00,0.0
2020-04-24 03:00:00,0.0
2020-04-24 04:00:00,0.0
2020-04-24 05:00:00,0.0
2020-04-24 06:00:00,0.0
2020-04-24 07:00:00,0.0
2020-04-24 08:00:00,0.0
2020-04-24 09:00:00,0.0
2020-04-24 10:00:00,0.0
2020-04-24 11:00:00,0.0
2020-04-24 12:00:00,0.0
2020-04-24 13:00:00,0.0
2020-04-24 14:00:00,0.0
2020-04-24 15:00:00,0.0
2020-04-24 16:00:00,0.0
2020-04-24 17:00:00,0.0
2020-04-24 18:00:00,0.0
2020-04-24 19:00:00,0.0
2020-04-24 20:00:00,0.0
2020-04-24 21:00:00,0.0
2020-04-24 22:00:00,0.0
2020-04-24 23:00:00,0.0
2020-04-25 00:00:00,0.0
2020-04-25 01:00:00,0.0
2020-04-25 02:00:00,0.0
2020-04-25 03:00:00,0.0
2020-04-25 04:00:00,0.0
2020-04-25 05:00:00,0.0
2020-04-25 06:00:00,0.0
2020-04-25 07:00:00,0.0
2020-04-25 08:00:00,0.0
2020-04-25 09:00:00,0.0
2020-04-25 10:00:00,0.0
2020-04-25 11:00:00,0.0
2020-04-25 12:00:00,0.0
2020-04-25 13:00:00,0.0
2020-04-25 14:00:00,0.0
2020-04-25 15:00:00,0.0
2020-04-25 16:00:00,0.0
2020-04-25 17:00:00,0.0
2020-04-25 18:00:00,0.0
2020-04-25 19:00:00,0.0
2020-04-25 20:00:00,0.0
2020-04-25 21:00:00,0.0
2020-04-25 22:00:00,0.0
2020-04-25 23:00:00,0.0
2020-04-26 00:00:00,0.0
2020-04-26 01:00:00,0.0
2020-04-26 02:00:00,0.0
2020-04-26 03:00:00,0.0
2020-04-26 04:00:00,0.0
2020-04-26 05:00:00,0.0
2020-04-26 06:00:00,0.0
2020-04-26 07:00:00,0.0
2020-04-26 08:00:00,0.0
2020-04-26 09:00:00,0.0
2020-04-26 10:00:00,0.0
2020-04-26 11:00:00,0.0
2020-04-26 12:00:00,0.0
2020-04-26 13:00:00,0.0
2020-04-26 14:00:00,0.0
2020-04-26 15:00:00,0.0
2020-04-26 16:00:00,0.0
2020-04-26 17:00:00,0.0
2020-04-26 18:00:00,0.0
2020-04-26 19:00:00,0.0
2020-04-26 20:00:00,0.0
2020-04-26 21:00:00,0.0
2020-04-26 22:00:00,0.0
2020-04-26 23:00:00,0.0
2020-04-27 00:00:00,0.0
2020-04-27 01:00:00,0.0
2020-04-27 02:00:00,0.0
2020-04-27 03:00:00,0.0
2020-04-27 04:00:00,0.0
2020-04-27 05:00:00,0.0
2020-04-27 06:00:00,0.0
2020-04-27 07:00:00,0.0
2020-04-27 08:00:00,0.0
2020-04-27 09:00:00,0.0
2020-04-27 10:00:00,0.0
2020-04-27 11:00:00,0.0
2020-04-27 12:00:00,0.0
2020-04-27 13:00:00,0.0
2020-04-27 14:00:00,0.0
2020-04-27 15:00:00,0.0
2020-04-27 16:00:00,0.0
2020-04-27 17:00:00,0.0
2020-04-27 18:00:00,0.0
2020-04-27 19:00:00,0.0
2020-04-27 20:00:00,0.0
2020-04-27 21:00:00,0.0
2020-04-27 22:00:00,0.0
2020-04-27 23:00:00,0.0
2020-04-28 00:00:00,0.0
2020-04-28 01:00:00,0.0
2020-04-28 02:00:00,0.0
2020-04-28 03:00:00,0.0
2020-04-28 04:00:00,0.0
2020-04-28 05:00:00,0.0
2020-04-28 06:00:00,0.0
2020-04-28 07:00:00,0.0
2020-04-28 08:00:00,0.0
2020-04-28 09:00:00,0.0
2020-04-28 10:00:00,0.0
2020-04-28 11:00:00,0.0
2020-04-28 12:00:00,0.0
2020-04-28 13:00:00,0.0
2020-04-28 14:00:00,0.0
2020-04-28 15:00:00,0.0
2020-04-28 16:00:00,0.0
2020-04-28 17:00:00,0.0
2020-04-28 18:00:00,0.0
2020-04-28 19:00:00,0.0
2020-04-28 20:00:00,0.0
2020-04-28 21:00:00,0.0
2020-04-28 22:00:00,0.0
2020-04-28 23:00:00,0.0
2020-04-29 00:00:00,0.0
2020-04-29 01:00:00,0.0
2020-04-29 02:00:00,0.0
2020-04-29 03:00:00,0.0
2020-04-29 04:00:00,0.0
2020-04-29 05:00:00,0.0
2020-04-29 06:00:00,0.0
2020-04-29 07:00:00,0.0
2020-04-29 08:00:00,0.0
2020-04-29 09:00:00,0.0
2020-04-29 10:00:00,0.0
2020-04-29 11:00:00,0.0
2020-04-29 12:00:00,0.0
2020-04-29 13:00:00,0.0
2020-04-29 14:00:00,0.0
2020-04-29 15:00:00,0.0
2020-04-29 16:00:00,0.0
2020-04-29 17:00:00,0.0
2020-04-29 18:00:00,0.0
2020-04-29 19:00:00,0.0
2020-04-29 20:00:00,0.0
2020-04-29 21:00:00,0.0
2020-04-29 22:00:00,0.0
2020-04-29 23:00:00,0.0
2020-04-30 00:00:00,0.0
2020-04-30 01:00:00,0.0
2020-04-30 02:00:00,0.0
2020-04-30 03:00:00,0.0
2020-04-30 04:00:00,0.0
2020-04-30 05:00:00,0.0
2020-04-30 06:00:00,0.0
2020-04-30 07:00:00,0.0
2020-04-30 08:00:00,0.0
2020-04-30 09:00:00,0.0
2020-04-30 10:00:00,0.0
2020-04-30 11:00:00,0.0
2020-04-30 12:00:00,0.0
2020-04-30 13:00:00,0.0
2020-04-30 14:00:00,0.0
2020-04-30 15:00:00,0.0
2020-04-30 16:00:00,0.0
2020-04-30 17:00:00,0.0
2020-04-30 18:00:00,0.0
2020-04-30 19:00:00,0.0
2020-04-30 20:00:00,0.0
2020-04-30 21:00:00,0.0
2020-04-30 22:00:00,0.0
2020-04-30 23:00:00,0.0
2020-05-01 00:00:00,0.0
2020-05-01 01:00:00,0.0
2020-05-01 02:00:00,0.0
2020-05-01 03:00:00,0.0
2020-05-01 04:00:00,0.0
2020-05-01 05:00:00,0.0
2020-05-01 06:00:00,0.0
2020-05-01 07:00:00,0.0
2020-05-01 08:00:00,0.0
2020-05-01 09:00:00,0.0
2020-05-01 10:00:00,0.0
2020-05-01 11:00:00,0.0
2020-05-01 12:00:00,0.0
2020-05-01 13:00:00,0.0
2020-05-01 14:00:00,2.241246222222222
2020-05-01 15:00:00,15.963815111111042
2020-05-01 16:00:00,19.994387111110996
2020-05-01 17:00:00,17.992774222222142
2020-05-01 18:00:00,13.002368888888778
2020-05-01 19:00:00,8.531709333333257
2020-05-01 20:00:00,6.500774222222195
2020-05-01 21:00:00,8.927429333333277
2020-05-01 22:00:00,12.176117777777804
2020-05-01 23:00:00,3.9340599999999917
2020-05-02 00:00:00,0.27390711111111216
2020-05-02 01:00:00,0.0
2020-05-02 02:00:00,0.0
2020-05-02 03:00:00,0.0
2020-05-02 04:00:00,0.0
2020-05-02 05:00:00,0.0
2020-05-02 06:00:00,0.0
2020-05-02 07:00:00,0.0
2020-05-02 08:00:00,0.0
2020-05-02 09:00:00,0.0
2020-05-02 10:00:00,0.0
2020-05-02 11:00:00,0.0
2020-05-02 12:00:00,0.0
2020-05-02 13:00:00,0.0
2020-05-02 14:00:00,0.0
2020-05-02 15:00:00,0.0
2020-05-02 16:00:00,0.0
2020-05-02 17:00:00,0.0
2020-05-02 18:00:00,0.0
2020-05-02 19:00:00,0.0
2020-05-02 20:00:00,1.1540591111111118
2020-05-02 21:00:00,6.533909777777684
2020-05-02 22:00:00,6.616162222222122
2020-05-02 23:00:00,4.659610222222205
2020-05-03 00:00:00,0.0
2020-05-03 01:00:00,0.0
2020-05-03 02:00:00,0.0
2020-05-03 03:00:00,0.0
2020-05-03 04:00:00,0.0
2020-05-03 05:00:00,0.0
2020-05-03 06:00:00,0.0
2020-05-03 07:00:00,0.0
2020-05-03 08:00:00,0.0
2020-05-03 09:00:00,0.0
2020-05-03 10:00:00,0.0
2020-05-03 11:00:00,0.0
2020-05-03 12:00:00,0.0
2020-05-03 13:00:00,0.0
2020-05-03 14:00:00,0.0
2020-05-03 15:00:00,0.0
2020-05-03 16:00:00,5.558089333333294
2020-05-03 17:00:00,10.564961333333263
2020-05-03 18:00:00,10.105004000000012
2020-05-03 19:00:00,2.0504582222222227
2020-05-03 20:00:00,0.0
2020-05-03 21:00:00,0.0
2020-05-03 22:00:00,0.0
2020-05-03 23:00:00,0.0
2020-05-04 00:00:00,0.0
2020-05-04 01:00:00,0.0
2020-05-04 02:00:00,0.0
2020-05-04 03:00:00,0.0
2020-05-04 04:00:00,0.0
2020-05-04 05:00:00,0.0
2020-05-04 06:00:00,0.0
2020-05-04 07:00:00,0.0
2020-05-04 08:00:00,0.0
2020-05-04 09:00:00,0.0
2020-05-04 10:00:00,0.0
2020-05-04 11:00:00,0.0
2020-05-04 12:00:00,0.0976906666666667
2020-05-04 13:00:00,13.769703999999939
2020-05-04 14:00:00,22.405592444444355
2020-05-04 15:00:00,20.375957333333332
2020-05-04 16:00:00,18.036662222222144
2020-05-04 17:00:00,7.669699555555521
2020-05-04 18:00:00,1.032003555555555
2020-05-04 19:00:00,2.0536475555555715
2020-05-04 20:00:00,3.117556000000039
2020-05-04 21:00:00,3.10898755555559
2020-05-04 22:00:00,3.108016888888923
2020-05-04 23:00:00,0.2621262222222224
2020-05-05 00:00:00,0.0
2020-05-05 01:00:00,0.0
2020-05-05 02:00:00,0.0
2020-05-05 03:00:00,0.0
2020-05-05 04:00:00,0.0
2020-05-05 05:00:00,0.0
2020-05-05 06:00:00,0.0
2020-05-05 07:00:00,0.0
2020-05-05 08:00:00,0.0
2020-05-05 09:00:00,0.0
2020-05-05 10:00:00,0.0
2020-05-05 11:00:00,0.0
2020-05-05 12:00:00,0.1465648888888889
2020-05-05 13:00:00,13.056102222222217
2020-05-05 14:00:00,18.424067999999988
2020-05-05 15:00:00,14.498333777777745
2020-05-05 16:00:00,12.751029777777763
2020-05-05 17:00:00,14.90920311111103
2020-05-05 18:00:00,6.248470222222177
2020-05-05 19:00:00,0.0
2020-05-05 20:00:00,0.0
2020-05-05 21:00:00,0.0
2020-05-05 22:00:00,0.0
2020-05-05 23:00:00,0.0
2020-05-06 00:00:00,0.0
2020-05-06 01:00:00,0.39459911111111134
2020-05-06 02:00:00,0.5510382222222235
2020-05-06 03:00:00,0.0
2020-05-06 04:00:00,0.0
2020-05-06 05:00:00,2.381195555555563
2020-05-06 06:00:00,3.351619555555586
2020-05-06 07:00:00,3.350695111111139
2020-05-06 08:00:00,3.6053217777778337
2020-05-06 09:00:00,1.2251431111111046
2020-05-06 10:00:00,0.727214222222221
2020-05-06 11:00:00,0.7278035555555538
2020-05-06 12:00:00,0.3353075555555571
2020-05-06 13:00:00,4.598735555555591
2020-05-06 14:00:00,9.173678222222165
2020-05-06 15:00:00,10.125705777777714
2020-05-06 16:00:00,6.286389777777728
2020-05-06 17:00:00,7.9896613333333555
2020-05-06 18:00:00,7.9222693333333245
2020-05-06 19:00:00,8.540716888888888
2020-05-06 20:00:00,7.746873333333283
2020-05-06 21:00:00,3.212814222222206
2020-05-06 22:00:00,2.859959555555538
2020-05-06 23:00:00,0.0
2020-05-07 00:00:00,0.0
2020-05-07 01:00:00,0.0
2020-05-07 02:00:00,0.0
2020-05-07 03:00:00,0.0
2020-05-07 04:00:00,0.0
2020-05-07 05:00:00,0.0
2020-05-07 06:00:00,0.0
2020-05-07 07:00:00,0.0
2020-05-07 08:00:00,0.0
2020-05-07 09:00:00,0.0
2020-05-07 10:00:00,0.0
2020-05-07 11:00:00,0.0
2020-05-07 12:00:00,0.1091826666666667
2020-05-07 13:00:00,5.7267079999999835
2020-05-07 14:00:00,9.854560444444386
2020-05-07 15:00:00,8.388414666666662
2020-05-07 16:00:00,6.262949333333257
2020-05-07 17:00:00,7.056469333333315
2020-05-07 18:00:00,10.395568444444368
2020-05-07 19:00:00,14.114735555555566
2020-05-07 20:00:00,9.450526222222226
2020-05-07 21:00:00,4.379705777777778
2020-05-07 22:00:00,3.1095711111111477
2020-05-07 23:00:00,1.0293862222222214
2020-05-08 00:00:00,0.0
2020-05-08 01:00:00,0.0
2020-05-08 02:00:00,0.0
2020-05-08 03:00:00,0.0
2020-05-08 04:00:00,0.0
2020-05-08 05:00:00,0.0
2020-05-08 06:00:00,0.0
2020-05-08 07:00:00,0.0
2020-05-08 08:00:00,0.0
2020-05-08 09:00:00,0.0
2020-05-08 10:00:00,0.0
2020-05-08 11:00:00,0.0
2020-05-08 12:00:00,0.0
2020-05-08 13:00:00,0.0
2020-05-08 14:00:00,0.0
2020-05-08 15:00:00,6.211931555555566
2020-05-08 16:00:00,11.93344533333334
2020-05-08 17:00:00,16.064972444444383
2020-05-08 18:00:00,14.103024000000019
2020-05-08 19:00:00,12.847824888888836
2020-05-08 20:00:00,12.22140399999997
2020-05-08 21:00:00,7.785931111111047
2020-05-08 22:00:00,6.476565333333252
2020-05-08 23:00:00,0.48812977777777794
2020-05-09 00:00:00,0.0
2020-05-09 01:00:00,0.0
2020-05-09 02:00:00,0.0
2020-05-09 03:00:00,0.0
2020-05-09 04:00:00,0.0
2020-05-09 05:00:00,0.0
2020-05-09 06:00:00,0.0
2020-05-09 07:00:00,0.0
2020-05-09 08:00:00,0.0
2020-05-09 09:00:00,0.0
2020-05-09 10:00:00,0.0
2020-05-09 11:00:00,0.0
2020-05-09 12:00:00,0.0
2020-05-09 13:00:00,0.0
2020-05-09 14:00:00,0.0
2020-05-09 15:00:00,0.0
2020-05-09 16:00:00,0.0
2020-05-09 17:00:00,0.0
2020-05-09 18:00:00,0.0
2020-05-09 19:00:00,0.0
2020-05-09 20:00:00,0.0
2020-05-09 21:00:00,6.366983999999935
2020-05-09 22:00:00,6.514750666666599
2020-05-09 23:00:00,4.089072000000011
2020-05-10 00:00:00,0.0
2020-05-10 01:00:00,0.0
2020-05-10 02:00:00,0.0
2020-05-10 03:00:00,0.0
2020-05-10 04:00:00,0.0
2020-05-10 05:00:00,0.0
2020-05-10 06:00:00,0.0
2020-05-10 07:00:00,0.0
2020-05-10 08:00:00,0.0
2020-05-10 09:00:00,0.0
2020-05-10 10:00:00,0.0
2020-05-10 11:00:00,0.0
2020-05-10 12:00:00,0.0
2020-05-10 13:00:00,0.0
2020-05-10 14:00:00,0.0
2020-05-10 15:00:00,0.0
2020-05-10 16:00:00,0.0
2020-05-10 17:00:00,0.0
2020-05-10 18:00:00,0.0
2020-05-10 19:00:00,0.0
2020-05-10 20:00:00,5.697975111111092
2020-05-10 21:00:00,6.520690222222162
2020-05-10 22:00:00,6.441286222222196
2020-05-10 23:00:00,6.520713333333239
2020-05-11 00:00:00,6.479061333333267
2020-05-11 01:00:00,3.8740173333333026
2020-05-11 02:00:00,0.0
2020-05-11 03:00:00,0.0
2020-05-11 04:00:00,0.0
2020-05-11 05:00:00,0.0
2020-05-11 06:00:00,0.0
2020-05-11 07:00:00,0.0
2020-05-11 08:00:00,0.0
2020-05-11 09:00:00,0.0
2020-05-11 10:00:00,0.0
2020-05-11 11:00:00,0.0
2020-05-11 12:00:00,0.0
2020-05-11 13:00:00,7.13855999999997
2020-05-11 14:00:00,18.504581333333256
2020-05-11 15:00:00,13.62439288888889
2020-05-11 16:00:00,6.89781155555556
2020-05-11 17:00:00,12.02167777777776
2020-05-11 18:00:00,13.63593111111114
2020-05-11 19:00:00,13.912224444444302
2020-05-11 20:00:00,13.955494222222278
2020-05-11 21:00:00,17.15626177777783
2020-05-11 22:00:00,9.442269777777804
2020-05-11 23:00:00,6.8153164444444325
2020-05-12 00:00:00,6.339938222222215
2020-05-12 01:00:00,6.311442222222207
2020-05-12 02:00:00,5.880079111111115
2020-05-12 03:00:00,1.4430751111111073
2020-05-12 04:00:00,0.0
2020-05-12 05:00:00,0.0
2020-05-12 06:00:00,0.0
2020-05-12 07:00:00,0.0
2020-05-12 08:00:00,0.0
2020-05-12 09:00:00,0.0
2020-05-12 10:00:00,0.0
2020-05-12 11:00:00,0.0
2020-05-12 12:00:00,0.0
2020-05-12 13:00:00,2.690728444444421
2020-05-12 14:00:00,2.698123999999997
2020-05-12 15:00:00,0.0
2020-05-12 16:00:00,5.453401777777803
2020-05-12 17:00:00,15.239986666666692
2020-05-12 18:00:00,16.14855955555552
2020-05-12 19:00:00,16.572313333333305
2020-05-12 20:00:00,12.596624444444418
2020-05-12 21:00:00,9.682700444444414
2020-05-12 22:00:00,9.22686266666665
2020-05-12 23:00:00,1.2434355555555539
2020-05-13 00:00:00,0.0
2020-05-13 01:00:00,0.0
2020-05-13 02:00:00,0.0
2020-05-13 03:00:00,0.0
2020-05-13 04:00:00,0.0
2020-05-13 05:00:00,0.0
2020-05-13 06:00:00,0.0
2020-05-13 07:00:00,0.0
2020-05-13 08:00:00,0.0
2020-05-13 09:00:00,0.0
2020-05-13 10:00:00,0.0
2020-05-13 11:00:00,0.0
2020-05-13 12:00:00,1.6224115555555638
2020-05-13 13:00:00,3.3060675555555195
2020-05-13 14:00:00,3.305507111111076
2020-05-13 15:00:00,2.2472493333333503
2020-05-13 16:00:00,2.596660444444452
2020-05-13 17:00:00,5.590612444444436
2020-05-13 18:00:00,5.289006666666632
2020-05-13 19:00:00,7.910280444444403
2020-05-13 20:00:00,8.70167422222221
2020-05-13 21:00:00,8.574828888888879
2020-05-13 22:00:00,6.659749777777788
2020-05-13 23:00:00,3.838218222222229
2020-05-14 00:00:00,0.3166684444444448
2020-05-14 01:00:00,0.0
2020-05-14 02:00:00,0.0
2020-05-14 03:00:00,0.0
2020-05-14 04:00:00,0.0
2020-05-14 05:00:00,0.0
2020-05-14 06:00:00,0.0
2020-05-14 07:00:00,0.0
2020-05-14 08:00:00,0.0
2020-05-14 09:00:00,0.0
2020-05-14 10:00:00,0.0
2020-05-14 11:00:00,0.0
2020-05-14 12:00:00,0.8743279999999991
2020-05-14 13:00:00,4.106047111111108
2020-05-14 14:00:00,7.203513777777792
2020-05-14 15:00:00,10.006683555555526
2020-05-14 16:00:00,9.396457777777766
2020-05-14 17:00:00,11.143316888888897
2020-05-14 18:00:00,6.296310222222177
2020-05-14 19:00:00,6.314735555555572
2020-05-14 20:00:00,6.034721333333328
2020-05-14 21:00:00,7.74348755555549
2020-05-14 22:00:00,11.79109244444447
2020-05-14 23:00:00,8.61844533333334
2020-05-15 00:00:00,0.13745333333333337
2020-05-15 01:00:00,0.0
2020-05-15 02:00:00,0.0
2020-05-15 03:00:00,0.0
2020-05-15 04:00:00,0.0
2020-05-15 05:00:00,0.0
2020-05-15 06:00:00,0.0
2020-05-15 07:00:00,0.0
2020-05-15 08:00:00,0.0
2020-05-15 09:00:00,0.0
2020-05-15 10:00:00,0.0
2020-05-15 11:00:00,0.0
2020-05-15 12:00:00,0.0
2020-05-15 13:00:00,3.048852444444421
2020-05-15 14:00:00,5.96683244444442
2020-05-15 15:00:00,12.022648444444428
2020-05-15 16:00:00,13.016160444444445
2020-05-15 17:00:00,17.935562666666684
2020-05-15 18:00:00,1.0602222222222226
2020-05-15 19:00:00,0.0
2020-05-15 20:00:00,0.0
2020-05-15 21:00:00,0.0
2020-05-15 22:00:00,0.0
2020-05-15 23:00:00,0.0
2020-05-16 00:00:00,0.0
2020-05-16 01:00:00,0.0
2020-05-16 02:00:00,0.0
2020-05-16 03:00:00,0.0
2020-05-16 04:00:00,0.0
2020-05-16 05:00:00,0.0
2020-05-16 06:00:00,0.0
2020-05-16 07:00:00,0.0
2020-05-16 08:00:00,0.0
2020-05-16 09:00:00,0.0
2020-05-16 10:00:00,0.0
2020-05-16 11:00:00,0.0
2020-05-16 12:00:00,0.0
2020-05-16 13:00:00,0.0
2020-05-16 14:00:00,0.0
2020-05-16 15:00:00,0.0
2020-05-16 16:00:00,0.0
2020-05-16 17:00:00,0.0
2020-05-16 18:00:00,0.0
2020-05-16 19:00:00,0.0
2020-05-16 20:00:00,0.0
2020-05-16 21:00:00,0.0
2020-05-16 22:00:00,0.0
2020-05-16 23:00:00,0.0
2020-05-17 00:00:00,0.0
2020-05-17 01:00:00,0.0
2020-05-17 02:00:00,0.0
2020-05-17 03:00:00,0.0
2020-05-17 04:00:00,0.0
2020-05-17 05:00:00,0.0
2020-05-17 06:00:00,0.0
2020-05-17 07:00:00,0.0
2020-05-17 08:00:00,0.0
2020-05-17 09:00:00,0.0
2020-05-17 10:00:00,0.0
2020-05-17 11:00:00,0.0
2020-05-17 12:00:00,0.0
2020-05-17 13:00:00,0.0
2020-05-17 14:00:00,0.0
2020-05-17 15:00:00,0.0
2020-05-17 16:00:00,0.0
2020-05-17 17:00:00,0.0
2020-05-17 18:00:00,0.0
2020-05-17 19:00:00,0.0
2020-05-17 20:00:00,0.0
2020-05-17 21:00:00,0.0
2020-05-17 22:00:00,0.0
2020-05-17 23:00:00,0.0
2020-05-18 00:00:00,0.0
2020-05-18 01:00:00,0.0
2020-05-18 02:00:00,0.0
2020-05-18 03:00:00,0.0
2020-05-18 04:00:00,0.0
2020-05-18 05:00:00,0.0
2020-05-18 06:00:00,0.0
2020-05-18 07:00:00,0.0
2020-05-18 08:00:00,0.0
2020-05-18 09:00:00,0.0
2020-05-18 10:00:00,0.0
2020-05-18 11:00:00,0.0
2020-05-18 12:00:00,0.5487791111111112
2020-05-18 13:00:00,8.4473364444444
2020-05-18 14:00:00,15.901859999999957
2020-05-18 15:00:00,22.5494417777778
2020-05-18 16:00:00,14.638260000000063
2020-05-18 17:00:00,13.215950222222226
2020-05-18 18:00:00,12.760227999999914
2020-05-18 19:00:00,8.061565777777691
2020-05-18 20:00:00,5.146827111111074
2020-05-18 21:00:00,0.0014964444444444443
2020-05-18 22:00:00,0.00046222222222222216
2020-05-18 23:00:00,0.0
2020-05-19 00:00:00,0.0
2020-05-19 01:00:00,0.0
2020-05-19 02:00:00,0.0
2020-05-19 03:00:00,0.0
2020-05-19 04:00:00,0.0
2020-05-19 05:00:00,0.0
2020-05-19 06:00:00,0.0
2020-05-19 07:00:00,0.0
2020-05-19 08:00:00,0.0
2020-05-19 09:00:00,0.0
2020-05-19 10:00:00,0.0
2020-05-19 11:00:00,0.0
2020-05-19 12:00:00,0.7726911111111103
2020-05-19 13:00:00,8.137595555555565
2020-05-19 14:00:00,13.344222666666745
2020-05-19 15:00:00,12.574588000000064
2020-05-19 16:00:00,17.446179111111213
2020-05-19 17:00:00,12.432772444444485
2020-05-19 18:00:00,5.637562666666671
2020-05-19 19:00:00,2.3208235555555436
2020-05-19 20:00:00,2.19846755555554
2020-05-19 21:00:00,3.938081333333336
2020-05-19 22:00:00,12.367073333333316
2020-05-19 23:00:00,9.311992444444453
2020-05-20 00:00:00,1.712989777777778
2020-05-20 01:00:00,0.0
2020-05-20 02:00:00,0.0
2020-05-20 03:00:00,0.0
2020-05-20 04:00:00,0.0
2020-05-20 05:00:00,0.0
2020-05-20 06:00:00,0.0
2020-05-20 07:00:00,0.0
2020-05-20 08:00:00,0.0
2020-05-20 09:00:00,0.0
2020-05-20 10:00:00,0.0
2020-05-20 11:00:00,0.0
2020-05-20 12:00:00,0.6584528888888889
2020-05-20 13:00:00,4.788200444444416
2020-05-20 14:00:00,9.470078222222156
2020-05-20 15:00:00,9.608201777777811
2020-05-20 16:00:00,9.203375999999988
2020-05-20 17:00:00,8.348311111111062
2020-05-20 18:00:00,1.254216888888892
2020-05-20 19:00:00,3.3361293333332926
2020-05-20 20:00:00,3.3320328888888695
2020-05-20 21:00:00,2.36604622222223
2020-05-20 22:00:00,5.495567999999995
2020-05-20 23:00:00,5.854755111111123
2020-05-21 00:00:00,2.676440000000005
2020-05-21 01:00:00,0.0
2020-05-21 02:00:00,0.0
2020-05-21 03:00:00,0.0
2020-05-21 04:00:00,0.0
2020-05-21 05:00:00,0.0
2020-05-21 06:00:00,0.0
2020-05-21 07:00:00,0.0
2020-05-21 08:00:00,0.0
2020-05-21 09:00:00,0.0
2020-05-21 10:00:00,0.0
2020-05-21 11:00:00,0.0
2020-05-21 12:00:00,0.5798231111111112
2020-05-21 13:00:00,6.123335111111173
2020-05-21 14:00:00,8.588308444444477
2020-05-21 15:00:00,9.42363066666671
2020-05-21 16:00:00,8.104835555555585
2020-05-21 17:00:00,10.40859733333333
2020-05-21 18:00:00,10.168865777777714
2020-05-21 19:00:00,13.836888000000002
2020-05-21 20:00:00,14.107449777777756
2020-05-21 21:00:00,12.44901955555552
2020-05-21 22:00:00,11.399243555555552
2020-05-21 23:00:00,5.5310435555555415
2020-05-22 00:00:00,3.39698088888888
2020-05-22 01:00:00,0.0
2020-05-22 02:00:00,0.0
2020-05-22 03:00:00,0.0
2020-05-22 04:00:00,0.0
2020-05-22 05:00:00,0.0
2020-05-22 06:00:00,0.0
2020-05-22 07:00:00,0.0
2020-05-22 08:00:00,0.0
2020-05-22 09:00:00,0.0
2020-05-22 10:00:00,0.0
2020-05-22 11:00:00,0.0
2020-05-22 12:00:00,0.0
2020-05-22 13:00:00,0.0
2020-05-22 14:00:00,0.0
2020-05-22 15:00:00,0.0
2020-05-22 16:00:00,0.0
2020-05-22 17:00:00,3.552385777777771
2020-05-22 18:00:00,6.50681777777771
2020-05-22 19:00:00,6.476409333333287
2020-05-22 20:00:00,6.515703999999927
2020-05-22 21:00:00,4.720271111111095
2020-05-22 22:00:00,0.0
2020-05-22 23:00:00,0.0
2020-05-23 00:00:00,0.0
2020-05-23 01:00:00,0.0
2020-05-23 02:00:00,0.0
2020-05-23 03:00:00,0.0
2020-05-23 04:00:00,0.0
2020-05-23 05:00:00,0.0
2020-05-23 06:00:00,0.0
2020-05-23 07:00:00,0.0
2020-05-23 08:00:00,0.0
2020-05-23 09:00:00,0.0
2020-05-23 10:00:00,0.0
2020-05-23 11:00:00,0.0
2020-05-23 12:00:00,0.0
2020-05-23 13:00:00,0.0
2020-05-23 14:00:00,0.0
2020-05-23 15:00:00,0.0
2020-05-23 16:00:00,0.0
2020-05-23 17:00:00,0.0
2020-05-23 18:00:00,0.0
2020-05-23 19:00:00,0.0
2020-05-23 20:00:00,0.0
2020-05-23 21:00:00,0.0
2020-05-23 22:00:00,0.0
2020-05-23 23:00:00,0.0
2020-05-24 00:00:00,0.0
2020-05-24 01:00:00,0.0
2020-05-24 02:00:00,0.0
2020-05-24 03:00:00,0.0
2020-05-24 04:00:00,0.0
2020-05-24 05:00:00,0.0
2020-05-24 06:00:00,0.0
2020-05-24 07:00:00,0.0
2020-05-24 08:00:00,0.0
2020-05-24 09:00:00,0.0
2020-05-24 10:00:00,0.0
2020-05-24 11:00:00,0.0
2020-05-24 12:00:00,0.0
2020-05-24 13:00:00,0.0
2020-05-24 14:00:00,0.0
2020-05-24 15:00:00,0.0
2020-05-24 16:00:00,0.0
2020-05-24 17:00:00,0.0
2020-05-24 18:00:00,0.0
2020-05-24 19:00:00,0.0
2020-05-24 20:00:00,0.0
2020-05-24 21:00:00,0.0
2020-05-24 22:00:00,0.0
2020-05-24 23:00:00,0.0
2020-05-25 00:00:00,0.0
2020-05-25 01:00:00,0.0
2020-05-25 02:00:00,0.0
2020-05-25 03:00:00,0.0
2020-05-25 04:00:00,0.0
2020-05-25 05:00:00,0.0
2020-05-25 06:00:00,0.0
2020-05-25 07:00:00,0.0
2020-05-25 08:00:00,0.0
2020-05-25 09:00:00,0.0
2020-05-25 10:00:00,0.0
2020-05-25 11:00:00,0.0
2020-05-25 12:00:00,0.0
2020-05-25 13:00:00,0.0
2020-05-25 14:00:00,0.0
2020-05-25 15:00:00,0.0
2020-05-25 16:00:00,0.0
2020-05-25 17:00:00,0.0
2020-05-25 18:00:00,0.0
2020-05-25 19:00:00,0.0
2020-05-25 20:00:00,0.0
2020-05-25 21:00:00,0.0
2020-05-25 22:00:00,0.0
2020-05-25 23:00:00,0.0
2020-05-26 00:00:00,0.0
2020-05-26 01:00:00,0.0
2020-05-26 02:00:00,0.0
2020-05-26 03:00:00,0.0
2020-05-26 04:00:00,0.0
2020-05-26 05:00:00,0.0
2020-05-26 06:00:00,0.0
2020-05-26 07:00:00,0.0
2020-05-26 08:00:00,0.0
2020-05-26 09:00:00,0.0
2020-05-26 10:00:00,0.0
2020-05-26 11:00:00,0.0
2020-05-26 12:00:00,0.6761386666666662
2020-05-26 13:00:00,7.122532444444438
2020-05-26 14:00:00,11.576361333333312
2020-05-26 15:00:00,10.34636488888886
2020-05-26 16:00:00,8.603423111111104
2020-05-26 17:00:00,3.57497111111111
2020-05-26 18:00:00,0.0
2020-05-26 19:00:00,4.06559688888892
2020-05-26 20:00:00,5.854102222222182
2020-05-26 21:00:00,7.159440888888795
2020-05-26 22:00:00,16.89047244444437
2020-05-26 23:00:00,11.838111999999942
2020-05-27 00:00:00,9.431008888888867
2020-05-27 01:00:00,6.499734222222168
2020-05-27 02:00:00,2.5537951111111217
2020-05-27 03:00:00,0.0
2020-05-27 04:00:00,0.0
2020-05-27 05:00:00,0.0
2020-05-27 06:00:00,0.0
2020-05-27 07:00:00,0.0
2020-05-27 08:00:00,0.0
2020-05-27 09:00:00,0.0
2020-05-27 10:00:00,0.0
2020-05-27 11:00:00,0.0
2020-05-27 12:00:00,0.0
2020-05-27 13:00:00,0.0
2020-05-27 14:00:00,3.653600888888881
2020-05-27 15:00:00,12.865603111111204
2020-05-27 16:00:00,14.812523555555531
2020-05-27 17:00:00,16.49036133333327
2020-05-27 18:00:00,12.57759822222218
2020-05-27 19:00:00,10.162019111111135
2020-05-27 20:00:00,8.221870222222261
2020-05-27 21:00:00,11.956007555555598
2020-05-27 22:00:00,7.531235111111125
2020-05-27 23:00:00,5.483284444444427
2020-05-28 00:00:00,4.164310222222212
2020-05-28 01:00:00,0.0
2020-05-28 02:00:00,0.0
2020-05-28 03:00:00,0.0
2020-05-28 04:00:00,0.0
2020-05-28 05:00:00,0.0
2020-05-28 06:00:00,0.0
2020-05-28 07:00:00,0.0
2020-05-28 08:00:00,0.0
2020-05-28 09:00:00,0.0
2020-05-28 10:00:00,0.0
2020-05-28 11:00:00,0.0
2020-05-28 12:00:00,1.8759808888888927
2020-05-28 13:00:00,9.761491999999949
2020-05-28 14:00:00,20.002712888888873
2020-05-28 15:00:00,22.385017777777705
2020-05-28 16:00:00,23.271929777777757
2020-05-28 17:00:00,17.424558666666623
2020-05-28 18:00:00,12.19365911111112
2020-05-28 19:00:00,6.653584888888837
2020-05-28 20:00:00,10.195073777777731
2020-05-28 21:00:00,7.870355999999942
2020-05-28 22:00:00,12.115006222222117
2020-05-28 23:00:00,6.220829333333311
2020-05-29 00:00:00,1.8903791111111097
2020-05-29 01:00:00,0.0
2020-05-29 02:00:00,0.0
2020-05-29 03:00:00,0.0
2020-05-29 04:00:00,0.0
2020-05-29 05:00:00,0.0
2020-05-29 06:00:00,0.0
2020-05-29 07:00:00,0.0
2020-05-29 08:00:00,0.0
2020-05-29 09:00:00,0.0
2020-05-29 10:00:00,0.0
2020-05-29 11:00:00,0.0
2020-05-29 12:00:00,2.9794440000000058
2020-05-29 13:00:00,9.552157333333327
2020-05-29 14:00:00,4.691185777777746
2020-05-29 15:00:00,7.456539999999985
2020-05-29 16:00:00,4.459375555555525
2020-05-29 17:00:00,1.4336977777777886
2020-05-29 18:00:00,5.680381777777782
2020-05-29 19:00:00,7.134631111111095
2020-05-29 20:00:00,7.153125777777776
2020-05-29 21:00:00,8.117488888888918
2020-05-29 22:00:00,9.040997333333348
2020-05-29 23:00:00,6.816142666666671
2020-05-30 00:00:00,0.16990711111111115
2020-05-30 01:00:00,0.0
2020-05-30 02:00:00,0.0
2020-05-30 03:00:00,0.0
2020-05-30 04:00:00,0.0
2020-05-30 05:00:00,0.0
2020-05-30 06:00:00,0.0
2020-05-30 07:00:00,0.0
2020-05-30 08:00:00,0.0
2020-05-30 09:00:00,0.0
2020-05-30 10:00:00,0.0
2020-05-30 11:00:00,0.0
2020-05-30 12:00:00,0.0
2020-05-30 13:00:00,0.0
2020-05-30 14:00:00,0.0
2020-05-30 15:00:00,0.0
2020-05-30 16:00:00,0.0
2020-05-30 17:00:00,0.0
2020-05-30 18:00:00,0.0
2020-05-30 19:00:00,0.0
2020-05-30 20:00:00,0.0
2020-05-30 21:00:00,0.0
2020-05-30 22:00:00,0.0
2020-05-30 23:00:00,0.0
2020-05-31 00:00:00,0.0
2020-05-31 01:00:00,0.0
2020-05-31 02:00:00,0.0
2020-05-31 03:00:00,0.0
2020-05-31 04:00:00,0.0
2020-05-31 05:00:00,0.0
2020-05-31 06:00:00,0.0
2020-05-31 07:00:00,0.0
2020-05-31 08:00:00,0.0
2020-05-31 09:00:00,0.0
2020-05-31 10:00:00,0.0
2020-05-31 11:00:00,0.0
2020-05-31 12:00:00,0.0
2020-05-31 13:00:00,0.0
2020-05-31 14:00:00,0.0
2020-05-31 15:00:00,0.0
2020-05-31 16:00:00,0.0
2020-05-31 17:00:00,0.0
2020-05-31 18:00:00,0.0
2020-05-31 19:00:00,0.0
2020-05-31 20:00:00,0.0
2020-05-31 21:00:00,0.0
2020-05-31 22:00:00,0.0
2020-05-31 23:00:00,0.0
2020-06-01 00:00:00,0.0
2020-06-01 01:00:00,0.0
2020-06-01 02:00:00,0.0
2020-06-01 03:00:00,0.0
2020-06-01 04:00:00,0.0
2020-06-01 05:00:00,0.0
2020-06-01 06:00:00,0.0
2020-06-01 07:00:00,0.0
2020-06-01 08:00:00,0.0
2020-06-01 09:00:00,0.0
2020-06-01 10:00:00,0.0
2020-06-01 11:00:00,0.0
2020-06-01 12:00:00,0.0
2020-06-01 13:00:00,5.933483111111085
2020-06-01 14:00:00,10.250338222222206
2020-06-01 15:00:00,14.870619111111072
2020-06-01 16:00:00,6.325805777777791
2020-06-01 17:00:00,4.3678786666666225
2020-06-01 18:00:00,4.074488888888888
2020-06-01 19:00:00,9.528087111111054
2020-06-01 20:00:00,22.359017777777712
2020-06-01 21:00:00,21.581877777777702
2020-06-01 22:00:00,14.532942666666589
2020-06-01 23:00:00,14.989080888888873
2020-06-02 00:00:00,10.928239111111036
2020-06-02 01:00:00,6.338921333333318
2020-06-02 02:00:00,6.462739111111018
2020-06-02 03:00:00,6.096266222222162
2020-06-02 04:00:00,0.08868888888888889
2020-06-02 05:00:00,0.0002311111111111111
2020-06-02 06:00:00,0.0
2020-06-02 07:00:00,0.0
2020-06-02 08:00:00,0.0
2020-06-02 09:00:00,0.0
2020-06-02 10:00:00,0.0
2020-06-02 11:00:00,0.0
2020-06-02 12:00:00,0.7008040000000006
2020-06-02 13:00:00,8.131274666666668
2020-06-02 14:00:00,12.58642666666669
2020-06-02 15:00:00,16.141036888888912
2020-06-02 16:00:00,5.469804888888914
2020-06-02 17:00:00,3.917703111111112
2020-06-02 18:00:00,3.3432302222222505
2020-06-02 19:00:00,3.7756968888888967
2020-06-02 20:00:00,3.183468888888919
2020-06-02 21:00:00,6.340250222222235
2020-06-02 22:00:00,11.000184000000019
2020-06-02 23:00:00,4.002948444444444
2020-06-03 00:00:00,0.0
2020-06-03 01:00:00,0.0
2020-06-03 02:00:00,0.0
2020-06-03 03:00:00,0.0
2020-06-03 04:00:00,0.0
2020-06-03 05:00:00,0.0
2020-06-03 06:00:00,0.0
2020-06-03 07:00:00,0.0
2020-06-03 08:00:00,0.0
2020-06-03 09:00:00,0.0
2020-06-03 10:00:00,0.0
2020-06-03 11:00:00,0.0
2020-06-03 12:00:00,1.0158373333333335
2020-06-03 13:00:00,13.751995111111041
2020-06-03 14:00:00,19.49851511111109
2020-06-03 15:00:00,19.612192888888803
2020-06-03 16:00:00,24.611744444444366
2020-06-03 17:00:00,22.526642666666532
2020-06-03 18:00:00,15.760154222222088
2020-06-03 19:00:00,20.32695599999991
2020-06-03 20:00:00,11.973404444444474
2020-06-03 21:00:00,17.153338222222242
2020-06-03 22:00:00,16.021506222222214
2020-06-03 23:00:00,6.338961777777783
2020-06-04 00:00:00,0.0
2020-06-04 01:00:00,0.0
2020-06-04 02:00:00,0.0
2020-06-04 03:00:00,0.0
2020-06-04 04:00:00,0.0
2020-06-04 05:00:00,0.0
2020-06-04 06:00:00,0.0
2020-06-04 07:00:00,0.0
2020-06-04 08:00:00,0.0
2020-06-04 09:00:00,0.0
2020-06-04 10:00:00,0.0
2020-06-04 11:00:00,0.0
2020-06-04 12:00:00,0.7192004444444449
2020-06-04 13:00:00,5.09287999999998
2020-06-04 14:00:00,8.903439999999984
2020-06-04 15:00:00,14.832428000000016
2020-06-04 16:00:00,13.809720888888936
2020-06-04 17:00:00,14.519220444444437
2020-06-04 18:00:00,10.733187111111107
2020-06-04 19:00:00,15.867661333333317
2020-06-04 20:00:00,20.93086088888879
2020-06-04 21:00:00,17.31834577777767
2020-06-04 22:00:00,13.754652888888875
2020-06-04 23:00:00,11.781177777777728
2020-06-05 00:00:00,6.891588888888866
2020-06-05 01:00:00,0.0
2020-06-05 02:00:00,0.0
2020-06-05 03:00:00,0.0
2020-06-05 04:00:00,0.0
2020-06-05 05:00:00,0.0
2020-06-05 06:00:00,0.0
2020-06-05 07:00:00,0.0
2020-06-05 08:00:00,0.0
2020-06-05 09:00:00,0.0
2020-06-05 10:00:00,0.0
2020-06-05 11:00:00,0.0
2020-06-05 12:00:00,0.0
2020-06-05 13:00:00,1.2600293333333354
2020-06-05 14:00:00,12.366068000000018
2020-06-05 15:00:00,18.951428888888906
2020-06-05 16:00:00,11.748689333333449
2020-06-05 17:00:00,6.97477155555566
2020-06-05 18:00:00,6.662604000000067
2020-06-05 19:00:00,9.175168888888857
2020-06-05 20:00:00,12.658966666666625
2020-06-05 21:00:00,7.267699111111074
2020-06-05 22:00:00,15.807491555555451
2020-06-05 23:00:00,12.30745822222216
2020-06-06 00:00:00,10.234166222222168
2020-06-06 01:00:00,0.0
2020-06-06 02:00:00,0.0
2020-06-06 03:00:00,0.0
2020-06-06 04:00:00,0.0
2020-06-06 05:00:00,0.0
2020-06-06 06:00:00,0.0
2020-06-06 07:00:00,0.0
2020-06-06 08:00:00,0.0
2020-06-06 09:00:00,0.0
2020-06-06 10:00:00,0.0
2020-06-06 11:00:00,0.0
2020-06-06 12:00:00,0.0
2020-06-06 13:00:00,0.0
2020-06-06 14:00:00,1.5477857777777624
2020-06-06 15:00:00,1.6108155555555346
2020-06-06 16:00:00,0.0
2020-06-06 17:00:00,0.0
2020-06-06 18:00:00,1.4474662222222108
2020-06-06 19:00:00,1.6658604444444223
2020-06-06 20:00:00,1.6675013333333149
2020-06-06 21:00:00,0.27371644444444504
2020-06-06 22:00:00,0.0
2020-06-06 23:00:00,0.0
2020-06-07 00:00:00,0.0
2020-06-07 01:00:00,0.0
2020-06-07 02:00:00,0.0
2020-06-07 03:00:00,0.0
2020-06-07 04:00:00,0.0
2020-06-07 05:00:00,0.0
2020-06-07 06:00:00,0.0
2020-06-07 07:00:00,0.0
2020-06-07 08:00:00,0.0
2020-06-07 09:00:00,0.0
2020-06-07 10:00:00,0.0
2020-06-07 11:00:00,0.0
2020-06-07 12:00:00,0.0
2020-06-07 13:00:00,0.0
2020-06-07 14:00:00,0.0
2020-06-07 15:00:00,0.0
2020-06-07 16:00:00,0.0
2020-06-07 17:00:00,0.0
2020-06-07 18:00:00,0.0
2020-06-07 19:00:00,0.0
2020-06-07 20:00:00,0.0
2020-06-07 21:00:00,0.0
2020-06-07 22:00:00,0.0
2020-06-07 23:00:00,0.0
2020-06-08 00:00:00,0.0
2020-06-08 01:00:00,0.0
2020-06-08 02:00:00,0.0
2020-06-08 03:00:00,0.0
2020-06-08 04:00:00,0.0
2020-06-08 05:00:00,0.0
2020-06-08 06:00:00,0.0
2020-06-08 07:00:00,0.0
2020-06-08 08:00:00,0.0
2020-06-08 09:00:00,0.0
2020-06-08 10:00:00,0.0
2020-06-08 11:00:00,0.0
2020-06-08 12:00:00,0.0
2020-06-08 13:00:00,4.499294222222217
2020-06-08 14:00:00,6.327042222222229
2020-06-08 15:00:00,11.609566222222162
2020-06-08 16:00:00,10.395158222222285
2020-06-08 17:00:00,6.277549777777791
2020-06-08 18:00:00,13.048406222222296
2020-06-08 19:00:00,14.206365333333373
2020-06-08 20:00:00,22.401634666666624
2020-06-08 21:00:00,16.89148933333326
2020-06-08 22:00:00,15.525310666666575
2020-06-08 23:00:00,1.9749831111111131
2020-06-09 00:00:00,0.0
2020-06-09 01:00:00,0.0
2020-06-09 02:00:00,0.0
2020-06-09 03:00:00,0.0
2020-06-09 04:00:00,0.0
2020-06-09 05:00:00,0.0
2020-06-09 06:00:00,0.0
2020-06-09 07:00:00,0.0
2020-06-09 08:00:00,0.0
2020-06-09 09:00:00,0.0
2020-06-09 10:00:00,0.0
2020-06-09 11:00:00,0.0
2020-06-09 12:00:00,0.0
2020-06-09 13:00:00,3.1576942222221964
2020-06-09 14:00:00,7.511105333333337
2020-06-09 15:00:00,18.69056799999996
2020-06-09 16:00:00,19.365337333333333
2020-06-09 17:00:00,14.863448888888911
2020-06-09 18:00:00,13.41707466666665
2020-06-09 19:00:00,20.507661777777656
2020-06-09 20:00:00,19.038950666666597
2020-06-09 21:00:00,12.440046666666571
2020-06-09 22:00:00,13.092536888888764
2020-06-09 23:00:00,6.272551999999979
2020-06-10 00:00:00,0.0
2020-06-10 01:00:00,0.0
2020-06-10 02:00:00,0.0
2020-06-10 03:00:00,0.0
2020-06-10 04:00:00,0.0
2020-06-10 05:00:00,0.0
2020-06-10 06:00:00,0.0
2020-06-10 07:00:00,0.0
2020-06-10 08:00:00,0.0
2020-06-10 09:00:00,0.0
2020-06-10 10:00:00,0.0
2020-06-10 11:00:00,0.0
2020-06-10 12:00:00,0.4772906666666669
2020-06-10 13:00:00,3.301572444444412
2020-06-10 14:00:00,5.331323111111071
2020-06-10 15:00:00,12.578314666666664
2020-06-10 16:00:00,18.049656444444544
2020-06-10 17:00:00,22.72854711111116
2020-06-10 18:00:00,19.47680222222209
2020-06-10 19:00:00,16.454094222222153
2020-06-10 20:00:00,9.68209377777774
2020-06-10 21:00:00,8.737513777777723
2020-06-10 22:00:00,4.188195555555571
2020-06-10 23:00:00,3.563952888888907
2020-06-11 00:00:00,0.0
2020-06-11 01:00:00,0.0
2020-06-11 02:00:00,0.0
2020-06-11 03:00:00,0.0
2020-06-11 04:00:00,0.0
2020-06-11 05:00:00,0.0
2020-06-11 06:00:00,0.0
2020-06-11 07:00:00,0.0
2020-06-11 08:00:00,0.0
2020-06-11 09:00:00,0.0
2020-06-11 10:00:00,0.0
2020-06-11 11:00:00,0.0
2020-06-11 12:00:00,1.0724075555555568
2020-06-11 13:00:00,8.40028799999994
2020-06-11 14:00:00,13.98494933333324
2020-06-11 15:00:00,16.12047377777773
2020-06-11 16:00:00,17.86135866666658
2020-06-11 17:00:00,21.1889542222221
2020-06-11 18:00:00,21.905600888888937
2020-06-11 19:00:00,18.46090711111109
2020-06-11 20:00:00,19.63063555555548
2020-06-11 21:00:00,8.32853377777777
2020-06-11 22:00:00,6.170077333333353
2020-06-11 23:00:00,1.5586422222222223
2020-06-12 00:00:00,0.40914755555555565
2020-06-12 01:00:00,0.0
2020-06-12 02:00:00,0.0
2020-06-12 03:00:00,0.0
2020-06-12 04:00:00,0.0
2020-06-12 05:00:00,0.0
2020-06-12 06:00:00,0.0
2020-06-12 07:00:00,0.0
2020-06-12 08:00:00,0.0
2020-06-12 09:00:00,0.0
2020-06-12 10:00:00,0.0
2020-06-12 11:00:00,0.0
2020-06-12 12:00:00,0.6333368888888885
2020-06-12 13:00:00,3.2790275555555253
2020-06-12 14:00:00,3.902859999999971
2020-06-12 15:00:00,12.65171555555565
2020-06-12 16:00:00,15.2483702222222
2020-06-12 17:00:00,15.675359555555609
2020-06-12 18:00:00,6.5334128888888925
2020-06-12 19:00:00,3.9098164444444543
2020-06-12 20:00:00,12.62322533333339
2020-06-12 21:00:00,16.23341200000013
2020-06-12 22:00:00,10.63923466666663
2020-06-12 23:00:00,2.390942666666673
2020-06-13 00:00:00,0.0
2020-06-13 01:00:00,0.1886502222222223
2020-06-13 02:00:00,0.0
2020-06-13 03:00:00,0.0
2020-06-13 04:00:00,0.0
2020-06-13 05:00:00,0.0
2020-06-13 06:00:00,0.0
2020-06-13 07:00:00,0.0
2020-06-13 08:00:00,0.0
2020-06-13 09:00:00,0.0
2020-06-13 10:00:00,0.0
2020-06-13 11:00:00,0.0
2020-06-13 12:00:00,0.0
2020-06-13 13:00:00,0.0
2020-06-13 14:00:00,0.0
2020-06-13 15:00:00,0.0
2020-06-13 16:00:00,0.0
2020-06-13 17:00:00,0.0
2020-06-13 18:00:00,0.0
2020-06-13 19:00:00,0.0
2020-06-13 20:00:00,0.0
2020-06-13 21:00:00,0.0
2020-06-13 22:00:00,0.0
2020-06-13 23:00:00,0.0
2020-06-14 00:00:00,0.0
2020-06-14 01:00:00,0.0
2020-06-14 02:00:00,0.0
2020-06-14 03:00:00,0.0
2020-06-14 04:00:00,0.0
2020-06-14 05:00:00,0.0
2020-06-14 06:00:00,0.0
2020-06-14 07:00:00,0.0
2020-06-14 08:00:00,0.0
2020-06-14 09:00:00,0.0
2020-06-14 10:00:00,0.0
2020-06-14 11:00:00,0.0
2020-06-14 12:00:00,0.0
2020-06-14 13:00:00,0.0
2020-06-14 14:00:00,0.0
2020-06-14 15:00:00,0.0
2020-06-14 16:00:00,0.0
2020-06-14 17:00:00,0.0
2020-06-14 18:00:00,0.0
2020-06-14 19:00:00,0.0
2020-06-14 20:00:00,0.0
2020-06-14 21:00:00,0.0
2020-06-14 22:00:00,0.0
2020-06-14 23:00:00,0.0
2020-06-15 00:00:00,0.0
2020-06-15 01:00:00,0.0
2020-06-15 02:00:00,0.0
2020-06-15 03:00:00,0.0
2020-06-15 04:00:00,0.0
2020-06-15 05:00:00,0.0
2020-06-15 06:00:00,0.0
2020-06-15 07:00:00,0.0
2020-06-15 08:00:00,0.0
2020-06-15 09:00:00,0.0
2020-06-15 10:00:00,0.0
2020-06-15 11:00:00,0.0
2020-06-15 12:00:00,0.7603959999999985
2020-06-15 13:00:00,12.458154222222237
2020-06-15 14:00:00,25.72764133333324
2020-06-15 15:00:00,23.888915555555602
2020-06-15 16:00:00,20.73286222222231
2020-06-15 17:00:00,10.042303555555558
2020-06-15 18:00:00,3.3981364444444364
2020-06-15 19:00:00,10.45577288888881
2020-06-15 20:00:00,12.801336888888878
2020-06-15 21:00:00,11.044106666666655
2020-06-15 22:00:00,3.1167933333333635
2020-06-15 23:00:00,2.737274222222235
2020-06-16 00:00:00,0.12714577777777783
2020-06-16 01:00:00,0.0
2020-06-16 02:00:00,0.0
2020-06-16 03:00:00,0.0
2020-06-16 04:00:00,0.0
2020-06-16 05:00:00,0.0
2020-06-16 06:00:00,0.0
2020-06-16 07:00:00,0.0
2020-06-16 08:00:00,0.0
2020-06-16 09:00:00,0.0
2020-06-16 10:00:00,0.0
2020-06-16 11:00:00,0.0
2020-06-16 12:00:00,1.081299555555555
2020-06-16 13:00:00,9.646202222222206
2020-06-16 14:00:00,14.63255155555549
2020-06-16 15:00:00,17.8102542222222
2020-06-16 16:00:00,17.828356000000035
2020-06-16 17:00:00,15.320095555555534
2020-06-16 18:00:00,13.034007999999991
2020-06-16 19:00:00,14.63411155555562
2020-06-16 20:00:00,5.828032888888831
2020-06-16 21:00:00,9.106673333333239
2020-06-16 22:00:00,7.437970222222164
2020-06-16 23:00:00,2.3491866666666716
2020-06-17 00:00:00,0.0
2020-06-17 01:00:00,0.0
2020-06-17 02:00:00,0.0
2020-06-17 03:00:00,0.0
2020-06-17 04:00:00,0.0
2020-06-17 05:00:00,0.0
2020-06-17 06:00:00,0.0
2020-06-17 07:00:00,0.0
2020-06-17 08:00:00,0.0
2020-06-17 09:00:00,0.0
2020-06-17 10:00:00,0.0
2020-06-17 11:00:00,0.0
2020-06-17 12:00:00,0.7425137777777778
2020-06-17 13:00:00,10.322514222222178
2020-06-17 14:00:00,19.63992622222226
2020-06-17 15:00:00,29.901877777777734
2020-06-17 16:00:00,35.47486222222223
2020-06-17 17:00:00,36.48649333333334
2020-06-17 18:00:00,26.276778666666495
2020-06-17 19:00:00,13.168191111111078
2020-06-17 20:00:00,6.747889777777764
2020-06-17 21:00:00,9.782731111110984
2020-06-17 22:00:00,9.837723999999952
2020-06-17 23:00:00,2.990808888888893
2020-06-18 00:00:00,0.0
2020-06-18 01:00:00,1.3929978861111105
2020-06-18 02:00:00,0.6494816333333335
2020-06-18 03:00:00,0.0
2020-06-18 04:00:00,0.0
2020-06-18 05:00:00,0.0
2020-06-18 06:00:00,0.0
2020-06-18 07:00:00,0.0
2020-06-18 08:00:00,0.0
2020-06-18 09:00:00,0.0
2020-06-18 10:00:00,0.0
2020-06-18 11:00:00,0.0
2020-06-18 12:00:00,3.170334333333333
2020-06-18 13:00:00,10.952008141666653
2020-06-18 14:00:00,11.038296833333339
2020-06-18 15:00:00,19.194417780555575
2020-06-18 16:00:00,25.220726633333324
2020-06-18 17:00:00,17.60653428333335
2020-06-18 18:00:00,13.552838347222199
2020-06-18 19:00:00,8.238985452777767
2020-06-18 20:00:00,11.177054441666655
2020-06-18 21:00:00,13.61671614166668
2020-06-18 22:00:00,1.899887430555557
2020-06-18 23:00:00,0.0
2020-06-19 00:00:00,0.0
2020-06-19 01:00:00,0.0
2020-06-19 02:00:00,0.0
2020-06-19 03:00:00,0.0
2020-06-19 04:00:00,0.0
2020-06-19 05:00:00,0.0
2020-06-19 06:00:00,0.0
2020-06-19 07:00:00,0.0
2020-06-19 08:00:00,0.0
2020-06-19 09:00:00,0.0
2020-06-19 10:00:00,0.0
2020-06-19 11:00:00,0.0
2020-06-19 12:00:00,0.0
2020-06-19 13:00:00,3.4591971388888902
2020-06-19 14:00:00,6.7501755777777666
2020-06-19 15:00:00,19.630085361111117
2020-06-19 16:00:00,21.72977861388889
2020-06-19 17:00:00,22.03591786944445
2020-06-19 18:00:00,11.622212930555545
2020-06-19 19:00:00,6.295166436111075
2020-06-19 20:00:00,1.1812643611111107
2020-06-19 21:00:00,0.0
2020-06-19 22:00:00,0.0
2020-06-19 23:00:00,0.0
2020-06-20 00:00:00,0.0
2020-06-20 01:00:00,0.0
2020-06-20 02:00:00,0.0
2020-06-20 03:00:00,0.0
2020-06-20 04:00:00,0.0
2020-06-20 05:00:00,0.0
2020-06-20 06:00:00,0.0
2020-06-20 07:00:00,0.0
2020-06-20 08:00:00,0.0
2020-06-20 09:00:00,0.0
2020-06-20 10:00:00,0.0
2020-06-20 11:00:00,0.0
2020-06-20 12:00:00,0.0
2020-06-20 13:00:00,0.0
2020-06-20 14:00:00,0.0
2020-06-20 15:00:00,0.0
2020-06-20 16:00:00,0.0
2020-06-20 17:00:00,0.0
2020-06-20 18:00:00,0.0
2020-06-20 19:00:00,0.0
2020-06-20 20:00:00,0.0
2020-06-20 21:00:00,0.0
2020-06-20 22:00:00,0.0
2020-06-20 23:00:00,0.0
2020-06-21 00:00:00,0.0
2020-06-21 01:00:00,0.0
2020-06-21 02:00:00,0.0
2020-06-21 03:00:00,0.0
2020-06-21 04:00:00,0.0
2020-06-21 05:00:00,0.0
2020-06-21 06:00:00,0.0
2020-06-21 07:00:00,0.0
2020-06-21 08:00:00,0.0
2020-06-21 09:00:00,0.0
2020-06-21 10:00:00,0.0
2020-06-21 11:00:00,0.0
2020-06-21 12:00:00,0.0
2020-06-21 13:00:00,0.0
2020-06-21 14:00:00,0.0
2020-06-21 15:00:00,0.0
2020-06-21 16:00:00,0.0
2020-06-21 17:00:00,0.0
2020-06-21 18:00:00,0.0
2020-06-21 19:00:00,0.0
2020-06-21 20:00:00,0.0
2020-06-21 21:00:00,0.0
2020-06-21 22:00:00,0.0
2020-06-21 23:00:00,0.0
2020-06-22 00:00:00,0.0
2020-06-22 01:00:00,0.0
2020-06-22 02:00:00,0.0
2020-06-22 03:00:00,0.0
2020-06-22 04:00:00,0.0
2020-06-22 05:00:00,0.0
2020-06-22 06:00:00,0.0
2020-06-22 07:00:00,0.0
2020-06-22 08:00:00,0.0
2020-06-22 09:00:00,0.0
2020-06-22 10:00:00,0.0
2020-06-22 11:00:00,0.0
2020-06-22 12:00:00,0.785196988888888
2020-06-22 13:00:00,9.696863216666692
2020-06-22 14:00:00,20.234940208333345
2020-06-22 15:00:00,16.394890477777782
2020-06-22 16:00:00,6.2730306583333375
2020-06-22 17:00:00,6.07009406666668
2020-06-22 18:00:00,9.023726719444458
2020-06-22 19:00:00,8.752416625000002
2020-06-22 20:00:00,19.51379980555556
2020-06-22 21:00:00,21.17770398888891
2020-06-22 22:00:00,15.659433963888876
2020-06-22 23:00:00,4.509916766666672
2020-06-23 00:00:00,0.0
2020-06-23 01:00:00,0.0
2020-06-23 02:00:00,0.0
2020-06-23 03:00:00,0.0
2020-06-23 04:00:00,0.0
2020-06-23 05:00:00,0.0
2020-06-23 06:00:00,0.0
2020-06-23 07:00:00,0.0
2020-06-23 08:00:00,0.0
2020-06-23 09:00:00,0.0
2020-06-23 10:00:00,0.0
2020-06-23 11:00:00,0.0
2020-06-23 12:00:00,1.3512639805555562
2020-06-23 13:00:00,12.288835724999991
2020-06-23 14:00:00,18.67374487777777
2020-06-23 15:00:00,12.778438297222214
2020-06-23 16:00:00,14.522930613888885
2020-06-23 17:00:00,12.095353916666681
2020-06-23 18:00:00,12.917177066666664
2020-06-23 19:00:00,11.198584105555554
2020-06-23 20:00:00,10.807631347222216
2020-06-23 21:00:00,13.962160141666676
2020-06-23 22:00:00,9.769443105555496
2020-06-23 23:00:00,8.230855247222154
2020-06-24 00:00:00,1.227836466666665
2020-06-24 01:00:00,0.0
2020-06-24 02:00:00,0.0
2020-06-24 03:00:00,0.0
2020-06-24 04:00:00,0.0
2020-06-24 05:00:00,0.0
2020-06-24 06:00:00,0.0
2020-06-24 07:00:00,0.0
2020-06-24 08:00:00,0.0
2020-06-24 09:00:00,0.0
2020-06-24 10:00:00,0.0
2020-06-24 11:00:00,0.0
2020-06-24 12:00:00,0.5403755833333331
2020-06-24 13:00:00,3.5988134500000024
2020-06-24 14:00:00,12.50762388333334
2020-06-24 15:00:00,16.004843691666657
2020-06-24 16:00:00,19.449908988888897
2020-06-24 17:00:00,14.278829486111118
2020-06-24 18:00:00,12.186929700000011
2020-06-24 19:00:00,11.391535794444458
2020-06-24 20:00:00,9.36934449722222
2020-06-24 21:00:00,17.80356282222223
2020-06-24 22:00:00,9.453227297222213
2020-06-24 23:00:00,0.32839377500000005
2020-06-25 00:00:00,0.0
2020-06-25 01:00:00,0.0
2020-06-25 02:00:00,0.0
2020-06-25 03:00:00,0.0
2020-06-25 04:00:00,0.0
2020-06-25 05:00:00,0.0
2020-06-25 06:00:00,0.0
2020-06-25 07:00:00,0.0
2020-06-25 08:00:00,0.0
2020-06-25 09:00:00,0.0
2020-06-25 10:00:00,0.0
2020-06-25 11:00:00,0.0
2020-06-25 12:00:00,0.6697866749999994
2020-06-25 13:00:00,9.469366575000013
2020-06-25 14:00:00,15.511623205555546
2020-06-25 15:00:00,7.844776963888894
2020-06-25 16:00:00,5.4466125083333345
2020-06-25 17:00:00,3.6620840361111116
2020-06-25 18:00:00,5.404247552777774
2020-06-25 19:00:00,10.562177811111136
2020-06-25 20:00:00,15.42781791388891
2020-06-25 21:00:00,24.656711038888908
2020-06-25 22:00:00,10.951553075000003
2020-06-25 23:00:00,3.4541403694444477
2020-06-26 00:00:00,0.019770661111111115
2020-06-26 01:00:00,0.0
2020-06-26 02:00:00,0.0
2020-06-26 03:00:00,1.2744345583333336
2020-06-26 04:00:00,3.1456504527777858
2020-06-26 05:00:00,2.734070558333334
2020-06-26 06:00:00,0.16435290277777784
2020-06-26 07:00:00,0.0
2020-06-26 08:00:00,0.0
2020-06-26 09:00:00,0.0
2020-06-26 10:00:00,0.0
2020-06-26 11:00:00,0.0
2020-06-26 12:00:00,0.7205478444444446
2020-06-26 13:00:00,9.768547852777768
2020-06-26 14:00:00,25.85626256388889
2020-06-26 15:00:00,28.556982055555572
2020-06-26 16:00:00,26.30370963333333
2020-06-26 17:00:00,20.989242927777802
2020-06-26 18:00:00,19.4859278277778
2020-06-26 19:00:00,18.794149288888917
2020-06-26 20:00:00,16.152165286111117
2020-06-26 21:00:00,18.72710899444448
2020-06-26 22:00:00,10.78514540555554
2020-06-26 23:00:00,4.394894824999989
2020-06-27 00:00:00,0.104523
2020-06-27 01:00:00,0.0
2020-06-27 02:00:00,0.0
2020-06-27 03:00:00,0.0
2020-06-27 04:00:00,0.0
2020-06-27 05:00:00,0.0
2020-06-27 06:00:00,0.0
2020-06-27 07:00:00,0.0
2020-06-27 08:00:00,0.0
2020-06-27 09:00:00,0.0
2020-06-27 10:00:00,0.0
2020-06-27 11:00:00,0.0
2020-06-27 12:00:00,0.0
2020-06-27 13:00:00,0.0
2020-06-27 14:00:00,0.0
2020-06-27 15:00:00,0.0
2020-06-27 16:00:00,0.0
2020-06-27 17:00:00,0.0
2020-06-27 18:00:00,0.0
2020-06-27 19:00:00,0.0
2020-06-27 20:00:00,0.0
2020-06-27 21:00:00,0.0
2020-06-27 22:00:00,0.0
2020-06-27 23:00:00,0.0
2020-06-28 00:00:00,0.0
2020-06-28 01:00:00,0.0
2020-06-28 02:00:00,0.0
2020-06-28 03:00:00,0.0
2020-06-28 04:00:00,0.0
2020-06-28 05:00:00,0.0
2020-06-28 06:00:00,0.0
2020-06-28 07:00:00,0.0
2020-06-28 08:00:00,0.0
2020-06-28 09:00:00,0.0
2020-06-28 10:00:00,0.0
2020-06-28 11:00:00,0.0
2020-06-28 12:00:00,0.0
2020-06-28 13:00:00,0.0
2020-06-28 14:00:00,0.0
2020-06-28 15:00:00,0.0
2020-06-28 16:00:00,0.0
2020-06-28 17:00:00,0.0
2020-06-28 18:00:00,0.0
2020-06-28 19:00:00,0.0
2020-06-28 20:00:00,0.0
2020-06-28 21:00:00,0.0
2020-06-28 22:00:00,0.0
2020-06-28 23:00:00,0.0
2020-06-29 00:00:00,0.0
2020-06-29 01:00:00,0.0
2020-06-29 02:00:00,0.0
2020-06-29 03:00:00,0.0
2020-06-29 04:00:00,0.0
2020-06-29 05:00:00,0.0
2020-06-29 06:00:00,0.0
2020-06-29 07:00:00,0.0
2020-06-29 08:00:00,0.0
2020-06-29 09:00:00,0.0
2020-06-29 10:00:00,0.0
2020-06-29 11:00:00,0.0
2020-06-29 12:00:00,0.0
2020-06-29 13:00:00,5.708495252777823
2020-06-29 14:00:00,15.577851877777787
2020-06-29 15:00:00,16.2774271888889
2020-06-29 16:00:00,13.561230422222241
2020-06-29 17:00:00,9.894343869444434
2020-06-29 18:00:00,1.0082374555555553
2020-06-29 19:00:00,7.347426100000027
2020-06-29 20:00:00,9.626600630555547
2020-06-29 21:00:00,3.7413731305555538
2020-06-29 22:00:00,2.852943863888882
2020-06-29 23:00:00,0.0
2020-06-30 00:00:00,0.0
2020-06-30 01:00:00,0.0
2020-06-30 02:00:00,0.0
2020-06-30 03:00:00,0.0
2020-06-30 04:00:00,0.0
2020-06-30 05:00:00,0.0
2020-06-30 06:00:00,0.0
2020-06-30 07:00:00,0.0
2020-06-30 08:00:00,0.0
2020-06-30 09:00:00,0.0
2020-06-30 10:00:00,0.0
2020-06-30 11:00:00,0.0
2020-06-30 12:00:00,0.0
2020-06-30 13:00:00,0.0
2020-06-30 14:00:00,4.979787402777774
2020-06-30 15:00:00,9.42761860000001
2020-06-30 16:00:00,12.994351791666652
2020-06-30 17:00:00,15.621554944444455
2020-06-30 18:00:00,13.6791885138889
2020-06-30 19:00:00,14.752000827777765
2020-06-30 20:00:00,12.792136238888892
2020-06-30 21:00:00,11.96725477777779
2020-06-30 22:00:00,5.509903316666669
2020-06-30 23:00:00,0.48554478055555556
2020-07-01 00:00:00,0.0
2020-07-01 01:00:00,0.0
2020-07-01 02:00:00,0.0
2020-07-01 03:00:00,0.0
2020-07-01 04:00:00,0.0
2020-07-01 05:00:00,0.0
2020-07-01 06:00:00,0.0
2020-07-01 07:00:00,0.0
2020-07-01 08:00:00,0.0
2020-07-01 09:00:00,0.0
2020-07-01 10:00:00,0.0
2020-07-01 11:00:00,0.0
2020-07-01 12:00:00,0.0
2020-07-01 13:00:00,4.611417466666666
2020-07-01 14:00:00,9.589270452777766
2020-07-01 15:00:00,14.484375483333348
2020-07-01 16:00:00,24.63870400833331
2020-07-01 17:00:00,23.936362238888883
2020-07-01 18:00:00,18.5482959611111
2020-07-01 19:00:00,14.279879966666662
2020-07-01 20:00:00,13.027655625000012
2020-07-01 21:00:00,10.850747924999999
2020-07-01 22:00:00,4.82420208055557
2020-07-01 23:00:00,0.0
2020-07-02 00:00:00,0.0
2020-07-02 01:00:00,0.0
2020-07-02 02:00:00,0.0
2020-07-02 03:00:00,0.0
2020-07-02 04:00:00,0.0
2020-07-02 05:00:00,0.0
2020-07-02 06:00:00,0.0
2020-07-02 07:00:00,0.0
2020-07-02 08:00:00,0.0
2020-07-02 09:00:00,0.0
2020-07-02 10:00:00,0.0
2020-07-02 11:00:00,0.0
2020-07-02 12:00:00,0.0
2020-07-02 13:00:00,0.0
2020-07-02 14:00:00,3.822804399999998
2020-07-02 15:00:00,11.860545200000008
2020-07-02 16:00:00,6.795207388888881
2020-07-02 17:00:00,9.362698866666657
2020-07-02 18:00:00,7.393267388888878
2020-07-02 19:00:00,2.204623661111111
2020-07-02 20:00:00,0.0
2020-07-02 21:00:00,0.0
2020-07-02 22:00:00,0.0
2020-07-02 23:00:00,0.0
2020-07-03 00:00:00,0.0
2020-07-03 01:00:00,0.0
2020-07-03 02:00:00,0.0
2020-07-03 03:00:00,0.0
2020-07-03 04:00:00,0.0
2020-07-03 05:00:00,0.0
2020-07-03 06:00:00,0.0
2020-07-03 07:00:00,0.0
2020-07-03 08:00:00,0.0
2020-07-03 09:00:00,0.0
2020-07-03 10:00:00,0.0
2020-07-03 11:00:00,0.0
2020-07-03 12:00:00,0.0
2020-07-03 13:00:00,2.5172495444444474
2020-07-03 14:00:00,6.4895213000000025
2020-07-03 15:00:00,6.476803883333323
2020-07-03 16:00:00,6.340706811111122
2020-07-03 17:00:00,6.474287083333349
2020-07-03 18:00:00,6.444851008333336
2020-07-03 19:00:00,6.404177763888889
2020-07-03 20:00:00,0.835819375
2020-07-03 21:00:00,0.0
2020-07-03 22:00:00,0.0
2020-07-03 23:00:00,0.0
2020-07-04 00:00:00,0.0
2020-07-04 01:00:00,0.0
2020-07-04 02:00:00,0.0
2020-07-04 03:00:00,0.0
2020-07-04 04:00:00,0.0
2020-07-04 05:00:00,0.0
2020-07-04 06:00:00,0.0
2020-07-04 07:00:00,0.0
2020-07-04 08:00:00,0.0
2020-07-04 09:00:00,0.0
2020-07-04 10:00:00,0.0
2020-07-04 11:00:00,0.0
2020-07-04 12:00:00,0.0
2020-07-04 13:00:00,0.0
2020-07-04 14:00:00,0.0
2020-07-04 15:00:00,0.0
2020-07-04 16:00:00,0.0
2020-07-04 17:00:00,0.0
2020-07-04 18:00:00,0.0
2020-07-04 19:00:00,0.0
2020-07-04 20:00:00,0.0
2020-07-04 21:00:00,0.0
2020-07-04 22:00:00,0.0
2020-07-04 23:00:00,0.0
2020-07-05 00:00:00,0.0
2020-07-05 01:00:00,0.0
2020-07-05 02:00:00,0.0
2020-07-05 03:00:00,0.0
2020-07-05 04:00:00,0.0
2020-07-05 05:00:00,0.0
2020-07-05 06:00:00,0.0
2020-07-05 07:00:00,0.0
2020-07-05 08:00:00,0.0
2020-07-05 09:00:00,0.0
2020-07-05 10:00:00,0.0
2020-07-05 11:00:00,0.0
2020-07-05 12:00:00,0.0
2020-07-05 13:00:00,0.0
2020-07-05 14:00:00,0.0
2020-07-05 15:00:00,0.0
2020-07-05 16:00:00,0.0
2020-07-05 17:00:00,0.0
2020-07-05 18:00:00,0.0
2020-07-05 19:00:00,0.0
2020-07-05 20:00:00,0.0
2020-07-05 21:00:00,0.0
2020-07-05 22:00:00,0.0
2020-07-05 23:00:00,0.0
2020-07-06 00:00:00,0.0
2020-07-06 01:00:00,0.0
2020-07-06 02:00:00,0.0
2020-07-06 03:00:00,0.0
2020-07-06 04:00:00,0.0
2020-07-06 05:00:00,0.0
2020-07-06 06:00:00,0.0
2020-07-06 07:00:00,0.0
2020-07-06 08:00:00,0.0
2020-07-06 09:00:00,0.0
2020-07-06 10:00:00,0.0
2020-07-06 11:00:00,0.0
2020-07-06 12:00:00,4.511257238888884
2020-07-06 13:00:00,19.25003337777776
2020-07-06 14:00:00,36.344550494444505
2020-07-06 15:00:00,34.364481405555544
2020-07-06 16:00:00,31.587510580555605
2020-07-06 17:00:00,31.21649198611111
2020-07-06 18:00:00,29.69861238888888
2020-07-06 19:00:00,24.613586536111082
2020-07-06 20:00:00,22.118805552777772
2020-07-06 21:00:00,16.67609989444444
2020-07-06 22:00:00,11.272528313888886
2020-07-06 23:00:00,7.55495047222222
2020-07-07 00:00:00,6.534002811111114
2020-07-07 01:00:00,0.4662841555555561
2020-07-07 02:00:00,0.0
2020-07-07 03:00:00,0.4179306888888888
2020-07-07 04:00:00,0.0
2020-07-07 05:00:00,0.0
2020-07-07 06:00:00,0.0
2020-07-07 07:00:00,0.0
2020-07-07 08:00:00,0.0
2020-07-07 09:00:00,0.0
2020-07-07 10:00:00,0.0
2020-07-07 11:00:00,0.0
2020-07-07 12:00:00,0.6777362972222221
2020-07-07 13:00:00,5.136934372222232
2020-07-07 14:00:00,14.849844461111148
2020-07-07 15:00:00,11.90312306666666
2020-07-07 16:00:00,23.036360777777787
2020-07-07 17:00:00,24.004829697222206
2020-07-07 18:00:00,22.41418896388888
2020-07-07 19:00:00,14.447367013888902
2020-07-07 20:00:00,8.838289816666668
2020-07-07 21:00:00,11.382863719444448
2020-07-07 22:00:00,8.423389983333353
2020-07-07 23:00:00,8.43433489166665
2020-07-08 00:00:00,4.112131502777786
2020-07-08 01:00:00,1.6090684694444453
2020-07-08 02:00:00,0.0
2020-07-08 03:00:00,0.0
2020-07-08 04:00:00,0.0
2020-07-08 05:00:00,0.0
2020-07-08 06:00:00,0.0
2020-07-08 07:00:00,0.0
2020-07-08 08:00:00,0.0
2020-07-08 09:00:00,0.0
2020-07-08 10:00:00,0.0
2020-07-08 11:00:00,0.0
2020-07-08 12:00:00,0.619159788888889
2020-07-08 13:00:00,6.046637666666687
2020-07-08 14:00:00,14.066208044444465
2020-07-08 15:00:00,14.700002622222208
2020-07-08 16:00:00,23.045566805555545
2020-07-08 17:00:00,17.725551761111113
2020-07-08 18:00:00,17.912497663888892
2020-07-08 19:00:00,17.966602744444398
2020-07-08 20:00:00,11.601767155555546
2020-07-08 21:00:00,12.350557216666672
2020-07-08 22:00:00,8.457919086111138
2020-07-08 23:00:00,3.2278458833333294
2020-07-09 00:00:00,1.233887427777777
2020-07-09 01:00:00,0.0
2020-07-09 02:00:00,0.0
2020-07-09 03:00:00,0.0
2020-07-09 04:00:00,0.0
2020-07-09 05:00:00,0.0
2020-07-09 06:00:00,0.0
2020-07-09 07:00:00,0.0
2020-07-09 08:00:00,0.0
2020-07-09 09:00:00,0.0
2020-07-09 10:00:00,0.0
2020-07-09 11:00:00,0.0
2020-07-09 12:00:00,0.9340103138888892
2020-07-09 13:00:00,10.872828913888895
2020-07-09 14:00:00,24.02011619444444
2020-07-09 15:00:00,26.556987655555552
2020-07-09 16:00:00,33.458539022222276
2020-07-09 17:00:00,35.57790781944446
2020-07-09 18:00:00,27.61389873611113
2020-07-09 19:00:00,16.17704000277776
2020-07-09 20:00:00,19.591681180555597
2020-07-09 21:00:00,24.18743670833334
2020-07-09 22:00:00,23.557673413888878
2020-07-09 23:00:00,23.394263672222202
2020-07-10 00:00:00,16.794714758333306
2020-07-10 01:00:00,5.287675255555561
2020-07-10 02:00:00,0.6199430361111116
2020-07-10 03:00:00,0.0
2020-07-10 04:00:00,0.0
2020-07-10 05:00:00,0.0
2020-07-10 06:00:00,0.0
2020-07-10 07:00:00,0.0
2020-07-10 08:00:00,0.0
2020-07-10 09:00:00,0.0
2020-07-10 10:00:00,0.0
2020-07-10 11:00:00,0.0
2020-07-10 12:00:00,1.4076423694444447
2020-07-10 13:00:00,9.003749547222222
2020-07-10 14:00:00,14.555637824999982
2020-07-10 15:00:00,16.956155805555554
2020-07-10 16:00:00,26.064497861111118
2020-07-10 17:00:00,26.92290779166665
2020-07-10 18:00:00,19.202064591666673
2020-07-10 19:00:00,15.837317797222266
2020-07-10 20:00:00,10.666566766666666
2020-07-10 21:00:00,10.84273661666672
2020-07-10 22:00:00,6.11093751944444
2020-07-10 23:00:00,0.8101756916666663
2020-07-11 00:00:00,0.2736399666666666
2020-07-11 01:00:00,0.2787805861111112
2020-07-11 02:00:00,0.0
2020-07-11 03:00:00,0.0
2020-07-11 04:00:00,0.0
2020-07-11 05:00:00,0.0
2020-07-11 06:00:00,0.0
2020-07-11 07:00:00,0.0
2020-07-11 08:00:00,0.0
2020-07-11 09:00:00,0.0
2020-07-11 10:00:00,0.0
2020-07-11 11:00:00,0.0
2020-07-11 12:00:00,0.0
2020-07-11 13:00:00,0.9790872055555565
2020-07-11 14:00:00,6.439132747222229
2020-07-11 15:00:00,6.503530249999997
2020-07-11 16:00:00,6.5055682694444465
2020-07-11 17:00:00,6.492483241666656
2020-07-11 18:00:00,6.36575945277776
2020-07-11 19:00:00,6.3212193833333385
2020-07-11 20:00:00,2.925122688888889
2020-07-11 21:00:00,0.0
2020-07-11 22:00:00,0.0
2020-07-11 23:00:00,0.0
2020-07-12 00:00:00,0.0
2020-07-12 01:00:00,0.0
2020-07-12 02:00:00,0.0
2020-07-12 03:00:00,0.0
2020-07-12 04:00:00,0.0
2020-07-12 05:00:00,0.0
2020-07-12 06:00:00,0.0
2020-07-12 07:00:00,0.0
2020-07-12 08:00:00,0.0
2020-07-12 09:00:00,0.0
2020-07-12 10:00:00,0.0
2020-07-12 11:00:00,0.0
2020-07-12 12:00:00,0.0
2020-07-12 13:00:00,0.0
2020-07-12 14:00:00,0.0
2020-07-12 15:00:00,0.0
2020-07-12 16:00:00,0.0
2020-07-12 17:00:00,0.0
2020-07-12 18:00:00,0.0
2020-07-12 19:00:00,0.0
2020-07-12 20:00:00,0.0
2020-07-12 21:00:00,0.0
2020-07-12 22:00:00,0.0
2020-07-12 23:00:00,0.0
2020-07-13 00:00:00,0.0
2020-07-13 01:00:00,0.0
2020-07-13 02:00:00,0.0
2020-07-13 03:00:00,0.0
2020-07-13 04:00:00,0.0
2020-07-13 05:00:00,0.0
2020-07-13 06:00:00,0.0
2020-07-13 07:00:00,0.0
2020-07-13 08:00:00,0.0
2020-07-13 09:00:00,0.0
2020-07-13 10:00:00,0.0
2020-07-13 11:00:00,0.0
2020-07-13 12:00:00,0.0
2020-07-13 13:00:00,18.577075236111135
2020-07-13 14:00:00,29.480690880555578
2020-07-13 15:00:00,24.81255218888889
2020-07-13 16:00:00,22.36031997222223
2020-07-13 17:00:00,16.120284769444435
2020-07-13 18:00:00,19.64943999999999
2020-07-13 19:00:00,20.822838605555557
2020-07-13 20:00:00,26.904991674999994
2020-07-13 21:00:00,18.9852423388889
2020-07-13 22:00:00,18.258509113888902
2020-07-13 23:00:00,7.946808022222217
2020-07-14 00:00:00,0.42808926388888896
2020-07-14 01:00:00,0.0
2020-07-14 02:00:00,0.0
2020-07-14 03:00:00,0.0
2020-07-14 04:00:00,0.0
2020-07-14 05:00:00,0.0
2020-07-14 06:00:00,0.0
2020-07-14 07:00:00,0.0
2020-07-14 08:00:00,0.0
2020-07-14 09:00:00,0.0
2020-07-14 10:00:00,0.0
2020-07-14 11:00:00,0.0
2020-07-14 12:00:00,0.7898466861111101
2020-07-14 13:00:00,17.967349025000015
2020-07-14 14:00:00,26.74286438888889
2020-07-14 15:00:00,22.714700655555546
2020-07-14 16:00:00,19.337669630555546
2020-07-14 17:00:00,24.412855905555546
2020-07-14 18:00:00,25.815857252777764
2020-07-14 19:00:00,24.482012261111098
2020-07-14 20:00:00,13.028435474999998
2020-07-14 21:00:00,9.362220752777771
2020-07-14 22:00:00,9.456227341666672
2020-07-14 23:00:00,7.904577755555571
2020-07-15 00:00:00,1.8617358749999993
2020-07-15 01:00:00,0.0
2020-07-15 02:00:00,0.0
2020-07-15 03:00:00,0.0
2020-07-15 04:00:00,0.0
2020-07-15 05:00:00,0.0
2020-07-15 06:00:00,0.0
2020-07-15 07:00:00,0.0
2020-07-15 08:00:00,0.0
2020-07-15 09:00:00,0.0
2020-07-15 10:00:00,0.0
2020-07-15 11:00:00,0.0
2020-07-15 12:00:00,0.0
2020-07-15 13:00:00,5.297866425000003
2020-07-15 14:00:00,14.378208230555575
2020-07-15 15:00:00,21.54786903333335
2020-07-15 16:00:00,25.95513455555555
2020-07-15 17:00:00,17.05518132777775
2020-07-15 18:00:00,15.21938830277777
2020-07-15 19:00:00,17.4096274027778
2020-07-15 20:00:00,18.618820977777794
2020-07-15 21:00:00,16.549021563888882
2020-07-15 22:00:00,12.227762247222202
2020-07-15 23:00:00,3.9227871833333365
2020-07-16 00:00:00,0.0
2020-07-16 01:00:00,0.0
2020-07-16 02:00:00,0.08281879166666666
2020-07-16 03:00:00,0.0
2020-07-16 04:00:00,0.0
2020-07-16 05:00:00,0.0
2020-07-16 06:00:00,0.0
2020-07-16 07:00:00,0.0
2020-07-16 08:00:00,0.0
2020-07-16 09:00:00,0.0
2020-07-16 10:00:00,0.0
2020-07-16 11:00:00,0.0
2020-07-16 12:00:00,0.8042031305555556
2020-07-16 13:00:00,12.429415458333338
2020-07-16 14:00:00,34.942137302777795
2020-07-16 15:00:00,39.228079786111095
2020-07-16 16:00:00,46.45257660277781
2020-07-16 17:00:00,39.44222938611109
2020-07-16 18:00:00,31.364876936111145
2020-07-16 19:00:00,27.36230796388892
2020-07-16 20:00:00,19.774543066666705
2020-07-16 21:00:00,6.165145611111114
2020-07-16 22:00:00,0.9721646722222215
2020-07-16 23:00:00,0.004551916666666667
2020-07-17 00:00:00,0.0
2020-07-17 01:00:00,0.0
2020-07-17 02:00:00,0.0
2020-07-17 03:00:00,0.0
2020-07-17 04:00:00,0.0
2020-07-17 05:00:00,0.0
2020-07-17 06:00:00,0.0
2020-07-17 07:00:00,0.0
2020-07-17 08:00:00,0.0
2020-07-17 09:00:00,0.0
2020-07-17 10:00:00,0.0
2020-07-17 11:00:00,0.0
2020-07-17 12:00:00,0.0
2020-07-17 13:00:00,0.0
2020-07-17 14:00:00,5.68872588611111
2020-07-17 15:00:00,17.284451027777784
2020-07-17 16:00:00,17.084450658333367
2020-07-17 17:00:00,13.981002947222219
2020-07-17 18:00:00,13.344566511111108
2020-07-17 19:00:00,20.573169530555557
2020-07-17 20:00:00,21.76168402222223
2020-07-17 21:00:00,20.112474922222212
2020-07-17 22:00:00,13.180005430555576
2020-07-17 23:00:00,6.900851961111106
2020-07-18 00:00:00,0.0
2020-07-18 01:00:00,0.0
2020-07-18 02:00:00,0.0
2020-07-18 03:00:00,0.0
2020-07-18 04:00:00,0.0
2020-07-18 05:00:00,0.0
2020-07-18 06:00:00,0.0
2020-07-18 07:00:00,0.0
2020-07-18 08:00:00,0.0
2020-07-18 09:00:00,0.0
2020-07-18 10:00:00,0.0
2020-07-18 11:00:00,0.0
2020-07-18 12:00:00,0.0
2020-07-18 13:00:00,0.0
2020-07-18 14:00:00,1.9704894166666682
2020-07-18 15:00:00,6.4009767694444575
2020-07-18 16:00:00,6.322410197222212
2020-07-18 17:00:00,6.369961836111119
2020-07-18 18:00:00,5.723052430555553
2020-07-18 19:00:00,3.504587772222221
2020-07-18 20:00:00,0.0
2020-07-18 21:00:00,0.0
2020-07-18 22:00:00,0.0
2020-07-18 23:00:00,0.0
2020-07-19 00:00:00,0.0
2020-07-19 01:00:00,0.0
2020-07-19 02:00:00,0.0
2020-07-19 03:00:00,0.0
2020-07-19 04:00:00,0.0
2020-07-19 05:00:00,0.0
2020-07-19 06:00:00,0.0
2020-07-19 07:00:00,0.0
2020-07-19 08:00:00,0.0
2020-07-19 09:00:00,0.0
2020-07-19 10:00:00,0.0
2020-07-19 11:00:00,0.0
2020-07-19 12:00:00,0.0
2020-07-19 13:00:00,0.0
2020-07-19 14:00:00,0.0
2020-07-19 15:00:00,0.0
2020-07-19 16:00:00,0.2610443305555556
2020-07-19 17:00:00,0.07341408333333332
2020-07-19 18:00:00,0.0
2020-07-19 19:00:00,0.0
2020-07-19 20:00:00,0.0
2020-07-19 21:00:00,0.0
2020-07-19 22:00:00,0.07024861388888888
2020-07-19 23:00:00,3.082473658333316
2020-07-20 00:00:00,1.4777533249999983
2020-07-20 01:00:00,0.0
2020-07-20 02:00:00,0.0
2020-07-20 03:00:00,0.0
2020-07-20 04:00:00,0.0
2020-07-20 05:00:00,0.0
2020-07-20 06:00:00,0.0
2020-07-20 07:00:00,0.0
2020-07-20 08:00:00,0.0
2020-07-20 09:00:00,0.0
2020-07-20 10:00:00,0.0
2020-07-20 11:00:00,0.0
2020-07-20 12:00:00,0.9078638138888879
2020-07-20 13:00:00,11.337154055555562
2020-07-20 14:00:00,26.384126377777775
2020-07-20 15:00:00,33.997976330555524
2020-07-20 16:00:00,27.631218675
2020-07-20 17:00:00,29.8102346305556
2020-07-20 18:00:00,25.101144208333313
2020-07-20 19:00:00,32.31058251111111
2020-07-20 20:00:00,24.59006202777778
2020-07-20 21:00:00,21.05503199722222
2020-07-20 22:00:00,15.961652755555566
2020-07-20 23:00:00,6.7416164666666685
2020-07-21 00:00:00,9.565448894444458
2020-07-21 01:00:00,8.108958263888889
2020-07-21 02:00:00,3.3836101527777807
2020-07-21 03:00:00,0.0
2020-07-21 04:00:00,0.0
2020-07-21 05:00:00,0.0
2020-07-21 06:00:00,0.0
2020-07-21 07:00:00,0.0
2020-07-21 08:00:00,0.0
2020-07-21 09:00:00,0.0
2020-07-21 10:00:00,0.0
2020-07-21 11:00:00,0.0
2020-07-21 12:00:00,0.9102953527777772
2020-07-21 13:00:00,9.898731283333332
2020-07-21 14:00:00,25.126114108333322
2020-07-21 15:00:00,29.673249969444452
2020-07-21 16:00:00,25.300714066666664
2020-07-21 17:00:00,26.581120408333344
2020-07-21 18:00:00,25.329459458333353
2020-07-21 19:00:00,17.982205986111115
2020-07-21 20:00:00,12.031652702777812
2020-07-21 21:00:00,2.738543741666671
2020-07-21 22:00:00,0.0
2020-07-21 23:00:00,0.0
2020-07-22 00:00:00,0.0
2020-07-22 01:00:00,0.0
2020-07-22 02:00:00,0.0
2020-07-22 03:00:00,0.0
2020-07-22 04:00:00,0.0
2020-07-22 05:00:00,0.0
2020-07-22 06:00:00,0.0
2020-07-22 07:00:00,0.0
2020-07-22 08:00:00,0.0
2020-07-22 09:00:00,0.0
2020-07-22 10:00:00,0.0
2020-07-22 11:00:00,0.0
2020-07-22 12:00:00,0.936377238888888
2020-07-22 13:00:00,11.672378363888898
2020-07-22 14:00:00,14.916717697222225
2020-07-22 15:00:00,20.496329369444464
2020-07-22 16:00:00,31.462102663888885
2020-07-22 17:00:00,31.1339240888889
2020-07-22 18:00:00,27.008200138888864
2020-07-22 19:00:00,26.842663486111114
2020-07-22 20:00:00,29.684303813888917
2020-07-22 21:00:00,13.255820824999942
2020-07-22 22:00:00,15.09786959444439
2020-07-22 23:00:00,4.42277640555556
2020-07-23 00:00:00,0.0
2020-07-23 01:00:00,0.0
2020-07-23 02:00:00,0.0
2020-07-23 03:00:00,0.0
2020-07-23 04:00:00,0.0
2020-07-23 05:00:00,0.0
2020-07-23 06:00:00,0.0
2020-07-23 07:00:00,0.0
2020-07-23 08:00:00,0.0
2020-07-23 09:00:00,0.0
2020-07-23 10:00:00,0.0
2020-07-23 11:00:00,0.8058481999999997
2020-07-23 12:00:00,3.9441353055555632
2020-07-23 13:00:00,12.552009444444435
2020-07-23 14:00:00,12.248197816666679
2020-07-23 15:00:00,26.634824388888894
2020-07-23 16:00:00,38.48533547222224
2020-07-23 17:00:00,38.540802680555586
2020-07-23 18:00:00,30.90263771666667
2020-07-23 19:00:00,21.618149261111103
2020-07-23 20:00:00,18.930275800000036
2020-07-23 21:00:00,10.299821844444464
2020-07-23 22:00:00,5.667458649999984
2020-07-23 23:00:00,0.0
2020-07-24 00:00:00,0.0
2020-07-24 01:00:00,0.0
2020-07-24 02:00:00,0.0
2020-07-24 03:00:00,0.0
2020-07-24 04:00:00,0.0
2020-07-24 05:00:00,0.0
2020-07-24 06:00:00,0.0
2020-07-24 07:00:00,0.0
2020-07-24 08:00:00,0.0
2020-07-24 09:00:00,0.0
2020-07-24 10:00:00,0.0
2020-07-24 11:00:00,0.0
2020-07-24 12:00:00,0.0
2020-07-24 13:00:00,6.345441533333334
2020-07-24 14:00:00,23.27839925555553
2020-07-24 15:00:00,31.448272919444427
2020-07-24 16:00:00,38.10727241944447
2020-07-24 17:00:00,30.689571677777767
2020-07-24 18:00:00,26.01730601111111
2020-07-24 19:00:00,19.004739163888903
2020-07-24 20:00:00,10.44732749444445
2020-07-24 21:00:00,9.11107431388891
2020-07-24 22:00:00,9.045810394444452
2020-07-24 23:00:00,2.6231367472222265
2020-07-25 00:00:00,0.6586548055555556
2020-07-25 01:00:00,0.0
2020-07-25 02:00:00,3.2410350888888817
2020-07-25 03:00:00,2.0280202944444508
2020-07-25 04:00:00,0.0
2020-07-25 05:00:00,0.0
2020-07-25 06:00:00,0.0
2020-07-25 07:00:00,0.0
2020-07-25 08:00:00,0.0
2020-07-25 09:00:00,0.0
2020-07-25 10:00:00,0.0
2020-07-25 11:00:00,0.0
2020-07-25 12:00:00,0.0
2020-07-25 13:00:00,0.0
2020-07-25 14:00:00,0.0
2020-07-25 15:00:00,0.0
2020-07-25 16:00:00,0.0
2020-07-25 17:00:00,0.0
2020-07-25 18:00:00,0.0
2020-07-25 19:00:00,0.0
2020-07-25 20:00:00,0.0
2020-07-25 21:00:00,0.0
2020-07-25 22:00:00,0.0
2020-07-25 23:00:00,0.0
2020-07-26 00:00:00,0.0
2020-07-26 01:00:00,0.0
2020-07-26 02:00:00,0.0
2020-07-26 03:00:00,0.0
2020-07-26 04:00:00,0.0
2020-07-26 05:00:00,0.0
2020-07-26 06:00:00,0.0
2020-07-26 07:00:00,0.0
2020-07-26 08:00:00,0.0
2020-07-26 09:00:00,0.0
2020-07-26 10:00:00,0.0
2020-07-26 11:00:00,0.0
2020-07-26 12:00:00,0.0
2020-07-26 13:00:00,0.0
2020-07-26 14:00:00,0.0
2020-07-26 15:00:00,0.0
2020-07-26 16:00:00,0.0
2020-07-26 17:00:00,0.0
2020-07-26 18:00:00,0.0
2020-07-26 19:00:00,0.0
2020-07-26 20:00:00,0.0
2020-07-26 21:00:00,0.0
2020-07-26 22:00:00,0.0
2020-07-26 23:00:00,0.0
2020-07-27 00:00:00,0.0
2020-07-27 01:00:00,0.0
2020-07-27 02:00:00,0.0
2020-07-27 03:00:00,0.0
2020-07-27 04:00:00,0.0
2020-07-27 05:00:00,0.0
2020-07-27 06:00:00,0.0
2020-07-27 07:00:00,0.0
2020-07-27 08:00:00,0.0
2020-07-27 09:00:00,0.0
2020-07-27 10:00:00,0.0
2020-07-27 11:00:00,0.0
2020-07-27 12:00:00,0.0
2020-07-27 13:00:00,18.942676291666665
2020-07-27 14:00:00,41.44725286666672
2020-07-27 15:00:00,38.21021057499999
2020-07-27 16:00:00,40.06140576666667
2020-07-27 17:00:00,40.15514297777776
2020-07-27 18:00:00,36.424260383333376
2020-07-27 19:00:00,33.01681885277778
2020-07-27 20:00:00,30.189720597222227
2020-07-27 21:00:00,21.3636857361111
2020-07-27 22:00:00,18.407158863888892
2020-07-27 23:00:00,8.40523936666665
2020-07-28 00:00:00,2.6201782055555536
2020-07-28 01:00:00,0.3580343527777777
2020-07-28 02:00:00,0.0
2020-07-28 03:00:00,0.0
2020-07-28 04:00:00,0.0
2020-07-28 05:00:00,0.0
2020-07-28 06:00:00,0.0
2020-07-28 07:00:00,0.0
2020-07-28 08:00:00,0.0
2020-07-28 09:00:00,0.0
2020-07-28 10:00:00,0.0
2020-07-28 11:00:00,0.0
2020-07-28 12:00:00,0.0
2020-07-28 13:00:00,10.356938366666673
2020-07-28 14:00:00,25.513335266666665
2020-07-28 15:00:00,29.2243730111111
2020-07-28 16:00:00,29.03440758611113
2020-07-28 17:00:00,31.51329057777783
2020-07-28 18:00:00,34.53413880000001
2020-07-28 19:00:00,26.58788779166665
2020-07-28 20:00:00,36.40339273333331
2020-07-28 21:00:00,21.675651308333343
2020-07-28 22:00:00,10.450593919444433
2020-07-28 23:00:00,9.45951406388888
2020-07-29 00:00:00,2.3488422944444443
2020-07-29 01:00:00,0.0
2020-07-29 02:00:00,0.0
2020-07-29 03:00:00,0.0
2020-07-29 04:00:00,0.0
2020-07-29 05:00:00,0.0
2020-07-29 06:00:00,0.0
2020-07-29 07:00:00,0.0
2020-07-29 08:00:00,0.0
2020-07-29 09:00:00,0.0
2020-07-29 10:00:00,0.0
2020-07-29 11:00:00,0.0
2020-07-29 12:00:00,0.0
2020-07-29 13:00:00,12.819784986111124
2020-07-29 14:00:00,31.83124842777777
2020-07-29 15:00:00,39.450780380555535
2020-07-29 16:00:00,37.67020768611109
2020-07-29 17:00:00,36.791880225000014
2020-07-29 18:00:00,22.463953025000006
2020-07-29 19:00:00,17.930202416666685
2020-07-29 20:00:00,16.203320341666668
2020-07-29 21:00:00,6.670775922222237
2020-07-29 22:00:00,4.067333463888896
2020-07-29 23:00:00,2.0773228166666664
2020-07-30 00:00:00,3.2188922388889103
2020-07-30 01:00:00,0.3861888527777778
2020-07-30 02:00:00,0.0
2020-07-30 03:00:00,0.0
2020-07-30 04:00:00,0.0
2020-07-30 05:00:00,0.0
2020-07-30 06:00:00,0.0
2020-07-30 07:00:00,0.0
2020-07-30 08:00:00,0.0
2020-07-30 09:00:00,0.0
2020-07-30 10:00:00,0.0
2020-07-30 11:00:00,0.0
2020-07-30 12:00:00,3.6920481083333354
2020-07-30 13:00:00,12.158459241666662
2020-07-30 14:00:00,18.648680863888863
2020-07-30 15:00:00,18.91546014166667
2020-07-30 16:00:00,19.79974960555554
2020-07-30 17:00:00,26.96586986388884
2020-07-30 18:00:00,22.718970775
2020-07-30 19:00:00,10.977298500000007
2020-07-30 20:00:00,16.14371849444446
2020-07-30 21:00:00,16.83952728888888
2020-07-30 22:00:00,12.18338845555557
2020-07-30 23:00:00,6.807338169444454
2020-07-31 00:00:00,0.33847093611111106
2020-07-31 01:00:00,0.0
2020-07-31 02:00:00,0.0
2020-07-31 03:00:00,0.0
2020-07-31 04:00:00,0.0
2020-07-31 05:00:00,0.0
2020-07-31 06:00:00,0.0
2020-07-31 07:00:00,0.0
2020-07-31 08:00:00,0.0
2020-07-31 09:00:00,0.0
2020-07-31 10:00:00,0.0
2020-07-31 11:00:00,0.0
2020-07-31 12:00:00,0.0
2020-07-31 13:00:00,0.0
2020-07-31 14:00:00,1.8523779972222212
2020-07-31 15:00:00,3.251327536111133
2020-07-31 16:00:00,5.917310527777785
2020-07-31 17:00:00,9.177689988888899
2020-07-31 18:00:00,12.577676488888894
2020-07-31 19:00:00,8.942758225000002
2020-07-31 20:00:00,5.586153380555549
2020-07-31 21:00:00,3.2107403527777816
2020-07-31 22:00:00,3.2356418638888966
2020-07-31 23:00:00,3.245935650000003
2020-08-01 00:00:00,3.2799689444444455
2020-08-01 01:00:00,1.389057366666668
2020-08-01 02:00:00,0.0
2020-08-01 03:00:00,0.0
2020-08-01 04:00:00,0.0
2020-08-01 05:00:00,0.0
2020-08-01 06:00:00,3.364642519444447
2020-08-01 07:00:00,6.330536719444497
2020-08-01 08:00:00,6.807092183333352
2020-08-01 09:00:00,5.809084438888894
2020-08-01 10:00:00,6.4163362888889175
2020-08-01 11:00:00,6.397771797222248
2020-08-01 12:00:00,6.315278269444496
2020-08-01 13:00:00,6.411589222222248
2020-08-01 14:00:00,0.7068448305555557
2020-08-01 15:00:00,0.0
2020-08-01 16:00:00,0.0
2020-08-01 17:00:00,0.0
2020-08-01 18:00:00,0.0
2020-08-01 19:00:00,0.0
2020-08-01 20:00:00,0.0
2020-08-01 21:00:00,0.0
2020-08-01 22:00:00,0.0
2020-08-01 23:00:00,0.0
2020-08-02 00:00:00,0.0
2020-08-02 01:00:00,0.0
2020-08-02 02:00:00,0.0
2020-08-02 03:00:00,0.0
2020-08-02 04:00:00,0.0
2020-08-02 05:00:00,0.0
2020-08-02 06:00:00,0.0
2020-08-02 07:00:00,0.0
2020-08-02 08:00:00,0.0
2020-08-02 09:00:00,0.0
2020-08-02 10:00:00,0.0
2020-08-02 11:00:00,0.0
2020-08-02 12:00:00,0.0
2020-08-02 13:00:00,0.0
2020-08-02 14:00:00,0.0
2020-08-02 15:00:00,0.0
2020-08-02 16:00:00,0.0
2020-08-02 17:00:00,0.0
2020-08-02 18:00:00,0.0
2020-08-02 19:00:00,0.0
2020-08-02 20:00:00,0.0
2020-08-02 21:00:00,0.0
2020-08-02 22:00:00,0.0
2020-08-02 23:00:00,0.0
2020-08-03 00:00:00,0.0
2020-08-03 01:00:00,0.0
2020-08-03 02:00:00,0.0
2020-08-03 03:00:00,0.0
2020-08-03 04:00:00,0.0
2020-08-03 05:00:00,0.0
2020-08-03 06:00:00,0.0
2020-08-03 07:00:00,0.0
2020-08-03 08:00:00,0.0
2020-08-03 09:00:00,0.0
2020-08-03 10:00:00,0.0
2020-08-03 11:00:00,0.0
2020-08-03 12:00:00,0.8687886444444446
2020-08-03 13:00:00,10.71371283888889
2020-08-03 14:00:00,22.879966702777764
2020-08-03 15:00:00,32.90383021666667
2020-08-03 16:00:00,30.433909738888925
2020-08-03 17:00:00,24.282674180555563
2020-08-03 18:00:00,20.227872919444454
2020-08-03 19:00:00,15.633874613888896
2020-08-03 20:00:00,20.32136420555554
2020-08-03 21:00:00,19.182934922222213
2020-08-03 22:00:00,2.300473908333332
2020-08-03 23:00:00,0.0009043999999999999
2020-08-04 00:00:00,7.066666666666666e-05
2020-08-04 01:00:00,0.0
2020-08-04 02:00:00,0.0
2020-08-04 03:00:00,0.0
2020-08-04 04:00:00,0.0
2020-08-04 05:00:00,0.0
2020-08-04 06:00:00,0.0
2020-08-04 07:00:00,0.0
2020-08-04 08:00:00,0.0
2020-08-04 09:00:00,0.0
2020-08-04 10:00:00,0.0
2020-08-04 11:00:00,0.0
2020-08-04 12:00:00,0.9626871972222213
2020-08-04 13:00:00,10.792865755555553
2020-08-04 14:00:00,17.16791047499999
2020-08-04 15:00:00,21.227610552777772
2020-08-04 16:00:00,26.179361666666665
2020-08-04 17:00:00,21.804315366666668
2020-08-04 18:00:00,23.937256688888873
2020-08-04 19:00:00,18.15967784166669
2020-08-04 20:00:00,18.139653119444468
2020-08-04 21:00:00,4.608084280555552
2020-08-04 22:00:00,0.039198177777777794
2020-08-04 23:00:00,0.0
2020-08-05 00:00:00,7.026666666666668e-05
2020-08-05 01:00:00,0.0
2020-08-05 02:00:00,0.0
2020-08-05 03:00:00,0.0
2020-08-05 04:00:00,0.0
2020-08-05 05:00:00,0.0
2020-08-05 06:00:00,0.0
2020-08-05 07:00:00,0.0
2020-08-05 08:00:00,0.0
2020-08-05 09:00:00,0.0
2020-08-05 10:00:00,0.0
2020-08-05 11:00:00,0.0
2020-08-05 12:00:00,0.8793760777777772
2020-08-05 13:00:00,11.6998248888889
2020-08-05 14:00:00,21.193795038888894
2020-08-05 15:00:00,20.044391791666655
2020-08-05 16:00:00,28.584983077777775
2020-08-05 17:00:00,27.329315494444444
2020-08-05 18:00:00,26.749226872222245
2020-08-05 19:00:00,34.323749313888875
2020-08-05 20:00:00,36.3293723222222
2020-08-05 21:00:00,27.15217258611117
2020-08-05 22:00:00,17.265498736111102
2020-08-05 23:00:00,7.3563313111110835
2020-08-06 00:00:00,6.536345324999997
2020-08-06 01:00:00,1.9168004388888924
2020-08-06 02:00:00,0.2559020861111111
2020-08-06 03:00:00,0.0
2020-08-06 04:00:00,0.0
2020-08-06 05:00:00,0.0
2020-08-06 06:00:00,0.0
2020-08-06 07:00:00,0.0
2020-08-06 08:00:00,0.0
2020-08-06 09:00:00,0.0
2020-08-06 10:00:00,0.0
2020-08-06 11:00:00,0.0
2020-08-06 12:00:00,0.851790563888889
2020-08-06 13:00:00,12.319425044444454
2020-08-06 14:00:00,17.658489697222237
2020-08-06 15:00:00,28.711315174999996
2020-08-06 16:00:00,32.31250122499997
2020-08-06 17:00:00,34.45116749166669
2020-08-06 18:00:00,32.04424064722224
2020-08-06 19:00:00,25.158928341666655
2020-08-06 20:00:00,15.63238291944446
2020-08-06 21:00:00,11.348975691666661
2020-08-06 22:00:00,4.367632072222224
2020-08-06 23:00:00,3.0393521944444477
2020-08-07 00:00:00,0.9884393694444445
2020-08-07 01:00:00,3.231840450000041
2020-08-07 02:00:00,0.26282279722222196
2020-08-07 03:00:00,0.0
2020-08-07 04:00:00,0.0
2020-08-07 05:00:00,0.0
2020-08-07 06:00:00,0.0
2020-08-07 07:00:00,0.0
2020-08-07 08:00:00,0.0
2020-08-07 09:00:00,0.0
2020-08-07 10:00:00,0.0
2020-08-07 11:00:00,0.0
2020-08-07 12:00:00,0.0
2020-08-07 13:00:00,7.104746224999986
2020-08-07 14:00:00,19.698912680555566
2020-08-07 15:00:00,35.72093849444445
2020-08-07 16:00:00,43.13822338888894
2020-08-07 17:00:00,41.92107744722225
2020-08-07 18:00:00,38.032304791666675
2020-08-07 19:00:00,25.11312243055553
2020-08-07 20:00:00,17.640467516666636
2020-08-07 21:00:00,11.122139480555548
2020-08-07 22:00:00,4.83557225277778
2020-08-07 23:00:00,0.0
2020-08-08 00:00:00,0.0
2020-08-08 01:00:00,0.0
2020-08-08 02:00:00,0.0
2020-08-08 03:00:00,0.0
2020-08-08 04:00:00,0.0
2020-08-08 05:00:00,0.0
2020-08-08 06:00:00,0.0
2020-08-08 07:00:00,0.0
2020-08-08 08:00:00,0.0
2020-08-08 09:00:00,0.0
2020-08-08 10:00:00,0.0
2020-08-08 11:00:00,0.0
2020-08-08 12:00:00,0.0
2020-08-08 13:00:00,0.0
2020-08-08 14:00:00,0.6347303222222226
2020-08-08 15:00:00,1.7276674055555552
2020-08-08 16:00:00,2.6902253638888904
2020-08-08 17:00:00,3.09025607222222
2020-08-08 18:00:00,1.4173950777777788
2020-08-08 19:00:00,0.0
2020-08-08 20:00:00,0.0
2020-08-08 21:00:00,0.0
2020-08-08 22:00:00,0.0
2020-08-08 23:00:00,0.0
2020-08-09 00:00:00,0.0
2020-08-09 01:00:00,0.0
2020-08-09 02:00:00,0.0
2020-08-09 03:00:00,0.0
2020-08-09 04:00:00,0.0
2020-08-09 05:00:00,0.0
2020-08-09 06:00:00,0.0
2020-08-09 07:00:00,0.0
2020-08-09 08:00:00,0.0
2020-08-09 09:00:00,0.0
2020-08-09 10:00:00,0.0
2020-08-09 11:00:00,0.0
2020-08-09 12:00:00,0.0
2020-08-09 13:00:00,0.0
2020-08-09 14:00:00,0.0
2020-08-09 15:00:00,0.0
2020-08-09 16:00:00,1.0263068083333347
2020-08-09 17:00:00,3.1438050000000017
2020-08-09 18:00:00,3.0413452805555603
2020-08-09 19:00:00,0.14356388055555563
2020-08-09 20:00:00,0.0
2020-08-09 21:00:00,0.0
2020-08-09 22:00:00,0.0
2020-08-09 23:00:00,0.0
2020-08-10 00:00:00,0.0
2020-08-10 01:00:00,0.0
2020-08-10 02:00:00,0.0
2020-08-10 03:00:00,0.0
2020-08-10 04:00:00,0.0
2020-08-10 05:00:00,0.0
2020-08-10 06:00:00,0.0
2020-08-10 07:00:00,0.0
2020-08-10 08:00:00,0.0
2020-08-10 09:00:00,0.0
2020-08-10 10:00:00,0.0
2020-08-10 11:00:00,0.0
2020-08-10 12:00:00,0.878979383333334
2020-08-10 13:00:00,10.646722427777783
2020-08-10 14:00:00,27.357899347222173
2020-08-10 15:00:00,25.93418868333331
2020-08-10 16:00:00,27.43432970277776
2020-08-10 17:00:00,38.20457633888884
2020-08-10 18:00:00,35.788363580555604
2020-08-10 19:00:00,29.145766047222224
2020-08-10 20:00:00,32.34238099166665
2020-08-10 21:00:00,25.193690463888892
2020-08-10 22:00:00,12.304557500000024
2020-08-10 23:00:00,3.3432720805555567
2020-08-11 00:00:00,0.009232250000000001
2020-08-11 01:00:00,0.001790222222222222
2020-08-11 02:00:00,0.0
2020-08-11 03:00:00,0.0
2020-08-11 04:00:00,0.0
2020-08-11 05:00:00,0.0
2020-08-11 06:00:00,0.0
2020-08-11 07:00:00,0.0
2020-08-11 08:00:00,0.0
2020-08-11 09:00:00,0.0
2020-08-11 10:00:00,0.0
2020-08-11 11:00:00,0.0
2020-08-11 12:00:00,0.0
2020-08-11 13:00:00,5.806300952777772
2020-08-11 14:00:00,10.69154675833331
2020-08-11 15:00:00,15.192730886111102
2020-08-11 16:00:00,22.113728841666678
2020-08-11 17:00:00,28.401024449999966
2020-08-11 18:00:00,39.93680299722224
2020-08-11 19:00:00,41.21018870555557
2020-08-11 20:00:00,36.61553498055555
2020-08-11 21:00:00,23.42147284444445
2020-08-11 22:00:00,12.633277833333345
2020-08-11 23:00:00,0.2456167722222221
2020-08-12 00:00:00,0.0
2020-08-12 01:00:00,0.07924819722222223
2020-08-12 02:00:00,0.0
2020-08-12 03:00:00,0.0
2020-08-12 04:00:00,0.0
2020-08-12 05:00:00,0.0
2020-08-12 06:00:00,0.0
2020-08-12 07:00:00,0.0
2020-08-12 08:00:00,0.0
2020-08-12 09:00:00,0.0
2020-08-12 10:00:00,0.0
2020-08-12 11:00:00,0.0
2020-08-12 12:00:00,0.0
2020-08-12 13:00:00,7.3626632833333385
2020-08-12 14:00:00,27.69815926944448
2020-08-12 15:00:00,40.475132605555544
2020-08-12 16:00:00,55.25501364166676
2020-08-12 17:00:00,46.00055677777779
2020-08-12 18:00:00,50.20911578611113
2020-08-12 19:00:00,39.660133363888896
2020-08-12 20:00:00,28.121679141666675
2020-08-12 21:00:00,21.20669056388883
2020-08-12 22:00:00,17.911097019444487
2020-08-12 23:00:00,12.68438821944441
2020-08-13 00:00:00,7.459541027777779
2020-08-13 01:00:00,0.8310177111111111
2020-08-13 02:00:00,0.0
2020-08-13 03:00:00,0.0
2020-08-13 04:00:00,0.0
2020-08-13 05:00:00,0.0
2020-08-13 06:00:00,0.0
2020-08-13 07:00:00,0.0
2020-08-13 08:00:00,0.0
2020-08-13 09:00:00,0.0
2020-08-13 10:00:00,0.0
2020-08-13 11:00:00,0.0
2020-08-13 12:00:00,0.03013893611111111
2020-08-13 13:00:00,7.22592911388889
2020-08-13 14:00:00,16.73756596666666
2020-08-13 15:00:00,27.084515186111105
2020-08-13 16:00:00,28.51846137777779
2020-08-13 17:00:00,31.18037890000002
2020-08-13 18:00:00,32.49367246944441
2020-08-13 19:00:00,30.15206505000004
2020-08-13 20:00:00,28.00894013333332
2020-08-13 21:00:00,15.56210794999998
2020-08-13 22:00:00,7.380890061111128
2020-08-13 23:00:00,6.7682416083333266
2020-08-14 00:00:00,1.3506083972222227
2020-08-14 01:00:00,1.401764077777776
2020-08-14 02:00:00,0.0
2020-08-14 03:00:00,0.0
2020-08-14 04:00:00,0.0
2020-08-14 05:00:00,0.0
2020-08-14 06:00:00,0.0
2020-08-14 07:00:00,0.0
2020-08-14 08:00:00,0.0
2020-08-14 09:00:00,0.0
2020-08-14 10:00:00,0.0
2020-08-14 11:00:00,0.0
2020-08-14 12:00:00,0.0
2020-08-14 13:00:00,5.74628096944445
2020-08-14 14:00:00,11.199260930555562
2020-08-14 15:00:00,17.423262766666642
2020-08-14 16:00:00,23.182098508333315
2020-08-14 17:00:00,18.16045604166668
2020-08-14 18:00:00,17.536761775
2020-08-14 19:00:00,13.765393638888899
2020-08-14 20:00:00,11.830695036111107
2020-08-14 21:00:00,3.810836802777782
2020-08-14 22:00:00,0.002279666666666667
2020-08-14 23:00:00,0.0005347500000000001
2020-08-15 00:00:00,0.0
2020-08-15 01:00:00,0.0
2020-08-15 02:00:00,0.0
2020-08-15 03:00:00,0.0
2020-08-15 04:00:00,0.0
2020-08-15 05:00:00,0.0
2020-08-15 06:00:00,0.0
2020-08-15 07:00:00,0.0
2020-08-15 08:00:00,0.0
2020-08-15 09:00:00,0.0
2020-08-15 10:00:00,0.0
2020-08-15 11:00:00,0.0
2020-08-15 12:00:00,0.0
2020-08-15 13:00:00,0.0
2020-08-15 14:00:00,0.0
2020-08-15 15:00:00,0.0
2020-08-15 16:00:00,0.0
2020-08-15 17:00:00,0.0
2020-08-15 18:00:00,0.0
2020-08-15 19:00:00,0.0
2020-08-15 20:00:00,0.0
2020-08-15 21:00:00,0.0
2020-08-15 22:00:00,0.0
2020-08-15 23:00:00,0.0
2020-08-16 00:00:00,0.0
2020-08-16 01:00:00,0.0
2020-08-16 02:00:00,0.0
2020-08-16 03:00:00,0.0
2020-08-16 04:00:00,0.0
2020-08-16 05:00:00,0.0
2020-08-16 06:00:00,0.0
2020-08-16 07:00:00,0.0
2020-08-16 08:00:00,0.0
2020-08-16 09:00:00,0.0
2020-08-16 10:00:00,0.0
2020-08-16 11:00:00,0.0
2020-08-16 12:00:00,0.0
2020-08-16 13:00:00,0.0
2020-08-16 14:00:00,0.0
2020-08-16 15:00:00,0.0
2020-08-16 16:00:00,0.0
2020-08-16 17:00:00,0.0
2020-08-16 18:00:00,0.0
2020-08-16 19:00:00,0.0
2020-08-16 20:00:00,0.0
2020-08-16 21:00:00,0.0
2020-08-16 22:00:00,0.0
2020-08-16 23:00:00,0.0
2020-08-17 00:00:00,0.0
2020-08-17 01:00:00,0.0
2020-08-17 02:00:00,0.0
2020-08-17 03:00:00,0.0
2020-08-17 04:00:00,0.0
2020-08-17 05:00:00,0.0
2020-08-17 06:00:00,0.0
2020-08-17 07:00:00,0.0
2020-08-17 08:00:00,0.0
2020-08-17 09:00:00,0.0
2020-08-17 10:00:00,0.0
2020-08-17 11:00:00,0.0
2020-08-17 12:00:00,0.0
2020-08-17 13:00:00,15.58569089722223
2020-08-17 14:00:00,28.22323445277776
2020-08-17 15:00:00,35.77899255833336
2020-08-17 16:00:00,31.973993933333375
2020-08-17 17:00:00,33.63783186666667
2020-08-17 18:00:00,34.73859382500004
2020-08-17 19:00:00,37.98391837777774
2020-08-17 20:00:00,36.677105588888914
2020-08-17 21:00:00,29.909430397222202
2020-08-17 22:00:00,23.51614375000001
2020-08-17 23:00:00,8.631071219444454
2020-08-18 00:00:00,0.0002067
2020-08-18 01:00:00,0.2973253111111111
2020-08-18 02:00:00,0.21337774166666665
2020-08-18 03:00:00,0.0
2020-08-18 04:00:00,0.0
2020-08-18 05:00:00,0.0
2020-08-18 06:00:00,0.0
2020-08-18 07:00:00,0.0
2020-08-18 08:00:00,0.0
2020-08-18 09:00:00,0.0
2020-08-18 10:00:00,0.0
2020-08-18 11:00:00,0.0
2020-08-18 12:00:00,0.0
2020-08-18 13:00:00,1.8867647694444412
2020-08-18 14:00:00,13.62927764166667
2020-08-18 15:00:00,21.871652430555518
2020-08-18 16:00:00,23.715315711111128
2020-08-18 17:00:00,28.812750091666672
2020-08-18 18:00:00,36.231570033333334
2020-08-18 19:00:00,37.064351416666696
2020-08-18 20:00:00,31.248429275000007
2020-08-18 21:00:00,28.17517208888892
2020-08-18 22:00:00,25.137557286111136
2020-08-18 23:00:00,15.864472919444454
2020-08-19 00:00:00,7.593908511111114
2020-08-19 01:00:00,0.0
2020-08-19 02:00:00,0.0
2020-08-19 03:00:00,0.0
2020-08-19 04:00:00,0.0
2020-08-19 05:00:00,0.0
2020-08-19 06:00:00,0.0
2020-08-19 07:00:00,0.0
2020-08-19 08:00:00,0.0
2020-08-19 09:00:00,0.0
2020-08-19 10:00:00,0.0
2020-08-19 11:00:00,0.0
2020-08-19 12:00:00,0.0
2020-08-19 13:00:00,4.798124436111121
2020-08-19 14:00:00,16.30946119166666
2020-08-19 15:00:00,22.88680074166665
2020-08-19 16:00:00,36.37285138888891
2020-08-19 17:00:00,48.13007841111113
2020-08-19 18:00:00,35.86863434722223
2020-08-19 19:00:00,21.65974995000002
2020-08-19 20:00:00,16.292187525000017
2020-08-19 21:00:00,13.52135150555556
2020-08-19 22:00:00,11.83146517222221
2020-08-19 23:00:00,5.314414338888882
2020-08-20 00:00:00,0.0
2020-08-20 01:00:00,0.0
2020-08-20 02:00:00,0.0
2020-08-20 03:00:00,0.0
2020-08-20 04:00:00,0.0
2020-08-20 05:00:00,0.0
2020-08-20 06:00:00,0.0
2020-08-20 07:00:00,0.0
2020-08-20 08:00:00,0.0
2020-08-20 09:00:00,0.0
2020-08-20 10:00:00,0.0
2020-08-20 11:00:00,0.0
2020-08-20 12:00:00,1.2427171388888893
2020-08-20 13:00:00,11.675775938888886
2020-08-20 14:00:00,28.22624661388887
2020-08-20 15:00:00,33.30407203611113
2020-08-20 16:00:00,36.27013226944445
2020-08-20 17:00:00,45.3149261166667
2020-08-20 18:00:00,48.36968490833334
2020-08-20 19:00:00,38.27920767777777
2020-08-20 20:00:00,21.66857083888889
2020-08-20 21:00:00,19.0570211472222
2020-08-20 22:00:00,20.33857570277778
2020-08-20 23:00:00,20.741282622222222
2020-08-21 00:00:00,12.421539247222215
2020-08-21 01:00:00,1.374127786111114
2020-08-21 02:00:00,0.0
2020-08-21 03:00:00,0.0
2020-08-21 04:00:00,0.0
2020-08-21 05:00:00,0.0
2020-08-21 06:00:00,0.0
2020-08-21 07:00:00,0.0
2020-08-21 08:00:00,0.0
2020-08-21 09:00:00,0.0
2020-08-21 10:00:00,0.0
2020-08-21 11:00:00,0.0
2020-08-21 12:00:00,3.281479883333332
2020-08-21 13:00:00,14.947965208333343
2020-08-21 14:00:00,22.274167355555566
2020-08-21 15:00:00,25.76852365
2020-08-21 16:00:00,28.097728438888886
2020-08-21 17:00:00,28.752011780555545
2020-08-21 18:00:00,30.825737625000023
2020-08-21 19:00:00,30.968804516666637
2020-08-21 20:00:00,16.00108080555554
2020-08-21 21:00:00,4.100596649999999
2020-08-21 22:00:00,5.190617338888884
2020-08-21 23:00:00,2.409568833333342
2020-08-22 00:00:00,0.1109728888888885
2020-08-22 01:00:00,0.009482286111111115
2020-08-22 02:00:00,0.0
2020-08-22 03:00:00,0.0
2020-08-22 04:00:00,0.0
2020-08-22 05:00:00,0.0
2020-08-22 06:00:00,0.0
2020-08-22 07:00:00,0.0
2020-08-22 08:00:00,0.0
2020-08-22 09:00:00,0.0
2020-08-22 10:00:00,0.0
2020-08-22 11:00:00,0.0
2020-08-22 12:00:00,0.0
2020-08-22 13:00:00,0.0
2020-08-22 14:00:00,0.0
2020-08-22 15:00:00,0.0
2020-08-22 16:00:00,2.1270830666666676
2020-08-22 17:00:00,3.095045050000002
2020-08-22 18:00:00,3.133141708333336
2020-08-22 19:00:00,3.143533469444447
2020-08-22 20:00:00,0.6177234805555555
2020-08-22 21:00:00,0.0
2020-08-22 22:00:00,0.0
2020-08-22 23:00:00,0.0
2020-08-23 00:00:00,0.0
2020-08-23 01:00:00,0.0
2020-08-23 02:00:00,0.0
2020-08-23 03:00:00,0.0
2020-08-23 04:00:00,0.0
2020-08-23 05:00:00,0.0
2020-08-23 06:00:00,0.0
2020-08-23 07:00:00,0.0
2020-08-23 08:00:00,0.0
2020-08-23 09:00:00,0.0
2020-08-23 10:00:00,0.0
2020-08-23 11:00:00,0.0
2020-08-23 12:00:00,0.0
2020-08-23 13:00:00,0.0
2020-08-23 14:00:00,0.0
2020-08-23 15:00:00,0.0
2020-08-23 16:00:00,0.0
2020-08-23 17:00:00,0.0
2020-08-23 18:00:00,0.0
2020-08-23 19:00:00,0.0
2020-08-23 20:00:00,0.0
2020-08-23 21:00:00,0.0
2020-08-23 22:00:00,0.0
2020-08-23 23:00:00,0.0
2020-08-24 00:00:00,0.0
2020-08-24 01:00:00,0.0
2020-08-24 02:00:00,0.0
2020-08-24 03:00:00,0.0
2020-08-24 04:00:00,0.0
2020-08-24 05:00:00,0.0
2020-08-24 06:00:00,0.0
2020-08-24 07:00:00,0.0
2020-08-24 08:00:00,0.0
2020-08-24 09:00:00,0.0
2020-08-24 10:00:00,0.0
2020-08-24 11:00:00,0.0
2020-08-24 12:00:00,0.8283347583333328
2020-08-24 13:00:00,13.135137730555574
2020-08-24 14:00:00,31.621002174999994
2020-08-24 15:00:00,38.24928352499999
2020-08-24 16:00:00,38.42676400555554
2020-08-24 17:00:00,41.51539471666664
2020-08-24 18:00:00,42.10566389722223
2020-08-24 19:00:00,36.71991221388892
2020-08-24 20:00:00,27.003062094444452
2020-08-24 21:00:00,18.43832804166666
2020-08-24 22:00:00,11.474897972222221
2020-08-24 23:00:00,12.593594261111075
2020-08-25 00:00:00,5.70640830555555
2020-08-25 01:00:00,1.0360478166666678
2020-08-25 02:00:00,0.07302064444444444
2020-08-25 03:00:00,0.0
2020-08-25 04:00:00,0.0
2020-08-25 05:00:00,0.0
2020-08-25 06:00:00,0.0
2020-08-25 07:00:00,0.0
2020-08-25 08:00:00,0.0
2020-08-25 09:00:00,0.0
2020-08-25 10:00:00,0.0
2020-08-25 11:00:00,0.0
2020-08-25 12:00:00,0.8065874638888889
2020-08-25 13:00:00,10.599028811111104
2020-08-25 14:00:00,24.516140636111096
2020-08-25 15:00:00,26.18807428611113
2020-08-25 16:00:00,28.06496138888888
2020-08-25 17:00:00,34.35407495277777
2020-08-25 18:00:00,36.2837819861111
2020-08-25 19:00:00,26.915551824999994
2020-08-25 20:00:00,22.43216229166667
2020-08-25 21:00:00,18.595099877777706
2020-08-25 22:00:00,9.29708603333333
2020-08-25 23:00:00,0.0
2020-08-26 00:00:00,0.0
2020-08-26 01:00:00,1.0708829416666679
2020-08-26 02:00:00,0.0
2020-08-26 03:00:00,0.0
2020-08-26 04:00:00,0.0
2020-08-26 05:00:00,0.0
2020-08-26 06:00:00,0.0
2020-08-26 07:00:00,0.0
2020-08-26 08:00:00,0.0
2020-08-26 09:00:00,0.0
2020-08-26 10:00:00,0.0
2020-08-26 11:00:00,0.0
2020-08-26 12:00:00,0.0
2020-08-26 13:00:00,4.5377544166666715
2020-08-26 14:00:00,18.063953622222236
2020-08-26 15:00:00,23.515503486111125
2020-08-26 16:00:00,32.04488024166664
2020-08-26 17:00:00,29.558658363888892
2020-08-26 18:00:00,30.23340192777779
2020-08-26 19:00:00,39.45142520833335
2020-08-26 20:00:00,27.512330058333337
2020-08-26 21:00:00,22.2649080666667
2020-08-26 22:00:00,18.887743122222204
2020-08-26 23:00:00,11.61103566111111
2020-08-27 00:00:00,9.429139825000004
2020-08-27 01:00:00,8.952631416666662
2020-08-27 02:00:00,1.090367250000001
2020-08-27 03:00:00,0.0
2020-08-27 04:00:00,0.0
2020-08-27 05:00:00,0.0
2020-08-27 06:00:00,0.0
2020-08-27 07:00:00,0.0
2020-08-27 08:00:00,0.0
2020-08-27 09:00:00,0.0
2020-08-27 10:00:00,0.0
2020-08-27 11:00:00,0.0
2020-08-27 12:00:00,0.0
2020-08-27 13:00:00,13.532666291666686
2020-08-27 14:00:00,33.98581821111111
2020-08-27 15:00:00,41.51619050833337
2020-08-27 16:00:00,41.26935175555559
2020-08-27 17:00:00,34.36562894166665
2020-08-27 18:00:00,30.59876041388887
2020-08-27 19:00:00,23.446603616666664
2020-08-27 20:00:00,13.189330672222235
2020-08-27 21:00:00,5.46165964444444
2020-08-27 22:00:00,5.046776569444439
2020-08-27 23:00:00,2.447956163888889
2020-08-28 00:00:00,0.08834326944444441
2020-08-28 01:00:00,0.0379700611111111
2020-08-28 02:00:00,0.0
2020-08-28 03:00:00,0.0
2020-08-28 04:00:00,0.0
2020-08-28 05:00:00,0.0
2020-08-28 06:00:00,0.0
2020-08-28 07:00:00,0.0
2020-08-28 08:00:00,0.0
2020-08-28 09:00:00,0.0
2020-08-28 10:00:00,0.0
2020-08-28 11:00:00,0.0
2020-08-28 12:00:00,0.0
2020-08-28 13:00:00,0.7369441611111112
2020-08-28 14:00:00,4.226423783333334
2020-08-28 15:00:00,9.602957463888893
2020-08-28 16:00:00,8.367305686111118
2020-08-28 17:00:00,5.650490177777778
2020-08-28 18:00:00,6.461642544444458
2020-08-28 19:00:00,7.911190266666674
2020-08-28 20:00:00,7.846747008333345
2020-08-28 21:00:00,3.176660036111116
2020-08-28 22:00:00,8.639158755555554
2020-08-28 23:00:00,7.1993255611111096
2020-08-29 00:00:00,0.03632286111111111
2020-08-29 01:00:00,0.0
2020-08-29 02:00:00,0.0
2020-08-29 03:00:00,0.0
2020-08-29 04:00:00,0.0
2020-08-29 05:00:00,0.0
2020-08-29 06:00:00,0.0
2020-08-29 07:00:00,0.0
2020-08-29 08:00:00,0.0
2020-08-29 09:00:00,0.0
2020-08-29 10:00:00,0.0
2020-08-29 11:00:00,0.0
2020-08-29 12:00:00,0.0
2020-08-29 13:00:00,0.0
2020-08-29 14:00:00,0.0
2020-08-29 15:00:00,0.0
2020-08-29 16:00:00,0.0
2020-08-29 17:00:00,0.0
2020-08-29 18:00:00,0.0
2020-08-29 19:00:00,0.0
2020-08-29 20:00:00,0.0
2020-08-29 21:00:00,0.0
2020-08-29 22:00:00,0.0
2020-08-29 23:00:00,0.0
2020-08-30 00:00:00,0.0
2020-08-30 01:00:00,0.0
2020-08-30 02:00:00,0.0
2020-08-30 03:00:00,0.0
2020-08-30 04:00:00,0.0
2020-08-30 05:00:00,0.0
2020-08-30 06:00:00,0.0
2020-08-30 07:00:00,0.0
2020-08-30 08:00:00,0.0
2020-08-30 09:00:00,0.0
2020-08-30 10:00:00,0.0
2020-08-30 11:00:00,0.0
2020-08-30 12:00:00,0.0
2020-08-30 13:00:00,0.0
2020-08-30 14:00:00,0.0
2020-08-30 15:00:00,0.0
2020-08-30 16:00:00,0.0
2020-08-30 17:00:00,0.0
2020-08-30 18:00:00,0.0
2020-08-30 19:00:00,0.0
2020-08-30 20:00:00,0.0
2020-08-30 21:00:00,0.0
2020-08-30 22:00:00,0.0
2020-08-30 23:00:00,0.0
2020-08-31 00:00:00,4.82837588055557
2020-08-31 01:00:00,5.763664736111116
2020-08-31 02:00:00,0.0
2020-08-31 03:00:00,0.0
2020-08-31 04:00:00,0.0
2020-08-31 05:00:00,0.0
2020-08-31 06:00:00,0.0
2020-08-31 07:00:00,0.0
2020-08-31 08:00:00,0.0
2020-08-31 09:00:00,0.0
2020-08-31 10:00:00,0.0
2020-08-31 11:00:00,3.587706619444438
2020-08-31 12:00:00,7.25285783888891
2020-08-31 13:00:00,18.55520566666665
2020-08-31 14:00:00,31.359448036111168
2020-08-31 15:00:00,32.50114079166669
2020-08-31 16:00:00,26.61317299722222
2020-08-31 17:00:00,25.156557916666653
2020-08-31 18:00:00,39.174712327777826
2020-08-31 19:00:00,43.580030374999986
2020-08-31 20:00:00,36.673071280555575
2020-08-31 21:00:00,33.81098990833333
2020-08-31 22:00:00,33.601332400000004
2020-08-31 23:00:00,25.59091261388889
2020-09-01 00:00:00,7.11009085277778
2020-09-01 01:00:00,0.0
2020-09-01 02:00:00,0.0
2020-09-01 03:00:00,9.382222222222223e-05
2020-09-01 04:00:00,0.0
2020-09-01 05:00:00,0.0
2020-09-01 06:00:00,0.0
2020-09-01 07:00:00,0.0
2020-09-01 08:00:00,0.0
2020-09-01 09:00:00,0.0
2020-09-01 10:00:00,0.0
2020-09-01 11:00:00,0.0
2020-09-01 12:00:00,0.748137219444444
2020-09-01 13:00:00,7.803163683333334
2020-09-01 14:00:00,21.77712709166668
2020-09-01 15:00:00,30.195337224999996
2020-09-01 16:00:00,43.16888029166665
2020-09-01 17:00:00,49.53296516111113
2020-09-01 18:00:00,50.33907928333332
2020-09-01 19:00:00,33.509899366666666
2020-09-01 20:00:00,21.289419830555573
2020-09-01 21:00:00,9.645712630555547
2020-09-01 22:00:00,3.5137873444444385
2020-09-01 23:00:00,10.071523316666681
2020-09-02 00:00:00,11.62993841944448
2020-09-02 01:00:00,2.7674854499999957
2020-09-02 02:00:00,0.0
2020-09-02 03:00:00,0.0
2020-09-02 04:00:00,0.0
2020-09-02 05:00:00,0.0
2020-09-02 06:00:00,0.0
2020-09-02 07:00:00,0.0
2020-09-02 08:00:00,0.0
2020-09-02 09:00:00,0.0
2020-09-02 10:00:00,0.0
2020-09-02 11:00:00,0.0
2020-09-02 12:00:00,3.514869597222223
2020-09-02 13:00:00,20.123268572222194
2020-09-02 14:00:00,29.751562875000026
2020-09-02 15:00:00,24.039412830555506
2020-09-02 16:00:00,29.79441830000004
2020-09-02 17:00:00,29.466097266666676
2020-09-02 18:00:00,20.169523238888907
2020-09-02 19:00:00,28.995392013888864
2020-09-02 20:00:00,36.243078061111135
2020-09-02 21:00:00,41.32374021666669
2020-09-02 22:00:00,31.658420555555523
2020-09-02 23:00:00,20.81084208611111
2020-09-03 00:00:00,13.07699268055556
2020-09-03 01:00:00,1.8594820166666672
2020-09-03 02:00:00,0.016383188888888886
2020-09-03 03:00:00,0.0
2020-09-03 04:00:00,0.0
2020-09-03 05:00:00,0.0
2020-09-03 06:00:00,0.0
2020-09-03 07:00:00,0.0
2020-09-03 08:00:00,0.0
2020-09-03 09:00:00,0.0
2020-09-03 10:00:00,0.0
2020-09-03 11:00:00,0.0
2020-09-03 12:00:00,0.9228151972222223
2020-09-03 13:00:00,14.642820244444444
2020-09-03 14:00:00,30.34660137222223
2020-09-03 15:00:00,32.24935065277776
2020-09-03 16:00:00,55.41127209722229
2020-09-03 17:00:00,54.32731347499999
2020-09-03 18:00:00,43.83134753888887
2020-09-03 19:00:00,38.27186562499995
2020-09-03 20:00:00,26.133591516666655
2020-09-03 21:00:00,14.941382694444421
2020-09-03 22:00:00,13.399894238888903
2020-09-03 23:00:00,8.992145011111136
2020-09-04 00:00:00,6.529703366666662
2020-09-04 01:00:00,5.686127533333339
2020-09-04 02:00:00,0.0
2020-09-04 03:00:00,0.0
2020-09-04 04:00:00,0.0
2020-09-04 05:00:00,0.0
2020-09-04 06:00:00,0.0
2020-09-04 07:00:00,0.0
2020-09-04 08:00:00,0.0
2020-09-04 09:00:00,0.0
2020-09-04 10:00:00,0.0
2020-09-04 11:00:00,0.0
2020-09-04 12:00:00,1.049513530555556
2020-09-04 13:00:00,10.750272344444443
2020-09-04 14:00:00,24.35003437777779
2020-09-04 15:00:00,26.82397896944445
2020-09-04 16:00:00,27.779500591666697
2020-09-04 17:00:00,23.751753088888893
2020-09-04 18:00:00,22.857902358333348
2020-09-04 19:00:00,16.884980063888896
2020-09-04 20:00:00,9.075026799999993
2020-09-04 21:00:00,4.451449830555554
2020-09-04 22:00:00,0.0
2020-09-04 23:00:00,0.0
2020-09-05 00:00:00,0.0
2020-09-05 01:00:00,0.0
2020-09-05 02:00:00,0.0
2020-09-05 03:00:00,0.0
2020-09-05 04:00:00,0.0
2020-09-05 05:00:00,0.0
2020-09-05 06:00:00,0.0
2020-09-05 07:00:00,0.0
2020-09-05 08:00:00,0.0
2020-09-05 09:00:00,0.0
2020-09-05 10:00:00,0.0
2020-09-05 11:00:00,2.2328025388888864
2020-09-05 12:00:00,4.8152285722222095
2020-09-05 13:00:00,0.0
2020-09-05 14:00:00,0.0
2020-09-05 15:00:00,0.04593211111111111
2020-09-05 16:00:00,3.1683952527777826
2020-09-05 17:00:00,4.708295719444453
2020-09-05 18:00:00,0.0
2020-09-05 19:00:00,0.0
2020-09-05 20:00:00,0.0
2020-09-05 21:00:00,0.0
2020-09-05 22:00:00,0.0
2020-09-05 23:00:00,0.0
2020-09-06 00:00:00,0.0
2020-09-06 01:00:00,0.0
2020-09-06 02:00:00,0.0
2020-09-06 03:00:00,0.0
2020-09-06 04:00:00,0.0
2020-09-06 05:00:00,0.0
2020-09-06 06:00:00,0.0
2020-09-06 07:00:00,0.0
2020-09-06 08:00:00,0.0
2020-09-06 09:00:00,0.0
2020-09-06 10:00:00,0.0
2020-09-06 11:00:00,0.0
2020-09-06 12:00:00,0.0
2020-09-06 13:00:00,0.0
2020-09-06 14:00:00,0.0
2020-09-06 15:00:00,0.0
2020-09-06 16:00:00,0.0
2020-09-06 17:00:00,0.0
2020-09-06 18:00:00,0.0
2020-09-06 19:00:00,0.0
2020-09-06 20:00:00,0.0
2020-09-06 21:00:00,0.0
2020-09-06 22:00:00,0.0
2020-09-06 23:00:00,0.0
2020-09-07 00:00:00,0.0
2020-09-07 01:00:00,0.0
2020-09-07 02:00:00,0.0
2020-09-07 03:00:00,0.0
2020-09-07 04:00:00,0.0
2020-09-07 05:00:00,0.0
2020-09-07 06:00:00,0.0
2020-09-07 07:00:00,0.0
2020-09-07 08:00:00,0.0
2020-09-07 09:00:00,0.0
2020-09-07 10:00:00,0.0
2020-09-07 11:00:00,0.0
2020-09-07 12:00:00,0.0
2020-09-07 13:00:00,0.0
2020-09-07 14:00:00,0.0
2020-09-07 15:00:00,0.0
2020-09-07 16:00:00,0.0
2020-09-07 17:00:00,0.0
2020-09-07 18:00:00,0.0
2020-09-07 19:00:00,0.0
2020-09-07 20:00:00,0.0
2020-09-07 21:00:00,0.0
2020-09-07 22:00:00,0.0
2020-09-07 23:00:00,0.0
2020-09-08 00:00:00,0.0
2020-09-08 01:00:00,0.0
2020-09-08 02:00:00,0.0
2020-09-08 03:00:00,0.0
2020-09-08 04:00:00,0.0
2020-09-08 05:00:00,0.0
2020-09-08 06:00:00,0.0
2020-09-08 07:00:00,0.0
2020-09-08 08:00:00,0.0
2020-09-08 09:00:00,0.0
2020-09-08 10:00:00,0.0
2020-09-08 11:00:00,0.0
2020-09-08 12:00:00,2.602122497222225
2020-09-08 13:00:00,15.849198522222235
2020-09-08 14:00:00,25.79136009444446
2020-09-08 15:00:00,27.980684080555584
2020-09-08 16:00:00,25.853141388888883
2020-09-08 17:00:00,15.456414988888863
2020-09-08 18:00:00,13.12795172222222
2020-09-08 19:00:00,17.78854815277779
2020-09-08 20:00:00,11.4294160111111
2020-09-08 21:00:00,5.390614094444443
2020-09-08 22:00:00,8.186816983333344
2020-09-08 23:00:00,7.566512127777781
2020-09-09 00:00:00,6.037061163888888
2020-09-09 01:00:00,0.0
2020-09-09 02:00:00,0.0
2020-09-09 03:00:00,0.0
2020-09-09 04:00:00,0.0
2020-09-09 05:00:00,0.0
2020-09-09 06:00:00,0.0
2020-09-09 07:00:00,0.0
2020-09-09 08:00:00,0.0
2020-09-09 09:00:00,0.0
2020-09-09 10:00:00,0.0
2020-09-09 11:00:00,0.0
2020-09-09 12:00:00,0.7063688333333328
2020-09-09 13:00:00,11.18017387777778
2020-09-09 14:00:00,33.913163649999994
2020-09-09 15:00:00,34.60940809444442
2020-09-09 16:00:00,26.60985808055557
2020-09-09 17:00:00,24.916931499999997
2020-09-09 18:00:00,27.11625514444445
2020-09-09 19:00:00,33.78630380555553
2020-09-09 20:00:00,30.8529373972222
2020-09-09 21:00:00,15.854899341666684
2020-09-09 22:00:00,15.536069322222245
2020-09-09 23:00:00,14.842958958333337
2020-09-10 00:00:00,12.620356397222196
2020-09-10 01:00:00,12.706855247222254
2020-09-10 02:00:00,10.89991733055555
2020-09-10 03:00:00,0.6735605138888888
2020-09-10 04:00:00,0.0
2020-09-10 05:00:00,0.0
2020-09-10 06:00:00,0.0
2020-09-10 07:00:00,0.0
2020-09-10 08:00:00,0.0
2020-09-10 09:00:00,0.0
2020-09-10 10:00:00,0.0
2020-09-10 11:00:00,0.0
2020-09-10 12:00:00,0.6728419916666667
2020-09-10 13:00:00,10.77074302777778
2020-09-10 14:00:00,28.08604275277777
2020-09-10 15:00:00,31.5672339805556
2020-09-10 16:00:00,27.55897556111111
2020-09-10 17:00:00,23.92516136111112
2020-09-10 18:00:00,27.93077903055555
2020-09-10 19:00:00,21.42410040555554
2020-09-10 20:00:00,9.586631772222214
2020-09-10 21:00:00,8.9006908611111
2020-09-10 22:00:00,6.996817891666677
2020-09-10 23:00:00,1.0934168916666662
2020-09-11 00:00:00,0.0
2020-09-11 01:00:00,0.0
2020-09-11 02:00:00,0.0
2020-09-11 03:00:00,0.0
2020-09-11 04:00:00,0.0
2020-09-11 05:00:00,0.0
2020-09-11 06:00:00,0.0
2020-09-11 07:00:00,0.0
2020-09-11 08:00:00,0.0
2020-09-11 09:00:00,0.0
2020-09-11 10:00:00,0.0
2020-09-11 11:00:00,0.0
2020-09-11 12:00:00,0.0
2020-09-11 13:00:00,3.6653515444444467
2020-09-11 14:00:00,12.569451455555589
2020-09-11 15:00:00,6.579408002777782
2020-09-11 16:00:00,6.435345680555556
2020-09-11 17:00:00,0.9026750694444443
2020-09-11 18:00:00,0.24383070277777774
2020-09-11 19:00:00,0.0
2020-09-11 20:00:00,0.0
2020-09-11 21:00:00,0.0
2020-09-11 22:00:00,0.0
2020-09-11 23:00:00,0.0
2020-09-12 00:00:00,0.0
2020-09-12 01:00:00,0.0
2020-09-12 02:00:00,0.0
2020-09-12 03:00:00,0.0
2020-09-12 04:00:00,0.0
2020-09-12 05:00:00,0.0
2020-09-12 06:00:00,0.0
2020-09-12 07:00:00,0.0
2020-09-12 08:00:00,0.0
2020-09-12 09:00:00,0.0
2020-09-12 10:00:00,0.0
2020-09-12 11:00:00,0.0
2020-09-12 12:00:00,0.0
2020-09-12 13:00:00,0.0
2020-09-12 14:00:00,0.0
2020-09-12 15:00:00,0.0
2020-09-12 16:00:00,0.0
2020-09-12 17:00:00,0.0
2020-09-12 18:00:00,0.0
2020-09-12 19:00:00,0.0
2020-09-12 20:00:00,0.0
2020-09-12 21:00:00,0.0
2020-09-12 22:00:00,0.0
2020-09-12 23:00:00,0.0
2020-09-13 00:00:00,0.0
2020-09-13 01:00:00,0.0
2020-09-13 02:00:00,0.0
2020-09-13 03:00:00,0.0
2020-09-13 04:00:00,0.0
2020-09-13 05:00:00,0.0
2020-09-13 06:00:00,0.0
2020-09-13 07:00:00,0.0
2020-09-13 08:00:00,0.0
2020-09-13 09:00:00,0.0
2020-09-13 10:00:00,0.0
2020-09-13 11:00:00,0.0
2020-09-13 12:00:00,0.0
2020-09-13 13:00:00,0.0
2020-09-13 14:00:00,0.0
2020-09-13 15:00:00,0.0
2020-09-13 16:00:00,0.0
2020-09-13 17:00:00,0.0
2020-09-13 18:00:00,0.0
2020-09-13 19:00:00,0.0
2020-09-13 20:00:00,0.0
2020-09-13 21:00:00,0.0
2020-09-13 22:00:00,0.0
2020-09-13 23:00:00,0.0
2020-09-14 00:00:00,0.0
2020-09-14 01:00:00,0.0
2020-09-14 02:00:00,0.0
2020-09-14 03:00:00,0.0
2020-09-14 04:00:00,0.0
2020-09-14 05:00:00,0.0
2020-09-14 06:00:00,0.0
2020-09-14 07:00:00,0.0
2020-09-14 08:00:00,0.0
2020-09-14 09:00:00,0.0
2020-09-14 10:00:00,0.0
2020-09-14 11:00:00,0.0
2020-09-14 12:00:00,0.3059945
2020-09-14 13:00:00,7.233381583333344
2020-09-14 14:00:00,12.145385302777767
2020-09-14 15:00:00,26.514995400000032
2020-09-14 16:00:00,29.079274474999984
2020-09-14 17:00:00,24.524657930555577
2020-09-14 18:00:00,13.657464425000017
2020-09-14 19:00:00,1.5876707944444441
2020-09-14 20:00:00,0.0
2020-09-14 21:00:00,0.0
2020-09-14 22:00:00,0.0
2020-09-14 23:00:00,0.0
2020-09-15 00:00:00,0.0
2020-09-15 01:00:00,0.0
2020-09-15 02:00:00,0.0
2020-09-15 03:00:00,0.0
2020-09-15 04:00:00,0.0
2020-09-15 05:00:00,0.0
2020-09-15 06:00:00,0.0
2020-09-15 07:00:00,0.0
2020-09-15 08:00:00,0.0
2020-09-15 09:00:00,0.0
2020-09-15 10:00:00,0.0
2020-09-15 11:00:00,0.0
2020-09-15 12:00:00,0.0
2020-09-15 13:00:00,0.6334265138888894
2020-09-15 14:00:00,9.266593052777765
2020-09-15 15:00:00,9.389591777777788
2020-09-15 16:00:00,4.7653173972222165
2020-09-15 17:00:00,0.2563885222222221
2020-09-15 18:00:00,0.0
2020-09-15 19:00:00,5.500847897222236
2020-09-15 20:00:00,6.380294888888888
2020-09-15 21:00:00,3.96539959722224
2020-09-15 22:00:00,0.27865671388888863
2020-09-15 23:00:00,0.0
2020-09-16 00:00:00,0.0
2020-09-16 01:00:00,0.0
2020-09-16 02:00:00,0.0
2020-09-16 03:00:00,0.0
2020-09-16 04:00:00,0.0
2020-09-16 05:00:00,0.0
2020-09-16 06:00:00,0.0
2020-09-16 07:00:00,0.0
2020-09-16 08:00:00,0.0
2020-09-16 09:00:00,0.0
2020-09-16 10:00:00,0.0
2020-09-16 11:00:00,0.0
2020-09-16 12:00:00,0.08644024444444447
2020-09-16 13:00:00,6.245169844444444
2020-09-16 14:00:00,6.191123019444435
2020-09-16 15:00:00,8.455816949999996
2020-09-16 16:00:00,8.793526866666687
2020-09-16 17:00:00,2.4510794222222243
2020-09-16 18:00:00,0.0
2020-09-16 19:00:00,0.0
2020-09-16 20:00:00,0.0
2020-09-16 21:00:00,0.0
2020-09-16 22:00:00,0.10057921666666665
2020-09-16 23:00:00,0.0
2020-09-17 00:00:00,0.0
2020-09-17 01:00:00,0.0
2020-09-17 02:00:00,0.0
2020-09-17 03:00:00,0.0
2020-09-17 04:00:00,0.0
2020-09-17 05:00:00,0.0
2020-09-17 06:00:00,0.0
2020-09-17 07:00:00,0.0
2020-09-17 08:00:00,0.0
2020-09-17 09:00:00,0.0
2020-09-17 10:00:00,0.0
2020-09-17 11:00:00,0.0
2020-09-17 12:00:00,0.1721202888888889
2020-09-17 13:00:00,3.8400036888888773
2020-09-17 14:00:00,9.115193408333333
2020-09-17 15:00:00,14.449620961111115
2020-09-17 16:00:00,12.210909802777776
2020-09-17 17:00:00,12.917741716666674
2020-09-17 18:00:00,11.50917069444444
2020-09-17 19:00:00,6.038795769444448
2020-09-17 20:00:00,7.983631544444453
2020-09-17 21:00:00,4.515545397222221
2020-09-17 22:00:00,3.1487947277777755
2020-09-17 23:00:00,1.8823784833333337
2020-09-18 00:00:00,0.0
2020-09-18 01:00:00,0.0
2020-09-18 02:00:00,0.0
2020-09-18 03:00:00,0.0
2020-09-18 04:00:00,0.0
2020-09-18 05:00:00,0.0
2020-09-18 06:00:00,0.0
2020-09-18 07:00:00,0.0
2020-09-18 08:00:00,0.0
2020-09-18 09:00:00,0.0
2020-09-18 10:00:00,0.0
2020-09-18 11:00:00,0.0
2020-09-18 12:00:00,0.0004711666666666666
2020-09-18 13:00:00,8.748165155555563
2020-09-18 14:00:00,12.386976702777794
2020-09-18 15:00:00,10.680831361111116
2020-09-18 16:00:00,9.896354675000001
2020-09-18 17:00:00,11.000535280555539
2020-09-18 18:00:00,9.060651224999992
2020-09-18 19:00:00,6.349739824999949
2020-09-18 20:00:00,8.927513327777756
2020-09-18 21:00:00,12.217616411111099
2020-09-18 22:00:00,7.019917836111115
2020-09-18 23:00:00,7.411191941666676
2020-09-19 00:00:00,1.2801575638888893
2020-09-19 01:00:00,0.0
2020-09-19 02:00:00,0.0
2020-09-19 03:00:00,0.0
2020-09-19 04:00:00,0.0
2020-09-19 05:00:00,0.0
2020-09-19 06:00:00,0.0
2020-09-19 07:00:00,0.0
2020-09-19 08:00:00,0.0
2020-09-19 09:00:00,0.0
2020-09-19 10:00:00,0.0
2020-09-19 11:00:00,0.0
2020-09-19 12:00:00,0.0
2020-09-19 13:00:00,0.0
2020-09-19 14:00:00,0.0
2020-09-19 15:00:00,0.0
2020-09-19 16:00:00,0.0
2020-09-19 17:00:00,0.6463357249999999
2020-09-19 18:00:00,6.217566566666658
2020-09-19 19:00:00,6.181461683333328
2020-09-19 20:00:00,6.313407336111174
2020-09-19 21:00:00,6.144871366666714
2020-09-19 22:00:00,3.0079971055555665
2020-09-19 23:00:00,1.0906046722222225
2020-09-20 00:00:00,0.0
2020-09-20 01:00:00,0.0
2020-09-20 02:00:00,0.0
2020-09-20 03:00:00,0.0
2020-09-20 04:00:00,0.0
2020-09-20 05:00:00,0.0
2020-09-20 06:00:00,0.0
2020-09-20 07:00:00,0.0
2020-09-20 08:00:00,0.0
2020-09-20 09:00:00,0.0
2020-09-20 10:00:00,0.0
2020-09-20 11:00:00,0.0
2020-09-20 12:00:00,0.0
2020-09-20 13:00:00,0.0
2020-09-20 14:00:00,0.0
2020-09-20 15:00:00,0.0
2020-09-20 16:00:00,0.0
2020-09-20 17:00:00,0.0
2020-09-20 18:00:00,0.0
2020-09-20 19:00:00,0.0
2020-09-20 20:00:00,0.0
2020-09-20 21:00:00,0.0
2020-09-20 22:00:00,0.0
2020-09-20 23:00:00,0.0
2020-09-21 00:00:00,0.0
2020-09-21 01:00:00,0.0
2020-09-21 02:00:00,0.0
2020-09-21 03:00:00,0.0
2020-09-21 04:00:00,0.0
2020-09-21 05:00:00,0.0
2020-09-21 06:00:00,0.0
2020-09-21 07:00:00,0.0
2020-09-21 08:00:00,0.0
2020-09-21 09:00:00,0.0
2020-09-21 10:00:00,0.0
2020-09-21 11:00:00,0.0
2020-09-21 12:00:00,0.31492561666666663
2020-09-21 13:00:00,11.966462077777773
2020-09-21 14:00:00,17.371771433333343
2020-09-21 15:00:00,25.18180245277778
2020-09-21 16:00:00,32.288854811111115
2020-09-21 17:00:00,26.811341249999938
2020-09-21 18:00:00,21.668700666666613
2020-09-21 19:00:00,15.758158699999978
2020-09-21 20:00:00,15.715409633333373
2020-09-21 21:00:00,13.134254302777766
2020-09-21 22:00:00,14.064998227777767
2020-09-21 23:00:00,12.231706391666652
2020-09-22 00:00:00,11.504472536111102
2020-09-22 01:00:00,4.690397711111107
2020-09-22 02:00:00,0.0
2020-09-22 03:00:00,0.0
2020-09-22 04:00:00,0.0
2020-09-22 05:00:00,0.0
2020-09-22 06:00:00,0.0
2020-09-22 07:00:00,0.0
2020-09-22 08:00:00,0.0
2020-09-22 09:00:00,0.0
2020-09-22 10:00:00,0.0
2020-09-22 11:00:00,0.0
2020-09-22 12:00:00,0.745582266666666
2020-09-22 13:00:00,8.242570713888872
2020-09-22 14:00:00,16.028176475000002
2020-09-22 15:00:00,21.644355561111123
2020-09-22 16:00:00,27.60654210000002
2020-09-22 17:00:00,30.253494077777766
2020-09-22 18:00:00,26.675118805555538
2020-09-22 19:00:00,22.764002127777808
2020-09-22 20:00:00,15.167764202777771
2020-09-22 21:00:00,2.9081637916666625
2020-09-22 22:00:00,1.5241396583333324
2020-09-22 23:00:00,0.006623544444444445
2020-09-23 00:00:00,0.0
2020-09-23 01:00:00,0.1386743638888889
2020-09-23 02:00:00,0.01751992222222222
2020-09-23 03:00:00,0.0
2020-09-23 04:00:00,0.0
2020-09-23 05:00:00,3.2880292583333293
2020-09-23 06:00:00,6.268157738888901
2020-09-23 07:00:00,3.0748249638888874
2020-09-23 08:00:00,0.0
2020-09-23 09:00:00,0.0
2020-09-23 10:00:00,0.0
2020-09-23 11:00:00,0.0
2020-09-23 12:00:00,2.136817486111112
2020-09-23 13:00:00,14.034244341666643
2020-09-23 14:00:00,25.091667011111095
2020-09-23 15:00:00,36.508341497222204
2020-09-23 16:00:00,47.57372242500004
2020-09-23 17:00:00,54.17481397777779
2020-09-23 18:00:00,40.15013293055554
2020-09-23 19:00:00,21.553761358333325
2020-09-23 20:00:00,20.307742222222238
2020-09-23 21:00:00,18.70109634999996
2020-09-23 22:00:00,10.282097641666645
2020-09-23 23:00:00,6.624918336111089
2020-09-24 00:00:00,6.715447730555512
2020-09-24 01:00:00,6.387896069444455
2020-09-24 02:00:00,6.449804411111099
2020-09-24 03:00:00,4.578106463888882
2020-09-24 04:00:00,0.17407278333333334
2020-09-24 05:00:00,0.0
2020-09-24 06:00:00,0.0
2020-09-24 07:00:00,0.0
2020-09-24 08:00:00,0.0
2020-09-24 09:00:00,0.0
2020-09-24 10:00:00,0.0
2020-09-24 11:00:00,0.0
2020-09-24 12:00:00,2.7153031500000004
2020-09-24 13:00:00,18.29836634999999
2020-09-24 14:00:00,26.586873944444438
2020-09-24 15:00:00,26.54866659722223
2020-09-24 16:00:00,29.82089168611116
2020-09-24 17:00:00,39.37664701944447
2020-09-24 18:00:00,29.57191552777779
2020-09-24 19:00:00,8.626844980555566
2020-09-24 20:00:00,14.664238161111083
2020-09-24 21:00:00,7.528350477777738
2020-09-24 22:00:00,4.731744055555563
2020-09-24 23:00:00,8.125758341666664
2020-09-25 00:00:00,12.083381119444486
2020-09-25 01:00:00,7.523292052777771
2020-09-25 02:00:00,0.0
2020-09-25 03:00:00,0.0
2020-09-25 04:00:00,0.0
2020-09-25 05:00:00,0.0
2020-09-25 06:00:00,0.0
2020-09-25 07:00:00,0.0
2020-09-25 08:00:00,0.0
2020-09-25 09:00:00,0.0
2020-09-25 10:00:00,0.0
2020-09-25 11:00:00,0.0
2020-09-25 12:00:00,0.0
2020-09-25 13:00:00,5.169802927777768
2020-09-25 14:00:00,9.23003006111111
2020-09-25 15:00:00,13.88529504166667
2020-09-25 16:00:00,17.43365362499999
2020-09-25 17:00:00,14.805036091666675
2020-09-25 18:00:00,14.402361436111086
2020-09-25 19:00:00,6.1014728805555505
2020-09-25 20:00:00,9.257091849999984
2020-09-25 21:00:00,9.333384691666666
2020-09-25 22:00:00,7.399563302777771
2020-09-25 23:00:00,3.342259969444447
2020-09-26 00:00:00,6.354108930555561
2020-09-26 01:00:00,6.22449701388888
2020-09-26 02:00:00,1.5237918138888888
2020-09-26 03:00:00,0.0
2020-09-26 04:00:00,0.0
2020-09-26 05:00:00,0.0
2020-09-26 06:00:00,0.0
2020-09-26 07:00:00,0.0
2020-09-26 08:00:00,0.0
2020-09-26 09:00:00,0.0
2020-09-26 10:00:00,0.0
2020-09-26 11:00:00,0.0
2020-09-26 12:00:00,0.0
2020-09-26 13:00:00,0.0
2020-09-26 14:00:00,0.0
2020-09-26 15:00:00,0.0
2020-09-26 16:00:00,0.0
2020-09-26 17:00:00,0.0
2020-09-26 18:00:00,0.0
2020-09-26 19:00:00,0.0
2020-09-26 20:00:00,0.0
2020-09-26 21:00:00,0.0
2020-09-26 22:00:00,0.0
2020-09-26 23:00:00,0.0
2020-09-27 00:00:00,0.0
2020-09-27 01:00:00,0.0
2020-09-27 02:00:00,0.0
2020-09-27 03:00:00,0.0
2020-09-27 04:00:00,0.0
2020-09-27 05:00:00,0.0
2020-09-27 06:00:00,0.0
2020-09-27 07:00:00,0.0
2020-09-27 08:00:00,0.0
2020-09-27 09:00:00,0.0
2020-09-27 10:00:00,0.0
2020-09-27 11:00:00,0.0
2020-09-27 12:00:00,0.0
2020-09-27 13:00:00,0.0
2020-09-27 14:00:00,0.0
2020-09-27 15:00:00,0.0
2020-09-27 16:00:00,0.0
2020-09-27 17:00:00,0.0
2020-09-27 18:00:00,0.0
2020-09-27 19:00:00,0.0
2020-09-27 20:00:00,0.0
2020-09-27 21:00:00,0.0
2020-09-27 22:00:00,0.0
2020-09-27 23:00:00,0.0
2020-09-28 00:00:00,0.0
2020-09-28 01:00:00,0.0
2020-09-28 02:00:00,0.0
2020-09-28 03:00:00,0.0
2020-09-28 04:00:00,0.0
2020-09-28 05:00:00,0.0
2020-09-28 06:00:00,0.0
2020-09-28 07:00:00,0.0
2020-09-28 08:00:00,0.0
2020-09-28 09:00:00,0.0
2020-09-28 10:00:00,0.0
2020-09-28 11:00:00,0.0
2020-09-28 12:00:00,0.45551473611111093
2020-09-28 13:00:00,7.081291708333347
2020-09-28 14:00:00,14.813276377777779
2020-09-28 15:00:00,20.712015786111117
2020-09-28 16:00:00,21.03744322777777
2020-09-28 17:00:00,24.290605647222215
2020-09-28 18:00:00,23.29837387222224
2020-09-28 19:00:00,30.885878816666633
2020-09-28 20:00:00,32.30103440000004
2020-09-28 21:00:00,29.609149533333323
2020-09-28 22:00:00,25.49448594444443
2020-09-28 23:00:00,22.15953671111115
2020-09-29 00:00:00,10.160096491666671
2020-09-29 01:00:00,0.0
2020-09-29 02:00:00,0.010225622222222222
2020-09-29 03:00:00,0.0
2020-09-29 04:00:00,0.0
2020-09-29 05:00:00,0.0
2020-09-29 06:00:00,0.0
2020-09-29 07:00:00,0.0
2020-09-29 08:00:00,0.0
2020-09-29 09:00:00,0.0
2020-09-29 10:00:00,0.0
2020-09-29 11:00:00,0.0
2020-09-29 12:00:00,0.7464163611111112
2020-09-29 13:00:00,8.181781119444423
2020-09-29 14:00:00,21.247082816666683
2020-09-29 15:00:00,30.614875083333317
2020-09-29 16:00:00,36.19311510277776
2020-09-29 17:00:00,36.100032258333364
2020-09-29 18:00:00,38.59571478611111
2020-09-29 19:00:00,42.39150118333336
2020-09-29 20:00:00,30.237717849999996
2020-09-29 21:00:00,24.670103911111156
2020-09-29 22:00:00,16.033370008333335
2020-09-29 23:00:00,9.848602358333338
2020-09-30 00:00:00,5.153835277777783
2020-09-30 01:00:00,4.974478586111113
2020-09-30 02:00:00,0.0
2020-09-30 03:00:00,0.0
2020-09-30 04:00:00,0.0
2020-09-30 05:00:00,0.0
2020-09-30 06:00:00,0.0
2020-09-30 07:00:00,0.0
2020-09-30 08:00:00,0.0
2020-09-30 09:00:00,0.0
2020-09-30 10:00:00,0.0
2020-09-30 11:00:00,0.0
2020-09-30 12:00:00,0.0
2020-09-30 13:00:00,5.795699738888885
2020-09-30 14:00:00,13.876111447222218
2020-09-30 15:00:00,19.26985815833333
2020-09-30 16:00:00,24.092778852777787
2020-09-30 17:00:00,31.359676102777787
2020-09-30 18:00:00,27.565791683333376
2020-09-30 19:00:00,28.05149463888892
2020-09-30 20:00:00,38.629930049999984
2020-09-30 21:00:00,37.00046521388888
2020-09-30 22:00:00,33.999203286111104
2020-09-30 23:00:00,14.05851503611112
2020-10-01 00:00:00,7.039522949999991
2020-10-01 01:00:00,5.2421512166666755
2020-10-01 02:00:00,4.145362311111113
2020-10-01 03:00:00,0.0
2020-10-01 04:00:00,0.0
2020-10-01 05:00:00,0.0
2020-10-01 06:00:00,0.0
2020-10-01 07:00:00,0.0
2020-10-01 08:00:00,0.0
2020-10-01 09:00:00,0.16476661944444457
2020-10-01 10:00:00,0.0
2020-10-01 11:00:00,0.0
2020-10-01 12:00:00,0.0
2020-10-01 13:00:00,10.846553502777773
2020-10-01 14:00:00,31.491914286111182
2020-10-01 15:00:00,43.578887919444455
2020-10-01 16:00:00,54.006186041666645
2020-10-01 17:00:00,53.146584830555554
2020-10-01 18:00:00,49.44064961944442
2020-10-01 19:00:00,41.89847638333332
2020-10-01 20:00:00,29.912017472222235
2020-10-01 21:00:00,25.3013279944444
2020-10-01 22:00:00,22.261062605555534
2020-10-01 23:00:00,13.190191150000038
2020-10-02 00:00:00,10.457261822222232
2020-10-02 01:00:00,5.8841785361111105
2020-10-02 02:00:00,4.947683969444447
2020-10-02 03:00:00,0.0
2020-10-02 04:00:00,0.0
2020-10-02 05:00:00,0.0
2020-10-02 06:00:00,0.0
2020-10-02 07:00:00,0.0
2020-10-02 08:00:00,0.0
2020-10-02 09:00:00,0.0
2020-10-02 10:00:00,0.0
2020-10-02 11:00:00,0.0
2020-10-02 12:00:00,0.3173958916666667
2020-10-02 13:00:00,13.1655671861111
2020-10-02 14:00:00,37.360231880555574
2020-10-02 15:00:00,39.11591768055555
2020-10-02 16:00:00,33.57213986944446
2020-10-02 17:00:00,35.29935612500001
2020-10-02 18:00:00,24.259157388888895
2020-10-02 19:00:00,22.770492619444425
2020-10-02 20:00:00,29.29166976944444
2020-10-02 21:00:00,27.060933050000003
2020-10-02 22:00:00,18.67357816111111
2020-10-02 23:00:00,6.96388336944445
2020-10-03 00:00:00,5.23231048611112
2020-10-03 01:00:00,5.20569983055555
2020-10-03 02:00:00,2.6379634083333334
2020-10-03 03:00:00,0.0
2020-10-03 04:00:00,0.0
2020-10-03 05:00:00,0.0
2020-10-03 06:00:00,0.0
2020-10-03 07:00:00,0.0
2020-10-03 08:00:00,0.0
2020-10-03 09:00:00,0.0
2020-10-03 10:00:00,0.0
2020-10-03 11:00:00,0.0
2020-10-03 12:00:00,0.0
2020-10-03 13:00:00,0.0
2020-10-03 14:00:00,5.252381327777782
2020-10-03 15:00:00,6.402520669444445
2020-10-03 16:00:00,6.434366688888903
2020-10-03 17:00:00,6.444380766666683
2020-10-03 18:00:00,6.337928608333348
2020-10-03 19:00:00,6.338394566666652
2020-10-03 20:00:00,0.7115890388888887
2020-10-03 21:00:00,0.0
2020-10-03 22:00:00,0.006898711111111112
2020-10-03 23:00:00,0.0
2020-10-04 00:00:00,0.0
2020-10-04 01:00:00,0.0
2020-10-04 02:00:00,0.0
2020-10-04 03:00:00,0.0
2020-10-04 04:00:00,0.0
2020-10-04 05:00:00,0.0
2020-10-04 06:00:00,0.0
2020-10-04 07:00:00,0.0
2020-10-04 08:00:00,0.0
2020-10-04 09:00:00,0.0
2020-10-04 10:00:00,0.0
2020-10-04 11:00:00,0.0
2020-10-04 12:00:00,0.0
2020-10-04 13:00:00,0.0
2020-10-04 14:00:00,0.0
2020-10-04 15:00:00,0.0
2020-10-04 16:00:00,0.0
2020-10-04 17:00:00,0.0
2020-10-04 18:00:00,0.0
2020-10-04 19:00:00,0.0
2020-10-04 20:00:00,0.0
2020-10-04 21:00:00,0.0
2020-10-04 22:00:00,0.0
2020-10-04 23:00:00,0.0
2020-10-05 00:00:00,0.0
2020-10-05 01:00:00,0.0
2020-10-05 02:00:00,0.0
2020-10-05 03:00:00,0.0
2020-10-05 04:00:00,0.0
2020-10-05 05:00:00,0.0
2020-10-05 06:00:00,0.0
2020-10-05 07:00:00,0.0
2020-10-05 08:00:00,0.0
2020-10-05 09:00:00,0.0
2020-10-05 10:00:00,0.0
2020-10-05 11:00:00,0.0
2020-10-05 12:00:00,1.6007591555555567
2020-10-05 13:00:00,17.173251700000005
2020-10-05 14:00:00,33.8626035472222
2020-10-05 15:00:00,39.541431088888906
2020-10-05 16:00:00,38.791195888888886
2020-10-05 17:00:00,31.703492988888897
2020-10-05 18:00:00,36.43166342777779
2020-10-05 19:00:00,30.599621352777817
2020-10-05 20:00:00,20.380066661111133
2020-10-05 21:00:00,19.931469780555542
2020-10-05 22:00:00,14.417336883333327
2020-10-05 23:00:00,9.205872908333331
2020-10-06 00:00:00,11.192481594444434
2020-10-06 01:00:00,11.079523025000007
2020-10-06 02:00:00,7.413916761111118
2020-10-06 03:00:00,0.04215125555555556
2020-10-06 04:00:00,0.0
2020-10-06 05:00:00,0.0
2020-10-06 06:00:00,0.0
2020-10-06 07:00:00,0.0
2020-10-06 08:00:00,0.0
2020-10-06 09:00:00,0.0
2020-10-06 10:00:00,0.0
2020-10-06 11:00:00,0.0
2020-10-06 12:00:00,3.3047014361111113
2020-10-06 13:00:00,16.16975708888889
2020-10-06 14:00:00,27.572181075000014
2020-10-06 15:00:00,29.308278516666658
2020-10-06 16:00:00,38.1972761638889
2020-10-06 17:00:00,43.069128624999976
2020-10-06 18:00:00,38.81608947222227
2020-10-06 19:00:00,37.94317765277786
2020-10-06 20:00:00,25.906599483333405
2020-10-06 21:00:00,13.026883366666658
2020-10-06 22:00:00,0.232368075
2020-10-06 23:00:00,0.2450439277777778
2020-10-07 00:00:00,3.6361561972222223
2020-10-07 01:00:00,5.5111828916666665
2020-10-07 02:00:00,3.685325661111113
2020-10-07 03:00:00,0.0
2020-10-07 04:00:00,0.0
2020-10-07 05:00:00,0.0
2020-10-07 06:00:00,0.0
2020-10-07 07:00:00,0.0
2020-10-07 08:00:00,0.0
2020-10-07 09:00:00,0.0
2020-10-07 10:00:00,0.0
2020-10-07 11:00:00,0.0
2020-10-07 12:00:00,0.0
2020-10-07 13:00:00,17.275425225000014
2020-10-07 14:00:00,35.60508035555554
2020-10-07 15:00:00,36.19511363055557
2020-10-07 16:00:00,49.47224894444447
2020-10-07 17:00:00,44.4493569361111
2020-10-07 18:00:00,35.814046316666676
2020-10-07 19:00:00,33.030478058333365
2020-10-07 20:00:00,33.184720983333314
2020-10-07 21:00:00,31.87022344722225
2020-10-07 22:00:00,19.17054231666669
2020-10-07 23:00:00,6.043958155555559
2020-10-08 00:00:00,1.4336440805555584
2020-10-08 01:00:00,0.0024261666666666667
2020-10-08 02:00:00,0.0018209833333333334
2020-10-08 03:00:00,0.0
2020-10-08 04:00:00,0.0
2020-10-08 05:00:00,0.0
2020-10-08 06:00:00,0.0
2020-10-08 07:00:00,0.0
2020-10-08 08:00:00,0.0
2020-10-08 09:00:00,0.0
2020-10-08 10:00:00,0.0
2020-10-08 11:00:00,0.0
2020-10-08 12:00:00,0.0
2020-10-08 13:00:00,13.09682304722222
2020-10-08 14:00:00,27.348470380555547
2020-10-08 15:00:00,27.550095019444456
2020-10-08 16:00:00,34.30298433055557
2020-10-08 17:00:00,27.636480352777745
2020-10-08 18:00:00,32.525462100000034
2020-10-08 19:00:00,36.406324119444506
2020-10-08 20:00:00,29.07227461388886
2020-10-08 21:00:00,22.612154891666687
2020-10-08 22:00:00,14.885411402777793
2020-10-08 23:00:00,4.233320930555559
2020-10-09 00:00:00,0.2347057472222223
2020-10-09 01:00:00,0.2348638555555556
2020-10-09 02:00:00,0.0
2020-10-09 03:00:00,0.0
2020-10-09 04:00:00,0.0
2020-10-09 05:00:00,0.0
2020-10-09 06:00:00,0.0
2020-10-09 07:00:00,0.0
2020-10-09 08:00:00,0.0
2020-10-09 09:00:00,0.0
2020-10-09 10:00:00,0.0
2020-10-09 11:00:00,0.0
2020-10-09 12:00:00,2.389099647222222
2020-10-09 13:00:00,6.48490248611111
2020-10-09 14:00:00,14.948430866666659
2020-10-09 15:00:00,19.786438994444453
2020-10-09 16:00:00,19.5776467027778
2020-10-09 17:00:00,16.70938205833332
2020-10-09 18:00:00,17.237712641666683
2020-10-09 19:00:00,7.613441688888896
2020-10-09 20:00:00,12.559009705555553
2020-10-09 21:00:00,9.91607919444446
2020-10-09 22:00:00,3.9223522472222228
2020-10-09 23:00:00,0.2345690611111111
2020-10-10 00:00:00,0.24141261944444437
2020-10-10 01:00:00,0.0
2020-10-10 02:00:00,0.0
2020-10-10 03:00:00,0.0
2020-10-10 04:00:00,0.0
2020-10-10 05:00:00,0.0
2020-10-10 06:00:00,0.0
2020-10-10 07:00:00,0.0
2020-10-10 08:00:00,0.0
2020-10-10 09:00:00,0.0
2020-10-10 10:00:00,0.0
2020-10-10 11:00:00,0.0
2020-10-10 12:00:00,0.0
2020-10-10 13:00:00,0.0
2020-10-10 14:00:00,0.0
2020-10-10 15:00:00,0.0
2020-10-10 16:00:00,0.0
2020-10-10 17:00:00,0.0
2020-10-10 18:00:00,0.0
2020-10-10 19:00:00,0.0
2020-10-10 20:00:00,0.0
2020-10-10 21:00:00,0.0
2020-10-10 22:00:00,0.0
2020-10-10 23:00:00,0.0
2020-10-11 00:00:00,0.0
2020-10-11 01:00:00,0.0
2020-10-11 02:00:00,0.0
2020-10-11 03:00:00,0.0
2020-10-11 04:00:00,0.0
2020-10-11 05:00:00,0.0
2020-10-11 06:00:00,0.0
2020-10-11 07:00:00,0.0
2020-10-11 08:00:00,0.0
2020-10-11 09:00:00,0.0
2020-10-11 10:00:00,0.0
2020-10-11 11:00:00,0.0
2020-10-11 12:00:00,0.0
2020-10-11 13:00:00,0.0
2020-10-11 14:00:00,0.0
2020-10-11 15:00:00,0.0
2020-10-11 16:00:00,0.0
2020-10-11 17:00:00,0.0
2020-10-11 18:00:00,0.0
2020-10-11 19:00:00,0.0
2020-10-11 20:00:00,0.7639119750000003
2020-10-11 21:00:00,6.589194755555561
2020-10-11 22:00:00,6.610418727777787
2020-10-11 23:00:00,6.640978449999995
2020-10-12 00:00:00,2.6904213027777795
2020-10-12 01:00:00,0.5132814583333333
2020-10-12 02:00:00,0.23572754166666665
2020-10-12 03:00:00,0.25711811666666673
2020-10-12 04:00:00,0.0
2020-10-12 05:00:00,0.0
2020-10-12 06:00:00,0.0
2020-10-12 07:00:00,0.0
2020-10-12 08:00:00,0.0
2020-10-12 09:00:00,0.0
2020-10-12 10:00:00,0.0
2020-10-12 11:00:00,0.0
2020-10-12 12:00:00,3.74612018333334
2020-10-12 13:00:00,20.06811161388888
2020-10-12 14:00:00,40.754268405555536
2020-10-12 15:00:00,38.706453102777765
2020-10-12 16:00:00,35.097588552777815
2020-10-12 17:00:00,39.759463936111125
2020-10-12 18:00:00,32.156666680555574
2020-10-12 19:00:00,28.556527127777784
2020-10-12 20:00:00,31.110958152777766
2020-10-12 21:00:00,27.401744199999968
2020-10-12 22:00:00,18.273638880555552
2020-10-12 23:00:00,1.9675173500000003
2020-10-13 00:00:00,0.17806828055555557
2020-10-13 01:00:00,0.0
2020-10-13 02:00:00,0.0
2020-10-13 03:00:00,0.0
2020-10-13 04:00:00,0.0
2020-10-13 05:00:00,0.0
2020-10-13 06:00:00,0.0
2020-10-13 07:00:00,0.0
2020-10-13 08:00:00,0.0
2020-10-13 09:00:00,0.0
2020-10-13 10:00:00,0.0
2020-10-13 11:00:00,0.0
2020-10-13 12:00:00,0.5424268333333335
2020-10-13 13:00:00,14.009605322222225
2020-10-13 14:00:00,26.803301561111105
2020-10-13 15:00:00,35.219100847222236
2020-10-13 16:00:00,39.312333166666676
2020-10-13 17:00:00,42.58792009999997
2020-10-13 18:00:00,42.69489419722221
2020-10-13 19:00:00,36.01097766388892
2020-10-13 20:00:00,17.525292861111105
2020-10-13 21:00:00,10.778693947222227
2020-10-13 22:00:00,7.964575108333328
2020-10-13 23:00:00,2.450898863888891
2020-10-14 00:00:00,6.512703172222223
2020-10-14 01:00:00,6.561427358333332
2020-10-14 02:00:00,6.434693686111105
2020-10-14 03:00:00,4.678982808333336
2020-10-14 04:00:00,6.473832630555558
2020-10-14 05:00:00,1.3016780527777785
2020-10-14 06:00:00,0.0
2020-10-14 07:00:00,0.0
2020-10-14 08:00:00,0.0
2020-10-14 09:00:00,0.0
2020-10-14 10:00:00,0.0
2020-10-14 11:00:00,0.0
2020-10-14 12:00:00,1.607336505555556
2020-10-14 13:00:00,13.587286530555568
2020-10-14 14:00:00,23.781800266666693
2020-10-14 15:00:00,31.379252502777753
2020-10-14 16:00:00,27.02235077777776
2020-10-14 17:00:00,21.758879455555558
2020-10-14 18:00:00,21.528688902777787
2020-10-14 19:00:00,25.943880097222213
2020-10-14 20:00:00,35.46170329444447
2020-10-14 21:00:00,40.18674024999998
2020-10-14 22:00:00,36.539156975000076
2020-10-14 23:00:00,29.599295288888865
2020-10-15 00:00:00,19.077489669444404
2020-10-15 01:00:00,12.075061702777782
2020-10-15 02:00:00,3.4570844138888863
2020-10-15 03:00:00,0.04864913888888889
2020-10-15 04:00:00,0.0
2020-10-15 05:00:00,0.0
2020-10-15 06:00:00,0.0
2020-10-15 07:00:00,0.0
2020-10-15 08:00:00,0.0
2020-10-15 09:00:00,0.0
2020-10-15 10:00:00,0.0
2020-10-15 11:00:00,0.0
2020-10-15 12:00:00,0.0
2020-10-15 13:00:00,14.241802313888888
2020-10-15 14:00:00,25.16035149166666
2020-10-15 15:00:00,32.29632027222223
2020-10-15 16:00:00,39.828366247222206
2020-10-15 17:00:00,46.03707727222226
2020-10-15 18:00:00,40.52372318333332
2020-10-15 19:00:00,31.670432138888867
2020-10-15 20:00:00,27.316570313888885
2020-10-15 21:00:00,26.62834761666665
2020-10-15 22:00:00,14.282345119444443
2020-10-15 23:00:00,2.5935830416666668
2020-10-16 00:00:00,0.0
2020-10-16 01:00:00,0.0
2020-10-16 02:00:00,0.0
2020-10-16 03:00:00,0.0
2020-10-16 04:00:00,0.0
2020-10-16 05:00:00,0.0
2020-10-16 06:00:00,0.0
2020-10-16 07:00:00,0.0
2020-10-16 08:00:00,0.0
2020-10-16 09:00:00,0.0
2020-10-16 10:00:00,0.0
2020-10-16 11:00:00,0.0
2020-10-16 12:00:00,2.2742097305555546
2020-10-16 13:00:00,24.960801316666668
2020-10-16 14:00:00,27.17390723333331
2020-10-16 15:00:00,31.354083394444444
2020-10-16 16:00:00,39.1332694666667
2020-10-16 17:00:00,28.40577723611114
2020-10-16 18:00:00,29.435919380555557
2020-10-16 19:00:00,37.076202049999935
2020-10-16 20:00:00,28.30507549444443
2020-10-16 21:00:00,18.452971727777754
2020-10-16 22:00:00,15.826911866666663
2020-10-16 23:00:00,7.848978255555544
2020-10-17 00:00:00,2.141224772222224
2020-10-17 01:00:00,0.0
2020-10-17 02:00:00,0.0
2020-10-17 03:00:00,0.0
2020-10-17 04:00:00,0.0
2020-10-17 05:00:00,0.0
2020-10-17 06:00:00,0.0
2020-10-17 07:00:00,0.0
2020-10-17 08:00:00,0.0
2020-10-17 09:00:00,0.0
2020-10-17 10:00:00,0.0
2020-10-17 11:00:00,0.0
2020-10-17 12:00:00,0.0
2020-10-17 13:00:00,0.0
2020-10-17 14:00:00,0.0
2020-10-17 15:00:00,0.0
2020-10-17 16:00:00,0.0
2020-10-17 17:00:00,0.0
2020-10-17 18:00:00,0.0
2020-10-17 19:00:00,0.0
2020-10-17 20:00:00,0.0
2020-10-17 21:00:00,0.0
2020-10-17 22:00:00,0.0
2020-10-17 23:00:00,0.0
2020-10-18 00:00:00,0.0
2020-10-18 01:00:00,0.0
2020-10-18 02:00:00,0.0
2020-10-18 03:00:00,0.0
2020-10-18 04:00:00,0.0
2020-10-18 05:00:00,0.0
2020-10-18 06:00:00,0.0
2020-10-18 07:00:00,0.0
2020-10-18 08:00:00,0.0
2020-10-18 09:00:00,0.0
2020-10-18 10:00:00,0.0
2020-10-18 11:00:00,0.0
2020-10-18 12:00:00,0.0
2020-10-18 13:00:00,0.0
2020-10-18 14:00:00,0.0
2020-10-18 15:00:00,0.0
2020-10-18 16:00:00,0.0
2020-10-18 17:00:00,0.0
2020-10-18 18:00:00,0.0
2020-10-18 19:00:00,0.0
2020-10-18 20:00:00,1.8889170277777787
2020-10-18 21:00:00,5.442681213888892
2020-10-18 22:00:00,4.411545019444454
2020-10-18 23:00:00,0.0
2020-10-19 00:00:00,0.0
2020-10-19 01:00:00,0.0
2020-10-19 02:00:00,0.0
2020-10-19 03:00:00,0.0
2020-10-19 04:00:00,0.0
2020-10-19 05:00:00,0.0
2020-10-19 06:00:00,0.0
2020-10-19 07:00:00,0.0
2020-10-19 08:00:00,0.0
2020-10-19 09:00:00,0.0
2020-10-19 10:00:00,0.0
2020-10-19 11:00:00,0.0
2020-10-19 12:00:00,5.746452375000003
2020-10-19 13:00:00,27.088465988888892
2020-10-19 14:00:00,33.921033944444474
2020-10-19 15:00:00,38.73281895277779
2020-10-19 16:00:00,43.171062316666706
2020-10-19 17:00:00,43.888621799999996
2020-10-19 18:00:00,32.75101334166668
2020-10-19 19:00:00,25.50494089722223
2020-10-19 20:00:00,22.141561663888886
2020-10-19 21:00:00,20.987702394444447
2020-10-19 22:00:00,10.189780366666637
2020-10-19 23:00:00,6.579459227777795
2020-10-20 00:00:00,4.752149013888868
2020-10-20 01:00:00,0.0
2020-10-20 02:00:00,0.0
2020-10-20 03:00:00,0.0
2020-10-20 04:00:00,0.0
2020-10-20 05:00:00,0.0
2020-10-20 06:00:00,0.0
2020-10-20 07:00:00,0.0
2020-10-20 08:00:00,0.0
2020-10-20 09:00:00,0.0
2020-10-20 10:00:00,0.0
2020-10-20 11:00:00,0.0
2020-10-20 12:00:00,2.843022733333332
2020-10-20 13:00:00,13.374797394444439
2020-10-20 14:00:00,25.523740658333313
2020-10-20 15:00:00,28.972235963888885
2020-10-20 16:00:00,43.03091712777778
2020-10-20 17:00:00,49.28626812222222
2020-10-20 18:00:00,43.06132455277784
2020-10-20 19:00:00,29.755765144444446
2020-10-20 20:00:00,26.57239513611112
2020-10-20 21:00:00,29.77029158055556
2020-10-20 22:00:00,25.455501727777715
2020-10-20 23:00:00,27.75505875555553
2020-10-21 00:00:00,11.78514830555556
2020-10-21 01:00:00,0.5600454166666664
2020-10-21 02:00:00,0.0
2020-10-21 03:00:00,0.0
2020-10-21 04:00:00,0.0
2020-10-21 05:00:00,0.0
2020-10-21 06:00:00,0.0
2020-10-21 07:00:00,0.0
2020-10-21 08:00:00,0.0
2020-10-21 09:00:00,0.0
2020-10-21 10:00:00,0.0
2020-10-21 11:00:00,0.0
2020-10-21 12:00:00,2.731261730555557
2020-10-21 13:00:00,11.952572858333312
2020-10-21 14:00:00,23.234348008333356
2020-10-21 15:00:00,27.050000861111123
2020-10-21 16:00:00,26.62625119444441
2020-10-21 17:00:00,31.364151336111117
2020-10-21 18:00:00,33.036027141666665
2020-10-21 19:00:00,25.731978219444485
2020-10-21 20:00:00,24.436436055555575
2020-10-21 21:00:00,16.919484352777804
2020-10-21 22:00:00,12.680668858333409
2020-10-21 23:00:00,6.99125090277781
2020-10-22 00:00:00,4.912310894444416
2020-10-22 01:00:00,0.7561130500000003
2020-10-22 02:00:00,0.0
2020-10-22 03:00:00,0.0007747666666666666
2020-10-22 04:00:00,0.0
2020-10-22 05:00:00,0.0
2020-10-22 06:00:00,0.0
2020-10-22 07:00:00,0.0
2020-10-22 08:00:00,0.0
2020-10-22 09:00:00,0.0
2020-10-22 10:00:00,0.0
2020-10-22 11:00:00,0.0
2020-10-22 12:00:00,0.2785630166666667
2020-10-22 13:00:00,10.226030383333358
2020-10-22 14:00:00,23.694223524999977
2020-10-22 15:00:00,26.849533602777786
2020-10-22 16:00:00,44.740244236111124
2020-10-22 17:00:00,39.52686884722224
2020-10-22 18:00:00,35.30591140833333
2020-10-22 19:00:00,40.38768356944446
2020-10-22 20:00:00,39.41278152500004
2020-10-22 21:00:00,23.41087678888889
2020-10-22 22:00:00,6.415393255555567
2020-10-22 23:00:00,2.600923797222223
2020-10-23 00:00:00,0.0
2020-10-23 01:00:00,0.0
2020-10-23 02:00:00,0.0
2020-10-23 03:00:00,0.0
2020-10-23 04:00:00,0.0
2020-10-23 05:00:00,0.0
2020-10-23 06:00:00,0.0
2020-10-23 07:00:00,0.0
2020-10-23 08:00:00,0.0
2020-10-23 09:00:00,0.0
2020-10-23 10:00:00,0.0
2020-10-23 11:00:00,0.0
2020-10-23 12:00:00,0.0
2020-10-23 13:00:00,4.513284838888895
2020-10-23 14:00:00,14.9197584638889
2020-10-23 15:00:00,16.188159733333354
2020-10-23 16:00:00,14.731725041666675
2020-10-23 17:00:00,14.907726775000008
2020-10-23 18:00:00,9.639041602777768
2020-10-23 19:00:00,12.401981241666665
2020-10-23 20:00:00,12.403363808333337
2020-10-23 21:00:00,12.41421323333332
2020-10-23 22:00:00,5.711782252777806
2020-10-23 23:00:00,0.0
2020-10-24 00:00:00,0.0
2020-10-24 01:00:00,0.0
2020-10-24 02:00:00,0.0
2020-10-24 03:00:00,0.0
2020-10-24 04:00:00,0.0
2020-10-24 05:00:00,0.0
2020-10-24 06:00:00,0.0
2020-10-24 07:00:00,0.0
2020-10-24 08:00:00,0.0
2020-10-24 09:00:00,0.0
2020-10-24 10:00:00,0.0
2020-10-24 11:00:00,0.0
2020-10-24 12:00:00,0.0
2020-10-24 13:00:00,0.0
2020-10-24 14:00:00,0.33550445833333337
2020-10-24 15:00:00,6.564374055555566
2020-10-24 16:00:00,9.04043418333334
2020-10-24 17:00:00,3.458556788888893
2020-10-24 18:00:00,1.6569504666666666
2020-10-24 19:00:00,0.0
2020-10-24 20:00:00,0.0
2020-10-24 21:00:00,0.3412730361111109
2020-10-24 22:00:00,3.3398783777777776
2020-10-24 23:00:00,3.3407317499999953
2020-10-25 00:00:00,1.7157089305555542
2020-10-25 01:00:00,0.0
2020-10-25 02:00:00,0.0
2020-10-25 03:00:00,0.0
2020-10-25 04:00:00,0.0
2020-10-25 05:00:00,0.0
2020-10-25 06:00:00,0.0
2020-10-25 07:00:00,0.0
2020-10-25 08:00:00,0.0
2020-10-25 09:00:00,0.0
2020-10-25 10:00:00,0.0
2020-10-25 11:00:00,0.0
2020-10-25 12:00:00,0.0
2020-10-25 13:00:00,0.24256849722222218
2020-10-25 14:00:00,10.58958726666668
2020-10-25 15:00:00,12.054287388888888
2020-10-25 16:00:00,8.508537566666671
2020-10-25 17:00:00,5.697681097222255
2020-10-25 18:00:00,3.3051733527777785
2020-10-25 19:00:00,5.900818674999994
2020-10-25 20:00:00,5.0976218527777775
2020-10-25 21:00:00,0.0
2020-10-25 22:00:00,0.0
2020-10-25 23:00:00,0.0
2020-10-26 00:00:00,0.0
2020-10-26 01:00:00,0.0
2020-10-26 02:00:00,0.0
2020-10-26 03:00:00,0.0
2020-10-26 04:00:00,0.0
2020-10-26 05:00:00,0.0
2020-10-26 06:00:00,0.0
2020-10-26 07:00:00,0.0
2020-10-26 08:00:00,0.0
2020-10-26 09:00:00,0.0
2020-10-26 10:00:00,0.0
2020-10-26 11:00:00,0.0
2020-10-26 12:00:00,1.5129381805555557
2020-10-26 13:00:00,10.917558833333398
2020-10-26 14:00:00,23.04520870833338
2020-10-26 15:00:00,27.558816152777794
2020-10-26 16:00:00,27.396255658333345
2020-10-26 17:00:00,25.11865384722222
2020-10-26 18:00:00,19.950147372222233
2020-10-26 19:00:00,21.356771366666685
2020-10-26 20:00:00,26.66322535555561
2020-10-26 21:00:00,20.17846851111111
2020-10-26 22:00:00,11.265499030555574
2020-10-26 23:00:00,5.468873799999994
2020-10-27 00:00:00,0.0
2020-10-27 01:00:00,2.502284655555557
2020-10-27 02:00:00,6.335684533333381
2020-10-27 03:00:00,5.976533638888914
2020-10-27 04:00:00,0.0
2020-10-27 05:00:00,0.0
2020-10-27 06:00:00,0.0
2020-10-27 07:00:00,0.0
2020-10-27 08:00:00,0.0
2020-10-27 09:00:00,0.0
2020-10-27 10:00:00,0.0
2020-10-27 11:00:00,0.0
2020-10-27 12:00:00,0.0
2020-10-27 13:00:00,2.6988171333333306
2020-10-27 14:00:00,8.080115419444432
2020-10-27 15:00:00,24.37682094444449
2020-10-27 16:00:00,32.39131900833334
2020-10-27 17:00:00,37.18273494166669
2020-10-27 18:00:00,40.88474521666672
2020-10-27 19:00:00,42.61840092777781
2020-10-27 20:00:00,30.7605420888889
2020-10-27 21:00:00,24.032740866666664
2020-10-27 22:00:00,7.77747020555556
2020-10-27 23:00:00,0.0
2020-10-28 00:00:00,0.0
2020-10-28 01:00:00,0.0
2020-10-28 02:00:00,0.0
2020-10-28 03:00:00,0.0
2020-10-28 04:00:00,0.0
2020-10-28 05:00:00,0.0
2020-10-28 06:00:00,0.0
2020-10-28 07:00:00,0.0
2020-10-28 08:00:00,0.0
2020-10-28 09:00:00,0.0
2020-10-28 10:00:00,0.0
2020-10-28 11:00:00,0.0
2020-10-28 12:00:00,0.0
2020-10-28 13:00:00,4.9674085361111056
2020-10-28 14:00:00,17.770486808333295
2020-10-28 15:00:00,28.253721916666684
2020-10-28 16:00:00,32.01861287222224
2020-10-28 17:00:00,31.435266249999994
2020-10-28 18:00:00,26.82428360555554
2020-10-28 19:00:00,32.30165436666668
2020-10-28 20:00:00,37.010273113888886
2020-10-28 21:00:00,29.991413274999985
2020-10-28 22:00:00,30.66379610277768
2020-10-28 23:00:00,17.175047308333383
2020-10-29 00:00:00,9.100222549999998
2020-10-29 01:00:00,0.34114682500000004
2020-10-29 02:00:00,0.6805396888888886
2020-10-29 03:00:00,0.0
2020-10-29 04:00:00,0.0
2020-10-29 05:00:00,0.0
2020-10-29 06:00:00,0.0
2020-10-29 07:00:00,0.0
2020-10-29 08:00:00,0.0
2020-10-29 09:00:00,0.0
2020-10-29 10:00:00,0.0
2020-10-29 11:00:00,0.0
2020-10-29 12:00:00,3.1651065527777815
2020-10-29 13:00:00,17.40772783055555
2020-10-29 14:00:00,25.361752736111107
2020-10-29 15:00:00,37.808551841666706
2020-10-29 16:00:00,36.67439625277783
2020-10-29 17:00:00,36.49870518055555
2020-10-29 18:00:00,32.986554472222174
2020-10-29 19:00:00,20.368599122222225
2020-10-29 20:00:00,21.376853772222205
2020-10-29 21:00:00,18.344808252777785
2020-10-29 22:00:00,15.144082333333323
2020-10-29 23:00:00,3.7263594583333357
2020-10-30 00:00:00,1.2577573527777792
2020-10-30 01:00:00,0.0
2020-10-30 02:00:00,0.00031845000000000007
2020-10-30 03:00:00,0.0
2020-10-30 04:00:00,0.0
2020-10-30 05:00:00,0.0
2020-10-30 06:00:00,0.0
2020-10-30 07:00:00,0.0
2020-10-30 08:00:00,0.0
2020-10-30 09:00:00,0.0
2020-10-30 10:00:00,0.0
2020-10-30 11:00:00,0.0
2020-10-30 12:00:00,0.0
2020-10-30 13:00:00,4.129276247222224
2020-10-30 14:00:00,9.5856087777778
2020-10-30 15:00:00,17.165060480555525
2020-10-30 16:00:00,36.01638277222224
2020-10-30 17:00:00,38.61919231111111
2020-10-30 18:00:00,29.836502130555566
2020-10-30 19:00:00,34.23282699166668
2020-10-30 20:00:00,33.63029740555561
2020-10-30 21:00:00,26.020683744444437
2020-10-30 22:00:00,25.490804633333298
2020-10-30 23:00:00,20.831542944444468
2020-10-31 00:00:00,14.684751188888882
2020-10-31 01:00:00,0.0
2020-10-31 02:00:00,0.0
2020-10-31 03:00:00,0.0
2020-10-31 04:00:00,0.0
2020-10-31 05:00:00,0.0
2020-10-31 06:00:00,0.0
2020-10-31 07:00:00,0.0
2020-10-31 08:00:00,0.0
2020-10-31 09:00:00,0.0
2020-10-31 10:00:00,0.0
2020-10-31 11:00:00,0.0
2020-10-31 12:00:00,0.13881745
2020-10-31 13:00:00,6.229686147222203
2020-10-31 14:00:00,6.349927361111112
2020-10-31 15:00:00,6.293073402777795
2020-10-31 16:00:00,6.2314819277777875
2020-10-31 17:00:00,8.65378624166668
2020-10-31 18:00:00,7.413915486111116
2020-10-31 19:00:00,5.673151944444461
2020-10-31 20:00:00,3.295870991666666
2020-10-31 21:00:00,0.6877516611111116
2020-10-31 22:00:00,0.0
2020-10-31 23:00:00,0.0
2020-11-01 00:00:00,0.0
2020-11-01 01:00:00,0.0
2020-11-01 02:00:00,0.0
2020-11-01 03:00:00,0.0
2020-11-01 04:00:00,0.0
2020-11-01 05:00:00,0.0
2020-11-01 06:00:00,0.0
2020-11-01 07:00:00,0.0
2020-11-01 08:00:00,0.0
2020-11-01 09:00:00,0.0
2020-11-01 10:00:00,0.0
2020-11-01 11:00:00,0.0
2020-11-01 12:00:00,0.0
2020-11-01 13:00:00,0.0
2020-11-01 14:00:00,2.033243241666678
2020-11-01 15:00:00,3.0839376249999986
2020-11-01 16:00:00,2.0288532083333326
2020-11-01 17:00:00,0.0
2020-11-01 18:00:00,0.0
2020-11-01 19:00:00,0.0
2020-11-01 20:00:00,0.0
2020-11-01 21:00:00,0.0
2020-11-01 22:00:00,0.0
2020-11-01 23:00:00,0.0
2020-11-02 00:00:00,0.0
2020-11-02 01:00:00,0.0
2020-11-02 02:00:00,0.0
2020-11-02 03:00:00,0.0
2020-11-02 04:00:00,0.0
2020-11-02 05:00:00,0.0
2020-11-02 06:00:00,0.0
2020-11-02 07:00:00,0.0
2020-11-02 08:00:00,0.0
2020-11-02 09:00:00,0.0
2020-11-02 10:00:00,0.0
2020-11-02 11:00:00,0.0
2020-11-02 12:00:00,0.0
2020-11-02 13:00:00,1.6059124750000022
2020-11-02 14:00:00,9.143355213888883
2020-11-02 15:00:00,21.221270650000022
2020-11-02 16:00:00,25.478201488888914
2020-11-02 17:00:00,32.21964747777778
2020-11-02 18:00:00,26.617151544444432
2020-11-02 19:00:00,21.18124076388891
2020-11-02 20:00:00,14.934959386111082
2020-11-02 21:00:00,15.550537277777813
2020-11-02 22:00:00,18.35724061666666
2020-11-02 23:00:00,18.207701597222282
2020-11-03 00:00:00,14.61486219999999
2020-11-03 01:00:00,9.869436383333271
2020-11-03 02:00:00,4.382137216666663
2020-11-03 03:00:00,0.0
2020-11-03 04:00:00,0.0
2020-11-03 05:00:00,0.0
2020-11-03 06:00:00,0.0
2020-11-03 07:00:00,0.0
2020-11-03 08:00:00,0.0
2020-11-03 09:00:00,0.0
2020-11-03 10:00:00,0.0
2020-11-03 11:00:00,0.0
2020-11-03 12:00:00,0.0
2020-11-03 13:00:00,3.685346283333334
2020-11-03 14:00:00,8.754802286111103
2020-11-03 15:00:00,29.364447938888897
2020-11-03 16:00:00,36.79865925555556
2020-11-03 17:00:00,32.42059715000001
2020-11-03 18:00:00,25.64816710000002
2020-11-03 19:00:00,23.73712555833333
2020-11-03 20:00:00,8.794712022222217
2020-11-03 21:00:00,13.959242155555595
2020-11-03 22:00:00,16.550060838888903
2020-11-03 23:00:00,9.413344491666658
2020-11-04 00:00:00,3.190947600000001
2020-11-04 01:00:00,3.6544536750000014
2020-11-04 02:00:00,0.08068573333333334
2020-11-04 03:00:00,0.0
2020-11-04 04:00:00,0.0
2020-11-04 05:00:00,0.0
2020-11-04 06:00:00,0.0
2020-11-04 07:00:00,0.0
2020-11-04 08:00:00,0.0
2020-11-04 09:00:00,0.0
2020-11-04 10:00:00,0.0
2020-11-04 11:00:00,0.0
2020-11-04 12:00:00,0.0
2020-11-04 13:00:00,2.5517002888888882
2020-11-04 14:00:00,8.506902841666658
2020-11-04 15:00:00,12.611311433333293
2020-11-04 16:00:00,22.640008108333355
2020-11-04 17:00:00,33.0205253666667
2020-11-04 18:00:00,35.22888646111112
2020-11-04 19:00:00,24.651617174999956
2020-11-04 20:00:00,22.719948313888903
2020-11-04 21:00:00,23.18949969166668
2020-11-04 22:00:00,23.608475297222206
2020-11-04 23:00:00,17.045946252777775
2020-11-05 00:00:00,10.452970772222214
2020-11-05 01:00:00,8.134495130555525
2020-11-05 02:00:00,6.468864205555486
2020-11-05 03:00:00,3.8704448249999657
2020-11-05 04:00:00,0.0
2020-11-05 05:00:00,0.0
2020-11-05 06:00:00,0.0
2020-11-05 07:00:00,0.0
2020-11-05 08:00:00,0.0
2020-11-05 09:00:00,0.0
2020-11-05 10:00:00,0.0
2020-11-05 11:00:00,0.0
2020-11-05 12:00:00,0.0
2020-11-05 13:00:00,0.0
2020-11-05 14:00:00,9.826497925000027
2020-11-05 15:00:00,24.736262511111107
2020-11-05 16:00:00,26.683869975
2020-11-05 17:00:00,29.99773068055557
2020-11-05 18:00:00,25.144993141666653
2020-11-05 19:00:00,26.19860782777777
2020-11-05 20:00:00,19.99152116944445
2020-11-05 21:00:00,18.51625933611112
2020-11-05 22:00:00,12.628116741666668
2020-11-05 23:00:00,11.485243919444443
2020-11-06 00:00:00,14.944108794444388
2020-11-06 01:00:00,10.837868088888865
2020-11-06 02:00:00,1.1821642527777785
2020-11-06 03:00:00,7.12e-05
2020-11-06 04:00:00,0.0
2020-11-06 05:00:00,0.0
2020-11-06 06:00:00,0.0
2020-11-06 07:00:00,0.0
2020-11-06 08:00:00,0.0
2020-11-06 09:00:00,0.0
2020-11-06 10:00:00,0.0
2020-11-06 11:00:00,0.0
2020-11-06 12:00:00,0.0
2020-11-06 13:00:00,0.0
2020-11-06 14:00:00,0.0
2020-11-06 15:00:00,0.0
2020-11-06 16:00:00,4.822632597222224
2020-11-06 17:00:00,12.548259336111123
2020-11-06 18:00:00,12.730462980555561
2020-11-06 19:00:00,11.334379797222251
2020-11-06 20:00:00,11.710181350000013
2020-11-06 21:00:00,5.283275772222224
2020-11-06 22:00:00,0.0
2020-11-06 23:00:00,0.9420522166666658
2020-11-07 00:00:00,6.3647906277777935
2020-11-07 01:00:00,6.509971713888904
2020-11-07 02:00:00,6.468968452777796
2020-11-07 03:00:00,6.4712436222222305
2020-11-07 04:00:00,0.9142981138888894
2020-11-07 05:00:00,0.0
2020-11-07 06:00:00,0.0
2020-11-07 07:00:00,0.0
2020-11-07 08:00:00,0.0
2020-11-07 09:00:00,0.0
2020-11-07 10:00:00,0.0
2020-11-07 11:00:00,0.0
2020-11-07 12:00:00,0.0
2020-11-07 13:00:00,0.0
2020-11-07 14:00:00,0.0
2020-11-07 15:00:00,0.0
2020-11-07 16:00:00,0.0
2020-11-07 17:00:00,0.0
2020-11-07 18:00:00,0.0
2020-11-07 19:00:00,0.0
2020-11-07 20:00:00,0.0
2020-11-07 21:00:00,0.0
2020-11-07 22:00:00,0.0
2020-11-07 23:00:00,0.0
2020-11-08 00:00:00,0.0
2020-11-08 01:00:00,0.0
2020-11-08 02:00:00,0.0
2020-11-08 03:00:00,0.0
2020-11-08 04:00:00,0.0
2020-11-08 05:00:00,0.0
2020-11-08 06:00:00,0.0
2020-11-08 07:00:00,0.0
2020-11-08 08:00:00,0.0
2020-11-08 09:00:00,0.0
2020-11-08 10:00:00,0.0
2020-11-08 11:00:00,0.0
2020-11-08 12:00:00,0.0
2020-11-08 13:00:00,0.0
2020-11-08 14:00:00,0.0
2020-11-08 15:00:00,0.0
2020-11-08 16:00:00,0.0
2020-11-08 17:00:00,0.0
2020-11-08 18:00:00,0.0
2020-11-08 19:00:00,0.0
2020-11-08 20:00:00,0.0
2020-11-08 21:00:00,0.0
2020-11-08 22:00:00,0.0
2020-11-08 23:00:00,0.0
2020-11-09 00:00:00,0.0
2020-11-09 01:00:00,0.0
2020-11-09 02:00:00,0.0
2020-11-09 03:00:00,0.0
2020-11-09 04:00:00,0.0
2020-11-09 05:00:00,0.0
2020-11-09 06:00:00,0.0
2020-11-09 07:00:00,0.0
2020-11-09 08:00:00,0.0
2020-11-09 09:00:00,0.0
2020-11-09 10:00:00,0.0
2020-11-09 11:00:00,0.0
2020-11-09 12:00:00,0.0
2020-11-09 13:00:00,0.503055061111111
2020-11-09 14:00:00,5.772649569444449
2020-11-09 15:00:00,14.021659130555602
2020-11-09 16:00:00,15.874337605555583
2020-11-09 17:00:00,16.125077480555554
2020-11-09 18:00:00,13.882170916666665
2020-11-09 19:00:00,12.897149400000002
2020-11-09 20:00:00,18.82548353888889
2020-11-09 21:00:00,26.30644960555557
2020-11-09 22:00:00,23.410140186111132
2020-11-09 23:00:00,16.027473038888886
2020-11-10 00:00:00,1.9632739305555558
2020-11-10 01:00:00,1.9368683833333347
2020-11-10 02:00:00,3.350768394444446
2020-11-10 03:00:00,3.323284624999987
2020-11-10 04:00:00,3.3126597277777816
2020-11-10 05:00:00,2.7907131000000014
2020-11-10 06:00:00,0.0
2020-11-10 07:00:00,0.0
2020-11-10 08:00:00,0.0
2020-11-10 09:00:00,0.0
2020-11-10 10:00:00,0.0
2020-11-10 11:00:00,0.0
2020-11-10 12:00:00,0.0
2020-11-10 13:00:00,1.3458674416666636
2020-11-10 14:00:00,6.43147796666666
2020-11-10 15:00:00,18.70322329722221
2020-11-10 16:00:00,24.56187030833332
2020-11-10 17:00:00,30.225046947222214
2020-11-10 18:00:00,25.86861540000003
2020-11-10 19:00:00,24.325511711111073
2020-11-10 20:00:00,20.87380814722222
2020-11-10 21:00:00,18.815205244444414
2020-11-10 22:00:00,14.365897872222252
2020-11-10 23:00:00,8.193495416666643
2020-11-11 00:00:00,8.569179502777777
2020-11-11 01:00:00,3.32699433055555
2020-11-11 02:00:00,0.27757495555555545
2020-11-11 03:00:00,0.0
2020-11-11 04:00:00,0.0
2020-11-11 05:00:00,0.0
2020-11-11 06:00:00,0.0
2020-11-11 07:00:00,0.0
2020-11-11 08:00:00,0.0
2020-11-11 09:00:00,0.0
2020-11-11 10:00:00,0.0
2020-11-11 11:00:00,0.0
2020-11-11 12:00:00,0.0
2020-11-11 13:00:00,1.2965492861111094
2020-11-11 14:00:00,6.83628012500001
2020-11-11 15:00:00,17.237980872222217
2020-11-11 16:00:00,25.765541316666663
2020-11-11 17:00:00,28.074348249999996
2020-11-11 18:00:00,28.596917536111096
2020-11-11 19:00:00,30.750512688888875
2020-11-11 20:00:00,30.21852476388892
2020-11-11 21:00:00,27.95521080833334
2020-11-11 22:00:00,27.452605966666678
2020-11-11 23:00:00,26.3663847583333
2020-11-12 00:00:00,21.699559916666683
2020-11-12 01:00:00,7.3885740305555965
2020-11-12 02:00:00,6.727887066666657
2020-11-12 03:00:00,3.324000769444452
2020-11-12 04:00:00,1.2117982083333325
2020-11-12 05:00:00,0.0
2020-11-12 06:00:00,0.0
2020-11-12 07:00:00,0.0
2020-11-12 08:00:00,0.0
2020-11-12 09:00:00,0.0
2020-11-12 10:00:00,0.0
2020-11-12 11:00:00,0.0
2020-11-12 12:00:00,0.0
2020-11-12 13:00:00,1.2247198416666647
2020-11-12 14:00:00,14.50464006666667
2020-11-12 15:00:00,23.72419041388889
2020-11-12 16:00:00,21.08236125833335
2020-11-12 17:00:00,17.163975738888897
2020-11-12 18:00:00,30.670534358333338
2020-11-12 19:00:00,43.07632994444446
2020-11-12 20:00:00,40.07721923055566
2020-11-12 21:00:00,35.15341730555558
2020-11-12 22:00:00,20.954156
2020-11-12 23:00:00,16.96964981666668
2020-11-13 00:00:00,17.04367990555558
2020-11-13 01:00:00,13.93909341944445
2020-11-13 02:00:00,1.3652044111111123
2020-11-13 03:00:00,0.0
2020-11-13 04:00:00,0.0
2020-11-13 05:00:00,0.0
2020-11-13 06:00:00,0.0
2020-11-13 07:00:00,0.0
2020-11-13 08:00:00,0.0
2020-11-13 09:00:00,0.0
2020-11-13 10:00:00,0.0
2020-11-13 11:00:00,0.0
2020-11-13 12:00:00,0.0
2020-11-13 13:00:00,3.3025656138888895
2020-11-13 14:00:00,6.372751741666646
2020-11-13 15:00:00,5.756164074999996
2020-11-13 16:00:00,7.830787524999993
2020-11-13 17:00:00,14.10694323888889
2020-11-13 18:00:00,15.517721711111136
2020-11-13 19:00:00,9.190971936111108
2020-11-13 20:00:00,26.470499986111058
2020-11-13 21:00:00,30.07439243333331
2020-11-13 22:00:00,20.356469205555566
2020-11-13 23:00:00,11.165262530555557
2020-11-14 00:00:00,2.361790016666665
2020-11-14 01:00:00,0.0
2020-11-14 02:00:00,2.2285087888888913
2020-11-14 03:00:00,3.3092789611111133
2020-11-14 04:00:00,3.320912347222227
2020-11-14 05:00:00,1.0779589111111105
2020-11-14 06:00:00,0.0
2020-11-14 07:00:00,0.0
2020-11-14 08:00:00,0.0
2020-11-14 09:00:00,0.0
2020-11-14 10:00:00,0.0
2020-11-14 11:00:00,0.0
2020-11-14 12:00:00,0.0
2020-11-14 13:00:00,0.0
2020-11-14 14:00:00,0.0
2020-11-14 15:00:00,0.0
2020-11-14 16:00:00,4.546723533333333
2020-11-14 17:00:00,9.57232082222223
2020-11-14 18:00:00,3.5972471083333297
2020-11-14 19:00:00,0.7717119166666659
2020-11-14 20:00:00,0.0
2020-11-14 21:00:00,0.0
2020-11-14 22:00:00,0.0
2020-11-14 23:00:00,0.0
2020-11-15 00:00:00,0.0
2020-11-15 01:00:00,0.0
2020-11-15 02:00:00,0.0
2020-11-15 03:00:00,0.0
2020-11-15 04:00:00,0.0
2020-11-15 05:00:00,0.0
2020-11-15 06:00:00,0.0
2020-11-15 07:00:00,0.0
2020-11-15 08:00:00,0.0
2020-11-15 09:00:00,0.0
2020-11-15 10:00:00,0.0
2020-11-15 11:00:00,0.0
2020-11-15 12:00:00,0.0
2020-11-15 13:00:00,0.0
2020-11-15 14:00:00,0.0
2020-11-15 15:00:00,0.0
2020-11-15 16:00:00,1.010772269444444
2020-11-15 17:00:00,1.7722898750000038
2020-11-15 18:00:00,0.026425111111111104
2020-11-15 19:00:00,0.44253968611111116
2020-11-15 20:00:00,2.0631917861111106
2020-11-15 21:00:00,3.557233333333337
2020-11-15 22:00:00,0.0
2020-11-15 23:00:00,0.0
2020-11-16 00:00:00,0.0
2020-11-16 01:00:00,0.0
2020-11-16 02:00:00,0.0
2020-11-16 03:00:00,0.0
2020-11-16 04:00:00,0.0
2020-11-16 05:00:00,0.0
2020-11-16 06:00:00,0.0
2020-11-16 07:00:00,0.0
2020-11-16 08:00:00,0.0
2020-11-16 09:00:00,0.0
2020-11-16 10:00:00,0.0
2020-11-16 11:00:00,0.0
2020-11-16 12:00:00,0.0
2020-11-16 13:00:00,2.5419567833333323
2020-11-16 14:00:00,8.596148433333326
2020-11-16 15:00:00,17.80525056111117
2020-11-16 16:00:00,18.230658083333335
2020-11-16 17:00:00,24.556989497222233
2020-11-16 18:00:00,23.461266691666648
2020-11-16 19:00:00,15.62736418055556
2020-11-16 20:00:00,11.887011061111107
2020-11-16 21:00:00,7.810048350000001
2020-11-16 22:00:00,0.0
2020-11-16 23:00:00,0.0
2020-11-17 00:00:00,2.7680694472222207
2020-11-17 01:00:00,5.82231339722222
2020-11-17 02:00:00,2.800191730555556
2020-11-17 03:00:00,4.4812330611111175
2020-11-17 04:00:00,6.472074472222241
2020-11-17 05:00:00,6.40142393055556
2020-11-17 06:00:00,6.326469133333348
2020-11-17 07:00:00,5.025828052777785
2020-11-17 08:00:00,5.795960172222202
2020-11-17 09:00:00,6.877049974999999
2020-11-17 10:00:00,5.865047261111116
2020-11-17 11:00:00,0.3074444194444445
2020-11-17 12:00:00,0.0
2020-11-17 13:00:00,1.2042935138888873
2020-11-17 14:00:00,3.7503115638888866
2020-11-17 15:00:00,10.705034333333343
2020-11-17 16:00:00,24.14303853055555
2020-11-17 17:00:00,23.655862669444453
2020-11-17 18:00:00,26.063169966666635
2020-11-17 19:00:00,16.893291152777756
2020-11-17 20:00:00,19.49524076944445
2020-11-17 21:00:00,28.498525513888904
2020-11-17 22:00:00,27.088238022222217
2020-11-17 23:00:00,21.128798450000033
2020-11-18 00:00:00,8.69130111944445
2020-11-18 01:00:00,0.0
2020-11-18 02:00:00,0.0
2020-11-18 03:00:00,0.0
2020-11-18 04:00:00,0.0
2020-11-18 05:00:00,0.0
2020-11-18 06:00:00,0.0
2020-11-18 07:00:00,0.0
2020-11-18 08:00:00,0.0
2020-11-18 09:00:00,0.0
2020-11-18 10:00:00,0.0
2020-11-18 11:00:00,0.0
2020-11-18 12:00:00,0.0
2020-11-18 13:00:00,1.623123599999999
2020-11-18 14:00:00,3.8327854222222157
2020-11-18 15:00:00,9.066829980555545
2020-11-18 16:00:00,20.450997855555563
2020-11-18 17:00:00,20.86811775277777
2020-11-18 18:00:00,20.369186611111104
2020-11-18 19:00:00,25.882723197222244
2020-11-18 20:00:00,22.05776474444444
2020-11-18 21:00:00,23.07662741388894
2020-11-18 22:00:00,9.383070338888897
2020-11-18 23:00:00,0.042129247222222214
2020-11-19 00:00:00,0.0
2020-11-19 01:00:00,0.0
2020-11-19 02:00:00,0.0
2020-11-19 03:00:00,0.0
2020-11-19 04:00:00,0.0
2020-11-19 05:00:00,0.0
2020-11-19 06:00:00,0.0
2020-11-19 07:00:00,0.0
2020-11-19 08:00:00,0.0
2020-11-19 09:00:00,0.0
2020-11-19 10:00:00,0.0
2020-11-19 11:00:00,0.0
2020-11-19 12:00:00,0.0
2020-11-19 13:00:00,1.1408065027777798
2020-11-19 14:00:00,6.258098197222222
2020-11-19 15:00:00,15.949793297222232
2020-11-19 16:00:00,17.75256647222222
2020-11-19 17:00:00,31.79970702500002
2020-11-19 18:00:00,41.452326908333376
2020-11-19 19:00:00,29.419887430555555
2020-11-19 20:00:00,21.260862788888904
2020-11-19 21:00:00,5.806354025000001
2020-11-19 22:00:00,0.0
2020-11-19 23:00:00,0.0
2020-11-20 00:00:00,0.0
2020-11-20 01:00:00,0.004684522222222222
2020-11-20 02:00:00,0.0
2020-11-20 03:00:00,0.0
2020-11-20 04:00:00,0.0
2020-11-20 05:00:00,0.0
2020-11-20 06:00:00,0.0
2020-11-20 07:00:00,0.0
2020-11-20 08:00:00,0.0
2020-11-20 09:00:00,0.0
2020-11-20 10:00:00,0.0
2020-11-20 11:00:00,0.0
2020-11-20 12:00:00,0.0
2020-11-20 13:00:00,0.0
2020-11-20 14:00:00,0.0
2020-11-20 15:00:00,4.785220341666672
2020-11-20 16:00:00,8.137824238888896
2020-11-20 17:00:00,10.171400208333296
2020-11-20 18:00:00,10.84914553055557
2020-11-20 19:00:00,9.817348088888881
2020-11-20 20:00:00,8.331778675000029
2020-11-20 21:00:00,2.458599722222229
2020-11-20 22:00:00,2.602793555555549
2020-11-20 23:00:00,0.0
2020-11-21 00:00:00,0.0
2020-11-21 01:00:00,0.0
2020-11-21 02:00:00,0.0
2020-11-21 03:00:00,0.0
2020-11-21 04:00:00,0.0
2020-11-21 05:00:00,0.0
2020-11-21 06:00:00,0.0
2020-11-21 07:00:00,0.0
2020-11-21 08:00:00,0.0
2020-11-21 09:00:00,0.0
2020-11-21 10:00:00,0.0
2020-11-21 11:00:00,0.0
2020-11-21 12:00:00,0.0
2020-11-21 13:00:00,0.0
2020-11-21 14:00:00,0.0
2020-11-21 15:00:00,0.0
2020-11-21 16:00:00,3.3104432694444483
2020-11-21 17:00:00,6.6659271416666845
2020-11-21 18:00:00,9.290065730555558
2020-11-21 19:00:00,5.533176436111112
2020-11-21 20:00:00,2.720202080555555
2020-11-21 21:00:00,0.0
2020-11-21 22:00:00,0.0
2020-11-21 23:00:00,0.0
2020-11-22 00:00:00,0.0
2020-11-22 01:00:00,0.0
2020-11-22 02:00:00,0.0
2020-11-22 03:00:00,0.0
2020-11-22 04:00:00,0.0
2020-11-22 05:00:00,0.0
2020-11-22 06:00:00,0.0
2020-11-22 07:00:00,0.0
2020-11-22 08:00:00,0.0
2020-11-22 09:00:00,0.0
2020-11-22 10:00:00,0.0
2020-11-22 11:00:00,0.0
2020-11-22 12:00:00,0.0
2020-11-22 13:00:00,0.0
2020-11-22 14:00:00,0.0
2020-11-22 15:00:00,0.0
2020-11-22 16:00:00,0.0
2020-11-22 17:00:00,0.0
2020-11-22 18:00:00,0.0
2020-11-22 19:00:00,0.0
2020-11-22 20:00:00,0.0
2020-11-22 21:00:00,0.0
2020-11-22 22:00:00,0.0
2020-11-22 23:00:00,0.0
2020-11-23 00:00:00,0.0
2020-11-23 01:00:00,0.0
2020-11-23 02:00:00,0.0
2020-11-23 03:00:00,0.0
2020-11-23 04:00:00,0.0
2020-11-23 05:00:00,0.0
2020-11-23 06:00:00,0.0
2020-11-23 07:00:00,0.0
2020-11-23 08:00:00,0.0
2020-11-23 09:00:00,0.0
2020-11-23 10:00:00,0.0
2020-11-23 11:00:00,0.0
2020-11-23 12:00:00,0.0
2020-11-23 13:00:00,1.3940604916666683
2020-11-23 14:00:00,5.863065919444446
2020-11-23 15:00:00,15.143966605555512
2020-11-23 16:00:00,13.774591022222227
2020-11-23 17:00:00,16.591218025000007
2020-11-23 18:00:00,19.78610943611112
2020-11-23 19:00:00,13.45575723611111
2020-11-23 20:00:00,10.673011136111096
2020-11-23 21:00:00,13.244622086111137
2020-11-23 22:00:00,13.902703455555555
2020-11-23 23:00:00,18.449131983333363
2020-11-24 00:00:00,13.262390458333334
2020-11-24 01:00:00,8.83988814444439
2020-11-24 02:00:00,4.259233738888919
2020-11-24 03:00:00,0.0
2020-11-24 04:00:00,0.0
2020-11-24 05:00:00,0.0
2020-11-24 06:00:00,0.0
2020-11-24 07:00:00,0.0
2020-11-24 08:00:00,0.0
2020-11-24 09:00:00,0.0
2020-11-24 10:00:00,0.0
2020-11-24 11:00:00,0.0
2020-11-24 12:00:00,0.0
2020-11-24 13:00:00,1.2830714277777788
2020-11-24 14:00:00,4.881298183333345
2020-11-24 15:00:00,14.348751702777786
2020-11-24 16:00:00,17.838751405555577
2020-11-24 17:00:00,22.991376805555525
2020-11-24 18:00:00,27.355563997222195
2020-11-24 19:00:00,24.497409819444464
2020-11-24 20:00:00,20.986910202777768
2020-11-24 21:00:00,29.1950452194445
2020-11-24 22:00:00,22.788924905555547
2020-11-24 23:00:00,18.346587463888934
2020-11-25 00:00:00,8.230925086111158
2020-11-25 01:00:00,6.222700686111084
2020-11-25 02:00:00,3.1660413111111136
2020-11-25 03:00:00,0.0
2020-11-25 04:00:00,0.0
2020-11-25 05:00:00,0.0
2020-11-25 06:00:00,0.0
2020-11-25 07:00:00,0.0
2020-11-25 08:00:00,0.0
2020-11-25 09:00:00,0.0
2020-11-25 10:00:00,0.0
2020-11-25 11:00:00,0.0
2020-11-25 12:00:00,0.0
2020-11-25 13:00:00,2.548695161111109
2020-11-25 14:00:00,6.35610535555559
2020-11-25 15:00:00,11.015952772222235
2020-11-25 16:00:00,7.217554191666671
2020-11-25 17:00:00,6.122865169444443
2020-11-25 18:00:00,18.34709123333332
2020-11-25 19:00:00,19.608624613888885
2020-11-25 20:00:00,14.32798532777778
2020-11-25 21:00:00,6.455545155555572
2020-11-25 22:00:00,0.7900172972222222
2020-11-25 23:00:00,0.0
2020-11-26 00:00:00,0.0
2020-11-26 01:00:00,0.0
2020-11-26 02:00:00,0.0
2020-11-26 03:00:00,0.0
2020-11-26 04:00:00,0.0
2020-11-26 05:00:00,0.0
2020-11-26 06:00:00,0.0
2020-11-26 07:00:00,0.0
2020-11-26 08:00:00,0.0
2020-11-26 09:00:00,0.0
2020-11-26 10:00:00,0.0
2020-11-26 11:00:00,0.0
2020-11-26 12:00:00,0.0
2020-11-26 13:00:00,0.0
2020-11-26 14:00:00,0.0
2020-11-26 15:00:00,0.0
2020-11-26 16:00:00,0.0
2020-11-26 17:00:00,0.0
2020-11-26 18:00:00,0.0
2020-11-26 19:00:00,0.0
2020-11-26 20:00:00,0.0
2020-11-26 21:00:00,0.0
2020-11-26 22:00:00,0.0
2020-11-26 23:00:00,0.0
2020-11-27 00:00:00,0.0
2020-11-27 01:00:00,0.0
2020-11-27 02:00:00,0.0
2020-11-27 03:00:00,0.0
2020-11-27 04:00:00,0.0
2020-11-27 05:00:00,0.0
2020-11-27 06:00:00,0.0
2020-11-27 07:00:00,0.0
2020-11-27 08:00:00,0.0
2020-11-27 09:00:00,0.0
2020-11-27 10:00:00,0.0
2020-11-27 11:00:00,0.0
2020-11-27 12:00:00,0.0
2020-11-27 13:00:00,0.0
2020-11-27 14:00:00,1.7398781833333308
2020-11-27 15:00:00,3.2840652444444216
2020-11-27 16:00:00,0.7023374611111117
2020-11-27 17:00:00,0.0
2020-11-27 18:00:00,0.0
2020-11-27 19:00:00,0.960587488888888
2020-11-27 20:00:00,4.508936263888891
2020-11-27 21:00:00,6.461123799999998
2020-11-27 22:00:00,3.8306530611111045
2020-11-27 23:00:00,3.311236311111112
2020-11-28 00:00:00,3.302130725000004
2020-11-28 01:00:00,0.9845101833333341
2020-11-28 02:00:00,0.0
2020-11-28 03:00:00,0.0
2020-11-28 04:00:00,0.0
2020-11-28 05:00:00,0.0
2020-11-28 06:00:00,0.0
2020-11-28 07:00:00,0.0
2020-11-28 08:00:00,0.0
2020-11-28 09:00:00,0.0
2020-11-28 10:00:00,0.0
2020-11-28 11:00:00,0.0
2020-11-28 12:00:00,0.0
2020-11-28 13:00:00,0.0
2020-11-28 14:00:00,0.0
2020-11-28 15:00:00,0.0
2020-11-28 16:00:00,0.0
2020-11-28 17:00:00,0.0
2020-11-28 18:00:00,0.0
2020-11-28 19:00:00,0.0
2020-11-28 20:00:00,0.0
2020-11-28 21:00:00,0.0
2020-11-28 22:00:00,0.0
2020-11-28 23:00:00,0.0
2020-11-29 00:00:00,0.0
2020-11-29 01:00:00,0.0
2020-11-29 02:00:00,0.0
2020-11-29 03:00:00,0.0
2020-11-29 04:00:00,0.0
2020-11-29 05:00:00,0.0
2020-11-29 06:00:00,0.0
2020-11-29 07:00:00,0.0
2020-11-29 08:00:00,0.0
2020-11-29 09:00:00,0.0
2020-11-29 10:00:00,0.0
2020-11-29 11:00:00,0.0
2020-11-29 12:00:00,0.0
2020-11-29 13:00:00,0.0
2020-11-29 14:00:00,0.0
2020-11-29 15:00:00,0.0
2020-11-29 16:00:00,0.0
2020-11-29 17:00:00,0.0
2020-11-29 18:00:00,0.0
2020-11-29 19:00:00,0.0
2020-11-29 20:00:00,1.0991651472222226
2020-11-29 21:00:00,3.1646504277777825
2020-11-29 22:00:00,2.369136533333333
2020-11-29 23:00:00,5.744278302777782
2020-11-30 00:00:00,5.754360927777781
2020-11-30 01:00:00,2.5933296277777753
2020-11-30 02:00:00,0.0
2020-11-30 03:00:00,0.0
2020-11-30 04:00:00,0.0
2020-11-30 05:00:00,0.0
2020-11-30 06:00:00,0.0
2020-11-30 07:00:00,0.0
2020-11-30 08:00:00,0.0
2020-11-30 09:00:00,0.0
2020-11-30 10:00:00,0.0
2020-11-30 11:00:00,0.0
2020-11-30 12:00:00,0.0
2020-11-30 13:00:00,1.4822316722222184
2020-11-30 14:00:00,6.4616491111111145
2020-11-30 15:00:00,21.487354258333355
2020-11-30 16:00:00,27.50147727222222
2020-11-30 17:00:00,31.18349532499999
2020-11-30 18:00:00,30.2850029222222
2020-11-30 19:00:00,21.99262252777776
2020-11-30 20:00:00,19.499595422222242
2020-11-30 21:00:00,17.91270235555557
2020-11-30 22:00:00,19.072446744444456
2020-11-30 23:00:00,18.59662071944443
2020-12-01 00:00:00,11.57881834722218
2020-12-01 01:00:00,6.339934719444395
2020-12-01 02:00:00,6.293525527777757
2020-12-01 03:00:00,4.1614297138888805
2020-12-01 04:00:00,0.001120533333333333
2020-12-01 05:00:00,0.0
2020-12-01 06:00:00,0.0
2020-12-01 07:00:00,0.0
2020-12-01 08:00:00,0.0
2020-12-01 09:00:00,0.0
2020-12-01 10:00:00,0.0
2020-12-01 11:00:00,0.0
2020-12-01 12:00:00,0.0
2020-12-01 13:00:00,1.2954824416666675
2020-12-01 14:00:00,2.600484194444435
2020-12-01 15:00:00,10.479053324999999
2020-12-01 16:00:00,17.988876872222207
2020-12-01 17:00:00,25.171954816666673
2020-12-01 18:00:00,26.373517694444423
2020-12-01 19:00:00,28.23783314722228
2020-12-01 20:00:00,30.270002802777796
2020-12-01 21:00:00,19.732026613888873
2020-12-01 22:00:00,16.165634599999983
2020-12-01 23:00:00,5.364874658333335
2020-12-02 00:00:00,0.011627966666666668
2020-12-02 01:00:00,0.0
2020-12-02 02:00:00,0.0004923333333333333
2020-12-02 03:00:00,0.0
2020-12-02 04:00:00,0.0
2020-12-02 05:00:00,0.0
2020-12-02 06:00:00,0.0
2020-12-02 07:00:00,0.0
2020-12-02 08:00:00,0.0
2020-12-02 09:00:00,0.0
2020-12-02 10:00:00,0.0
2020-12-02 11:00:00,0.0
2020-12-02 12:00:00,0.0
2020-12-02 13:00:00,2.081854274999997
2020-12-02 14:00:00,9.66444959722222
2020-12-02 15:00:00,11.434522566666676
2020-12-02 16:00:00,13.513433791666667
2020-12-02 17:00:00,24.183350977777785
2020-12-02 18:00:00,24.749832405555566
2020-12-02 19:00:00,16.58782096944447
2020-12-02 20:00:00,16.442765613888888
2020-12-02 21:00:00,9.824710288888882
2020-12-02 22:00:00,6.37853627777777
2020-12-02 23:00:00,6.398522216666737
2020-12-03 00:00:00,3.6528028249999855
